EventID,Duration,TimeStep,Region,Area,Increments,,,,,,,,,,,,,,,,,,,,,,,,,,,,,,,,,,,,,,,,,,,,,,,,,,,,,,,
3565,720,30,Central Slopes,100,1.04,1.64,5.95,22.11,10.77,5.29,0.64,1.13,0.66,0.18,0.51,0.31,0.87,11.34,8.66,0.45,0.63,0.88,1.23,9.82,9.07,3.73,2.41,0.68,,,,,,,,,,,,,,,,,,,,,,,,,,,,,,,,
3566,720,30,Central Slopes,100,5.39,8.72,4.85,7.02,4.07,3.14,3.49,3.97,5.99,4.61,4.39,4.26,3.38,3.19,2.82,2.93,2.87,3.08,3.1,4.44,5.07,5.06,2.04,2.12,,,,,,,,,,,,,,,,,,,,,,,,,,,,,,,,
3567,720,30,Central Slopes,100,2.46,2.69,1.06,0.64,1.95,2.05,2.4,4.78,2.03,1.72,0.68,0.93,12.43,16.64,3.48,1.56,0.73,0.7,0.64,3.88,19.17,13.61,2.86,0.91,,,,,,,,,,,,,,,,,,,,,,,,,,,,,,,,
3568,720,30,Central Slopes,100,0.53,0.81,1.93,5.17,3.13,7.27,5.74,6.3,4.5,7.02,7.08,10.47,9.87,6.52,2.36,2.9,4,4,3.95,3.16,1.53,0.45,0.57,0.74,,,,,,,,,,,,,,,,,,,,,,,,,,,,,,,,
3569,720,30,Central Slopes,100,0,0.03,7.51,11.49,5.52,5.25,1.09,0.6,0.01,0.06,5.21,3.98,0.6,3.09,5.08,5.88,5.08,4.48,8.89,16.87,8.44,0.05,0.46,0.33,,,,,,,,,,,,,,,,,,,,,,,,,,,,,,,,
3570,720,30,Central Slopes,100,1.69,2.27,2.28,4.5,6.22,7.46,6.34,3.6,4.59,8.26,3.64,4.74,7.66,5.23,3.46,3.82,4.25,4.2,2.93,3.03,2.4,2.3,3.17,1.96,,,,,,,,,,,,,,,,,,,,,,,,,,,,,,,,
3571,720,30,Central Slopes,100,9.45,12.82,11.8,13.32,8.35,5.79,4.78,0.95,0.99,0.14,0.67,0.1,0.21,0.13,0.03,4.77,6.66,3.93,2.62,1.6,0.99,2.85,3.56,3.49,,,,,,,,,,,,,,,,,,,,,,,,,,,,,,,,
3572,720,30,Central Slopes,100,2.61,3.49,3.84,2.76,2.66,3.64,3.36,3.48,4.31,4.19,5.55,4.81,5.75,6.57,7.18,6.52,5.39,4.99,3.95,3.61,2.82,2.46,3.39,2.67,,,,,,,,,,,,,,,,,,,,,,,,,,,,,,,,
3573,720,30,Central Slopes,100,1.89,2.04,1.92,2.09,2.75,3.63,3.65,2.65,3.16,3.91,4.58,6.13,5.34,5.7,5.48,5.71,2.64,2.45,0.71,3.65,7.02,8.63,9.93,4.34,,,,,,,,,,,,,,,,,,,,,,,,,,,,,,,,
3574,720,30,Central Slopes,100,3.31,8.3,10.62,4.58,3.09,5.14,3.15,4.58,6.84,3.38,6.15,7.08,7.91,3.81,2.21,2.55,2.02,1.57,2.69,2.83,2.97,1.59,1.71,1.92,,,,,,,,,,,,,,,,,,,,,,,,,,,,,,,,
3575,720,30,Central Slopes,200,1.66,1.74,5.76,20.83,10.88,4.18,0.67,1.19,1.49,0.51,1.09,1.12,7.87,7.43,5.48,0.51,0.78,1.97,1.85,9.92,7.93,3.02,1.63,0.49,,,,,,,,,,,,,,,,,,,,,,,,,,,,,,,,
3576,720,30,Central Slopes,200,2.42,2.95,1.13,0.68,2.05,2.15,2.76,4.84,2.07,1.76,0.73,1.4,10.38,15.9,3.83,1.56,0.86,0.96,0.99,5.14,18.41,12.71,2.87,1.45,,,,,,,,,,,,,,,,,,,,,,,,,,,,,,,,
3577,720,30,Central Slopes,200,0.49,0.81,1.89,5.03,3.36,6.21,6.2,7.05,5.08,6.27,7,9.07,9.84,9.04,2.15,2.59,4.77,3.85,3.49,2.61,1.66,0.34,0.44,0.76,,,,,,,,,,,,,,,,,,,,,,,,,,,,,,,,
3578,720,30,Central Slopes,200,0.07,7.35,11.47,5.53,5.22,1.31,0.67,0.02,0.15,5.24,4.15,0.76,3.2,5.12,6.08,5.47,4.31,8.49,16.17,8.34,0.09,0.44,0.35,0,,,,,,,,,,,,,,,,,,,,,,,,,,,,,,,,
3579,720,30,Central Slopes,200,3.75,9.31,11.99,11.18,12.37,8.76,5.81,4.36,0.95,0.95,0.14,0.59,0.11,0.31,0.15,0.04,7.03,6.57,4.29,2.53,1.66,1.07,2.73,3.35,,,,,,,,,,,,,,,,,,,,,,,,,,,,,,,,
3580,720,30,Central Slopes,200,2.67,1.27,1.99,5.63,4.95,6.64,2.06,1.68,6.71,5.91,5.24,3.82,9.42,14.44,3.26,5.27,8.74,1.95,2.57,1.91,0.9,1.31,0.76,0.9,,,,,,,,,,,,,,,,,,,,,,,,,,,,,,,,
3581,720,30,Central Slopes,200,2.6,3.44,3.82,2.75,2.65,3.62,3.36,3.48,4.28,4.17,5.49,4.82,5.72,6.59,7.19,6.5,5.4,5.01,4.02,3.66,2.91,2.47,3.36,2.69,,,,,,,,,,,,,,,,,,,,,,,,,,,,,,,,
3582,720,30,Central Slopes,200,2.04,2.19,2,2.07,2.73,3.56,3.72,3.17,3.27,3.87,4.48,5.98,5.71,5.88,5.4,5.31,2.3,2.25,1.13,3.82,6.89,8.68,10.2,3.35,,,,,,,,,,,,,,,,,,,,,,,,,,,,,,,,
3583,720,30,Central Slopes,200,3.37,4.87,4.17,2.54,3.36,1.59,0.9,1.14,0.63,1.67,2.01,1.03,0.62,3.18,4.67,4.22,5.71,6.42,11.03,14.44,9.28,4.65,5.82,2.68,,,,,,,,,,,,,,,,,,,,,,,,,,,,,,,,
3584,720,30,Central Slopes,200,3.12,7.61,9.54,4.5,3.14,5,3.2,4.53,6.5,3.18,5.94,7.21,8.18,4.28,2.33,2.66,2.4,1.87,3.02,2.86,3.03,1.77,2,2.13,,,,,,,,,,,,,,,,,,,,,,,,,,,,,,,,
3585,720,30,Central Slopes,500,0.47,0.25,3,2.38,4.45,3.73,2.44,1.43,0.51,4.51,3.3,5.97,3.22,4.42,5.49,9.56,8.13,7.72,7.91,8.99,6.17,3.64,1.43,0.88,,,,,,,,,,,,,,,,,,,,,,,,,,,,,,,,
3586,720,30,Central Slopes,500,1.78,2.87,3.05,4.39,3.41,3.82,4.27,5.73,6.16,7.85,6.68,7.64,9.36,8.9,8.74,4.64,2.3,1.71,1.87,1.53,0.78,0.38,0.4,1.74,,,,,,,,,,,,,,,,,,,,,,,,,,,,,,,,
3587,720,30,Central Slopes,500,0.82,2.83,3.77,2.97,3.57,2.77,4.92,5.19,5.27,4.03,4.25,3.64,4.22,6.9,5.15,3.67,5.7,5.71,7.36,4.45,4.58,3.11,2.36,2.76,,,,,,,,,,,,,,,,,,,,,,,,,,,,,,,,
3588,720,30,Central Slopes,500,10.77,9,3.1,0.92,0.03,0.68,0.2,0.01,0,0,0,0.87,0.23,0.89,5.17,9.45,6.49,8.44,3.74,5.41,15.13,9.08,6.74,3.65,,,,,,,,,,,,,,,,,,,,,,,,,,,,,,,,
3589,720,30,Central Slopes,500,2.64,3.3,3.71,2.54,2.45,3.5,3.26,3.33,4.06,4.04,5.42,4.86,5.76,6.35,7.03,6.53,5.51,5.08,4.12,3.94,3.15,2.74,3.73,2.95,,,,,,,,,,,,,,,,,,,,,,,,,,,,,,,,
3590,720,30,Central Slopes,500,3.31,3.74,1.21,1.72,3.85,6.9,5.47,4.65,3.53,1.48,3.04,2.75,3.05,3.31,4.14,1.57,3.17,6.44,2.92,5.81,4.89,7.87,9.02,6.16,,,,,,,,,,,,,,,,,,,,,,,,,,,,,,,,
3591,720,30,Central Slopes,500,3.57,2.19,2.91,3.7,1.71,3.58,1.88,4.04,2.56,3.97,2.86,2.06,3.4,4.27,6.08,4.71,9.19,7.42,4.73,3.33,6.01,4.87,4.37,6.59,,,,,,,,,,,,,,,,,,,,,,,,,,,,,,,,
3592,720,30,Central Slopes,500,2.09,2.13,1.97,2.2,2.84,4.06,4.1,3.71,3.63,4.16,4.64,5.93,5.83,5.81,5.34,4.93,2.58,2.53,1.47,3.57,6.34,8.35,8.73,3.06,,,,,,,,,,,,,,,,,,,,,,,,,,,,,,,,
3593,720,30,Central Slopes,500,2.65,2.97,2.65,5.15,7.06,7.46,9.06,6.63,4.98,4.01,3.14,3.17,3.98,2.93,2.95,3.63,4.09,5.63,2.9,1.64,2.84,2.39,5.61,2.48,,,,,,,,,,,,,,,,,,,,,,,,,,,,,,,,
3594,720,30,Central Slopes,500,2.75,6.51,8.01,4.4,3.11,4.79,3.23,4.32,5.82,2.81,5.49,7.22,8.43,5.09,2.54,2.84,3.07,2.4,3.54,2.89,3.1,2.22,2.94,2.48,,,,,,,,,,,,,,,,,,,,,,,,,,,,,,,,
3595,720,30,Central Slopes,1000,0.01,3.23,3.85,3.58,10.22,20.64,10.17,8.5,2.62,2.55,2.66,3.83,3.56,3.01,4.47,3.43,3.85,3.34,2.13,1.28,1.37,0.82,0.64,0.24,,,,,,,,,,,,,,,,,,,,,,,,,,,,,,,,
3596,720,30,Central Slopes,1000,11.59,8.94,3,0.85,0.03,0.63,0.2,0.03,0,0,0,0.9,0.35,1.17,5.26,8.87,5.95,7.54,4.01,5.48,15.62,8.81,7.03,3.74,,,,,,,,,,,,,,,,,,,,,,,,,,,,,,,,
3597,720,30,Central Slopes,1000,12.49,9.35,13.33,9.35,4.76,4.7,3.6,3.21,1.38,1.1,1.18,3.79,6.43,4.9,4.28,2,2.69,6.25,3.1,0.46,0.93,0.65,0.07,0,,,,,,,,,,,,,,,,,,,,,,,,,,,,,,,,
3598,720,30,Central Slopes,1000,4.06,11.35,9.8,6.55,3.14,2.46,4.7,5.23,5.99,8.03,10.48,6.29,5.04,2.09,1.96,0.73,0.35,0.29,2.49,3.47,3.06,1.63,0.76,0.05,,,,,,,,,,,,,,,,,,,,,,,,,,,,,,,,
3599,720,30,Central Slopes,1000,0.99,5.3,4.43,5.88,3.29,1.14,2.22,4.98,5.65,8.03,2.55,4.32,3.33,4.47,9.97,12.86,7.06,3.1,1.93,1.43,2.79,2.57,1.17,0.54,,,,,,,,,,,,,,,,,,,,,,,,,,,,,,,,
3600,720,30,Central Slopes,1000,0.74,2.05,2.76,14.32,15.73,4.62,2.01,2.6,0.96,2.07,1.65,1.08,1.33,0.43,0.75,0.16,0.88,3.27,12.39,19.7,4.66,4.12,1.03,0.69,,,,,,,,,,,,,,,,,,,,,,,,,,,,,,,,
3601,720,30,Central Slopes,1000,8.29,7.35,4.72,7.36,4.23,3.67,4.36,4.42,5.27,4.59,4.45,4.35,3.4,2.83,2.72,3.16,2.59,2.55,3.07,4.93,4.06,3.9,2.61,1.12,,,,,,,,,,,,,,,,,,,,,,,,,,,,,,,,
3602,720,30,Central Slopes,1000,0.1,6.54,3.99,2.4,4.13,3.48,2.15,2.84,3.23,12.36,13.9,13.57,12.87,8.35,5.79,3.53,0.7,0.03,0.02,0.02,0,0,0,0,,,,,,,,,,,,,,,,,,,,,,,,,,,,,,,,
3603,720,30,Central Slopes,1000,0,0,0,0,0,0,0.19,1.82,7.37,10.37,10.47,7.48,5.45,7.2,6.82,3.98,4.92,2.77,1.8,6.82,10.32,7.33,3.37,1.52,,,,,,,,,,,,,,,,,,,,,,,,,,,,,,,,
3604,720,30,Central Slopes,1000,0.48,1.43,2.04,1.35,3.86,2.89,2.08,6.87,8.91,7.92,7.29,9.67,7.48,7.11,12.1,6.75,0,0.06,0.11,0,2.17,6.44,2.99,0,,,,,,,,,,,,,,,,,,,,,,,,,,,,,,,,
3605,720,30,Central Slopes,2500,5.4,3.71,6.76,1.75,6.49,10.48,5.05,6.1,4.68,4.57,8.95,10.03,2.05,1.83,0.42,0.68,2.12,1.64,0.48,6.32,4.71,3.31,1.46,1.01,,,,,,,,,,,,,,,,,,,,,,,,,,,,,,,,
3606,720,30,Central Slopes,2500,0.02,2.83,3.69,4.03,10.01,19.63,9.61,6.57,2.43,2.56,2.7,4.05,3.7,3.34,5.04,4.24,4.5,3.68,2.48,1.48,1.58,0.88,0.68,0.27,,,,,,,,,,,,,,,,,,,,,,,,,,,,,,,,
3607,720,30,Central Slopes,2500,0.57,0.45,2.38,1.9,3.64,3.2,2.03,1.35,0.52,3.97,3.24,6.46,4.06,4.8,4.76,8.9,8.41,7.27,7.94,9.19,7,4.79,2.28,0.89,,,,,,,,,,,,,,,,,,,,,,,,,,,,,,,,
3608,720,30,Central Slopes,2500,1.75,0.65,3.68,6.11,6.41,5.23,5.79,4.26,4.2,5.14,7.15,4.04,6.66,6.09,1.79,1.09,3.71,6.14,6.02,3.81,3.51,2.52,2.2,2.05,,,,,,,,,,,,,,,,,,,,,,,,,,,,,,,,
3609,720,30,Central Slopes,2500,4.02,3.94,1.72,3.71,2.66,1.55,4.57,6.14,8.09,5.65,7.16,6.37,6.39,4.68,4.36,4.06,4.04,2.87,3.06,3.6,2.48,3.46,3.33,2.09,,,,,,,,,,,,,,,,,,,,,,,,,,,,,,,,
3610,720,30,Central Slopes,2500,4.92,5.03,4.68,3.25,2.91,3.42,2.37,2.22,3.2,3.56,3.48,2.37,3.81,5.43,5.43,4.38,5.77,4.85,4.54,5.24,5.56,4.01,4.66,4.91,,,,,,,,,,,,,,,,,,,,,,,,,,,,,,,,
3611,720,30,Central Slopes,2500,0.03,0.11,3.49,0.62,1.71,1.04,4.51,4.35,3.05,11.32,14.01,2.96,18.42,4,8.46,9.2,4.43,0.95,1.9,1.33,1.36,1.26,0.98,0.51,,,,,,,,,,,,,,,,,,,,,,,,,,,,,,,,
3612,720,30,Central Slopes,2500,0.98,5.09,4.3,5.69,3.25,1.16,2.26,4.97,5.6,7.79,2.55,4.37,3.42,4.69,9.95,12.88,7.1,3.27,1.97,1.42,2.89,2.68,1.16,0.56,,,,,,,,,,,,,,,,,,,,,,,,,,,,,,,,
3613,720,30,Central Slopes,2500,1.08,2.1,9.64,6.26,5.64,7.49,4.2,3.93,4.05,4.66,4.86,4.08,4.78,4.06,3.19,2.78,2.87,3.36,2.27,2.87,3.07,5.55,3.66,3.55,,,,,,,,,,,,,,,,,,,,,,,,,,,,,,,,
3614,720,30,Central Slopes,2500,2.23,2.26,2.89,3.08,3.64,4.16,4.51,4.87,3.87,3.18,3.99,5.59,4.18,4.59,4.39,4.65,6.14,4.73,2.83,4.65,4.21,4.67,7.02,3.67,,,,,,,,,,,,,,,,,,,,,,,,,,,,,,,,
3615,720,30,Central Slopes,5000,3.38,4.63,5.69,3.14,4.19,4.48,5.33,8.92,7.99,7.42,6.06,8.44,8.01,7.63,4.27,2.83,1.81,1.21,0.9,0.47,0.49,0.78,1.27,0.66,,,,,,,,,,,,,,,,,,,,,,,,,,,,,,,,
3616,720,30,Central Slopes,5000,4.51,3.75,2,3.76,3.76,1.95,6.1,8.09,10.26,6.3,8.4,6.93,5.44,5.88,3.06,2.7,2.51,1.85,1.97,2.05,1.6,2.6,3.46,1.07,,,,,,,,,,,,,,,,,,,,,,,,,,,,,,,,
3617,720,30,Central Slopes,5000,3.48,6.36,10.36,17.33,9.66,6.34,2.61,2.52,2.63,3.91,3.44,3.69,4.63,4.34,4.35,4.09,2.72,1.58,1.85,1.1,0.87,0.3,0.94,0.9,,,,,,,,,,,,,,,,,,,,,,,,,,,,,,,,
3618,720,30,Central Slopes,5000,0.22,2.14,3.05,6.12,2.37,3.45,4.19,13.4,8.59,8.39,5.94,6.87,8.17,11.17,11.78,1.61,1.26,0.54,0.04,0,0.03,0.19,0.33,0.15,,,,,,,,,,,,,,,,,,,,,,,,,,,,,,,,
3619,720,30,Central Slopes,5000,3.17,3.84,12.92,2.55,1.05,6.06,4.07,2.6,2,2.65,2.18,7.44,9.01,6.3,7.68,4.95,5.18,3.78,3.53,1.61,1.41,1.73,1.95,2.34,,,,,,,,,,,,,,,,,,,,,,,,,,,,,,,,
3620,720,30,Central Slopes,5000,0.61,0.68,1.97,1.61,2.77,3.09,2.37,1.81,0.59,3.52,3.67,5.97,3.92,4.27,4.58,8.59,8.63,7.22,8.44,9.27,7.55,5.2,2.65,1.02,,,,,,,,,,,,,,,,,,,,,,,,,,,,,,,,
3621,720,30,Central Slopes,5000,4.13,0.72,1.8,1.13,4.49,4.29,2.88,11.18,13.61,2.82,19.56,4.01,7.72,8.51,4.26,1.03,2.03,1.43,1.45,1.36,1.06,0.53,0,0,,,,,,,,,,,,,,,,,,,,,,,,,,,,,,,,
3622,720,30,Central Slopes,5000,4.52,4.77,4.32,3.07,2.7,3.27,2.11,2.08,3.01,3.59,3.46,2.46,3.89,5.51,5.67,4.5,6.02,5.2,4.82,5.46,5.67,4.36,4.61,4.93,,,,,,,,,,,,,,,,,,,,,,,,,,,,,,,,
3623,720,30,Central Slopes,5000,2.92,5.08,5.35,4.77,5.92,5.17,4.36,4.62,5.91,4.54,6.39,7.04,2.95,1.33,3.69,6.18,6.25,4.57,4.75,2.64,2.05,2.07,1.06,0.39,,,,,,,,,,,,,,,,,,,,,,,,,,,,,,,,
3624,720,30,Central Slopes,5000,2.04,1.92,2.24,4.76,9.17,6.18,3.85,4.7,3.77,4.63,3.9,6.75,6.48,3.93,4.69,4.15,4.73,4.38,3.44,3.4,3.52,4.44,1.71,1.22,,,,,,,,,,,,,,,,,,,,,,,,,,,,,,,,
3625,720,30,Central Slopes,10000,1.38,4.39,7.49,8.45,7.9,5.71,3.97,3.84,6.85,3.93,4.82,2.73,2.83,2.76,4.85,3.6,4.76,5,4.42,1.7,2.25,2.85,1.09,2.43,,,,,,,,,,,,,,,,,,,,,,,,,,,,,,,,
3626,720,30,Central Slopes,10000,1.77,0.71,2.62,1.12,1.78,6.45,3.73,3.09,3.28,4.68,3.16,4.04,3.2,2.74,2.71,4.31,3.92,5.61,10.97,10.28,10.63,4.69,2.83,1.68,,,,,,,,,,,,,,,,,,,,,,,,,,,,,,,,
3627,720,30,Central Slopes,10000,3.42,4.44,5.54,3.08,4.07,4.24,5.2,8.87,7.58,7.16,6.03,7.83,7.76,7.33,4.31,3.1,2.06,1.47,1.2,0.69,0.77,1.47,1.59,0.79,,,,,,,,,,,,,,,,,,,,,,,,,,,,,,,,
3628,720,30,Central Slopes,10000,4.81,2.58,5.63,11.42,8.26,8.19,7.91,4.6,8.07,7.81,1.95,1.7,0.67,0.92,2.3,2.7,2.05,5.08,3.69,2.88,2.61,2.26,0.61,1.3,,,,,,,,,,,,,,,,,,,,,,,,,,,,,,,,
3629,720,30,Central Slopes,10000,2.66,2.97,2.82,2.82,3.16,3.87,4.7,6.12,6.1,5.05,3.42,5.86,5.1,4.28,4.73,3.7,2.75,4,4.13,3.47,4.14,4.63,4.11,5.41,,,,,,,,,,,,,,,,,,,,,,,,,,,,,,,,
3630,720,30,Central Slopes,10000,3.06,4.58,4.75,4.08,5.15,4.53,4.22,4.66,4.69,3.59,3.74,4.1,2.06,2.76,3.17,4.05,3.61,2.94,3.3,4.37,5.35,5.89,6.13,5.22,,,,,,,,,,,,,,,,,,,,,,,,,,,,,,,,
3631,720,30,Central Slopes,10000,4.61,3.86,2.17,3.7,4.27,2.17,6.38,8.31,10.49,6.27,8.36,7.47,5.58,6.06,2.58,2.22,2.1,1.61,1.78,1.93,1.7,2.29,3.06,1.03,,,,,,,,,,,,,,,,,,,,,,,,,,,,,,,,
3632,720,30,Central Slopes,10000,6.55,1.11,2.56,1.72,5.14,5.26,2.62,14.58,16.59,2.77,12.94,4.04,6.39,6.39,3.36,1.34,2.01,1.33,1.1,1.02,0.79,0.39,0,0,,,,,,,,,,,,,,,,,,,,,,,,,,,,,,,,
3633,720,30,Central Slopes,10000,1.43,2.41,2.73,2.58,3.13,2.96,9.13,2.76,2.22,5.12,3.88,3.11,3.08,3.89,3.18,5.73,6.59,6.29,8.13,6.08,5.53,4.46,3.56,2.02,,,,,,,,,,,,,,,,,,,,,,,,,,,,,,,,
3634,720,30,Central Slopes,10000,2.39,4.16,5.24,5.21,7.08,5.34,5.17,4.78,6.06,4.18,5.92,6.48,3.2,2.7,3.79,6.26,5.89,4.34,4.21,2.46,1.81,1.85,1.05,0.43,,,,,,,,,,,,,,,,,,,,,,,,,,,,,,,,
3635,720,30,Central Slopes,20000,2.92,3.25,3.92,4.03,4.35,3.97,4.47,4.7,4.82,5.42,5.27,5.47,4.55,4.52,5.09,4.62,5.87,4.59,5.05,4.02,3.35,1.72,2.33,1.7,,,,,,,,,,,,,,,,,,,,,,,,,,,,,,,,
3636,720,30,Central Slopes,20000,1.31,1.13,0.5,1.63,1.56,0.51,0.9,6.54,7.09,8.97,7.7,8.83,3.92,3.5,4.3,3.17,2.85,5.45,6.39,7.69,4.83,3.86,4.67,2.7,,,,,,,,,,,,,,,,,,,,,,,,,,,,,,,,
3637,720,30,Central Slopes,20000,2.74,3.11,3.25,3.99,4.8,6.35,7.08,4.74,3.22,6.14,5.82,4.86,4.59,3.87,3.01,3.82,3.61,3.1,3.68,3.93,3.66,4.58,4.15,1.9,,,,,,,,,,,,,,,,,,,,,,,,,,,,,,,,
3638,720,30,Central Slopes,20000,4.03,5.02,3.64,2.6,14.7,17.03,7.71,3.59,2.95,2.49,4.24,2.72,3.81,2.72,3.04,1.44,1.41,2.42,0.5,3.92,4.6,4,1.15,0.27,,,,,,,,,,,,,,,,,,,,,,,,,,,,,,,,
3639,720,30,Central Slopes,20000,2.94,3.78,3.56,3.96,3.44,3.84,3.71,3.79,3.96,4.78,4.82,2.98,4.84,4.55,5.41,5.61,5.09,4.53,4.31,4.83,4.09,3.81,3.44,3.93,,,,,,,,,,,,,,,,,,,,,,,,,,,,,,,,
3640,720,30,Central Slopes,20000,2.82,1.31,1.76,5.75,3.81,3.33,2.98,4.59,3,4.28,3.55,3.29,2.77,4.01,3.44,5.07,10.03,10.19,11.11,4.88,3.56,2.32,1.44,0.71,,,,,,,,,,,,,,,,,,,,,,,,,,,,,,,,
3641,720,30,Central Slopes,20000,5.26,0.99,2.25,1.54,4.34,4.63,2.32,13.32,16.06,3.24,16.63,6.67,5.26,5.03,3.32,2.25,2.1,1.42,1.15,1.07,0.81,0.32,0.02,0,,,,,,,,,,,,,,,,,,,,,,,,,,,,,,,,
3642,720,30,Central Slopes,20000,2.85,2.36,3.13,2.56,3,2.41,2.69,3.33,2.51,3.36,3.77,3.7,4.22,4.07,4.66,4.95,9.63,10.06,6.84,5.65,5.92,2.83,4.41,1.09,,,,,,,,,,,,,,,,,,,,,,,,,,,,,,,,
3643,720,30,Central Slopes,20000,3.84,3.07,3.56,3.71,4.66,3.8,4.49,4.4,5.55,5.53,4.04,3.88,5.8,4.81,2.37,2.63,3.46,3.64,5.05,3.67,6.21,4.18,3.46,4.19,,,,,,,,,,,,,,,,,,,,,,,,,,,,,,,,
3644,720,30,Central Slopes,20000,2,3.37,2.24,3.03,2.68,2.87,2.87,3.15,4.81,6.33,6.1,8.07,7.78,5.91,5.05,4.56,4.99,4.3,4.61,4.81,3.59,4.12,1.51,1.25,,,,,,,,,,,,,,,,,,,,,,,,,,,,,,,,
3645,720,30,Central Slopes,40000,3.04,4.28,3.67,2.63,12.67,13.25,7.43,5.05,3.95,3.62,4.92,3.09,4.66,4.17,3.38,1.58,1.25,2.31,0.93,3.43,3.65,4.29,1.82,0.93,,,,,,,,,,,,,,,,,,,,,,,,,,,,,,,,
3646,720,30,Central Slopes,40000,2.88,3.31,3.92,3.75,4.23,3.97,4.45,4.39,4.78,5.21,5.81,6.13,4.6,4.36,4.64,4.48,5.5,4.28,4.91,4.02,3.59,2.12,2.93,1.74,,,,,,,,,,,,,,,,,,,,,,,,,,,,,,,,
3647,720,30,Central Slopes,40000,2.36,2.76,2.95,3.5,3.9,2.66,7.5,3.53,3.69,5.61,4.54,3.83,3.56,4.36,3.64,5.36,5.48,4.97,6.01,5.2,5.08,4,3.28,2.23,,,,,,,,,,,,,,,,,,,,,,,,,,,,,,,,
3648,720,30,Central Slopes,40000,4.93,2.9,2.22,2.28,2.35,2.1,2.85,2.89,2.59,3.41,3.38,5.17,4.2,4.87,5.89,5.46,9.61,9.96,6.32,4.22,4.17,2.73,4.06,1.44,,,,,,,,,,,,,,,,,,,,,,,,,,,,,,,,
3649,720,30,Central Slopes,40000,0.73,1.7,1.68,1.84,4.15,3.84,3.97,4.93,5.49,4.04,7.42,8.38,10.62,5.62,7.3,6.6,5.27,5.9,2.34,1.84,1.84,1.35,1.54,1.61,,,,,,,,,,,,,,,,,,,,,,,,,,,,,,,,
3650,720,30,Central Slopes,40000,1.32,1.07,2.57,3.65,3.89,5.07,5.39,6.53,6.63,6.1,11.5,6.91,6.14,4.57,2.4,2.58,3.09,3.76,4.04,3.39,8.58,0.37,0.32,0.13,,,,,,,,,,,,,,,,,,,,,,,,,,,,,,,,
3651,720,30,Central Slopes,40000,0.9,1.57,2.52,2.7,1.65,1.83,2.59,3.42,3.2,4.24,6.14,5.64,6.2,6.88,3.98,7.14,8.57,6.35,5.44,4.37,4.35,4.66,3.59,2.07,,,,,,,,,,,,,,,,,,,,,,,,,,,,,,,,
3652,720,30,Central Slopes,40000,2.2,2.49,2.56,3.02,3.28,3.76,3.28,3.26,3.04,3.11,4.42,3.52,3.98,4.14,4.84,5.47,7.05,7.4,6.19,5.03,4.49,4.68,5.03,3.76,,,,,,,,,,,,,,,,,,,,,,,,,,,,,,,,
3653,720,30,Central Slopes,40000,2.9,3.16,3.32,3.95,4.16,3.83,4.11,3.58,3.76,3.88,4.42,5.52,6.23,6.47,6.46,6.07,5.88,4.96,3.58,3.45,3.06,2.7,2.37,2.18,,,,,,,,,,,,,,,,,,,,,,,,,,,,,,,,
3654,720,30,Central Slopes,40000,3.34,2.78,2.74,3.08,2.8,3.96,5.21,4.57,4.5,4.7,5.11,5.28,4.96,4.8,4.68,4.87,4.52,4.4,4.33,4.55,4.03,3.79,3.6,3.4,,,,,,,,,,,,,,,,,,,,,,,,,,,,,,,,
3655,1080,60,Central Slopes,100,4.58,1.45,0.72,4.61,9.51,9.31,1.22,4,0.97,2.83,4.86,2.53,0.74,20.61,2.41,1.99,6.3,21.36,,,,,,,,,,,,,,,,,,,,,,,,,,,,,,,,,,,,,,
3656,1080,60,Central Slopes,100,5.18,2.19,0.09,2.22,23.39,13.39,1.48,0.7,0.69,10.18,7.59,1.25,9.21,10.67,2.58,1.72,3.94,3.53,,,,,,,,,,,,,,,,,,,,,,,,,,,,,,,,,,,,,,
3657,1080,60,Central Slopes,100,44.23,10.68,1.8,1.67,0.45,0.07,0,0,0,0,0,19.61,2.45,1.07,0.37,1.25,5.8,10.55,,,,,,,,,,,,,,,,,,,,,,,,,,,,,,,,,,,,,,
3658,1080,60,Central Slopes,100,9.62,18.44,16.23,7.92,1.45,0.6,0.24,0.12,8.56,4.91,1.94,4.79,3.59,0.01,0,0.43,16.84,4.31,,,,,,,,,,,,,,,,,,,,,,,,,,,,,,,,,,,,,,
3659,1080,60,Central Slopes,100,2.49,3.12,4.85,10.18,10.54,9.99,7.44,0.74,4.07,5.91,3.65,5.28,7.35,6.82,3.36,0.02,0.06,14.13,,,,,,,,,,,,,,,,,,,,,,,,,,,,,,,,,,,,,,
3660,1080,60,Central Slopes,100,12.27,6.85,0.14,11.93,18.99,7.55,0.67,0,0,0,0,1.24,8.67,6.8,4.31,9.2,8.34,3.04,,,,,,,,,,,,,,,,,,,,,,,,,,,,,,,,,,,,,,
3661,1080,60,Central Slopes,100,3.68,6.27,12.67,9.2,11.89,7.76,11.93,6.73,7.81,5.52,4.35,4.75,1.44,2.09,0.16,1.7,0.8,1.25,,,,,,,,,,,,,,,,,,,,,,,,,,,,,,,,,,,,,,
3662,1080,60,Central Slopes,100,2.61,3.83,21.76,14,14.65,6.1,15.16,0.69,0.57,1.23,1.65,0.11,2.07,4.23,2.97,3.88,0.62,3.87,,,,,,,,,,,,,,,,,,,,,,,,,,,,,,,,,,,,,,
3663,1080,60,Central Slopes,100,0.49,2.09,4.33,3.9,4.27,6.12,4.53,5.85,6.5,8.14,8.81,11.49,9.94,7.46,5.37,4.88,3.72,2.11,,,,,,,,,,,,,,,,,,,,,,,,,,,,,,,,,,,,,,
3664,1080,60,Central Slopes,100,2.47,2.24,3.08,3.1,3.71,4.43,3.17,3.25,5.17,5.1,5.72,8.68,8.95,9.06,4.13,3.52,12.67,11.55,,,,,,,,,,,,,,,,,,,,,,,,,,,,,,,,,,,,,,
3665,1080,60,Central Slopes,200,4.78,3.03,0.19,2.86,22.35,12.66,1.56,1.68,1.86,12.86,5.04,2.32,9.9,9.2,1.78,1.39,3.25,3.29,,,,,,,,,,,,,,,,,,,,,,,,,,,,,,,,,,,,,,
3666,1080,60,Central Slopes,200,10.3,17.84,15.45,7.66,1.69,0.61,0.33,0.18,8.83,5.17,2.02,4.63,3.48,0.01,0.01,0.42,16.89,4.48,,,,,,,,,,,,,,,,,,,,,,,,,,,,,,,,,,,,,,
3667,1080,60,Central Slopes,200,7.4,9.73,11.99,10.51,14.24,12.82,4.46,6.62,5.91,2.33,0.95,0.06,1.67,1.62,1.82,0.88,4.73,2.26,,,,,,,,,,,,,,,,,,,,,,,,,,,,,,,,,,,,,,
3668,1080,60,Central Slopes,200,2.91,5.34,14.5,8.27,10.05,5.3,11.11,1.06,1.29,2.09,8.11,0.1,2.71,6,5.74,3.63,9.64,2.15,,,,,,,,,,,,,,,,,,,,,,,,,,,,,,,,,,,,,,
3669,1080,60,Central Slopes,200,2.58,4.09,3.84,0.74,0.98,2.57,2.82,9.17,7.53,7.28,9.68,11.47,15.34,12.15,3.92,2.44,1.8,1.6,,,,,,,,,,,,,,,,,,,,,,,,,,,,,,,,,,,,,,
3670,1080,60,Central Slopes,200,0.47,2.05,4.33,3.92,4.23,6.06,4.5,5.82,6.47,8.06,8.8,11.5,9.93,7.53,5.49,4.88,3.77,2.19,,,,,,,,,,,,,,,,,,,,,,,,,,,,,,,,,,,,,,
3671,1080,60,Central Slopes,200,5.77,7.18,5.31,2.41,7.18,8.23,3.92,4.74,4.36,3.71,7.1,7.38,10.72,11.92,2.77,1.02,2.04,4.24,,,,,,,,,,,,,,,,,,,,,,,,,,,,,,,,,,,,,,
3672,1080,60,Central Slopes,200,2.54,2.22,3.01,3.23,3.94,4.47,3.4,3.28,5.07,5.56,5.75,8.43,9.34,8.63,3.67,3.99,12.55,10.92,,,,,,,,,,,,,,,,,,,,,,,,,,,,,,,,,,,,,,
3673,1080,60,Central Slopes,200,4.41,6.09,9.72,13.29,9.43,2.77,0.7,0.64,1.96,3.93,5.32,5.48,3.65,4.72,8.31,9.21,6.66,3.71,,,,,,,,,,,,,,,,,,,,,,,,,,,,,,,,,,,,,,
3674,1080,60,Central Slopes,200,4.24,2.67,2.84,6.49,6.57,7.42,10.37,6.06,9.16,6.15,7.18,5.57,2.71,3.42,4.31,5.49,3.7,5.65,,,,,,,,,,,,,,,,,,,,,,,,,,,,,,,,,,,,,,
3675,1080,60,Central Slopes,500,0.58,1.16,1.89,1.68,3.09,1.6,0.6,4.85,7.43,3.69,4.54,8.11,6.72,13.75,14.39,15.31,8.67,1.94,,,,,,,,,,,,,,,,,,,,,,,,,,,,,,,,,,,,,,
3676,1080,60,Central Slopes,500,4.32,6.91,6.72,9.28,13,13.3,16.96,12.43,3.72,3.16,1.08,1.98,2.62,1.43,0.4,1.68,0.79,0.22,,,,,,,,,,,,,,,,,,,,,,,,,,,,,,,,,,,,,,
3677,1080,60,Central Slopes,500,4.68,1.54,0.76,4.54,11.58,9,2.2,4.19,1.15,3.07,5.62,2.71,1.3,16.94,3.89,2.44,6.52,17.87,,,,,,,,,,,,,,,,,,,,,,,,,,,,,,,,,,,,,,
3678,1080,60,Central Slopes,500,3.89,8.62,8.8,10.87,8.14,2.71,2.91,0.22,6.66,0.97,2.75,1.81,4.68,14.68,10.31,5,2.92,4.06,,,,,,,,,,,,,,,,,,,,,,,,,,,,,,,,,,,,,,
3679,1080,60,Central Slopes,500,4.03,26.68,24.71,6.3,2.83,4.36,4.24,0.52,0.04,0,0.09,0.18,0,0,0,0.47,21.48,4.07,,,,,,,,,,,,,,,,,,,,,,,,,,,,,,,,,,,,,,
3680,1080,60,Central Slopes,500,5.3,3.16,0.25,3.77,22,11.94,1.92,1.63,2.67,10.98,4.52,2.59,10.52,8.27,1.78,1.8,3.5,3.4,,,,,,,,,,,,,,,,,,,,,,,,,,,,,,,,,,,,,,
3681,1080,60,Central Slopes,500,0.58,1.88,4.16,3.98,4.3,5.78,4.03,5.62,5.96,7.72,8.72,11.21,10.01,7.69,5.98,5.37,4.41,2.6,,,,,,,,,,,,,,,,,,,,,,,,,,,,,,,,,,,,,,
3682,1080,60,Central Slopes,500,6.19,7.47,5.32,2.1,8.57,7.61,3.78,4.3,4.99,4.49,7.33,6.36,9.46,11.5,2.85,1.11,2.29,4.28,,,,,,,,,,,,,,,,,,,,,,,,,,,,,,,,,,,,,,
3683,1080,60,Central Slopes,500,7.13,4.23,4.42,5.08,3.86,3.03,3,3.89,3.68,3.32,3.82,3.65,6.93,9.96,17.63,5.92,5.37,5.08,,,,,,,,,,,,,,,,,,,,,,,,,,,,,,,,,,,,,,
3684,1080,60,Central Slopes,500,2.52,2.18,3.19,3.71,4.46,4.44,3.37,3.32,5.49,6.21,6.19,8.4,9.25,8.16,4.06,4.01,11.67,9.37,,,,,,,,,,,,,,,,,,,,,,,,,,,,,,,,,,,,,,
3685,1080,60,Central Slopes,1000,2.29,4.08,2.04,1.38,0.41,3.88,8.65,4.97,14.37,8.25,8.28,16.47,3.07,0.93,3.07,8.83,7.37,1.66,,,,,,,,,,,,,,,,,,,,,,,,,,,,,,,,,,,,,,
3686,1080,60,Central Slopes,1000,5.82,25.13,14.38,4.43,5.8,6.07,7.48,6.61,3.16,1.96,0.81,1.34,1.19,0.76,2.57,3.23,4.57,4.69,,,,,,,,,,,,,,,,,,,,,,,,,,,,,,,,,,,,,,
3687,1080,60,Central Slopes,1000,3.38,0.76,2.71,5.78,12.7,5.76,2.03,3.81,2.28,3.72,5.45,1.83,7.07,12.59,2.11,3.27,16.26,8.49,,,,,,,,,,,,,,,,,,,,,,,,,,,,,,,,,,,,,,
3688,1080,60,Central Slopes,1000,3.25,4.71,8.24,8.94,10.43,5.22,3.17,1.74,2.52,4.39,1.27,1.96,3.45,11.51,14.56,6.65,4.61,3.38,,,,,,,,,,,,,,,,,,,,,,,,,,,,,,,,,,,,,,
3689,1080,60,Central Slopes,1000,12.09,29.42,12.04,7.3,3.59,6.13,1.06,0.54,0.01,0.05,0.53,0.07,0,0,0.06,8.7,16.67,1.74,,,,,,,,,,,,,,,,,,,,,,,,,,,,,,,,,,,,,,
3690,1080,60,Central Slopes,1000,4.98,2.65,0.28,3.5,22.06,13.24,1.8,1.61,2.09,11.21,4.57,2.48,9.33,8.14,1.76,2.23,4.14,3.93,,,,,,,,,,,,,,,,,,,,,,,,,,,,,,,,,,,,,,
3691,1080,60,Central Slopes,1000,1.23,0.72,2.84,6.01,6.02,4.05,6.35,4.79,5.72,6.01,4.75,9.27,12.67,5.81,2.94,3.42,8.28,9.12,,,,,,,,,,,,,,,,,,,,,,,,,,,,,,,,,,,,,,
3692,1080,60,Central Slopes,1000,5.82,4.55,5.6,7.84,10.22,7.02,10.07,7.49,8.58,11.02,4.74,6.77,6.09,2.15,1.94,0,0,0.1,,,,,,,,,,,,,,,,,,,,,,,,,,,,,,,,,,,,,,
3693,1080,60,Central Slopes,1000,5.31,5.73,5.33,6.81,9.21,8.65,5.04,6.76,1.31,0.81,2.27,1.26,1.77,8.14,2.36,11.29,13.3,4.65,,,,,,,,,,,,,,,,,,,,,,,,,,,,,,,,,,,,,,
3694,1080,60,Central Slopes,1000,11.83,5.56,2.26,7.35,5.1,1.62,2.31,5.94,4.92,6.52,6.87,5.79,4.39,8.43,9.47,4.19,4.42,3.03,,,,,,,,,,,,,,,,,,,,,,,,,,,,,,,,,,,,,,
3695,1080,60,Central Slopes,2500,5.47,6.48,5.13,4,3.03,4.44,3.93,6.12,6.67,7.21,6.64,6.78,6.79,3.29,4.69,3.77,6.11,9.45,,,,,,,,,,,,,,,,,,,,,,,,,,,,,,,,,,,,,,
3696,1080,60,Central Slopes,2500,4.04,7.86,4.35,0.89,1.75,2.01,3.44,1.42,1.15,0.37,2.38,7.71,9.3,14.71,10.4,8.21,16.6,3.41,,,,,,,,,,,,,,,,,,,,,,,,,,,,,,,,,,,,,,
3697,1080,60,Central Slopes,2500,6.2,24.22,14.18,4.32,5.82,6.26,7.7,6.72,3.21,1.97,0.83,1.36,1.23,0.78,2.63,3.28,4.55,4.74,,,,,,,,,,,,,,,,,,,,,,,,,,,,,,,,,,,,,,
3698,1080,60,Central Slopes,2500,1.53,0.69,1.72,1.91,6.9,4.72,3.66,9.29,11.94,11.74,9.61,7.32,6,5.78,5.15,4.7,4.39,2.95,,,,,,,,,,,,,,,,,,,,,,,,,,,,,,,,,,,,,,
3699,1080,60,Central Slopes,2500,0.7,1.29,1.98,1.92,3.07,1.94,0.8,3.76,6.14,3.34,4.01,8.56,7.78,12.46,14.19,15.39,10.18,2.49,,,,,,,,,,,,,,,,,,,,,,,,,,,,,,,,,,,,,,
3700,1080,60,Central Slopes,2500,4.64,3.24,4.59,4.65,8.72,24.13,19.69,6.26,2.16,0.07,0,0.03,0.01,0.37,3.13,2.84,1.98,13.49,,,,,,,,,,,,,,,,,,,,,,,,,,,,,,,,,,,,,,
3701,1080,60,Central Slopes,2500,4.8,6.2,5.74,4.48,4.13,3.12,3.77,4.82,6.03,4.81,6.24,6.68,6.43,7.76,5.74,6.38,8.7,4.17,,,,,,,,,,,,,,,,,,,,,,,,,,,,,,,,,,,,,,
3702,1080,60,Central Slopes,2500,7.88,16.51,11.33,8.47,7.57,6.24,4.31,4.66,5.01,1.83,3.35,7.7,1.87,2.33,1.97,0.47,5.28,3.22,,,,,,,,,,,,,,,,,,,,,,,,,,,,,,,,,,,,,,
3703,1080,60,Central Slopes,2500,2.9,5.09,7.36,7.31,9.67,5.76,3.68,1.73,3.48,4.59,1.62,1.61,3.34,10.95,15.12,7.47,4.58,3.74,,,,,,,,,,,,,,,,,,,,,,,,,,,,,,,,,,,,,,
3704,1080,60,Central Slopes,2500,16.07,7.91,6.28,9.25,2.75,1.82,2.69,2.03,8.35,6.71,3.76,0.59,2.34,5.69,4.87,8.37,8.41,2.11,,,,,,,,,,,,,,,,,,,,,,,,,,,,,,,,,,,,,,
3705,1080,60,Central Slopes,5000,2.38,4.71,6.54,5.05,4.05,3.05,5.01,4.31,6.84,7.34,8.28,7.6,7.57,6.9,3.39,5.53,4.73,6.72,,,,,,,,,,,,,,,,,,,,,,,,,,,,,,,,,,,,,,
3706,1080,60,Central Slopes,5000,1.31,0.96,1.91,2.71,6.57,5.93,4.74,10.23,12.2,10.78,8.25,6.75,4.98,4.48,5.62,6.77,3.51,2.3,,,,,,,,,,,,,,,,,,,,,,,,,,,,,,,,,,,,,,
3707,1080,60,Central Slopes,5000,6.05,22.6,12.37,4.33,5.83,6.55,7.34,6.82,3.4,2.33,0.92,1.66,2.04,1.03,2.39,3.21,4.73,6.4,,,,,,,,,,,,,,,,,,,,,,,,,,,,,,,,,,,,,,
3708,1080,60,Central Slopes,5000,3.94,4.96,6.31,5.59,4.48,4.19,3.18,3.92,4.88,6.09,4.84,6.31,6.61,6.35,7.67,5.4,6.52,8.76,,,,,,,,,,,,,,,,,,,,,,,,,,,,,,,,,,,,,,
3709,1080,60,Central Slopes,5000,0.82,1.33,1.93,1.84,3.23,1.85,1.17,3.18,5.21,3.72,3.67,8.57,7.29,11.73,14.1,15.76,11.34,3.26,,,,,,,,,,,,,,,,,,,,,,,,,,,,,,,,,,,,,,
3710,1080,60,Central Slopes,5000,2.24,1.93,2.4,3.03,8.21,20.59,6.27,4.24,7.75,9.78,15.48,0.15,2.98,0.4,1.38,2.48,6.22,4.47,,,,,,,,,,,,,,,,,,,,,,,,,,,,,,,,,,,,,,
3711,1080,60,Central Slopes,5000,2.45,9.57,6.27,15.9,14.91,11.55,16.46,11.77,1.94,0.07,0.41,0.74,0.95,0.76,0.3,2.42,2.13,1.4,,,,,,,,,,,,,,,,,,,,,,,,,,,,,,,,,,,,,,
3712,1080,60,Central Slopes,5000,0,0.19,2.42,12.09,6.62,13.28,5.89,4.01,8.95,3.94,2.72,4.8,2.33,3.41,12.95,9.78,3.96,2.66,,,,,,,,,,,,,,,,,,,,,,,,,,,,,,,,,,,,,,
3713,1080,60,Central Slopes,5000,1.7,20.7,5.99,5.21,7.17,1.54,1.6,2.29,2.29,11.31,7.78,2.95,0.45,3.05,6.36,4.35,7.72,7.54,,,,,,,,,,,,,,,,,,,,,,,,,,,,,,,,,,,,,,
3714,1080,60,Central Slopes,5000,2.31,0.3,3.56,1.44,2.32,2.85,0.72,3.79,2.51,9.86,13.39,11.89,9.93,7.04,5.9,7.18,9.13,5.88,,,,,,,,,,,,,,,,,,,,,,,,,,,,,,,,,,,,,,
3715,1080,60,Central Slopes,10000,3.1,8.15,10.13,2.01,1.77,1.17,4.01,8.8,7.76,5.29,7.64,5.5,5.62,5.81,8.14,5.72,4.4,4.98,,,,,,,,,,,,,,,,,,,,,,,,,,,,,,,,,,,,,,
3716,1080,60,Central Slopes,10000,0,8.95,1.17,5.94,17.57,7.18,7.13,6.45,6.88,4.54,6.1,2.45,2.71,5.85,2.76,6.93,6.88,0.51,,,,,,,,,,,,,,,,,,,,,,,,,,,,,,,,,,,,,,
3717,1080,60,Central Slopes,10000,3.53,3.52,5.11,5.6,5.8,5.59,5.05,5.35,2.97,4,3.7,4.95,7.53,7.42,7.28,8.71,7.34,6.55,,,,,,,,,,,,,,,,,,,,,,,,,,,,,,,,,,,,,,
3718,1080,60,Central Slopes,10000,2.06,3.03,5.21,4.42,4.29,4.32,5.38,8.28,8.53,7.1,7.18,6.45,5.17,5.81,6.71,7.28,5.64,3.14,,,,,,,,,,,,,,,,,,,,,,,,,,,,,,,,,,,,,,
3719,1080,60,Central Slopes,10000,5.44,5.6,5.86,7.72,4.46,3.88,4.15,3.87,4.22,5.95,5.25,4.72,5.74,5.6,7.25,5.71,5.99,8.59,,,,,,,,,,,,,,,,,,,,,,,,,,,,,,,,,,,,,,
3720,1080,60,Central Slopes,10000,1.65,0.21,1.09,0.75,2.11,2.83,7.74,5.36,5.88,13.42,15.31,14.46,10.63,4.39,3.39,3.39,3.65,3.74,,,,,,,,,,,,,,,,,,,,,,,,,,,,,,,,,,,,,,
3721,1080,60,Central Slopes,10000,2.82,2.49,3.36,4.71,10.06,20.45,6.35,3.81,7.05,8.51,13.49,0.19,2.64,0.34,2.21,2.25,5.41,3.86,,,,,,,,,,,,,,,,,,,,,,,,,,,,,,,,,,,,,,
3722,1080,60,Central Slopes,10000,0.46,1.27,1.14,2.06,4.13,3.08,4.63,6.61,4.32,4.1,5.17,9.56,11.24,12.59,9.14,9.56,6.94,4,,,,,,,,,,,,,,,,,,,,,,,,,,,,,,,,,,,,,,
3723,1080,60,Central Slopes,10000,0.9,3.2,3.8,3.69,3.47,3.24,0.91,2.83,4.17,3.84,2.88,6.84,6.71,9.78,11.78,18.54,11.18,2.24,,,,,,,,,,,,,,,,,,,,,,,,,,,,,,,,,,,,,,
3724,1080,60,Central Slopes,10000,0,0.14,2.05,13.54,7.54,12.14,5.34,3.71,9.09,3.28,2.63,4.43,2.11,2.99,13.28,10.94,4.34,2.45,,,,,,,,,,,,,,,,,,,,,,,,,,,,,,,,,,,,,,
3725,1080,60,Central Slopes,20000,4.39,3.95,4.28,2.88,3.81,4.07,4.72,6.09,6.37,7.02,7.86,8.23,6.95,7.44,8.02,6.95,3.89,3.08,,,,,,,,,,,,,,,,,,,,,,,,,,,,,,,,,,,,,,
3726,1080,60,Central Slopes,20000,5.26,6.18,5.75,6.07,6.94,4.93,4.38,4.88,4.72,4.87,5.67,5.05,6.09,7.15,6.24,5.92,5.12,4.78,,,,,,,,,,,,,,,,,,,,,,,,,,,,,,,,,,,,,,
3727,1080,60,Central Slopes,20000,2.28,6.11,7.74,1.7,1.63,1.24,3.98,10.21,9.37,6.39,8.17,6.25,5.56,6.27,8.31,5.48,4.72,4.59,,,,,,,,,,,,,,,,,,,,,,,,,,,,,,,,,,,,,,
3728,1080,60,Central Slopes,20000,5.16,2.21,1.86,0.63,2.17,2.18,7.36,5.05,21.56,9.76,5.58,7.05,6.99,3.63,3.34,4.34,8.97,2.16,,,,,,,,,,,,,,,,,,,,,,,,,,,,,,,,,,,,,,
3729,1080,60,Central Slopes,20000,0.02,1.46,1.8,0.78,4.91,8.76,5.68,7.61,6.42,6.27,6.44,5.86,5.65,6.32,14.45,11.28,4.75,1.54,,,,,,,,,,,,,,,,,,,,,,,,,,,,,,,,,,,,,,
3730,1080,60,Central Slopes,20000,0.78,0.21,0.54,2.32,1.85,5.65,5.29,7.77,4.04,5.28,9.34,12.35,11.27,10.91,9.33,7.73,3.14,2.2,,,,,,,,,,,,,,,,,,,,,,,,,,,,,,,,,,,,,,
3731,1080,60,Central Slopes,20000,4.23,3.66,2.15,1.03,3.18,7.19,4.1,4.47,4.24,4.73,4.61,5.87,6.51,7.55,15.47,9.82,6.88,4.31,,,,,,,,,,,,,,,,,,,,,,,,,,,,,,,,,,,,,,
3732,1080,60,Central Slopes,20000,3.15,4.42,5.37,4.65,5.52,7.18,4.65,8.02,6,6.91,6.05,7.47,6.82,6.43,4.99,3.09,4.97,4.31,,,,,,,,,,,,,,,,,,,,,,,,,,,,,,,,,,,,,,
3733,1080,60,Central Slopes,20000,2.64,4.68,4.65,6.04,4.1,5.52,4.78,5.07,5.99,6.37,7.91,5.64,7.27,3.58,4.97,6.24,7.37,7.18,,,,,,,,,,,,,,,,,,,,,,,,,,,,,,,,,,,,,,
3734,1080,60,Central Slopes,20000,1.25,1.7,2.36,2.3,3.48,3.48,5.7,6.76,4.95,6.71,8.15,11.16,9.75,10.14,7.5,6.73,5.2,2.68,,,,,,,,,,,,,,,,,,,,,,,,,,,,,,,,,,,,,,
3735,1080,60,Central Slopes,40000,4.62,4.03,4.2,2.96,3.94,4.63,4.69,5.79,6.2,6.69,7.55,9.03,6.78,6.9,7.4,6.75,4.32,3.52,,,,,,,,,,,,,,,,,,,,,,,,,,,,,,,,,,,,,,
3736,1080,60,Central Slopes,40000,5.6,2.47,1.76,0.6,2.42,2.03,6.54,5.73,23.52,10.72,6.14,6.43,7.31,3.98,2.81,3.58,6.36,2,,,,,,,,,,,,,,,,,,,,,,,,,,,,,,,,,,,,,,
3737,1080,60,Central Slopes,40000,4.56,5.89,5.41,5.71,6.52,4.74,4.33,4.84,4.71,4.88,5.73,5.21,6.73,6.91,6.39,6.03,5.69,5.72,,,,,,,,,,,,,,,,,,,,,,,,,,,,,,,,,,,,,,
3738,1080,60,Central Slopes,40000,4.33,4.1,3.17,1.06,2.33,6.11,6.18,3.56,3.52,4.53,4.73,6.74,7.15,8.96,15.44,8.32,5.44,4.33,,,,,,,,,,,,,,,,,,,,,,,,,,,,,,,,,,,,,,
3739,1080,60,Central Slopes,40000,4.07,4.7,2.91,4.33,3.72,2.69,4.24,4.84,6.43,8.41,7.49,9.48,8.13,6.65,5.99,5.85,5.74,4.33,,,,,,,,,,,,,,,,,,,,,,,,,,,,,,,,,,,,,,
3740,1080,60,Central Slopes,40000,6.73,7.15,6.52,11.81,11.64,11.2,12.94,6.92,4.07,2.46,4.13,3.24,4.58,1.66,1.49,1.23,1.26,0.97,,,,,,,,,,,,,,,,,,,,,,,,,,,,,,,,,,,,,,
3741,1080,60,Central Slopes,40000,2.13,2.9,6.94,7.46,8.16,13.56,14.15,12.39,10.09,3.69,2.99,3,4.41,3.7,2,1.44,0.73,0.26,,,,,,,,,,,,,,,,,,,,,,,,,,,,,,,,,,,,,,
3742,1080,60,Central Slopes,40000,3.39,4.51,5.32,5.14,5.19,6.18,5.38,6.4,8.78,7.63,7.09,7.93,5.62,5.37,3.9,4.02,4.15,4,,,,,,,,,,,,,,,,,,,,,,,,,,,,,,,,,,,,,,
3743,1080,60,Central Slopes,40000,2.49,5.48,8.12,10.52,11.28,16.93,8.53,3.63,5.51,6.33,8.78,0.33,1.64,1.21,1.67,1.45,3.49,2.61,,,,,,,,,,,,,,,,,,,,,,,,,,,,,,,,,,,,,,
3744,1080,60,Central Slopes,40000,4.4,4.43,3.73,3.33,5.87,6.14,5.33,6.13,8.15,6.81,7.08,7.21,8.29,6.74,4.28,3.83,3.94,4.31,,,,,,,,,,,,,,,,,,,,,,,,,,,,,,,,,,,,,,
3745,1440,60,Central Slopes,100,0.76,4.31,0.58,1.35,1.5,5.56,0.14,0.84,5.74,24.87,4.48,1.36,0.53,0.89,15.13,0.81,1.6,14.29,4.64,1.11,2.4,4.01,2.3,0.8,,,,,,,,,,,,,,,,,,,,,,,,,,,,,,,,
3746,1440,60,Central Slopes,100,3.24,0.9,4.25,1.16,2.25,2.8,4.36,9.14,9.46,8.97,6.68,0.65,3.65,5.3,3.28,4.73,6.6,6.13,3.02,0.01,0.05,12.68,0.26,0.43,,,,,,,,,,,,,,,,,,,,,,,,,,,,,,,,
3747,1440,60,Central Slopes,100,4.89,5.46,2.17,4.63,0.97,0,0,0,0,1.44,3.58,8.43,10.85,6.44,9.35,9.76,6.83,6.34,5.6,4.28,4.31,2.62,0.52,1.53,,,,,,,,,,,,,,,,,,,,,,,,,,,,,,,,
3748,1440,60,Central Slopes,100,2.76,0.03,0.14,0.77,0.03,11.73,6.55,0.14,11.4,18.16,7.22,0.64,0,0,0,0,1.19,8.29,6.51,4.12,8.8,7.97,2.91,0.64,,,,,,,,,,,,,,,,,,,,,,,,,,,,,,,,
3749,1440,60,Central Slopes,100,0.88,2.69,2.52,2.66,3.39,2.44,2.17,1.95,2.53,2.62,3.22,3.81,2.85,2.79,4.29,4.49,4.84,7.27,7.9,7.52,3.2,3.29,10.83,9.85,,,,,,,,,,,,,,,,,,,,,,,,,,,,,,,,
3750,1440,60,Central Slopes,100,4.46,4.32,6.6,3.51,4.79,3.88,3.86,3.9,5.54,3.53,2.09,3.26,2.18,2.36,4.72,5.93,6.54,5.82,4.77,3.59,3.54,2.98,4.23,3.6,,,,,,,,,,,,,,,,,,,,,,,,,,,,,,,,
3751,1440,60,Central Slopes,100,2.08,1.76,1.34,2.48,2.95,3.6,1.31,4.2,6.46,6.02,7.31,7.81,5.98,7.16,6.31,6.22,2.96,2.22,2.23,5.92,3.65,4.41,3.29,2.33,,,,,,,,,,,,,,,,,,,,,,,,,,,,,,,,
3752,1440,60,Central Slopes,100,4.47,5.71,3.94,2.12,4.1,4.59,8.58,9.03,6.88,4.62,4.22,3.36,3.43,5.35,2.36,5.06,2.79,0.34,2.01,3.3,4.15,5.5,2.01,2.08,,,,,,,,,,,,,,,,,,,,,,,,,,,,,,,,
3753,1440,60,Central Slopes,100,1.88,2.55,2.62,2.35,3.55,6.28,2.1,1.74,10.15,11.36,7.96,7.45,5.78,6.89,7.67,4.51,1.51,2.64,3.79,4.14,0.18,0,1.62,1.28,,,,,,,,,,,,,,,,,,,,,,,,,,,,,,,,
3754,1440,60,Central Slopes,100,3.34,2.91,2.68,2.91,1.98,2.58,2.7,3.48,5.61,5.69,4.43,4.55,3.59,2.85,3.79,2.64,1.74,6.25,3.15,5.23,7.2,8.18,7.5,5.02,,,,,,,,,,,,,,,,,,,,,,,,,,,,,,,,
3755,1440,60,Central Slopes,200,0.44,2.62,2.72,0.12,2.01,4.51,2.57,0.14,2.6,20.45,11.66,1.43,1.24,1.37,10.67,5.09,1.78,8.76,8.63,1.84,1.46,3.25,3.15,1.49,,,,,,,,,,,,,,,,,,,,,,,,,,,,,,,,
3756,1440,60,Central Slopes,200,3.22,0.94,4.25,1.25,2.33,2.95,4.49,9.09,9.45,9.11,6.7,0.79,3.67,5.31,3.4,4.73,6.62,6.16,2.95,0.06,0.06,11.62,0.46,0.39,,,,,,,,,,,,,,,,,,,,,,,,,,,,,,,,
3757,1440,60,Central Slopes,200,0.92,2.48,3.92,3.69,0.71,0.95,2.47,2.71,8.81,7.24,6.99,9.3,11.03,14.74,11.67,3.76,2.34,1.74,1.54,0.86,1.01,0.33,0.46,0.33,,,,,,,,,,,,,,,,,,,,,,,,,,,,,,,,
3758,1440,60,Central Slopes,200,1.18,3.27,5.91,5.01,3.44,3.63,7.87,5.76,3.06,3.89,4.23,2.71,6.36,7.81,12.82,4.7,1.68,1.06,3.44,2.73,1.09,0.95,3.32,4.08,,,,,,,,,,,,,,,,,,,,,,,,,,,,,,,,
3759,1440,60,Central Slopes,200,0.96,2.81,2.59,2.67,3.38,2.55,2.17,1.89,2.55,2.75,3.36,3.79,2.89,2.79,4.31,4.72,4.89,7.17,7.95,7.34,3.12,3.4,10.67,9.28,,,,,,,,,,,,,,,,,,,,,,,,,,,,,,,,
3760,1440,60,Central Slopes,200,4.84,4.39,7.11,3.8,5.12,4.1,3.86,3.94,5.2,3.44,1.98,3.32,2.22,2.19,4.45,5.92,6.52,5.67,4.62,3.53,3.29,2.81,4.1,3.58,,,,,,,,,,,,,,,,,,,,,,,,,,,,,,,,
3761,1440,60,Central Slopes,200,3.98,5.28,3.65,2.12,3.54,3.97,8.05,9.65,7.06,4.66,4.63,3.59,4.2,5.45,2.61,5.22,2.48,0.46,2.4,3.15,4.19,5.39,2.11,2.16,,,,,,,,,,,,,,,,,,,,,,,,,,,,,,,,
3762,1440,60,Central Slopes,200,2.01,1.9,1.39,2.51,3.02,3.52,1.43,4.17,6.41,5.94,7.4,7.59,5.8,7.29,6.33,6.35,3.05,2.22,2.08,5.7,3.57,4.47,3.47,2.38,,,,,,,,,,,,,,,,,,,,,,,,,,,,,,,,
3763,1440,60,Central Slopes,200,1.07,0.17,0.37,0.9,6.6,7.34,9.61,13.88,5.7,0.64,0.57,0.58,3.27,4.61,5.61,4.38,4.43,5.47,9.47,6.45,6.18,1.57,0.23,0.9,,,,,,,,,,,,,,,,,,,,,,,,,,,,,,,,
3764,1440,60,Central Slopes,200,0.07,0.85,1.55,1.36,1.5,7.72,10.64,5.84,5.26,7.26,9.88,10.59,4.06,3.98,5.25,4.44,4.49,4.15,3.47,2.25,2.65,1.37,1.37,0,,,,,,,,,,,,,,,,,,,,,,,,,,,,,,,,
3765,1440,60,Central Slopes,500,6.94,6.72,4.82,2.81,0.68,1.39,0.46,0.9,1.45,1.28,2.37,1.23,0.46,3.71,5.7,2.82,3.48,6.21,5.15,10.53,11.03,11.73,6.65,1.48,,,,,,,,,,,,,,,,,,,,,,,,,,,,,,,,
3766,1440,60,Central Slopes,500,4.77,4.29,3.33,3.68,4.18,3.7,3.85,1.3,0.54,3.4,8.78,7.56,1.71,3.16,0.86,2.34,4.13,1.99,0.98,12.78,2.81,1.82,5.26,12.78,,,,,,,,,,,,,,,,,,,,,,,,,,,,,,,,
3767,1440,60,Central Slopes,500,0.57,1.92,6.24,4.49,0.77,0.09,0.23,0.67,0.16,1.04,5.61,5.24,10.45,14.75,5.02,6.53,8.18,1.84,3,4.22,4.65,6.91,3.99,3.43,,,,,,,,,,,,,,,,,,,,,,,,,,,,,,,,
3768,1440,60,Central Slopes,500,5.82,12.92,8.69,11.74,5.97,7.65,6.93,6.19,5.2,3.01,0.27,0,0.02,0,0.34,0,0.3,2.99,4.16,4.41,3.05,4.11,2.2,4.03,,,,,,,,,,,,,,,,,,,,,,,,,,,,,,,,
3769,1440,60,Central Slopes,500,1.69,4.6,1.93,7.7,7.31,3.26,0.13,0,0.12,0,0.16,0.12,0.5,1.35,0.38,0,0.5,15.83,24.23,11.96,13.64,2.87,1.14,0.58,,,,,,,,,,,,,,,,,,,,,,,,,,,,,,,,
3770,1440,60,Central Slopes,500,0.48,2.93,2.37,0.26,2.5,4.78,2.85,0.22,3.38,19.78,10.75,1.72,1.46,2.4,9.88,4.06,2.32,9.46,7.44,1.6,1.62,3.15,3.06,1.53,,,,,,,,,,,,,,,,,,,,,,,,,,,,,,,,
3771,1440,60,Central Slopes,500,3.14,3.19,3.61,3.65,4.34,6.74,3.67,4.31,4.4,3.44,2.97,3.35,3.7,2.94,3.49,3.81,2.7,4.05,5.64,6.73,4.35,6.69,6.8,2.29,,,,,,,,,,,,,,,,,,,,,,,,,,,,,,,,
3772,1440,60,Central Slopes,500,1.5,3.59,6.44,5.14,3.17,3.73,8.37,5.38,2.97,3.79,5.15,3.22,6.12,6.91,10.77,5.61,1.68,1.12,3.58,2.89,1.4,1.25,2.91,3.31,,,,,,,,,,,,,,,,,,,,,,,,,,,,,,,,
3773,1440,60,Central Slopes,500,3.64,4.51,3.05,2.32,3.39,4.61,9.13,10.24,7.26,4.53,3.92,3.31,4.52,5.07,3.17,4.75,1.68,0.53,2.4,3.08,4.24,5.15,2.38,3.12,,,,,,,,,,,,,,,,,,,,,,,,,,,,,,,,
3774,1440,60,Central Slopes,500,1.07,2.82,2.73,2.84,3.4,2.67,2.22,1.91,2.59,3.06,3.85,3.83,2.92,2.84,4.57,5.26,5.16,7.09,8.08,6.76,3.27,3.55,9.71,7.8,,,,,,,,,,,,,,,,,,,,,,,,,,,,,,,,
3775,1440,60,Central Slopes,1000,2.05,4.69,20.13,11.51,3.54,4.64,4.86,6,5.29,2.52,1.57,0.66,1.07,0.96,0.61,2.06,2.58,3.67,3.75,3.49,2.3,5.22,1.61,5.22,,,,,,,,,,,,,,,,,,,,,,,,,,,,,,,,
3776,1440,60,Central Slopes,1000,4.65,4.37,3.38,4.43,4.67,3.9,2.96,0.55,2.12,5.2,8.14,4.77,1.4,2.38,1.62,3.1,4.05,1.57,4.74,9.17,1.62,2.51,11.44,7.26,,,,,,,,,,,,,,,,,,,,,,,,,,,,,,,,
3777,1440,60,Central Slopes,1000,0.79,2.59,2.35,0.33,2.34,4.49,2.39,0.25,3.16,19.85,11.91,1.62,1.44,1.89,10.09,4.11,2.23,8.4,7.32,1.58,2,3.72,3.53,1.62,,,,,,,,,,,,,,,,,,,,,,,,,,,,,,,,
3778,1440,60,Central Slopes,1000,0.24,0.81,3.04,3.52,1.04,3.73,2.96,3.3,4.32,7.47,1.52,2.66,4.99,7.01,5.97,3.97,1.85,1.45,2.79,7.32,5.2,7.78,11.4,5.66,,,,,,,,,,,,,,,,,,,,,,,,,,,,,,,,
3779,1440,60,Central Slopes,1000,0,0,0.56,1.25,6.27,7.87,4.38,4.63,7.33,6.31,8.63,3.69,10.47,2.41,2.71,3.78,7.13,8.23,5.26,3.4,0.2,0.08,3.77,1.64,,,,,,,,,,,,,,,,,,,,,,,,,,,,,,,,
3780,1440,60,Central Slopes,1000,3.09,15.18,15.43,9.69,3.66,1.19,0.53,0.76,6.1,8.94,3.44,3.03,4.41,0.77,0.01,0.03,3.33,16.32,1.83,0.89,0.65,0.61,0.07,0.04,,,,,,,,,,,,,,,,,,,,,,,,,,,,,,,,
3781,1440,60,Central Slopes,1000,32.64,13.95,3.3,2.29,0.12,0.02,4.62,12.15,1.02,0.64,0.19,0,0.03,0.08,0,0,0,0,0.06,0.02,11.29,13.91,3.62,0.05,,,,,,,,,,,,,,,,,,,,,,,,,,,,,,,,
3782,1440,60,Central Slopes,1000,0.14,0.47,1.88,11.01,12.4,14.74,8.29,2.22,1.67,2.75,7.04,9.12,1.77,0.79,1.9,6.12,0.94,1.62,2.01,1.15,1.68,7.35,2.38,0.56,,,,,,,,,,,,,,,,,,,,,,,,,,,,,,,,
3783,1440,60,Central Slopes,1000,0.07,0,4.4,12.69,8.16,9.89,11.08,8.73,5.51,2.54,0,1.7,4.35,5.26,3.44,5.93,5.55,0.14,0.1,3.12,0.54,0.09,2.54,4.17,,,,,,,,,,,,,,,,,,,,,,,,,,,,,,,,
3784,1440,60,Central Slopes,1000,0.28,0.42,0.42,0.62,0.97,0.8,1.59,3.7,3.81,3.96,5.31,4.05,5.23,5.25,6.53,8.24,10.91,9.74,7.73,6.44,5.5,5.11,2.97,0.42,,,,,,,,,,,,,,,,,,,,,,,,,,,,,,,,
3785,1440,60,Central Slopes,2500,0.89,1.73,3.51,4.07,3.23,2.57,1.75,2.72,2.8,4.2,4.85,5.19,4.7,4.74,4.9,2.83,3.68,3.1,4.39,7.28,6.48,6.53,7.01,6.85,,,,,,,,,,,,,,,,,,,,,,,,,,,,,,,,
3786,1440,60,Central Slopes,2500,1.91,4.95,19.37,11.34,3.45,4.65,5.01,6.16,5.37,2.57,1.58,0.67,1.09,0.98,0.63,2.1,2.63,3.64,3.79,3.52,2.36,5.29,1.75,5.19,,,,,,,,,,,,,,,,,,,,,,,,,,,,,,,,
3787,1440,60,Central Slopes,2500,1.19,3.1,6.13,3.49,0.7,1.9,1.82,3.17,1.49,1.08,0.25,2.34,6.89,6.02,12.33,7.68,6.76,13.95,2.88,0.84,2.61,5.51,6.12,1.75,,,,,,,,,,,,,,,,,,,,,,,,,,,,,,,,
3788,1440,60,Central Slopes,2500,6.9,6.46,4.34,2.76,0.87,1.53,0.49,1.04,1.64,1.55,2.32,1.67,0.54,2.97,4.96,2.64,3.15,6.32,5.53,9.97,10.83,12.04,7.72,1.76,,,,,,,,,,,,,,,,,,,,,,,,,,,,,,,,
3789,1440,60,Central Slopes,2500,0.56,1.77,4.81,3.5,5.33,2.84,4.26,3.24,6.47,17.2,15.31,8.13,2.49,0.05,0,0.02,0.04,0.28,2.53,2.09,0.97,12.27,5.44,0.4,,,,,,,,,,,,,,,,,,,,,,,,,,,,,,,,
3790,1440,60,Central Slopes,2500,4.89,4.39,3.74,5.57,5.25,3.85,2.68,0.67,2.36,6.35,6.22,4.42,1.55,2.3,1.94,3.26,4.48,1.74,3.35,6.67,1.68,3.01,8.65,10.98,,,,,,,,,,,,,,,,,,,,,,,,,,,,,,,,
3791,1440,60,Central Slopes,2500,0.37,0.88,2.8,3.13,2.57,3.17,2.59,3.21,4.75,4.26,3.65,3.89,2.94,3.7,5.07,6.27,4.61,6.36,5.72,6.16,7.54,4.72,5.39,6.25,,,,,,,,,,,,,,,,,,,,,,,,,,,,,,,,
3792,1440,60,Central Slopes,2500,2.55,4.44,6.44,6.39,8.46,5.04,3.23,1.52,3.04,4.02,1.42,1.41,2.92,9.58,13.21,6.53,4.01,3.27,2.22,2.17,1.71,1.44,2.53,2.45,,,,,,,,,,,,,,,,,,,,,,,,,,,,,,,,
3793,1440,60,Central Slopes,2500,2.99,2.57,1.39,2.99,1.93,2.78,1.01,1.11,9.62,18.69,6.99,2.23,1.6,1.43,2.63,3.41,14.41,7.87,3.24,1.57,2.88,2.56,2.75,1.35,,,,,,,,,,,,,,,,,,,,,,,,,,,,,,,,
3794,1440,60,Central Slopes,2500,0.66,1.82,3.36,2.31,1.9,2.87,2.67,4.5,6.79,7.48,8.94,5.85,5.63,4.66,6.4,6.11,3.75,8.07,3.46,4.88,0.48,3.52,3.01,0.88,,,,,,,,,,,,,,,,,,,,,,,,,,,,,,,,
3795,1440,60,Central Slopes,5000,0.24,1.04,1.75,3.46,4.34,3.4,2.64,2.02,3.1,2.95,4.51,5.13,5.62,5.14,5.35,5.2,2.72,3.9,3.4,4.9,7.16,7.5,7.03,7.5,,,,,,,,,,,,,,,,,,,,,,,,,,,,,,,,
3796,1440,60,Central Slopes,5000,3.12,5.8,3.31,0.76,1.74,1.66,2.85,1.33,1.04,0.38,2.28,6.36,5.85,12.38,8.8,7.34,13.5,3,1.06,3.02,5.47,5.98,1.94,1.03,,,,,,,,,,,,,,,,,,,,,,,,,,,,,,,,
3797,1440,60,Central Slopes,5000,5.96,6.07,4.36,2.63,1.5,1.67,0.63,1.04,1.5,1.42,2.52,1.45,0.91,2.47,4.05,2.9,2.85,6.67,5.68,9.12,10.98,12.26,8.83,2.53,,,,,,,,,,,,,,,,,,,,,,,,,,,,,,,,
3798,1440,60,Central Slopes,5000,4.87,18.15,9.93,3.48,4.69,5.27,5.9,5.48,2.72,1.87,0.73,1.33,1.64,0.83,1.91,2.57,3.79,5.14,4.89,3.51,5.29,1.42,4.16,0.43,,,,,,,,,,,,,,,,,,,,,,,,,,,,,,,,
3799,1440,60,Central Slopes,5000,3.6,3.56,3.06,3.68,3.15,3.95,5.02,4.45,3.56,3.34,2.53,3.13,3.88,4.85,3.85,5.02,5.26,5.06,6.11,4.3,5.2,6.98,3.51,2.95,,,,,,,,,,,,,,,,,,,,,,,,,,,,,,,,
3800,1440,60,Central Slopes,5000,4.08,1.85,6.41,2.23,0.71,0.35,0.21,0.8,0.55,0.45,3.52,5.55,5.66,11.15,5.03,4.77,3.33,6.82,11.21,9.12,6.56,3.72,2.3,3.62,,,,,,,,,,,,,,,,,,,,,,,,,,,,,,,,
3801,1440,60,Central Slopes,5000,4.15,5.94,5.56,3.7,2.59,0.69,2.41,6.61,5.53,4.76,1.77,3.09,2.61,3.39,4.62,1.88,2.77,5.6,1.71,2.85,7.31,14.24,4.86,1.36,,,,,,,,,,,,,,,,,,,,,,,,,,,,,,,,
3802,1440,60,Central Slopes,5000,2.22,8.63,5.66,14.34,13.44,10.41,14.84,10.62,1.75,0.06,0.36,0.68,0.86,0.68,0.27,2.18,1.91,1.26,8.79,0.58,0,0.39,0.07,0,,,,,,,,,,,,,,,,,,,,,,,,,,,,,,,,
3803,1440,60,Central Slopes,5000,2.9,4.26,5.74,6.91,8.09,4.86,2.97,1.54,2.73,4.17,1.4,1.46,3.07,9.9,12.38,7.11,4.91,3.21,2.36,2.37,1.58,1.47,2.31,2.3,,,,,,,,,,,,,,,,,,,,,,,,,,,,,,,,
3804,1440,60,Central Slopes,5000,3.41,3.05,1.5,3.05,1.93,2.59,1.03,1.48,9.01,17.63,7.46,2.13,1.67,2.18,3.09,3.13,13.29,7.16,3.12,1.55,3,3,3.01,1.53,,,,,,,,,,,,,,,,,,,,,,,,,,,,,,,,
3805,1440,60,Central Slopes,10000,2.57,1.86,2.63,2.6,3.78,4.13,4.28,4.13,3.73,3.95,2.19,2.96,2.72,3.65,5.56,5.47,5.38,6.43,5.42,4.84,6.49,7.33,5.39,2.51,,,,,,,,,,,,,,,,,,,,,,,,,,,,,,,,
3806,1440,60,Central Slopes,10000,3.51,9.31,11.46,2.28,1.83,1.06,3.39,6.9,5.77,4.53,6.83,4.87,5.44,5.09,7.53,5.66,4.16,5.3,1.64,0.4,1.03,0.64,0.74,0.63,,,,,,,,,,,,,,,,,,,,,,,,,,,,,,,,
3807,1440,60,Central Slopes,10000,0,0,0,0,0,8.44,1.11,5.6,16.58,6.78,6.73,6.09,6.49,4.29,5.75,2.31,2.55,5.53,2.6,6.53,6.49,0.48,0.42,5.23,,,,,,,,,,,,,,,,,,,,,,,,,,,,,,,,
3808,1440,60,Central Slopes,10000,2.1,4.51,1.1,1.11,2.81,0.86,0.92,1.8,1.95,1.87,3.14,7.82,7.37,5.37,5.1,8.31,9.46,4.14,5.61,9.89,5.15,3.56,4.09,1.96,,,,,,,,,,,,,,,,,,,,,,,,,,,,,,,,
3809,1440,60,Central Slopes,10000,2.22,2.75,2.42,2.57,4.38,4.52,4.74,6.23,3.6,3.14,3.35,3.13,3.41,4.8,4.24,3.82,4.64,4.53,5.85,4.61,4.84,6.93,6.02,3.26,,,,,,,,,,,,,,,,,,,,,,,,,,,,,,,,
3810,1440,60,Central Slopes,10000,1.08,2.04,2.24,2.67,2.3,3.09,5,3.89,3.77,3.81,4.63,7.72,8.03,6.87,7.04,5.84,4.4,4.96,5.9,6.26,4.56,2.22,1.08,0.6,,,,,,,,,,,,,,,,,,,,,,,,,,,,,,,,
3811,1440,60,Central Slopes,10000,3.01,5.04,3,0.87,1.58,1.44,2.42,1.12,1.05,0.57,2.29,5.76,5.34,11.98,9.81,8.52,12.61,3.2,1.58,3.54,6.27,5.84,2.22,0.94,,,,,,,,,,,,,,,,,,,,,,,,,,,,,,,,
3812,1440,60,Central Slopes,10000,5.96,14.74,8.5,2.92,3.97,4.45,5.57,5.39,2.87,1.86,0.88,1.66,2.43,0.95,2.25,3.29,4.54,5.16,5.06,5.11,5.97,1.83,4.14,0.5,,,,,,,,,,,,,,,,,,,,,,,,,,,,,,,,
3813,1440,60,Central Slopes,10000,2.79,2.05,5.73,10.02,3.92,2.18,2.2,0.77,0.19,1.91,1.47,0.15,0.78,0.58,1.34,2.03,5.73,4.42,4.94,11.42,12.52,11.59,8.47,2.8,,,,,,,,,,,,,,,,,,,,,,,,,,,,,,,,
3814,1440,60,Central Slopes,10000,1.32,4.61,7.06,13.02,8.21,5.48,3.4,4.73,5.71,1.49,5.2,4.81,3.95,6.98,6.26,3.44,1.58,8.18,3.1,0.64,0.5,0.24,0.06,0.03,,,,,,,,,,,,,,,,,,,,,,,,,,,,,,,,
3815,1440,60,Central Slopes,20000,3.33,4.63,4.86,4.02,4.72,4.39,4.63,5.29,3.76,3.34,3.73,3.6,3.72,4.33,3.87,4.66,5.46,4.76,4.52,3.91,3.65,4.35,4.04,2.43,,,,,,,,,,,,,,,,,,,,,,,,,,,,,,,,
3816,1440,60,Central Slopes,20000,1.14,1.72,1.87,2.92,3.78,4,3.7,3.34,3.63,2.44,3.22,3.44,3.99,5.15,5.39,5.95,6.64,6.97,5.88,6.29,6.77,5.88,3.28,2.61,,,,,,,,,,,,,,,,,,,,,,,,,,,,,,,,
3817,1440,60,Central Slopes,20000,1.96,5.89,7.61,2.12,1.84,1.35,3.68,9.08,7.57,5.67,7.38,5.47,4.87,5.43,6.89,5.17,4.3,4.16,2.81,1.17,2.08,0.6,1.35,1.55,,,,,,,,,,,,,,,,,,,,,,,,,,,,,,,,
3818,1440,60,Central Slopes,20000,1.03,1.92,2.03,2.36,2.11,2.83,4.71,3.79,3.75,3.96,4.83,7.51,7.95,6.7,7.23,6.05,4.95,5.24,6.03,6.19,4.51,2.36,1.19,0.77,,,,,,,,,,,,,,,,,,,,,,,,,,,,,,,,
3819,1440,60,Central Slopes,20000,2.74,2.44,1.27,1.65,1.03,1.69,0.71,0.82,1.15,4.2,4.89,5.21,11.38,11.19,10.69,10.97,3.28,1.42,4.92,8.44,4.56,3.21,1.43,0.71,,,,,,,,,,,,,,,,,,,,,,,,,,,,,,,,
3820,1440,60,Central Slopes,20000,3.22,2.84,3.64,4.39,3.56,4.41,5.53,3.94,3.76,3.16,5,4.99,5.02,5.01,6.82,7.07,4.01,7.48,6.4,2,2.23,1.75,2.75,1.02,,,,,,,,,,,,,,,,,,,,,,,,,,,,,,,,
3821,1440,60,Central Slopes,20000,2.55,3.58,4.36,3.77,4.49,5.82,3.77,6.5,4.87,5.6,4.91,6.06,5.53,5.21,4.04,2.5,4.03,3.49,2.42,1.92,5.26,3.42,4.38,1.52,,,,,,,,,,,,,,,,,,,,,,,,,,,,,,,,
3822,1440,60,Central Slopes,20000,0.78,4.75,8.26,5.18,6.53,5.56,5.23,5.29,4.92,5.32,6.17,15.04,11.41,3.83,1.12,0.07,0.02,0.65,0.37,1.15,1.35,1.09,1.4,4.51,,,,,,,,,,,,,,,,,,,,,,,,,,,,,,,,
3823,1440,60,Central Slopes,20000,1.49,3.2,3.67,2.19,3.89,3.86,5.02,3.41,4.59,3.96,4.21,4.98,5.28,6.57,4.69,6.04,2.97,4.12,5.19,6.13,5.96,2.25,3.04,3.29,,,,,,,,,,,,,,,,,,,,,,,,,,,,,,,,
3824,1440,60,Central Slopes,20000,4.03,3.78,2.51,3.27,3.65,2.09,3.18,3.04,2.19,3.33,3.63,5.09,6.84,6.25,7.96,7.09,5.79,5.08,5.16,5.36,3.72,2.96,2.81,1.19,,,,,,,,,,,,,,,,,,,,,,,,,,,,,,,,
3825,1440,60,Central Slopes,40000,1.28,1.77,1.76,2.74,4.59,4.36,3.85,3.36,3.5,2.47,3.29,3.86,3.92,4.84,5.18,5.58,6.31,7.54,5.66,5.76,6.18,5.64,3.61,2.95,,,,,,,,,,,,,,,,,,,,,,,,,,,,,,,,
3826,1440,60,Central Slopes,40000,3.03,4,4.44,3.4,4.45,3.96,4.08,4.51,3.22,3.05,3.36,3.28,3.52,4.2,3.92,5.53,5.32,4.88,4.75,4.72,4.97,5.66,4.83,2.92,,,,,,,,,,,,,,,,,,,,,,,,,,,,,,,,
3827,1440,60,Central Slopes,40000,0.66,0.9,1.32,1.92,1.6,0.59,4.94,2.23,1.69,0.56,2.15,1.8,5.88,5.22,20.81,10.21,6.31,6.21,7.17,3.53,2.58,3.53,6.05,2.14,,,,,,,,,,,,,,,,,,,,,,,,,,,,,,,,
3828,1440,60,Central Slopes,40000,4.24,3.05,4.56,4.31,4.32,4.92,5.08,6.47,4.75,6.93,3.48,4.61,5.7,6.37,5.95,2.81,3.1,3.5,2.59,1.61,2.71,2.76,2.89,3.29,,,,,,,,,,,,,,,,,,,,,,,,,,,,,,,,
3829,1440,60,Central Slopes,40000,2.33,2.96,3.04,4.13,3.7,3.12,3.3,3.79,2.35,3.49,3.01,2.17,3.42,3.91,5.18,6.79,6.04,7.65,6.56,5.37,4.84,4.72,4.63,3.5,,,,,,,,,,,,,,,,,,,,,,,,,,,,,,,,
3830,1440,60,Central Slopes,40000,2.98,2.83,5.34,4.16,2.71,3.66,4.87,6.58,3.67,3.24,2.78,1.51,3.67,3.34,3.7,2.2,4.07,4.25,4.94,5.4,15.36,6.19,1.41,1.14,,,,,,,,,,,,,,,,,,,,,,,,,,,,,,,,
3831,1440,60,Central Slopes,40000,2.87,2.05,1.77,5.33,8.31,5.9,2.42,2.9,1.02,0.58,1.49,1.1,0.17,0.53,0.6,1.41,1.85,4.95,6.12,6.54,12.05,12.02,9.83,8.19,,,,,,,,,,,,,,,,,,,,,,,,,,,,,,,,
3832,1440,60,Central Slopes,40000,0.78,1.9,2.74,4.01,3.77,2.93,0.98,2.16,5.63,5.71,3.28,3.24,4.18,4.36,6.22,6.6,8.25,14.24,7.67,5.02,4,1.54,0.53,0.26,,,,,,,,,,,,,,,,,,,,,,,,,,,,,,,,
3833,1440,60,Central Slopes,40000,2.2,2.91,3.39,3.18,4.17,5.22,3.43,5.72,3.74,4.08,3.72,4.5,4.47,4.14,3.09,2.18,3.62,4.25,5.35,3.96,9.33,5.7,5.82,1.83,,,,,,,,,,,,,,,,,,,,,,,,,,,,,,,,
3834,1440,60,Central Slopes,40000,1.84,3.3,3.16,2.57,2.38,3.25,2.83,3.76,4.44,4.3,4.34,5.16,4.49,5.34,7.33,6.37,5.92,6.62,4.7,4.48,3.26,3.36,3.47,3.33,,,,,,,,,,,,,,,,,,,,,,,,,,,,,,,,
3835,2160,120,Central Slopes,100,0,0,0,1.73,5.17,7.9,5.41,6.99,4.13,3.95,13.09,3.06,2.56,6.22,14.86,2.59,19.86,2.48,,,,,,,,,,,,,,,,,,,,,,,,,,,,,,,,,,,,,,
3836,2160,120,Central Slopes,100,4.67,7.8,8.9,8.9,4.47,2.1,4.15,2.71,0.47,2.65,4.22,8.1,17.28,4.25,8.68,7.62,1.37,1.66,,,,,,,,,,,,,,,,,,,,,,,,,,,,,,,,,,,,,,
3837,2160,120,Central Slopes,100,3.52,4.59,4.28,11.46,15.64,6.23,7.59,6.8,10.8,2.57,10.8,0.58,2.18,0.58,0,9.11,0.93,2.34,,,,,,,,,,,,,,,,,,,,,,,,,,,,,,,,,,,,,,
3838,2160,120,Central Slopes,100,6.36,14.9,13.72,12.06,9.01,5.86,2.41,1.33,1.38,0.01,0.04,2.63,6.46,6.36,7.2,2.08,4.09,4.1,,,,,,,,,,,,,,,,,,,,,,,,,,,,,,,,,,,,,,
3839,2160,120,Central Slopes,100,8.04,0.21,2.23,1.25,0.46,0.9,1.48,1.29,0.77,15.99,0.23,29.36,3.45,0,0.12,11.82,9.4,13,,,,,,,,,,,,,,,,,,,,,,,,,,,,,,,,,,,,,,
3840,2160,120,Central Slopes,100,0.64,0.91,3.1,17.36,12.68,4.85,4.81,2.69,0.79,1.09,2.74,9.12,5.71,8,10.36,2.04,11.76,1.35,,,,,,,,,,,,,,,,,,,,,,,,,,,,,,,,,,,,,,
3841,2160,120,Central Slopes,100,4.98,7.3,6.86,5.87,5.42,4.73,3.94,3.56,8.59,7.73,4.9,4.12,5.2,4.41,5.32,5.46,5.45,6.16,,,,,,,,,,,,,,,,,,,,,,,,,,,,,,,,,,,,,,
3842,2160,120,Central Slopes,100,0.35,1.72,4.47,5.62,4,4.33,5.49,6.11,6.88,8.76,14.04,10.88,12.65,9.5,0.03,1.66,3.24,0.27,,,,,,,,,,,,,,,,,,,,,,,,,,,,,,,,,,,,,,
3843,2160,120,Central Slopes,100,6.22,2.41,4.04,8.09,5.22,11.04,13.34,7.4,5.69,6.47,6.59,1.96,6.25,6.29,2.54,1.98,1.97,2.5,,,,,,,,,,,,,,,,,,,,,,,,,,,,,,,,,,,,,,
3844,2160,120,Central Slopes,100,0.95,1.13,0.92,0.08,0.24,4.34,3.26,5.8,4.48,10.91,14.75,12.77,10.74,6.72,6.65,7.49,6.23,2.54,,,,,,,,,,,,,,,,,,,,,,,,,,,,,,,,,,,,,,
3845,2160,120,Central Slopes,200,3.47,4.63,4.3,11.18,15.66,6.42,7.59,7.04,10.82,2.57,9.77,0.8,2.27,0.68,0.01,9.27,1.03,2.49,,,,,,,,,,,,,,,,,,,,,,,,,,,,,,,,,,,,,,
3846,2160,120,Central Slopes,200,13.41,19.07,0.48,0.3,0.18,1.12,0.16,0.41,0,0.34,4.7,27.08,5.24,3.05,0.78,9.78,7.99,5.91,,,,,,,,,,,,,,,,,,,,,,,,,,,,,,,,,,,,,,
3847,2160,120,Central Slopes,200,4.93,7.15,6.79,5.99,5.74,4.66,4.04,3.67,8.22,7.48,5.08,4.32,5.24,4.38,5.31,5.56,5.44,6,,,,,,,,,,,,,,,,,,,,,,,,,,,,,,,,,,,,,,
3848,2160,120,Central Slopes,200,0.42,1.55,5.12,5.74,4.47,4.22,5.8,6.35,6.74,9.13,14.36,9.95,13.36,8.9,0.08,1.38,2.25,0.18,,,,,,,,,,,,,,,,,,,,,,,,,,,,,,,,,,,,,,
3849,2160,120,Central Slopes,200,6.56,2.32,3.61,7.38,4.68,9.92,13.81,7.67,6.44,6.65,6.36,2.36,6.06,6.21,2.54,2.4,2.11,2.92,,,,,,,,,,,,,,,,,,,,,,,,,,,,,,,,,,,,,,
3850,2160,120,Central Slopes,200,1.01,1.21,1.03,0.08,0.25,4.35,3.37,5.83,4.48,10.82,14.62,12.41,11.03,6.8,6.36,7.39,6.39,2.57,,,,,,,,,,,,,,,,,,,,,,,,,,,,,,,,,,,,,,
3851,2160,120,Central Slopes,200,0.34,0.59,0.57,1.72,0.93,5.85,5.23,4.27,5.79,10.56,8.41,6.04,6,7.37,7.77,14.45,11.57,2.54,,,,,,,,,,,,,,,,,,,,,,,,,,,,,,,,,,,,,,
3852,2160,120,Central Slopes,200,0.37,0.39,1.43,6.75,10.91,7.37,8.22,9.98,7.74,3.38,1.85,2.46,3.19,4.85,5.95,7.49,12.98,4.69,,,,,,,,,,,,,,,,,,,,,,,,,,,,,,,,,,,,,,
3853,2160,120,Central Slopes,200,4.36,2.88,13.07,4.68,0.72,9.76,0.5,6.79,11.42,10.18,7.79,7.29,5.74,4.14,5.5,3.31,1.23,0.64,,,,,,,,,,,,,,,,,,,,,,,,,,,,,,,,,,,,,,
3854,2160,120,Central Slopes,200,3.38,4.12,9.94,9.84,6.52,8.24,12.69,10.66,12.06,6.43,0.5,0.03,0.38,7.27,4.17,1.14,0.71,1.92,,,,,,,,,,,,,,,,,,,,,,,,,,,,,,,,,,,,,,
3855,2160,120,Central Slopes,500,1.28,1.11,0.45,2.77,1.15,4.2,0.93,6.7,11.57,5,0,0.25,0.11,2,0.45,30.25,23.41,8.37,,,,,,,,,,,,,,,,,,,,,,,,,,,,,,,,,,,,,,
3856,2160,120,Central Slopes,500,11.95,10.48,7.11,6.45,7.94,6.07,3.97,0.59,0.05,0.06,0.42,0.1,1.82,7.5,8.39,4.23,5.14,17.73,,,,,,,,,,,,,,,,,,,,,,,,,,,,,,,,,,,,,,
3857,2160,120,Central Slopes,500,2.16,9.54,1.57,9.32,4.49,5.49,8.67,7.89,1.4,0.33,0.34,2.18,3.24,12.13,5.35,6.11,10.51,9.28,,,,,,,,,,,,,,,,,,,,,,,,,,,,,,,,,,,,,,
3858,2160,120,Central Slopes,500,1.82,0.84,2.03,4.3,5.67,8.05,9.33,7.94,5.93,6.06,5.58,5.83,8.03,8.34,12.13,3.26,0.09,4.77,,,,,,,,,,,,,,,,,,,,,,,,,,,,,,,,,,,,,,
3859,2160,120,Central Slopes,500,5.27,6.72,6.82,6.66,5.96,4.32,4.38,4.57,8.04,7.09,4.56,4.12,5.12,4.64,4.98,5.52,5.33,5.9,,,,,,,,,,,,,,,,,,,,,,,,,,,,,,,,,,,,,,
3860,2160,120,Central Slopes,500,7.04,2.63,3.23,6.04,4.56,10.96,13.97,6.76,6.25,6.57,5.13,2.35,5.84,6.01,3.16,3.39,2.33,3.78,,,,,,,,,,,,,,,,,,,,,,,,,,,,,,,,,,,,,,
3861,2160,120,Central Slopes,500,4.97,5.56,5.33,4.7,4.68,4.92,6.02,3.92,2.41,1.25,1.99,3.93,8.55,9.44,11.53,10.17,5.25,5.38,,,,,,,,,,,,,,,,,,,,,,,,,,,,,,,,,,,,,,
3862,2160,120,Central Slopes,500,0.74,1.84,5.17,5.82,4.5,4.34,6.59,6.3,7.1,10.01,14.25,9.85,12.65,7.73,0.07,1.1,1.78,0.16,,,,,,,,,,,,,,,,,,,,,,,,,,,,,,,,,,,,,,
3863,2160,120,Central Slopes,500,1.73,1.41,4.03,6.25,6.54,9.41,10.42,11.41,10.93,9.97,13.79,5.2,5.62,1.15,0.22,0.55,0.71,0.66,,,,,,,,,,,,,,,,,,,,,,,,,,,,,,,,,,,,,,
3864,2160,120,Central Slopes,500,1.01,1.71,0.68,0.1,1.72,3.74,4,6.27,5.32,11.34,13.64,12.35,11.83,5.1,6.82,7.75,5.57,1.05,,,,,,,,,,,,,,,,,,,,,,,,,,,,,,,,,,,,,,
3865,2160,120,Central Slopes,1000,8.31,5.75,5.78,15.16,5.42,11.56,2.68,0.92,0.57,0.82,0.54,1.97,3.74,7.49,7.86,9.29,5.34,6.8,,,,,,,,,,,,,,,,,,,,,,,,,,,,,,,,,,,,,,
3866,2160,120,Central Slopes,1000,2.14,5.44,3.53,7.56,14.88,11.89,7.36,11.76,13.26,4.42,1.64,2.87,2.7,0.52,0.07,7.94,1.75,0.27,,,,,,,,,,,,,,,,,,,,,,,,,,,,,,,,,,,,,,
3867,2160,120,Central Slopes,1000,17.73,20.49,0.68,0.43,0.37,2.14,0.22,0.49,0,0.17,4.45,23.5,5.22,3.7,0.98,8.2,6.51,4.72,,,,,,,,,,,,,,,,,,,,,,,,,,,,,,,,,,,,,,
3868,2160,120,Central Slopes,1000,15.64,13.39,1.1,1.61,12.91,0.9,0.11,2.38,5.36,11.88,4.56,0.64,18.39,9.09,1.98,0,0,0.06,,,,,,,,,,,,,,,,,,,,,,,,,,,,,,,,,,,,,,
3869,2160,120,Central Slopes,1000,5.56,8.45,6.47,2.27,0.69,0.32,1.72,2.75,1.87,9.46,10.35,3.14,5.07,7.35,8.35,2.48,9.17,14.53,,,,,,,,,,,,,,,,,,,,,,,,,,,,,,,,,,,,,,
3870,2160,120,Central Slopes,1000,4.39,10.15,0.8,0.03,0,3.41,13.49,12.68,6.55,8.16,7.07,19.74,0.51,0.2,1.72,5.69,1.74,3.67,,,,,,,,,,,,,,,,,,,,,,,,,,,,,,,,,,,,,,
3871,2160,120,Central Slopes,1000,6.75,6.84,3.82,5.84,6.83,8.54,6,3.77,5.2,5.28,3.8,6.06,5.24,6.17,4.95,3.73,5.11,6.07,,,,,,,,,,,,,,,,,,,,,,,,,,,,,,,,,,,,,,
3872,2160,120,Central Slopes,1000,5.12,6.1,4.87,4.17,1.9,0.96,3.59,5.49,9.11,9.47,10.96,9.57,6.36,6.77,5.59,3.63,3.78,2.56,,,,,,,,,,,,,,,,,,,,,,,,,,,,,,,,,,,,,,
3873,2160,120,Central Slopes,1000,0.16,0.27,0.48,1.89,3.73,6.96,9.49,9.52,4.98,8.66,9.49,6.35,7.85,8.95,6.22,6.62,4.1,4.28,,,,,,,,,,,,,,,,,,,,,,,,,,,,,,,,,,,,,,
3874,2160,120,Central Slopes,1000,12.34,13.32,15.83,7.63,11.14,2.82,17.76,3.83,0,0,0,0,15.33,0,0,0,0,0,,,,,,,,,,,,,,,,,,,,,,,,,,,,,,,,,,,,,,
3875,2160,120,Central Slopes,2500,2.71,2.61,2.27,4.03,4.32,4.72,0.54,2.22,5.16,4.23,7.63,9.04,1.54,1.52,7.42,10.94,11.52,17.58,,,,,,,,,,,,,,,,,,,,,,,,,,,,,,,,,,,,,,
3876,2160,120,Central Slopes,2500,2.47,2.83,0.14,0.35,13.9,43.25,2.42,0.19,0.1,0.01,0.53,0.3,0.25,7.86,2.78,2.89,11.41,8.32,,,,,,,,,,,,,,,,,,,,,,,,,,,,,,,,,,,,,,
3877,2160,120,Central Slopes,2500,5.5,8.66,6.9,9.28,5.18,2.63,10.7,4.94,4.2,6.65,4.16,6.58,9.08,14.64,0.88,0,0.02,0,,,,,,,,,,,,,,,,,,,,,,,,,,,,,,,,,,,,,,
3878,2160,120,Central Slopes,2500,1.98,0.89,2.49,4.06,2.78,4.39,3.36,0.82,0.33,1.8,1.92,6.26,20.15,9.11,19.85,9.94,4.15,5.72,,,,,,,,,,,,,,,,,,,,,,,,,,,,,,,,,,,,,,
3879,2160,120,Central Slopes,2500,0.47,0,2.77,19.02,14.68,8.67,3.81,0.42,0.13,0.49,0.98,5.46,1.72,0.29,35.61,2.62,2.12,0.74,,,,,,,,,,,,,,,,,,,,,,,,,,,,,,,,,,,,,,
3880,2160,120,Central Slopes,2500,22.02,1.2,2.29,2.14,3.8,0.78,0.55,1.64,1,0.12,0.11,4.66,12.88,0.47,0.83,16.83,15.01,13.67,,,,,,,,,,,,,,,,,,,,,,,,,,,,,,,,,,,,,,
3881,2160,120,Central Slopes,2500,8.01,6.09,6.16,14.51,5.21,11.14,2.59,0.88,0.53,0.78,0.6,1.99,3.74,7.66,8.2,9.3,5.57,7.04,,,,,,,,,,,,,,,,,,,,,,,,,,,,,,,,,,,,,,
3882,2160,120,Central Slopes,2500,2.11,5.28,3.97,7.05,14.15,12.28,8.06,11.28,12.34,5.66,2.51,3.29,2.32,0.46,0.06,7.27,1.51,0.4,,,,,,,,,,,,,,,,,,,,,,,,,,,,,,,,,,,,,,
3883,2160,120,Central Slopes,2500,0.01,0,0.18,0.96,6.1,8.09,8.16,9.76,8.13,3.54,6.03,8.08,2.96,3.07,1.51,3.33,7.41,22.68,,,,,,,,,,,,,,,,,,,,,,,,,,,,,,,,,,,,,,
3884,2160,120,Central Slopes,2500,6.44,7.96,14.85,14.75,11.11,7.8,6.8,6.17,2.76,2.43,1.11,0.63,0.5,0.96,1.13,0.28,2.01,12.31,,,,,,,,,,,,,,,,,,,,,,,,,,,,,,,,,,,,,,
3885,2160,120,Central Slopes,5000,3.72,4.92,19.31,5.54,9.94,8.94,2.09,3.72,6.1,0.9,0.36,0.59,0,1.86,5.94,8.44,12.99,4.64,,,,,,,,,,,,,,,,,,,,,,,,,,,,,,,,,,,,,,
3886,2160,120,Central Slopes,5000,6.21,4.47,6.62,5.24,5.38,6.89,5.42,5.6,6.6,0.91,1.93,2.24,3.02,7.83,13.27,8.55,4.99,4.83,,,,,,,,,,,,,,,,,,,,,,,,,,,,,,,,,,,,,,
3887,2160,120,Central Slopes,5000,2.39,9.96,12.29,9.37,22.77,17.59,2.15,0.06,0.43,3.31,7.51,3.4,0.16,2.53,0.23,0.03,4.32,1.5,,,,,,,,,,,,,,,,,,,,,,,,,,,,,,,,,,,,,,
3888,2160,120,Central Slopes,5000,0.09,3.67,7.1,8.17,8.15,7.48,2.64,7.29,8.3,3.91,4.85,5.25,6.75,3.69,17.41,5.01,0.23,0.01,,,,,,,,,,,,,,,,,,,,,,,,,,,,,,,,,,,,,,
3889,2160,120,Central Slopes,5000,1.56,0.88,2.05,1.48,3.72,2.51,5.22,7.58,0.92,0.9,0.88,7.96,14.76,8.61,8.91,17.85,9.02,5.19,,,,,,,,,,,,,,,,,,,,,,,,,,,,,,,,,,,,,,
3890,2160,120,Central Slopes,5000,10.21,13.4,8.83,5,1.63,0.34,0.15,0.35,6.33,3.49,0.51,1.31,30.09,8.57,8.17,1.19,0.43,0,,,,,,,,,,,,,,,,,,,,,,,,,,,,,,,,,,,,,,
3891,2160,120,Central Slopes,5000,7.68,6.9,6.84,13.05,5.07,10.21,2.46,0.81,0.48,0.77,0.72,2.1,3.81,7.86,8.71,9.09,6.02,7.42,,,,,,,,,,,,,,,,,,,,,,,,,,,,,,,,,,,,,,
3892,2160,120,Central Slopes,5000,17.29,0.79,2.44,2.29,2.82,0.4,0.56,1.49,3.77,0.15,0.4,6.59,7.87,1.16,3.15,28.81,12.44,7.58,,,,,,,,,,,,,,,,,,,,,,,,,,,,,,,,,,,,,,
3893,2160,120,Central Slopes,5000,2.58,5.25,4.66,8.41,14.92,10.79,7.84,10.5,12.12,4.21,3.15,2.51,2.18,0.48,0.04,8.06,1.3,1,,,,,,,,,,,,,,,,,,,,,,,,,,,,,,,,,,,,,,
3894,2160,120,Central Slopes,5000,3.4,6.89,7.14,8.74,7.35,3.59,4.55,7.61,2.6,3.34,1.45,2.9,4.92,17.8,7.74,0.41,8.75,0.82,,,,,,,,,,,,,,,,,,,,,,,,,,,,,,,,,,,,,,
3895,2160,120,Central Slopes,10000,0.91,3.65,5.94,3.88,4.52,6.86,7.43,6.83,4.56,5.58,9.53,10.03,8.5,11.66,6.46,2.13,0.85,0.68,,,,,,,,,,,,,,,,,,,,,,,,,,,,,,,,,,,,,,
3896,2160,120,Central Slopes,10000,3.32,3.95,3.58,4.29,2.18,4.99,1.96,3.58,2.4,3.38,9.68,10.54,10.67,10.04,10.66,7.05,5.55,2.18,,,,,,,,,,,,,,,,,,,,,,,,,,,,,,,,,,,,,,
3897,2160,120,Central Slopes,10000,1.95,2.59,4.1,4.1,7.32,9.03,5.55,5.32,6.76,6.63,7.55,8.61,9.69,7.64,3.25,3.29,4.09,2.53,,,,,,,,,,,,,,,,,,,,,,,,,,,,,,,,,,,,,,
3898,2160,120,Central Slopes,10000,1.16,7.35,4.26,3.72,12,4.69,2.59,1.62,1.21,1.08,2.7,7.88,12.12,18.5,9.14,3.43,4.47,2.08,,,,,,,,,,,,,,,,,,,,,,,,,,,,,,,,,,,,,,
3899,2160,120,Central Slopes,10000,4.21,5.13,4.87,6,6.32,4.72,4.76,6.78,1.68,2.84,2.86,2.72,6.77,13,10.01,6.35,6.69,4.29,,,,,,,,,,,,,,,,,,,,,,,,,,,,,,,,,,,,,,
3900,2160,120,Central Slopes,10000,4.38,6.3,18.89,4.99,8.27,7.34,1.67,3.87,4.81,0.71,0.43,0.47,0,1.93,7.12,7.82,15.52,5.48,,,,,,,,,,,,,,,,,,,,,,,,,,,,,,,,,,,,,,
3901,2160,120,Central Slopes,10000,8.12,11.28,7.72,12.11,10.63,0.18,0.5,0.66,0.8,2.22,8.84,3.37,6.3,6.27,6.43,3.23,6.69,4.65,,,,,,,,,,,,,,,,,,,,,,,,,,,,,,,,,,,,,,
3902,2160,120,Central Slopes,10000,7.77,2.75,2.93,2.18,3.54,3.88,4.33,5.3,4.66,6.42,9.66,9.73,7.83,6.29,11.15,4.41,4.78,2.39,,,,,,,,,,,,,,,,,,,,,,,,,,,,,,,,,,,,,,
3903,2160,120,Central Slopes,10000,1.21,1.55,3.58,2.31,3.88,7.6,4.33,5.04,7,12.27,12.11,4.49,2.12,5.28,4.04,4.23,16.08,2.88,,,,,,,,,,,,,,,,,,,,,,,,,,,,,,,,,,,,,,
3904,2160,120,Central Slopes,10000,2.28,1.85,0.14,0.24,12.39,35.85,2.45,0.3,0.12,0.07,1.09,0.28,0.44,6.03,3.55,4.15,12.63,16.14,,,,,,,,,,,,,,,,,,,,,,,,,,,,,,,,,,,,,,
3905,2160,120,Central Slopes,20000,2.85,3.98,4.11,6.44,7.17,7.35,8.03,5.73,5.92,6.48,6.88,8.24,6.8,6.45,5.22,2.92,2.52,2.91,,,,,,,,,,,,,,,,,,,,,,,,,,,,,,,,,,,,,,
3906,2160,120,Central Slopes,20000,0.93,3.14,2.95,2.58,4.32,7.03,6.37,5.48,6.03,8.26,10.25,12.3,11,11.45,5.32,1.74,0.51,0.34,,,,,,,,,,,,,,,,,,,,,,,,,,,,,,,,,,,,,,
3907,2160,120,Central Slopes,20000,0.89,2.12,2.11,6.78,6.17,5.2,6.39,7.98,6.19,6.55,8.04,9.5,8.89,11.13,3.38,3.62,2.64,2.42,,,,,,,,,,,,,,,,,,,,,,,,,,,,,,,,,,,,,,
3908,2160,120,Central Slopes,20000,5.71,6.73,8.14,6.63,7.38,4.06,4.07,2.36,1.96,2.86,3.2,3.58,3.1,3.37,5.28,8.07,12.13,11.37,,,,,,,,,,,,,,,,,,,,,,,,,,,,,,,,,,,,,,
3909,2160,120,Central Slopes,20000,4.94,6.38,5.74,6.51,5.97,5.46,5.8,5.47,6.41,8,2.06,2.21,3.59,4.68,4.53,9.3,8,4.95,,,,,,,,,,,,,,,,,,,,,,,,,,,,,,,,,,,,,,
3910,2160,120,Central Slopes,20000,14.64,13.87,9.37,2.41,0.92,1.58,7.27,0.02,0,13.92,2,3.42,7.17,4.77,0.64,1.63,6.95,9.42,,,,,,,,,,,,,,,,,,,,,,,,,,,,,,,,,,,,,,
3911,2160,120,Central Slopes,20000,1.12,5.57,2.88,4.21,5.73,10.42,4.15,1.13,2.38,0.61,1.6,6.06,8.12,17.97,15.47,4.1,4.58,3.9,,,,,,,,,,,,,,,,,,,,,,,,,,,,,,,,,,,,,,
3912,2160,120,Central Slopes,20000,4.28,3.62,2.82,3.14,3.04,5.43,4.59,6.87,6.29,6.54,7.97,8.9,7.36,7.39,10.22,4.02,4.54,2.98,,,,,,,,,,,,,,,,,,,,,,,,,,,,,,,,,,,,,,
3913,2160,120,Central Slopes,20000,4.39,6.68,3.9,3.6,5.8,3.75,3.33,3.14,5.7,7.54,11.03,11.1,4.51,3.78,4.24,5.3,7.15,5.06,,,,,,,,,,,,,,,,,,,,,,,,,,,,,,,,,,,,,,
3914,2160,120,Central Slopes,20000,3.99,3.05,4.3,5.74,3.73,3.81,4.83,6.24,6.31,7.26,8.43,7.31,7.03,6.67,6.61,7.02,5.46,2.21,,,,,,,,,,,,,,,,,,,,,,,,,,,,,,,,,,,,,,
3915,2160,120,Central Slopes,40000,2.54,3.85,4.32,5.59,6.24,6.71,6.83,5,5.29,6.14,7.52,8.13,7.54,8.45,6.18,3.33,3.08,3.26,,,,,,,,,,,,,,,,,,,,,,,,,,,,,,,,,,,,,,
3916,2160,120,Central Slopes,40000,0.9,3.2,3.13,2.72,4.05,8.04,6.49,5.37,6.43,7.87,9.67,12.44,10.25,10.61,5.89,1.69,0.83,0.42,,,,,,,,,,,,,,,,,,,,,,,,,,,,,,,,,,,,,,
3917,2160,120,Central Slopes,40000,4.05,2.51,4.62,4.47,3.73,4.61,4.35,5.74,5.06,5.14,4.49,4.06,5.26,8.7,10.71,9.19,7.2,6.11,,,,,,,,,,,,,,,,,,,,,,,,,,,,,,,,,,,,,,
3918,2160,120,Central Slopes,40000,4.65,5.97,3.79,3.47,5.08,4.17,3.96,3.49,6.25,7.64,10.44,10.54,5.02,4.26,3.88,5.07,7.15,5.17,,,,,,,,,,,,,,,,,,,,,,,,,,,,,,,,,,,,,,
3919,2160,120,Central Slopes,40000,1.01,1.89,1.95,1.69,3.99,5.9,4.86,7.52,5.45,10.16,5.76,3.53,5.95,5.01,7.13,8.58,17.73,1.89,,,,,,,,,,,,,,,,,,,,,,,,,,,,,,,,,,,,,,
3920,2160,120,Central Slopes,40000,3.32,5.98,13.49,4.3,6.76,6.03,1.36,4.32,4.02,0.78,0.78,0.4,0.05,1.36,13.54,14.9,13.42,5.19,,,,,,,,,,,,,,,,,,,,,,,,,,,,,,,,,,,,,,
3921,2160,120,Central Slopes,40000,1.83,4.65,2.37,3.72,5.55,11.02,4.26,1.38,2.06,0.55,1.69,5.67,9.84,18.81,14.5,3.8,4.68,3.62,,,,,,,,,,,,,,,,,,,,,,,,,,,,,,,,,,,,,,
3922,2160,120,Central Slopes,40000,3.38,3.09,3.67,7.3,8.51,12.95,11.83,6.61,5.62,6.86,3.02,5.24,4.66,3.25,4.41,3.14,4.16,2.3,,,,,,,,,,,,,,,,,,,,,,,,,,,,,,,,,,,,,,
3923,2160,120,Central Slopes,40000,11.85,11.51,9.74,2.97,1.09,1.25,6.3,0.04,0.05,11.93,2.92,5.76,8.74,6.05,1.47,1.7,7.61,9.02,,,,,,,,,,,,,,,,,,,,,,,,,,,,,,,,,,,,,,
3924,2160,120,Central Slopes,40000,2.04,2.78,3.58,3.96,3.85,5.13,5.33,4.35,7.17,7.06,9.49,9.22,9.61,5.02,5.91,7.19,5.56,2.75,,,,,,,,,,,,,,,,,,,,,,,,,,,,,,,,,,,,,,
3925,2880,120,Central Slopes,100,12.6,1.99,0.87,0.51,0.43,0.09,0,1.01,0.55,0.21,0.99,0.5,0.75,4.23,1.52,5.72,1.59,24.57,4.61,5.95,9.47,13.57,3.7,4.57,,,,,,,,,,,,,,,,,,,,,,,,,,,,,,,,
3926,2880,120,Central Slopes,100,5.55,5.28,5.43,7.55,4.26,2.15,2,2.29,1.67,2.66,3.1,5.92,10.59,4.03,8.03,8.66,1.3,1.5,2.25,1.57,1.65,4.09,5.72,2.75,,,,,,,,,,,,,,,,,,,,,,,,,,,,,,,,
3927,2880,120,Central Slopes,100,6.92,4.89,0.61,0,1.05,8.64,11.55,12.86,8.73,6.76,4.67,1.49,1.19,0.97,0,0.07,3.77,5.25,5.48,5.73,0.79,4.96,2.21,1.41,,,,,,,,,,,,,,,,,,,,,,,,,,,,,,,,
3928,2880,120,Central Slopes,100,1.43,8.5,0.17,2.67,0.91,0.68,1.21,0.23,2.33,0.81,10.75,6.25,21.6,5.91,0,0,7.81,8.53,13.76,2.7,0.01,0,0.13,3.61,,,,,,,,,,,,,,,,,,,,,,,,,,,,,,,,
3929,2880,120,Central Slopes,100,2.82,2.67,0.3,0.16,0.01,0.9,0.58,0.86,2.88,16.16,11.82,4.54,4.48,2.51,0.73,1.02,2.54,8.49,5.32,7.45,9.66,1.9,10.95,1.25,,,,,,,,,,,,,,,,,,,,,,,,,,,,,,,,
3930,2880,120,Central Slopes,100,2.48,2.52,4.12,5.9,5.45,5.02,4.23,3.69,3.03,3.09,6.99,6.09,3.43,3.08,4.02,3.79,4.24,4.37,4.46,5.16,2.51,4.08,4.61,3.64,,,,,,,,,,,,,,,,,,,,,,,,,,,,,,,,
3931,2880,120,Central Slopes,100,5.32,2.26,2,8.01,4.24,6.76,13.53,8.09,6.25,6.99,6.69,1.57,5.16,6.66,2.68,1.61,2.08,1.96,2.18,2.16,0.63,1.46,0.93,0.78,,,,,,,,,,,,,,,,,,,,,,,,,,,,,,,,
3932,2880,120,Central Slopes,100,1.75,1.78,5.21,3.59,7.13,16.41,21.61,11.36,8.41,3.19,4.16,1.77,0.64,0.68,0.22,0.3,0.56,0.57,1.04,0.31,0.52,1.71,3.43,3.65,,,,,,,,,,,,,,,,,,,,,,,,,,,,,,,,
3933,2880,120,Central Slopes,100,0.6,0.84,0.6,1.14,3.88,5.03,4.39,4.75,8.19,9.12,7.33,5.98,3.95,8.48,11.19,14.13,6.36,0.58,0.03,0,0.65,1.24,0.72,0.82,,,,,,,,,,,,,,,,,,,,,,,,,,,,,,,,
3934,2880,120,Central Slopes,100,0,0.7,0,0,0,0,2.3,5.1,4.06,5.96,5.73,1.97,2.74,5.28,3.65,4.54,1.93,1.96,7.72,21.64,12.5,0.38,10.34,1.5,,,,,,,,,,,,,,,,,,,,,,,,,,,,,,,,
3935,2880,120,Central Slopes,200,0,7.45,19.47,4.25,0.14,0.3,0.12,1.04,0.07,0.35,0.3,0.15,23.59,7.45,4.13,1.56,3.65,7.93,8.02,4.91,3.05,1.53,0.17,0.37,,,,,,,,,,,,,,,,,,,,,,,,,,,,,,,,
3936,2880,120,Central Slopes,200,2.41,2.33,4.07,5.76,5.5,5.05,4.61,3.66,3.24,3.2,6.66,5.97,3.89,3.4,4.19,3.7,4.26,4.51,4.44,4.95,2.41,4.08,4.02,3.69,,,,,,,,,,,,,,,,,,,,,,,,,,,,,,,,
3937,2880,120,Central Slopes,200,5.43,2.36,1.87,7.49,4.02,6.83,13.65,7.68,5.99,6.66,6.49,1.5,4.96,6.5,2.87,1.92,2.14,2.05,2.35,2.37,0.94,1.82,1.09,1.02,,,,,,,,,,,,,,,,,,,,,,,,,,,,,,,,
3938,2880,120,Central Slopes,200,0.86,0.52,1.44,3.22,5.36,6.94,7.57,6.76,5.85,5.27,5.5,5.48,9.83,10.92,12.63,3.03,0.22,4.98,0.01,0.08,0.01,0.21,0.04,3.27,,,,,,,,,,,,,,,,,,,,,,,,,,,,,,,,
3939,2880,120,Central Slopes,200,0.54,0.83,0.6,1.1,3.89,5.04,4.42,4.78,8.23,9.14,7.36,5.99,3.98,8.41,11.13,14.07,6.38,0.62,0.04,0,0.66,1.24,0.73,0.82,,,,,,,,,,,,,,,,,,,,,,,,,,,,,,,,
3940,2880,120,Central Slopes,200,11.44,0,1.72,0.01,0,0,0,0.05,5.16,3.42,10.47,2.97,2.66,6.91,0.22,7.92,9.95,8.97,6.11,7.11,4.03,4.05,4.57,2.26,,,,,,,,,,,,,,,,,,,,,,,,,,,,,,,,
3941,2880,120,Central Slopes,200,2.58,3.52,7.99,9.77,7.02,6.85,12.05,8.27,13.18,7.91,0.49,0.05,0.11,6.71,4.25,0.68,1.09,1.27,1.8,0.75,0.89,1.36,0.5,0.91,,,,,,,,,,,,,,,,,,,,,,,,,,,,,,,,
3942,2880,120,Central Slopes,200,3.97,6.54,9.83,9.7,6.97,5.72,3.57,2.04,1.88,1.32,1.3,1.34,1.15,1.04,1.35,1.11,4,3.68,2.24,9.47,8.58,3.27,5.29,4.64,,,,,,,,,,,,,,,,,,,,,,,,,,,,,,,,
3943,2880,120,Central Slopes,200,4.53,2.09,1.2,0.68,0.28,0,0.4,5.22,7.37,13.41,1.17,4.48,0.13,0.6,0.67,2.75,8.63,10.07,8.04,6.7,5.8,3.39,5.74,6.65,,,,,,,,,,,,,,,,,,,,,,,,,,,,,,,,
3944,2880,120,Central Slopes,200,0.12,0.28,1.7,1.58,2.43,3.44,7.24,11.84,9.74,5.1,6.59,9.86,8.52,7.84,4.65,1.31,1.44,2.08,5.97,2.85,2.18,2.06,1.12,0.06,,,,,,,,,,,,,,,,,,,,,,,,,,,,,,,,
3945,2880,120,Central Slopes,500,0.88,6.97,1.84,2.19,4.3,16.7,2.16,1.01,0.76,1.7,1.49,3.09,4.67,5.33,3.02,3.97,3.05,7.34,7.12,1.23,2.7,8.42,4.59,5.47,,,,,,,,,,,,,,,,,,,,,,,,,,,,,,,,
3946,2880,120,Central Slopes,500,2.14,2.8,4.58,5.79,5.39,5,4.96,2.8,3.66,4.34,6.61,5.27,3.48,3.68,4.13,3.06,4.76,4.31,4.44,4.45,2.6,3.84,4.05,3.86,,,,,,,,,,,,,,,,,,,,,,,,,,,,,,,,
3947,2880,120,Central Slopes,500,0.95,0.7,0.15,0.33,0.22,0.11,0.16,0.7,1.89,0.96,2.16,4.49,6.03,7.12,9.26,7.76,5.7,6.29,5.72,5.8,8.64,9.86,12,3,,,,,,,,,,,,,,,,,,,,,,,,,,,,,,,,
3948,2880,120,Central Slopes,500,5.92,2.14,2.84,5.75,3.78,8.16,12.63,6.38,6.16,5.89,4.92,2.33,4.96,5.15,2.47,2.73,2.44,3.02,2.89,2.26,1.92,2.39,1.33,1.54,,,,,,,,,,,,,,,,,,,,,,,,,,,,,,,,
3949,2880,120,Central Slopes,500,2.69,3.88,4.69,4.41,4.36,3.18,4.28,5.2,4.26,3.42,1.5,0.56,2.47,3.92,7.58,8.21,9.61,7.72,4.35,3.94,3.42,2.54,2.36,1.45,,,,,,,,,,,,,,,,,,,,,,,,,,,,,,,,
3950,2880,120,Central Slopes,500,0.92,0.97,2.65,0.93,31.55,3.3,0.92,0.79,0.74,0.35,0.52,0.26,0.27,0.78,0.12,0.07,51.65,0.13,0.03,0.14,0.16,0.34,2.11,0.3,,,,,,,,,,,,,,,,,,,,,,,,,,,,,,,,
3951,2880,120,Central Slopes,500,2.84,1.83,2.48,22.56,3.7,3.4,0.9,1.41,2.18,2.9,1.53,0.54,1.14,0.22,0.28,32.08,1.27,1.57,1.7,1.2,1.43,4.45,4.86,3.53,,,,,,,,,,,,,,,,,,,,,,,,,,,,,,,,
3952,2880,120,Central Slopes,500,11.89,0.15,2.36,0.69,0,0,0,0,4.27,3.31,13.65,3.42,1.53,8.15,0.74,6.29,9.56,8.99,6.89,5.72,3.97,2.66,3.71,2.05,,,,,,,,,,,,,,,,,,,,,,,,,,,,,,,,
3953,2880,120,Central Slopes,500,0.76,3.52,2.15,1.15,1.01,0.12,0.17,1.51,1.28,3.09,1.8,0.93,4.33,7.39,9.37,14.89,11.68,12.91,11.26,6.34,2.87,0.79,0.56,0.12,,,,,,,,,,,,,,,,,,,,,,,,,,,,,,,,
3954,2880,120,Central Slopes,500,4.38,8.84,4.01,6.07,5.64,2.3,4.86,2.85,0.75,0,0.09,2.26,0.44,11.44,3.98,2.44,3.3,2.53,4.01,9.36,12.2,3.45,3.43,1.37,,,,,,,,,,,,,,,,,,,,,,,,,,,,,,,,
3955,2880,120,Central Slopes,1000,2.23,1.73,1.27,0.09,1.12,2.96,7.46,5.39,5.07,13.63,5.06,10.27,2.46,0.82,0.5,0.76,0.5,1.82,3.45,6.83,6.97,8.2,5.01,6.4,,,,,,,,,,,,,,,,,,,,,,,,,,,,,,,,
3956,2880,120,Central Slopes,1000,0,10.5,21.14,5.48,0.16,0.54,0.21,1.94,0.09,0.41,0.14,0.15,19.56,8.46,4.03,2.2,3.39,7.23,5.78,3.62,1.95,2.05,0.21,0.76,,,,,,,,,,,,,,,,,,,,,,,,,,,,,,,,
3957,2880,120,Central Slopes,1000,1.42,0.36,0.19,0.57,2.3,5.67,8,3.17,0.29,0.43,0.64,1.8,1.62,4.13,9.57,6.77,1.41,6.66,7.29,5.74,4.35,11.62,6.96,9.04,,,,,,,,,,,,,,,,,,,,,,,,,,,,,,,,
3958,2880,120,Central Slopes,1000,8.61,20.62,3.73,1.21,8.45,2.47,0.19,0,1.1,8.34,2.46,5.76,7.77,4.31,8.27,0.26,0,0.14,0.01,0.13,3.97,2.87,7.27,2.06,,,,,,,,,,,,,,,,,,,,,,,,,,,,,,,,
3959,2880,120,Central Slopes,1000,3.27,4.86,5.91,5.38,5.13,5.19,2.9,4.42,5.18,6.47,4.56,2.86,3.95,4,2.88,4.59,3.96,4.69,3.75,2.82,3.88,4.6,3.81,0.94,,,,,,,,,,,,,,,,,,,,,,,,,,,,,,,,
3960,2880,120,Central Slopes,1000,3.01,6.62,8.25,9.12,10.53,6.79,7.83,5.57,6.05,3.56,2.22,2.11,1.74,1.69,0.66,0.94,3.8,5.12,1.13,2.46,3.92,2.57,2.44,1.87,,,,,,,,,,,,,,,,,,,,,,,,,,,,,,,,
3961,2880,120,Central Slopes,1000,4.85,4.25,11.01,17.33,16.82,11.16,6.64,4.48,4.66,2.66,1.11,1.11,0.4,0.21,0.82,0.49,0.92,0.3,0.5,2.34,4.19,3.23,0.52,0,,,,,,,,,,,,,,,,,,,,,,,,,,,,,,,,
3962,2880,120,Central Slopes,1000,0.02,0.11,1.18,0.94,0.85,0.14,0.26,0.44,1.77,3.41,6.5,9.08,8.17,4.67,7.71,8.5,5.68,7.16,9.17,6.16,6.6,3.85,3.88,3.75,,,,,,,,,,,,,,,,,,,,,,,,,,,,,,,,
3963,2880,120,Central Slopes,1000,9.94,0.84,0.87,1.85,0,0,0,0,2.46,3.34,14.14,4.99,0.78,8.54,2.07,4.56,10.24,8.82,8.11,5.93,4.28,2.42,3.49,2.33,,,,,,,,,,,,,,,,,,,,,,,,,,,,,,,,
3964,2880,120,Central Slopes,1000,0.11,0,0.05,0.06,0.55,1.42,4.56,2.02,1.53,0.47,0.74,0.49,2.31,1.68,3.2,1.28,1.92,8.15,8.4,14.39,12.88,13.5,11.35,8.94,,,,,,,,,,,,,,,,,,,,,,,,,,,,,,,,
3965,2880,120,Central Slopes,2500,6.05,4.35,3.13,11.22,4.44,2.08,1.08,1.03,1.33,2.42,7.22,10.45,17.15,9.09,4.71,3.75,2.71,0.25,0.15,0.48,1.35,1.79,1.2,2.57,,,,,,,,,,,,,,,,,,,,,,,,,,,,,,,,
3966,2880,120,Central Slopes,2500,1.68,1.31,2.29,3.62,3.71,1.07,2.89,2.9,2.3,3.06,3.08,3.24,0.58,2.29,4.52,3.93,6.52,8.09,1.33,1.35,6.39,9.21,10.36,14.28,,,,,,,,,,,,,,,,,,,,,,,,,,,,,,,,
3967,2880,120,Central Slopes,2500,13.36,1.48,3.77,0.61,0.01,0.58,2.18,0.92,0.14,0.27,24.19,13.96,0.37,0.01,0.06,0.3,0.97,0.19,1.27,6.53,2.02,4.88,14.05,7.88,,,,,,,,,,,,,,,,,,,,,,,,,,,,,,,,
3968,2880,120,Central Slopes,2500,0.16,0.14,1.42,2.57,0.38,0.13,0.05,0.08,0.14,4.04,10.23,3.59,2.83,4.74,2.26,3.19,2.27,3.33,6.51,10.53,16.96,5.5,13.67,5.28,,,,,,,,,,,,,,,,,,,,,,,,,,,,,,,,
3969,2880,120,Central Slopes,2500,2.64,2.06,1.1,0.13,1.46,3.05,7.08,5.81,5.13,12.82,4.94,9.61,2.34,0.78,0.48,0.79,0.55,1.85,3.46,6.9,7.03,7.88,5.35,6.76,,,,,,,,,,,,,,,,,,,,,,,,,,,,,,,,
3970,2880,120,Central Slopes,2500,2.18,2.69,19.42,1.64,1.95,2.18,3.38,0.72,0.47,1.46,1.33,0.1,0.08,5.38,10.81,0.64,0.48,14.57,13.58,11.91,2.34,0.21,0.02,2.46,,,,,,,,,,,,,,,,,,,,,,,,,,,,,,,,
3971,2880,120,Central Slopes,2500,10.34,3.4,3.43,0.92,1.04,0.24,0.13,1.16,1.89,0.29,0.65,0.79,0.56,5.15,2.92,4.1,2.03,21.1,6.83,4.53,5.13,16.3,3.26,3.81,,,,,,,,,,,,,,,,,,,,,,,,,,,,,,,,
3972,2880,120,Central Slopes,2500,1.67,0.49,0.32,0.88,3.25,5.92,8.14,3.4,0.23,0.57,0.97,2.21,1.5,4.03,8.27,6.17,1.45,6.69,6.3,5.83,5,11.3,6.79,8.62,,,,,,,,,,,,,,,,,,,,,,,,,,,,,,,,
3973,2880,120,Central Slopes,2500,10.55,22.26,3.75,0.31,0.56,0.77,1.55,0.02,0.21,0.43,0.2,21.26,8,2.94,2.04,3,7.44,6.21,3.59,1.77,2.26,0.19,0.69,0,,,,,,,,,,,,,,,,,,,,,,,,,,,,,,,,
3974,2880,120,Central Slopes,2500,17.65,10.56,3.21,1.49,9.28,1.06,0.11,1.39,3.78,7.5,4.88,1.18,13.59,6.59,2.5,0.03,0.01,0.07,0.01,1.93,1.97,2.26,6.93,2.02,,,,,,,,,,,,,,,,,,,,,,,,,,,,,,,,
3975,2880,120,Central Slopes,5000,1.6,2.25,1.54,2.63,5.14,5.31,4.1,6.22,4.79,4.55,5.93,4.72,5.14,5.23,0.69,1.49,1.59,2.35,6.63,10.94,6.66,4.4,4.27,1.83,,,,,,,,,,,,,,,,,,,,,,,,,,,,,,,,
3976,2880,120,Central Slopes,5000,0.49,3.55,5.13,18.78,5.21,9.14,8.41,1.94,3.43,5.75,0.88,0.46,0.56,0,1.97,5.26,7.82,12.21,4.46,0.02,0.22,1.85,2.19,0.27,,,,,,,,,,,,,,,,,,,,,,,,,,,,,,,,
3977,2880,120,Central Slopes,5000,9.36,18.37,29.1,4.41,1.75,0.08,0,0.14,1.21,3.3,5.23,0.62,0,0,0,0,0.06,0,0,0.02,0.67,8.73,16.24,0.71,,,,,,,,,,,,,,,,,,,,,,,,,,,,,,,,
3978,2880,120,Central Slopes,5000,4.98,9.36,10.91,7.58,4.52,4.31,3.16,2.34,0.76,0.48,0.29,0.27,0.27,0.95,3.32,6.18,3.69,2.12,9,7.13,11.26,4.02,1.52,1.58,,,,,,,,,,,,,,,,,,,,,,,,,,,,,,,,
3979,2880,120,Central Slopes,5000,6.79,3.11,7.83,5.05,7.86,3.75,0.11,2.84,5.14,1.22,0.4,0.93,1.13,2.78,1.09,2.82,7.43,2.33,6.37,1.36,1.41,6.77,18.81,2.67,,,,,,,,,,,,,,,,,,,,,,,,,,,,,,,,
3980,2880,120,Central Slopes,5000,4.35,2.99,0.93,0.21,2.37,3.22,6.23,6.67,4.59,11.29,4.83,8.29,2.13,0.75,0.49,0.86,0.56,1.81,3.45,6.71,6.57,7,6.02,7.68,,,,,,,,,,,,,,,,,,,,,,,,,,,,,,,,
3981,2880,120,Central Slopes,5000,2.07,3.95,17.71,1.93,2.47,2.21,3.08,0.6,0.46,1.45,2.39,0.14,0.17,6.13,9.27,0.84,0.64,16.23,13.15,9.87,2.55,0.24,0.02,2.43,,,,,,,,,,,,,,,,,,,,,,,,,,,,,,,,
3982,2880,120,Central Slopes,5000,8.21,3.4,2.77,0.96,1.15,0.23,0.33,1.79,1.53,0.27,0.38,0.71,1.08,5.56,4.11,3.32,2.44,21.55,6.96,3.2,4.59,17.89,3.2,4.37,,,,,,,,,,,,,,,,,,,,,,,,,,,,,,,,
3983,2880,120,Central Slopes,5000,4.9,10.68,10.09,6.83,9.06,4.17,3.54,4.15,1.7,1.94,2.32,2.99,8.38,5.47,5.44,7,1.91,3.73,3.46,1.12,0.6,0.02,0.35,0.15,,,,,,,,,,,,,,,,,,,,,,,,,,,,,,,,
3984,2880,120,Central Slopes,5000,1.41,2.67,1.76,1.72,2.07,1.66,4.57,6.55,7.2,5.54,6.61,3.83,2.94,4.25,4.1,13.27,9.51,11.5,2.87,1.73,0.88,0.26,1.81,1.29,,,,,,,,,,,,,,,,,,,,,,,,,,,,,,,,
3985,2880,120,Central Slopes,10000,8.75,9.58,2.31,9.51,9.7,10.15,8.65,10.63,7.39,2.13,1.5,1.34,1.95,0.48,0.59,0.39,0.3,1.94,0.78,0.84,3.01,5.16,1.97,0.95,,,,,,,,,,,,,,,,,,,,,,,,,,,,,,,,
3986,2880,120,Central Slopes,10000,1.73,2.27,3.6,3.6,6.42,7.91,4.86,4.66,5.91,5.81,6.62,7.54,8.51,6.7,2.84,2.87,3.57,2.22,1.51,1.78,2.46,2.23,2.7,1.68,,,,,,,,,,,,,,,,,,,,,,,,,,,,,,,,
3987,2880,120,Central Slopes,10000,0.93,2.5,4.24,2.65,2.42,3.85,10.37,2.95,2.86,2.1,1.24,4.62,8.44,6.01,7.61,10.02,10.98,7.93,3.98,1.48,1.82,0.18,0.41,0.41,,,,,,,,,,,,,,,,,,,,,,,,,,,,,,,,
3988,2880,120,Central Slopes,10000,0.83,16.01,4.71,13.58,4.3,0.47,0.55,6.17,0.45,0,10.18,3.01,1.13,1.88,7.24,1.13,0.63,3.7,5.3,5.12,0.34,1.1,11.72,0.45,,,,,,,,,,,,,,,,,,,,,,,,,,,,,,,,
3989,2880,120,Central Slopes,10000,1.19,2.32,2.69,5.14,2.74,1.41,2.48,1.76,4.01,4.61,3.75,4.88,5.92,9.3,5.37,5.57,8.73,5.85,4.33,11.3,3.88,1.06,1.08,0.63,,,,,,,,,,,,,,,,,,,,,,,,,,,,,,,,
3990,2880,120,Central Slopes,10000,3.87,3.08,2.11,2.74,6.33,2.24,2.4,1.78,2.9,3.18,3.54,4.35,3.81,5.27,7.9,7.96,6.42,5.15,9.12,3.61,3.91,1.96,3.34,3.03,,,,,,,,,,,,,,,,,,,,,,,,,,,,,,,,
3991,2880,120,Central Slopes,10000,0.85,2.36,4.04,5.38,3.6,4.36,4.14,5.1,5.37,4.01,4.04,5.77,1.42,2.4,2.43,2.33,5.76,11.06,8.52,5.41,5.69,3.64,1.88,0.44,,,,,,,,,,,,,,,,,,,,,,,,,,,,,,,,
3992,2880,120,Central Slopes,10000,6.54,3.9,3.27,10.89,4.35,2.44,1.42,1.07,1.06,2.7,7.46,10.93,17.05,8.86,3.82,4.65,2.3,0.25,0.08,0.32,1.01,2.06,1.5,2.07,,,,,,,,,,,,,,,,,,,,,,,,,,,,,,,,
3993,2880,120,Central Slopes,10000,5.2,8.5,5.67,1.12,0.44,0.63,1.89,1.35,0.09,0.17,10.2,26.93,1.35,0.22,0.09,0.09,0.96,0.2,0.35,4.67,2.58,3.33,10.94,13.03,,,,,,,,,,,,,,,,,,,,,,,,,,,,,,,,
3994,2880,120,Central Slopes,10000,1.06,1.16,0.99,3.88,9.28,8.09,7.1,7.44,3.46,3.2,3.97,2.18,1.68,1.76,2.39,4.89,5.59,7.18,9.14,3.27,5.46,4.2,1.67,0.96,,,,,,,,,,,,,,,,,,,,,,,,,,,,,,,,
3995,2880,120,Central Slopes,20000,1.86,2.79,1.78,1.27,2.09,3.11,3.72,4.04,6.75,6.22,6.42,6.45,5.04,5.21,5.84,7.21,6.62,5.39,5.97,3.2,2.55,2.06,2.6,1.81,,,,,,,,,,,,,,,,,,,,,,,,,,,,,,,,
3996,2880,120,Central Slopes,20000,5.02,6.31,2.28,10.5,11.25,10.39,8.2,9.49,6.39,3.2,2.07,2.06,3.25,1.25,0.96,0.78,0.29,1.07,0.6,0.97,2.63,5.33,4.23,1.48,,,,,,,,,,,,,,,,,,,,,,,,,,,,,,,,
3997,2880,120,Central Slopes,20000,4.58,3.44,3.12,2.98,4.78,2.56,2.88,2.27,2.54,2.85,3.64,4.72,5.01,5.37,5.72,7.3,6.79,4.5,7.08,5.47,3.93,2.4,3.12,2.95,,,,,,,,,,,,,,,,,,,,,,,,,,,,,,,,
3998,2880,120,Central Slopes,20000,0.88,14.67,4.31,13.06,4.36,1.03,1.09,5.81,0.44,0.01,8.91,2.74,1.8,2.85,7.5,1.79,0.79,3.81,6.2,6.23,0.6,1.38,8.69,1.05,,,,,,,,,,,,,,,,,,,,,,,,,,,,,,,,
3999,2880,120,Central Slopes,20000,1.57,2.22,2.42,2.92,4.52,4.44,6.88,6.05,4.92,4.27,3.04,3.2,2.14,1.5,3.28,2.7,2.79,3.05,3.96,5.49,8.2,10.87,7.39,2.18,,,,,,,,,,,,,,,,,,,,,,,,,,,,,,,,
4000,2880,120,Central Slopes,20000,2.88,3.58,4.23,3.41,1.39,3.26,3.67,4.22,3.91,2.77,4.63,4.07,4.05,3.01,3.12,4.41,8.02,9.32,8.21,6.72,5.68,3.61,1.02,0.81,,,,,,,,,,,,,,,,,,,,,,,,,,,,,,,,
4001,2880,120,Central Slopes,20000,2.28,1.76,2.07,2.09,3.7,5.62,3.87,3.75,4.4,4.01,3.87,3.08,2.93,5.16,6.61,9.15,6.8,4.48,3.05,4.43,6.29,4.34,4.14,2.12,,,,,,,,,,,,,,,,,,,,,,,,,,,,,,,,
4002,2880,120,Central Slopes,20000,2.62,4.89,2.18,1.57,1.99,3.18,2.89,4.76,3.53,2.92,3.89,4.92,5.26,5.18,6.63,6.93,6.17,5.19,5.91,5.94,4.97,3.18,2.02,3.28,,,,,,,,,,,,,,,,,,,,,,,,,,,,,,,,
4003,2880,120,Central Slopes,20000,5.97,3.32,3.09,10.24,4.73,2.85,1.58,1.01,0.91,2.83,7.77,11.51,16.55,8.69,3.63,5.49,2.16,0.3,0.07,0.28,0.86,2.37,1.86,1.93,,,,,,,,,,,,,,,,,,,,,,,,,,,,,,,,
4004,2880,120,Central Slopes,20000,0.01,2.26,4.05,10.09,13.96,5.23,11.12,1.49,3.18,4.18,2.76,0.97,0.58,0.13,0.48,3.75,8.42,13.5,8.4,1.5,0.15,0.54,2.76,0.49,,,,,,,,,,,,,,,,,,,,,,,,,,,,,,,,
4005,2880,120,Central Slopes,40000,2.33,2.81,1.99,1.48,1.72,3.04,3.64,3.92,5.89,5.49,5.63,5.4,4.49,4.75,5.67,7.59,6.73,6.77,7.34,3.67,3.03,2.4,2.62,1.6,,,,,,,,,,,,,,,,,,,,,,,,,,,,,,,,
4006,2880,120,Central Slopes,40000,6.14,7.24,2.37,9.29,10.15,9.79,7.83,8.96,6.59,3.35,2.38,2.06,3.59,1.55,0.83,0.62,0.39,1.46,0.8,1.18,3.17,4.4,3.63,2.23,,,,,,,,,,,,,,,,,,,,,,,,,,,,,,,,
4007,2880,120,Central Slopes,40000,1.75,1.87,3.32,3.87,3.67,2.09,2.94,3.06,3.38,3.19,3.66,3.87,5.06,4.15,3.97,4.19,3.61,5.88,8.3,9.18,6.59,6.04,4.11,2.25,,,,,,,,,,,,,,,,,,,,,,,,,,,,,,,,
4008,2880,120,Central Slopes,40000,0.8,11.83,3.53,11.29,5.07,1.45,0.9,4.9,0.47,0.03,7.56,2.54,3.79,4.81,7.49,3.18,0.76,4.16,6.23,6.2,1.68,2.23,7.12,1.98,,,,,,,,,,,,,,,,,,,,,,,,,,,,,,,,
4009,2880,120,Central Slopes,40000,3.39,1.87,0.89,3.75,8.36,8.74,11.7,6.56,4.27,4.91,3.27,2.34,1.48,1.69,2.03,3.31,3.18,4.71,5.34,3.64,3.76,3.85,4.06,2.9,,,,,,,,,,,,,,,,,,,,,,,,,,,,,,,,
4010,2880,120,Central Slopes,40000,2.24,3.65,3.7,3.32,2.87,2.1,2.29,2.33,4.05,3.35,5.03,4.72,5.24,6.19,6.82,6.12,5.96,9.06,3.3,3.51,2.32,3.02,3.15,5.66,,,,,,,,,,,,,,,,,,,,,,,,,,,,,,,,
4011,2880,120,Central Slopes,40000,1.48,2.25,2.37,3.76,5.55,3.32,2.96,4.47,3.34,3.2,2.7,5.1,6.16,8.27,9.65,5.32,4.48,3.78,4.7,5.48,4.37,2.66,2.32,2.31,,,,,,,,,,,,,,,,,,,,,,,,,,,,,,,,
4012,2880,120,Central Slopes,40000,0.89,1.07,2.1,1.89,1.46,2.09,1.94,2.67,3.19,3.48,3.26,4.56,5.09,4.06,6.91,6.58,8.6,8.21,8.64,4.66,4.75,6.04,5.29,2.57,,,,,,,,,,,,,,,,,,,,,,,,,,,,,,,,
4013,2880,120,Central Slopes,40000,0.29,0.69,0.8,0.55,0.93,1.71,0.96,1.79,1.86,1.61,3.8,5.61,4.61,7.14,5.18,9.66,5.48,3.35,5.65,4.76,6.78,8.15,16.84,1.8,,,,,,,,,,,,,,,,,,,,,,,,,,,,,,,,
4014,2880,120,Central Slopes,40000,0.06,2.37,3.76,8.98,9.76,4.3,9.35,1.18,3.18,3.44,2.3,0.63,0.44,0.12,0.42,5.37,15.73,14.69,8.14,2.04,0.52,0.52,2.27,0.43,,,,,,,,,,,,,,,,,,,,,,,,,,,,,,,,
4015,4320,180,Central Slopes,100,0.08,1.53,0.09,3.64,1.71,11.92,2.47,0.87,0.46,0.01,1.38,0.15,0.93,1,4.22,4.5,3.88,24.28,10.53,11.44,8.44,5.33,0.42,0.72,,,,,,,,,,,,,,,,,,,,,,,,,,,,,,,,
4016,4320,180,Central Slopes,100,0.52,0.85,2.86,3.35,6.46,8.47,6.85,5.6,4.04,8.58,7.74,4.39,6,5.6,6.18,7.31,4.36,6.45,4.19,0.19,0.01,0,0,0,,,,,,,,,,,,,,,,,,,,,,,,,,,,,,,,
4017,4320,180,Central Slopes,100,0.97,0.1,0.41,1.3,6.34,8.1,6.16,9.32,6,7.38,6.07,4.12,4.35,4.32,4.71,4.99,2.42,0.79,3.4,4.95,4.97,4.5,1.27,3.06,,,,,,,,,,,,,,,,,,,,,,,,,,,,,,,,
4018,4320,180,Central Slopes,100,6.26,2.68,9.15,8.45,16.82,8.99,8.95,5.19,8.34,5.09,2.35,2.88,3.11,1.5,1.94,0.99,1.48,2.29,1.09,1.05,0.39,0.22,0.31,0.48,,,,,,,,,,,,,,,,,,,,,,,,,,,,,,,,
4019,4320,180,Central Slopes,100,6.06,9.1,5.39,5.47,5.65,10.96,1.84,2.15,11.38,1.79,1.05,0.63,1.72,3.16,4.24,0.88,1.12,10.87,4.88,0.45,0.24,0.27,2.14,8.56,,,,,,,,,,,,,,,,,,,,,,,,,,,,,,,,
4020,4320,180,Central Slopes,100,2.94,7.82,1.09,0,0,0,4.57,9.84,4.1,8.11,1.54,13.31,10.87,9.42,6.39,7.06,3.81,0.83,0.25,0.48,0.4,0.1,3.57,3.5,,,,,,,,,,,,,,,,,,,,,,,,,,,,,,,,
4021,4320,180,Central Slopes,100,4.04,1.45,18.8,12.93,8.9,9.78,14.72,3.41,0.11,3.53,2.48,1.83,0,0.08,0.01,0,5.45,1.98,0.12,4.09,0.11,0.29,3.37,2.52,,,,,,,,,,,,,,,,,,,,,,,,,,,,,,,,
4022,4320,180,Central Slopes,100,0.39,0.24,0.11,0.83,4.11,12.1,11.37,9.75,14.34,16.59,5.69,0.07,5.59,5.36,1.14,2.21,1.26,1.39,1.38,1.21,1.7,1.29,1.51,0.37,,,,,,,,,,,,,,,,,,,,,,,,,,,,,,,,
4023,4320,180,Central Slopes,100,0.21,0,0,0,4.06,0.61,0.01,2.71,2.14,0.92,0.87,2.64,5.45,8.35,3.07,4.81,7.06,5.58,12.14,17.35,13.43,8.54,0.01,0.04,,,,,,,,,,,,,,,,,,,,,,,,,,,,,,,,
4024,4320,180,Central Slopes,100,9.01,7.82,1.35,0.01,0,0,0,0,4.1,10.86,8.51,10.86,18.14,17.85,9.25,0.25,0.05,0.36,0.75,0.05,0.17,0.58,0,0.03,,,,,,,,,,,,,,,,,,,,,,,,,,,,,,,,
4025,4320,180,Central Slopes,200,12.32,16.22,6.34,1.18,1.2,3.74,1.77,0.32,0.65,1.47,2.53,1.65,0.3,0.62,1.02,1.75,15.82,6.8,2.08,1.99,1.29,0.87,10.12,7.95,,,,,,,,,,,,,,,,,,,,,,,,,,,,,,,,
4026,4320,180,Central Slopes,200,0.48,0.76,2.85,3.19,6.47,8.37,6.91,6.17,4.16,8.5,8.06,4.74,5.97,5.29,5.96,6.79,4.13,6.34,4.49,0.35,0.02,0,0,0,,,,,,,,,,,,,,,,,,,,,,,,,,,,,,,,
4027,4320,180,Central Slopes,200,1.73,5.8,5.31,6.93,12.47,13.28,9.62,7.88,2.98,8.88,3.34,3,3.13,3.05,1.57,1.97,1.47,2.2,2.19,1.22,0.84,0.31,0.2,0.63,,,,,,,,,,,,,,,,,,,,,,,,,,,,,,,,
4028,4320,180,Central Slopes,200,1.83,2.61,2.46,1.74,0.96,1.36,0.05,0.16,0.07,0.79,0.86,1.95,5.75,10.17,9.32,8.02,6.63,9.31,13.74,15.44,2.01,4.55,0.03,0.19,,,,,,,,,,,,,,,,,,,,,,,,,,,,,,,,
4029,4320,180,Central Slopes,200,0,0.02,0.25,0.22,0.17,0.22,0.16,23.65,0.15,0.18,0.08,0.16,0.06,0.04,0,42.44,0.11,0.06,0.16,0.17,0.15,0.06,0,31.49,,,,,,,,,,,,,,,,,,,,,,,,,,,,,,,,
4030,4320,180,Central Slopes,200,3.46,7.32,1.59,0,0,0,4.73,11.44,3.88,8.21,1.73,13.2,11.03,9.12,5.85,6.42,3.38,0.74,0.22,0.75,0.4,0.11,3.25,3.17,,,,,,,,,,,,,,,,,,,,,,,,,,,,,,,,
4031,4320,180,Central Slopes,200,1.47,0.12,1.89,9.52,11.08,12.18,10.23,4.13,3.14,2.32,7.76,12.04,7.24,0.16,0.11,0.17,0.11,1.21,1.93,4.16,2.21,2.12,3.74,0.96,,,,,,,,,,,,,,,,,,,,,,,,,,,,,,,,
4032,4320,180,Central Slopes,200,0.09,5.05,6.65,14.51,6.66,6.43,1.54,4.26,3.66,3.49,4.74,6.25,6.1,1.3,0.78,1.15,2.34,1.98,2.96,1.09,0.61,9.36,8.5,0.5,,,,,,,,,,,,,,,,,,,,,,,,,,,,,,,,
4033,4320,180,Central Slopes,200,0.21,0.13,0.07,0.59,3.71,11.92,11.72,10.38,13.98,17.09,5.86,0.12,5.33,5.32,1.26,2.09,1.47,1.57,1.27,1.12,1.71,1.25,1.52,0.31,,,,,,,,,,,,,,,,,,,,,,,,,,,,,,,,
4034,4320,180,Central Slopes,200,4.23,0,0.01,0.77,0.21,0.18,0.81,4.07,5.21,1.78,0.69,0.17,1.05,10.6,12.82,4.3,0.26,0.99,6.53,12.72,10.16,8.29,5.32,8.83,,,,,,,,,,,,,,,,,,,,,,,,,,,,,,,,
4035,4320,180,Central Slopes,500,4.08,7.45,4.61,5.12,6.62,3.19,5.49,2.61,1.84,3.19,19.78,6.76,8.03,3.4,0.2,0.2,0.85,4.31,2.46,0.4,0.62,1.94,1.69,5.16,,,,,,,,,,,,,,,,,,,,,,,,,,,,,,,,
4036,4320,180,Central Slopes,500,1.98,0.91,5.81,5.09,10.55,6.86,1.25,1.91,2.01,5.76,5.64,4.69,4.34,11.65,2.29,6.78,4.83,2.25,1.16,0.21,0.06,2.51,10.2,1.26,,,,,,,,,,,,,,,,,,,,,,,,,,,,,,,,
4037,4320,180,Central Slopes,500,10.12,3.25,2.58,3.52,1.95,8.21,0.08,0.37,5.28,6.23,17.66,10.27,1.64,0.14,0.53,2.54,6.61,0,0.02,0,0,0,7.22,11.78,,,,,,,,,,,,,,,,,,,,,,,,,,,,,,,,
4038,4320,180,Central Slopes,500,0.31,0.9,2.78,3.22,6.42,8.13,7.4,5.57,5.23,8.22,7.27,4.67,6.11,5.34,6.17,6.86,4.27,5.81,4.89,0.38,0.04,0,0,0.01,,,,,,,,,,,,,,,,,,,,,,,,,,,,,,,,
4039,4320,180,Central Slopes,500,2.56,5.46,4.32,5.56,12.41,11.67,8.05,6.81,2.43,7.69,3.93,3.28,3.38,3.91,2.87,2.74,2.42,3.23,3,1.43,1.03,0.51,0.21,1.1,,,,,,,,,,,,,,,,,,,,,,,,,,,,,,,,
4040,4320,180,Central Slopes,500,0.04,0.13,2.95,2.61,2.6,1.7,1.41,2.02,0.14,0.2,0.03,1.12,1.55,2.76,5.68,11.36,10.64,8.11,6.31,8.11,10.23,12.89,1.74,5.67,,,,,,,,,,,,,,,,,,,,,,,,,,,,,,,,
4041,4320,180,Central Slopes,500,2.53,1.81,2.11,1.64,4.71,5.84,5.48,4.44,6.2,5,2.7,1.31,4.53,9.91,11.43,8.19,5.27,4.46,2.52,1.48,0.67,0.29,1.39,6.09,,,,,,,,,,,,,,,,,,,,,,,,,,,,,,,,
4042,4320,180,Central Slopes,500,0.84,0.13,0.42,1.42,6.18,8.23,5.86,8.83,5.87,7.34,6.43,4.48,4.41,4.68,5.04,4.72,2.33,0.67,3.21,4.84,4.91,4.56,1.67,2.93,,,,,,,,,,,,,,,,,,,,,,,,,,,,,,,,
4043,4320,180,Central Slopes,500,0.89,1.12,1.11,1.15,2.59,25.73,3.55,1.13,0.89,0.53,0.55,0.61,0.35,42.38,0.06,0.06,0.19,0.38,1.87,0.19,0.15,13.88,0.27,0.37,,,,,,,,,,,,,,,,,,,,,,,,,,,,,,,,
4044,4320,180,Central Slopes,500,1.68,3.7,1.79,1.69,0.03,0.01,0.18,1.21,2.11,0.09,4.76,6.01,7.6,16.09,17.05,13.86,7.81,9.91,2.99,0.19,0.14,0.66,0.04,0.4,,,,,,,,,,,,,,,,,,,,,,,,,,,,,,,,
4045,4320,180,Central Slopes,1000,19.41,9.31,2.3,8.7,0.15,1.05,8.52,6.26,8.01,8.75,0.07,0.08,0,3.22,3.37,6.53,7.26,1.32,0.72,0.57,0.02,0.54,3.02,0.82,,,,,,,,,,,,,,,,,,,,,,,,,,,,,,,,
4046,4320,180,Central Slopes,1000,18.49,10.96,10.29,0.07,1.66,0,5.92,9.22,3.02,4.51,0.77,0.72,1.09,0,0.01,6.18,9.4,2.73,6.96,6.77,0.19,0.34,0.38,0.32,,,,,,,,,,,,,,,,,,,,,,,,,,,,,,,,
4047,4320,180,Central Slopes,1000,6.2,5.45,4.63,5.64,4.38,1.47,2.8,6.49,9.44,11.12,6.67,6.04,4.55,3.23,1.96,1.47,0.61,3.16,4.17,2.22,3.97,2.62,1.49,0.22,,,,,,,,,,,,,,,,,,,,,,,,,,,,,,,,
4048,4320,180,Central Slopes,1000,2.85,3.4,6.6,7.9,7.66,6.2,5.66,8.21,7.14,4.41,5.82,5.08,5.76,6.48,4.18,5.83,5.8,0.97,0.04,0,0,0.01,0,0,,,,,,,,,,,,,,,,,,,,,,,,,,,,,,,,
4049,4320,180,Central Slopes,1000,19.29,2.8,1.47,2.36,2.3,0.96,0.44,0.32,35.89,1.48,1.75,2.7,4.88,2.67,0.07,0.02,20.56,0.04,0,0,0,0,0,0,,,,,,,,,,,,,,,,,,,,,,,,,,,,,,,,
4050,4320,180,Central Slopes,1000,6.09,1.45,0.78,0.47,0.04,0.6,4.07,1.84,4.01,4.07,10.97,13.68,15.55,7.15,6.53,0.29,0.03,0,0,0,0,6.03,10.66,5.69,,,,,,,,,,,,,,,,,,,,,,,,,,,,,,,,
4051,4320,180,Central Slopes,1000,10.65,1.45,2.55,4,4.27,8.69,12.01,8.27,4.45,2.57,1.24,1.32,1.81,1.23,0.99,3.96,4.02,9,5.18,4.91,2.59,0.62,0.52,3.7,,,,,,,,,,,,,,,,,,,,,,,,,,,,,,,,
4052,4320,180,Central Slopes,1000,9.82,12.47,8.71,8.63,3.08,2.66,5.67,3.1,4.11,6.57,8.3,3.73,1.05,0.73,1.63,2.27,1.02,6.65,0.02,0.24,6.36,2.38,0.13,0.67,,,,,,,,,,,,,,,,,,,,,,,,,,,,,,,,
4053,4320,180,Central Slopes,1000,13.16,1.36,2.08,0,0,0.02,2.56,9.18,2.76,7.31,3.83,15.02,11.41,8.87,5.59,5.89,1.87,0.47,0.24,3.27,0.39,1.02,2.28,1.42,,,,,,,,,,,,,,,,,,,,,,,,,,,,,,,,
4054,4320,180,Central Slopes,1000,0,0,0,0,0,4.71,7.32,6.06,7.33,6.09,2.94,0.97,1.8,3.57,3.22,2.92,2.89,7.4,13.35,10.29,5.66,4.73,2.55,6.2,,,,,,,,,,,,,,,,,,,,,,,,,,,,,,,,
4055,4320,180,Central Slopes,2500,8.15,0.28,0,0,0,0.06,0.3,12.94,0.4,0.18,3.84,4.64,0.01,0,0.05,7.18,24.59,16.81,11.56,2.43,0.35,0.2,2.39,3.64,,,,,,,,,,,,,,,,,,,,,,,,,,,,,,,,
4056,4320,180,Central Slopes,2500,0.11,10.28,0.3,0,0.09,2.18,18.17,3.05,2.26,3.72,0.52,1.84,0.14,0.46,14.43,0.4,13.25,19.63,6.82,0.16,1.95,0.13,0.05,0.06,,,,,,,,,,,,,,,,,,,,,,,,,,,,,,,,
4057,4320,180,Central Slopes,2500,0,0.79,1.57,1.25,1.85,6.19,7.26,5.08,0.86,1.16,0.42,3.8,0.2,0.79,0.86,9.4,5.03,12.02,11.28,2.75,18.88,4.11,3.71,0.74,,,,,,,,,,,,,,,,,,,,,,,,,,,,,,,,
4058,4320,180,Central Slopes,2500,0.25,1.94,5.78,3.53,0.24,3.73,7.59,8.05,13.05,7.41,7.45,0.95,1.01,1.17,4.21,10.02,8.66,8.3,5.78,0.08,0,0.01,0.05,0.74,,,,,,,,,,,,,,,,,,,,,,,,,,,,,,,,
4059,4320,180,Central Slopes,2500,18.5,2.12,0.13,0.39,0.39,5.79,9.07,15.73,7.29,1.65,0.05,0.03,0,0.07,2.59,7.56,6.03,0.88,0.15,0.33,0.49,1.63,4.72,14.41,,,,,,,,,,,,,,,,,,,,,,,,,,,,,,,,
4060,4320,180,Central Slopes,2500,0.13,0,15,9.74,3.59,9.08,0.38,1.48,10.26,3.53,12.39,8.41,0.13,0.05,0,3.65,3.04,7.62,8.26,1.49,0.8,0.47,0,0.5,,,,,,,,,,,,,,,,,,,,,,,,,,,,,,,,
4061,4320,180,Central Slopes,2500,1.36,0.84,7.36,7.73,15.27,1.22,0.1,0.78,1.36,2.63,0.52,1.49,5.25,6.58,13.32,6.5,0.96,5.1,8.51,10.3,2.4,0.38,0,0.04,,,,,,,,,,,,,,,,,,,,,,,,,,,,,,,,
4062,4320,180,Central Slopes,2500,0,0.11,0.98,6.42,8.9,7.54,6.94,3.76,5.22,9.32,9.79,8.36,8.08,3.18,2.63,2.01,6.55,3.58,0.03,0,0,0.22,2.37,4.01,,,,,,,,,,,,,,,,,,,,,,,,,,,,,,,,
4063,4320,180,Central Slopes,2500,0.81,0.57,2.43,0.68,1.13,4.38,4.12,13.1,2.23,0.02,0,0,0,0.15,0,24.19,22.89,12.67,0.01,0.09,0.02,0.06,0,10.45,,,,,,,,,,,,,,,,,,,,,,,,,,,,,,,,
4064,4320,180,Central Slopes,2500,2.03,5.28,2.29,1.53,1.77,2.23,2.41,3.31,1.77,0.57,8.23,18.57,16.62,13.64,2.51,1.07,1.02,2.7,1.91,2.39,2.55,1.74,0.82,3.04,,,,,,,,,,,,,,,,,,,,,,,,,,,,,,,,
4065,4320,180,Central Slopes,5000,2.98,2.62,0.95,2.55,2.73,2.85,7.03,5.61,7.64,5.9,7.68,6.06,5.11,1.33,1.6,7.59,12.87,6.29,4.77,1.18,0.15,0.4,1.37,2.74,,,,,,,,,,,,,,,,,,,,,,,,,,,,,,,,
4066,4320,180,Central Slopes,5000,3.88,1.79,0.33,0.68,0.94,2.77,1.74,0.63,16.5,33.74,5.08,0.14,0.02,1.87,4,4.15,0,0,0,0.06,0.02,0.51,19.1,2.05,,,,,,,,,,,,,,,,,,,,,,,,,,,,,,,,
4067,4320,180,Central Slopes,5000,6.25,5,1.93,2.61,2.63,1.21,1.09,1.79,0.85,0.12,14.64,2.87,3.89,10.51,3.59,2.24,12.28,4.01,6,6.51,1.04,6.11,1,1.83,,,,,,,,,,,,,,,,,,,,,,,,,,,,,,,,
4068,4320,180,Central Slopes,5000,0.47,1.47,0.97,1.85,4.43,8.19,5.66,1.08,1.15,0.38,3.35,0.55,0.73,0.89,7.22,5.43,10.15,13.89,4.69,18.57,3.8,3.74,0.83,0.51,,,,,,,,,,,,,,,,,,,,,,,,,,,,,,,,
4069,4320,180,Central Slopes,5000,0.39,3.3,5.91,1.85,0.86,4.58,9.53,6.9,14.15,8.77,2.47,0.71,1.01,2.02,5.96,9.74,8.67,10.75,1.57,0,0.01,0,0.2,0.65,,,,,,,,,,,,,,,,,,,,,,,,,,,,,,,,
4070,4320,180,Central Slopes,5000,7.93,2.4,0.07,0.02,0.34,3.64,14.8,2.4,2.23,2.34,1.22,3.06,0.12,4.98,8.2,2.38,24.7,15.31,1.73,0.02,1.79,0.19,0.08,0.05,,,,,,,,,,,,,,,,,,,,,,,,,,,,,,,,
4071,4320,180,Central Slopes,5000,18.06,9.52,4.49,7.98,0.28,1.08,8.19,4.43,10.87,7.89,0.18,0.08,0.01,3.9,3.7,6.58,6.83,1.4,0.75,0.58,0.03,0.48,1.88,0.81,,,,,,,,,,,,,,,,,,,,,,,,,,,,,,,,
4072,4320,180,Central Slopes,5000,0.9,0.79,2.19,8.76,14.31,5.51,1.02,1.01,0.44,0.45,1.89,1.49,3.8,5.87,8.88,12.27,6.47,2.02,7.27,7.36,5.07,1.5,0.6,0.13,,,,,,,,,,,,,,,,,,,,,,,,,,,,,,,,
4073,4320,180,Central Slopes,5000,2.33,2.48,0.24,1.42,2.4,5.56,2.36,4.66,8.76,11.67,4.36,7.09,3.42,4.5,5.4,9.16,5.68,6.71,2.7,1.49,2.38,2.1,1.73,1.4,,,,,,,,,,,,,,,,,,,,,,,,,,,,,,,,
4074,4320,180,Central Slopes,5000,0.03,2.12,3.16,1.48,5.36,5.97,3.74,8.55,3.77,4.26,3.88,3.96,10.71,8.03,4.69,7.16,6.71,4.1,4.41,3.5,1.68,1.64,0.54,0.55,,,,,,,,,,,,,,,,,,,,,,,,,,,,,,,,
4075,4320,180,Central Slopes,10000,4.62,13.5,13.79,1.28,0.84,5.55,0.01,11.35,2.36,6.86,0.81,3.86,7.27,1.37,9.08,4.35,0.78,9.67,1.95,0.02,0,0,0.1,0.58,,,,,,,,,,,,,,,,,,,,,,,,,,,,,,,,
4076,4320,180,Central Slopes,10000,1.67,4.31,6.14,4.92,6.21,6.79,5.41,6.99,2.35,2.63,3.25,10.79,9.02,6.97,5.97,1.97,1.42,3.39,3.13,1.26,0.7,1.33,1.53,1.85,,,,,,,,,,,,,,,,,,,,,,,,,,,,,,,,
4077,4320,180,Central Slopes,10000,2.63,1.4,1.18,2.46,3.9,6.07,8.13,6.57,5.57,9.33,10.95,12.39,7.76,4.03,4.41,1.94,2.37,3.41,3.18,1.32,0.42,0.22,0.13,0.23,,,,,,,,,,,,,,,,,,,,,,,,,,,,,,,,
4078,4320,180,Central Slopes,10000,0.02,0.09,0.56,2.25,2.06,4.79,2.98,4.07,6.12,2.98,2.64,4.78,5.2,5.66,7.68,10.6,7.06,10.2,5.12,3.49,3.72,3.14,2.69,2.1,,,,,,,,,,,,,,,,,,,,,,,,,,,,,,,,
4079,4320,180,Central Slopes,10000,1.59,3.27,2.24,8.03,4.43,6.47,0.71,2.02,0.68,21.9,9.6,2.22,0.25,0,0.28,0.67,4.87,1.74,0.47,0.63,1.47,7.22,6.49,12.75,,,,,,,,,,,,,,,,,,,,,,,,,,,,,,,,
4080,4320,180,Central Slopes,10000,2.65,2.87,2.51,4.4,4.38,3.73,2.26,0.73,0.47,1.01,3.64,5.37,2.95,1.56,2.1,5.44,4.46,7.48,9.1,6.94,9.53,3.54,12.13,0.75,,,,,,,,,,,,,,,,,,,,,,,,,,,,,,,,
4081,4320,180,Central Slopes,10000,5.1,5.66,1.97,1.78,0.84,0.4,0.37,0.83,3.31,8.22,4.59,7.43,14.16,11.55,7.16,2.91,3.94,1.53,3.72,7.24,1.6,2.22,2.08,1.39,,,,,,,,,,,,,,,,,,,,,,,,,,,,,,,,
4082,4320,180,Central Slopes,10000,2.19,1.03,0.31,0.91,1.64,1.67,1.75,0.59,13.95,36.82,5.49,0.37,0.03,1.17,4.32,3.8,0,0,0,0.05,0.02,0.66,20.99,2.24,,,,,,,,,,,,,,,,,,,,,,,,,,,,,,,,
4083,4320,180,Central Slopes,10000,5.6,3.77,3.73,2.39,2.27,7.24,12.12,12.67,5.76,9.45,10.02,7.39,2.6,3.29,0.9,3.82,2.73,1.85,0.37,0.56,0.32,0.41,0.64,0.1,,,,,,,,,,,,,,,,,,,,,,,,,,,,,,,,
4084,4320,180,Central Slopes,10000,1.2,0.5,1.72,1.69,1.54,6.77,2.48,2.82,4.63,5.61,4.77,5.36,5.67,6.26,9.11,8.22,6.15,6.84,5.73,3.56,3.65,1.97,1.94,1.81,,,,,,,,,,,,,,,,,,,,,,,,,,,,,,,,
4085,4320,180,Central Slopes,20000,2.44,1.89,2,1.2,1.03,1.61,2.65,2.9,1.92,3.69,4.65,7.89,8.07,8.42,6.57,7.33,9.15,7.43,6.65,3.47,2.88,2.7,1.6,1.86,,,,,,,,,,,,,,,,,,,,,,,,,,,,,,,,
4086,4320,180,Central Slopes,20000,1.09,2.6,2.3,5.37,3.35,4.87,3.62,2.87,3.35,4.37,5.16,6.45,6.9,8.37,6.49,8.94,4.3,2.98,3.52,5.17,2.88,2.23,1.7,1.12,,,,,,,,,,,,,,,,,,,,,,,,,,,,,,,,
4087,4320,180,Central Slopes,20000,1.94,1.52,1.05,0.69,0.06,1.3,0.43,0.11,0.59,13.14,4.02,14.57,13.44,12.94,10.4,4.02,2.44,2.78,0.9,0.72,1.61,1.24,3.59,6.5,,,,,,,,,,,,,,,,,,,,,,,,,,,,,,,,
4088,4320,180,Central Slopes,20000,2.28,5.68,5.68,6.36,6.08,6.61,5.48,6.84,2.17,3.1,5.36,10.07,6.41,5.59,4.2,1.62,2.35,3.28,2.58,1.11,1.24,1.69,1.86,2.36,,,,,,,,,,,,,,,,,,,,,,,,,,,,,,,,
4089,4320,180,Central Slopes,20000,4.58,12.62,13.54,1.78,1.23,5.03,0.01,10.28,3.34,7.35,1.75,3.82,7.99,2.28,7.16,4.23,1.01,7.7,2.93,0.03,0.03,0.01,0.2,1.1,,,,,,,,,,,,,,,,,,,,,,,,,,,,,,,,
4090,4320,180,Central Slopes,20000,0.69,0.65,0.81,1.42,2.8,2.55,3.21,6.81,4.89,5.66,5.45,4.15,4.7,8.19,11.97,5.99,4.63,7.47,5.82,3.48,3.21,0.76,1.99,2.7,,,,,,,,,,,,,,,,,,,,,,,,,,,,,,,,
4091,4320,180,Central Slopes,20000,0.96,0.29,1.29,1.2,1.99,4.76,3.69,1.87,3.98,4.23,5.44,4.2,5.97,6.63,8.16,8.52,7.34,7.38,7.21,3.46,3.89,3.47,1.97,2.1,,,,,,,,,,,,,,,,,,,,,,,,,,,,,,,,
4092,4320,180,Central Slopes,20000,1.44,4.69,3.79,8.15,6.95,7.13,2.93,1.05,1.91,3.8,10.08,7.17,1.41,0.23,0.09,0.3,3.24,3.41,1.05,0.2,1.1,6.73,8.56,14.59,,,,,,,,,,,,,,,,,,,,,,,,,,,,,,,,
4093,4320,180,Central Slopes,20000,2.02,1.82,2.76,5.56,6.1,3.88,4.17,5.24,5,5.23,4.92,5.47,6.23,7.01,6.2,5.99,3.97,4.96,3.72,3.67,1.81,2.82,0.97,0.48,,,,,,,,,,,,,,,,,,,,,,,,,,,,,,,,
4094,4320,180,Central Slopes,20000,6.54,6.35,1.13,2.69,6.1,6.53,6.71,5.06,4.84,1.66,2.38,3.52,6.13,6.7,7.28,6.68,4.15,2.28,1.46,2.53,1.75,3.16,2.86,1.51,,,,,,,,,,,,,,,,,,,,,,,,,,,,,,,,
4095,4320,180,Central Slopes,40000,2.42,1.91,1.78,1.38,1.59,2.2,3.11,2.91,1.92,3.38,4.64,6.79,7.02,7.01,5.74,6.9,9.35,8.57,7.97,3.97,3.23,2.37,1.5,2.34,,,,,,,,,,,,,,,,,,,,,,,,,,,,,,,,
4096,4320,180,Central Slopes,40000,1.28,1.79,1.86,1.78,0.68,2.34,0.65,1,2.98,14.34,3.96,10.41,10.18,10.72,9.29,2.93,2.93,3.46,0.71,0.64,3.4,3.02,5.03,4.62,,,,,,,,,,,,,,,,,,,,,,,,,,,,,,,,
4097,4320,180,Central Slopes,40000,6.19,6.04,5.64,5.71,5.9,8.74,9.3,6.61,5.46,3.32,1,0.75,0.45,0.08,0.25,0.81,0.26,3.07,5.79,3.89,5.1,6.2,6.68,2.76,,,,,,,,,,,,,,,,,,,,,,,,,,,,,,,,
4098,4320,180,Central Slopes,40000,2.88,1.71,3.12,2.22,3.73,5.2,3.46,4.45,4.26,4.79,4.87,5.83,4.87,4.81,6.34,11.07,9.1,6.79,3.28,1.15,2.96,1.3,1.38,0.43,,,,,,,,,,,,,,,,,,,,,,,,,,,,,,,,
4099,4320,180,Central Slopes,40000,4.23,3.18,3.64,1.37,5.79,11.19,12.84,5.53,5.51,3.08,1.71,2.51,4.2,4.93,6.01,4.36,4.88,3.93,2.02,1.44,1.71,1.5,2.28,2.16,,,,,,,,,,,,,,,,,,,,,,,,,,,,,,,,
4100,4320,180,Central Slopes,40000,3.36,9.14,11.27,2.5,2.12,3.97,0.02,7.44,6.21,7.7,3.02,4.5,8.46,3.7,7.58,4.72,2.27,7.14,2.74,0.09,0.03,0.11,0.31,1.6,,,,,,,,,,,,,,,,,,,,,,,,,,,,,,,,
4101,4320,180,Central Slopes,40000,0.87,2.2,1.94,5.5,3.36,4.6,3.87,2.98,3.1,4.08,4.69,6.17,6.85,8.26,7.26,10.24,4.43,3.11,4,5.79,2.42,2.03,1.27,0.98,,,,,,,,,,,,,,,,,,,,,,,,,,,,,,,,
4102,4320,180,Central Slopes,40000,4.42,7.03,6.18,6.72,6.51,5.61,3.69,1.66,1.88,2.93,6.71,6.86,2.07,0.63,0.29,0.25,2.19,3.17,0.95,0.29,1.49,4.83,10.29,13.35,,,,,,,,,,,,,,,,,,,,,,,,,,,,,,,,
4103,4320,180,Central Slopes,40000,0.83,0.65,1.13,3.12,2.22,2.9,6.03,4.59,4.76,4.31,3.99,5.26,8.47,11.78,6.51,4.91,6.4,5.81,2.98,3.18,0.76,2.97,2.98,3.46,,,,,,,,,,,,,,,,,,,,,,,,,,,,,,,,
4104,4320,180,Central Slopes,40000,7.12,1.86,0.65,0.5,0.48,0.7,1.55,6.06,5.03,4.89,7.09,7.69,4.3,2.14,1.67,3.41,9.92,9.77,10.49,6.89,2.48,1.42,1.5,2.39,,,,,,,,,,,,,,,,,,,,,,,,,,,,,,,,
4105,5760,180,Central Slopes,100,0.1,0.15,0.09,0.7,1.02,0.49,0.14,1.28,3.53,6.65,8.55,5.05,9.26,5.65,7.61,5.54,3.93,2.17,6.5,4.22,4.36,0.59,1.16,5.45,4.31,5.44,2.91,1.67,1.47,0,0,0.01,,,,,,,,,,,,,,,,,,,,,,,,
4106,5760,180,Central Slopes,100,0.74,0.28,2.84,0.06,0.09,0,0.03,0.25,5.96,2.55,8.76,8.1,16.12,8.61,8.56,4.96,7.98,4.85,2.25,2.76,2.97,1.44,1.86,0.96,1.41,2.19,1.05,0.99,0.38,0.22,0.31,0.47,,,,,,,,,,,,,,,,,,,,,,,,
4107,5760,180,Central Slopes,100,0.1,1.66,5.63,8.54,5.72,4.45,6.54,9.82,1.07,5.52,8.22,1.19,0.78,0.78,1.62,3.29,3.99,0.52,1.15,10.43,4.88,0.37,0.04,0.4,2.27,8.62,1.81,0,0,0.53,0,0.06,,,,,,,,,,,,,,,,,,,,,,,,
4108,5760,180,Central Slopes,100,0,0,0,0,0,2.71,2.37,14.3,15.93,8.24,8.68,14.35,5.38,0.31,1.75,3.61,2.28,0,0,0.08,0.01,5.31,1.82,0.12,4.08,0.01,0.38,1.84,3.74,1.18,1.5,0.02,,,,,,,,,,,,,,,,,,,,,,,,
4109,5760,180,Central Slopes,100,0.12,0,0.47,0.1,0.22,1.5,4.59,12.64,4.88,2.66,2.67,1.96,4.2,4.21,4.21,1.83,2.84,3.46,1.09,1.54,1.47,2.14,1.71,0.1,2.77,29.37,3.06,1.38,1.41,0.89,0.28,0.23,,,,,,,,,,,,,,,,,,,,,,,,
4110,5760,180,Central Slopes,100,1.45,2.91,2.64,2.58,4.42,0.2,0.89,0.08,0.17,1.21,13.71,4.14,0.19,0,0.11,3.35,2.76,3.75,3.31,5.96,5.32,7.2,9.33,4.6,0.82,0,0.22,0.57,2.54,1.46,8.48,5.63,,,,,,,,,,,,,,,,,,,,,,,,
4111,5760,180,Central Slopes,100,1.99,0.17,0.25,3.51,2.24,1.92,0.25,1.43,1.44,4.9,3.23,3.97,3.63,0.38,0.33,0.09,0.02,0.02,0.78,0.88,0.38,0.48,3.61,6.04,6.01,2.38,9.28,10.27,5.16,4.31,12.42,8.23,,,,,,,,,,,,,,,,,,,,,,,,
4112,5760,180,Central Slopes,100,0.59,2.03,3.7,3.6,2.39,0.2,0.74,0.58,0.26,0.34,0.38,1.23,0.43,1.26,0.72,0.98,1.32,3.37,5.18,2.35,5.36,6.67,5.42,2.94,2.03,2.48,3.2,5.23,4.64,9.01,14.02,7.35,,,,,,,,,,,,,,,,,,,,,,,,
4113,5760,180,Central Slopes,100,0,0,0,0,1.28,1.92,2.19,4.97,4.32,5.8,5.89,5.8,9.52,8.58,7.15,6.34,3.31,4.85,7.06,5.27,1.13,0,0,0.02,0.59,1.09,1.05,1.67,4.98,3.34,0.67,1.21,,,,,,,,,,,,,,,,,,,,,,,,
4114,5760,180,Central Slopes,100,0.83,7.57,5.73,1.66,1.77,2.66,3.02,3.68,0.02,0.05,0.29,0.65,10.51,16.08,9.09,0.24,1.92,1.06,1.98,6.71,4.9,1.28,0.67,0.03,0.02,0.23,0.48,2.93,2.36,4.06,4.2,3.32,,,,,,,,,,,,,,,,,,,,,,,,
4115,5760,180,Central Slopes,200,0.79,0.36,2.94,0.05,0.08,0,0.04,0.37,5.93,2.51,8.07,7.92,15.78,8.05,8.1,4.69,7.64,4.85,2.55,2.79,3.16,1.77,2.24,1.21,1.72,2.49,1.2,1.06,0.43,0.23,0.4,0.58,,,,,,,,,,,,,,,,,,,,,,,,
4116,5760,180,Central Slopes,200,0,0.19,0.51,0.7,0.69,0.72,1.75,25.91,2.31,0.64,0.53,0.22,0.31,0.47,0.17,43.37,0.05,0.03,0.13,0.88,0.71,0.09,0.1,13.94,0.19,0.24,0.3,0.01,0,0,0,4.84,,,,,,,,,,,,,,,,,,,,,,,,
4117,5760,180,Central Slopes,200,7.21,1.71,2.1,1.96,2.77,7.32,10.75,7.35,4.51,2.5,1.26,1.38,1.39,1.28,1.16,3.67,3.17,8.74,5.76,5.59,2.35,0.52,0.84,4.7,1.12,2.3,0.79,0.02,0.44,1.23,0.83,3.28,,,,,,,,,,,,,,,,,,,,,,,,
4118,5760,180,Central Slopes,200,8.8,9.99,7.17,2.22,5.15,5.32,8.34,4.78,6.38,2.14,2.25,2.72,2.53,1.14,1.27,1.02,2.56,3.08,3.85,1.22,1.03,0.73,0.61,0.8,0.39,2.11,1.93,0.51,0.7,0.6,2.69,5.97,,,,,,,,,,,,,,,,,,,,,,,,
4119,5760,180,Central Slopes,200,0.04,0.22,0.24,0.08,0.22,0.44,1.48,16.5,1.08,0.3,0.34,0.3,0.44,1.06,0.85,49.24,0.31,0.12,0.19,0.29,0.05,0.08,0.2,19.05,0.07,0.31,0.27,0.03,0,0,0,6.2,,,,,,,,,,,,,,,,,,,,,,,,
4120,5760,180,Central Slopes,200,0.43,2.43,3.76,3.83,2.44,3.13,2.71,1.62,3.06,4.67,5.72,2.61,4.11,3.72,4.84,6.9,6.09,7.23,7.53,5.15,3.89,2.08,2.23,2.03,1.63,1.34,1.37,0.49,0.67,1,0.73,0.56,,,,,,,,,,,,,,,,,,,,,,,,
4121,5760,180,Central Slopes,200,0.73,0.91,2,2.84,1.62,8.2,9.16,5.98,7.5,7.39,5.01,2.5,0.88,8.11,1.41,0.61,0.18,0.52,0.65,0.01,0.05,0.55,3.31,3.23,3.39,6.26,2.77,1.55,4.49,5.47,1.63,1.09,,,,,,,,,,,,,,,,,,,,,,,,
4122,5760,180,Central Slopes,200,2.73,4.5,2.93,2.25,0.41,1.39,0.74,0.44,1.93,4.35,4,3.07,5.55,8.61,11.24,12.97,7.05,6.08,1.99,1.09,0.23,0.03,0.27,0.99,1.3,1.39,1.06,1.06,5.04,1.58,1.65,2.08,,,,,,,,,,,,,,,,,,,,,,,,
4123,5760,180,Central Slopes,200,1.95,4.67,4.67,2.7,0.14,0.98,0.63,0.26,0.26,0.45,1.49,0.58,1.4,0.98,1.12,1.35,3.32,5.05,2.52,5.29,6.63,5.51,3.04,1.92,2.63,3.47,6.44,4.85,7.08,9.53,8.45,0.64,,,,,,,,,,,,,,,,,,,,,,,,
4124,5760,180,Central Slopes,200,0.43,0.09,0.66,0.19,0.63,4.86,3.8,1.64,1.6,2.75,3.84,1.28,1.42,1.55,1.03,2.49,3.53,3.74,2,3.99,5.22,5.17,2.88,4.14,5.77,8.76,7.89,4.86,3.18,3.49,6.57,0.55,,,,,,,,,,,,,,,,,,,,,,,,
4125,5760,180,Central Slopes,500,0.91,2.1,1.38,1.17,5.49,3.97,4.41,4.35,5.24,2.61,4.14,1.64,1.42,7.86,12.91,5.28,6.29,1.3,0.15,0.29,2.02,2.78,1.33,0.53,0.44,1.68,2.31,3.42,2.24,4.07,2.32,3.95,,,,,,,,,,,,,,,,,,,,,,,,
4126,5760,180,Central Slopes,500,0.94,0.58,3.08,0.02,0.06,0.01,0.07,0.7,5.91,2.42,6.39,7.77,14.6,6.49,6.89,3.87,6.51,4.73,3.17,2.8,3.84,2.78,3.23,1.93,2.66,3.4,1.59,1.22,0.54,0.25,0.65,0.9,,,,,,,,,,,,,,,,,,,,,,,,
4127,5760,180,Central Slopes,500,0.38,0,0.43,0.31,0.07,5.85,1.9,1.68,1.36,1.79,3.64,0.09,0.13,0,0.77,1.08,1.89,3.55,10.91,11.05,9.96,4.03,9.24,5.14,8.53,2.03,13.24,0.05,0.03,0.04,0.83,0,,,,,,,,,,,,,,,,,,,,,,,,
4128,5760,180,Central Slopes,500,0,0,0,0,0,0,0.68,1.7,2.45,1.27,2.08,2.68,5.21,5.49,5.06,4.66,6.02,4.58,1.44,2.3,6.24,9.97,12.05,5.79,4.42,3.72,2.44,1.28,0.42,0.39,3.33,4.33,,,,,,,,,,,,,,,,,,,,,,,,
4129,5760,180,Central Slopes,500,0.03,0.09,0.07,0.67,0.91,0.43,0.16,1.32,3.43,6.75,8.26,4.99,8.84,5.64,7.89,5.84,3.95,2.67,6.59,4.29,4.31,0.61,1.06,5.46,4.45,5.36,2.94,1.71,1.26,0,0.01,0.01,,,,,,,,,,,,,,,,,,,,,,,,
4130,5760,180,Central Slopes,500,0.06,1.7,5.48,8.8,6.72,5.65,7.06,10.09,1.74,4.2,7.87,1.31,0.78,0.84,1.57,2.46,3.52,1.27,1.04,5.58,6.62,0.56,0.07,0.51,2.17,8.94,2.33,0.05,0,0.73,0.23,0.05,,,,,,,,,,,,,,,,,,,,,,,,
4131,5760,180,Central Slopes,500,6,3.23,1.64,2.72,2.66,7.23,11.34,8.15,5.59,2.19,1.7,1.28,1.35,0.92,1.06,2.86,3.77,6.91,6.35,4.4,2.94,0.73,0.82,1.89,3.64,2.15,1.35,0.02,0.26,1.05,0.54,3.26,,,,,,,,,,,,,,,,,,,,,,,,
4132,5760,180,Central Slopes,500,0,0.03,0,0.28,0.24,0.96,0.2,1.06,4.85,0.11,1.32,0.16,0,6.8,1.01,1.24,6.02,6.43,11.52,15.89,11.08,4.68,2.19,0.1,0,0,0,0,2.1,10.65,8.98,2.1,,,,,,,,,,,,,,,,,,,,,,,,
4133,5760,180,Central Slopes,500,0,0.14,0.45,1.71,3.09,3.35,2.98,3.16,2.44,1.6,2.18,4.91,5.49,2.87,4.5,4.12,5.39,6.95,6.48,7.2,7.27,6.23,4.46,2.34,2.29,1.72,1.82,1.37,1.34,0.58,0.54,1.03,,,,,,,,,,,,,,,,,,,,,,,,
4134,5760,180,Central Slopes,500,0.77,0.15,0,0.23,0.85,0.58,0.96,1.63,1.1,0.68,1.65,2.46,3.95,0.65,2.93,1.98,1.19,2.53,1.25,2.46,4.56,5.13,2.87,8.59,8.25,3.86,4.18,10.02,5.6,6.21,7.19,5.54,,,,,,,,,,,,,,,,,,,,,,,,
4135,5760,180,Central Slopes,1000,1.94,8.22,12.15,8.09,7.09,0.71,0.45,0.92,8.24,6.8,1.89,3.2,0.4,1.03,0.3,0,0.72,11.21,7.97,2.49,8.01,4.29,0.23,0.76,1.03,0.71,0.36,0.53,0.01,0.25,0,0,,,,,,,,,,,,,,,,,,,,,,,,
4136,5760,180,Central Slopes,1000,6.1,5.37,4.55,5.53,4.31,1.45,2.74,6.38,9.28,10.93,6.56,5.94,4.46,3.19,1.94,1.45,0.61,3.1,4.1,2.17,3.9,2.59,1.47,0.22,0.27,0.71,0.48,0.2,0,0,0,0,,,,,,,,,,,,,,,,,,,,,,,,
4137,5760,180,Central Slopes,1000,6.47,5.07,1.6,3.34,3.56,6.24,10.6,8.01,5.86,2.23,1.57,1.08,1.77,1.01,1.02,2,4.7,6.32,6.29,3.13,4,0.8,0.43,1.25,3.03,1.11,1.19,0,1.21,1.62,0.9,2.59,,,,,,,,,,,,,,,,,,,,,,,,
4138,5760,180,Central Slopes,1000,3.62,3.66,0.12,1.08,0.07,0.11,4.17,1.07,2.84,3.69,7.77,11.62,18.54,7.93,6.86,0.94,0.11,0,0,0,0,3.96,7.51,8.79,1.25,0.01,0.02,0.03,0,0.16,2.22,1.85,,,,,,,,,,,,,,,,,,,,,,,,
4139,5760,180,Central Slopes,1000,3.57,3.07,10.91,17.06,13.05,5.48,1.41,2.33,0.74,1.22,3.66,2.45,1.19,1.75,1.01,1.16,2.14,1.8,1.55,1.15,0.37,0.22,0.26,1.2,7.86,3.17,0.36,0,0.03,0,6.06,3.77,,,,,,,,,,,,,,,,,,,,,,,,
4140,5760,180,Central Slopes,1000,0.02,0.07,0.29,0.12,0.09,0.31,0.12,0.01,13.02,1.35,2.07,0,0,0.02,2.53,9.09,2.73,7.25,3.79,14.88,11.3,8.79,5.53,5.82,1.84,0.47,0.24,3.23,0.39,1,2.24,1.39,,,,,,,,,,,,,,,,,,,,,,,,
4141,5760,180,Central Slopes,1000,0,0.07,0.03,0,0.19,0,0.11,0.06,0.81,1.61,1.5,1.56,1.36,2.37,1.7,2.61,4.66,10.86,12.19,8.09,4.04,7.1,5.76,8.35,5.66,5.34,3.2,2.17,2.1,3.69,1.35,1.46,,,,,,,,,,,,,,,,,,,,,,,,
4142,5760,180,Central Slopes,1000,0.95,0.97,3.96,6.08,3.05,0.06,0.08,0,1.86,11.58,6.32,2.69,0.21,2.13,1.64,1.98,1.26,17.67,17.05,2.18,0.85,1.85,0.19,4,0.33,4.84,1.8,2.92,0.43,0.09,0.91,0.07,,,,,,,,,,,,,,,,,,,,,,,,
4143,5760,180,Central Slopes,1000,7.99,6.73,1.65,2.99,0.47,2.48,10.5,12.11,8.66,4.03,1.25,0.74,0.85,1.34,3.83,2.16,1.82,0.51,0.07,2.28,5.7,8.15,2.74,0.06,0,0.16,0.24,0.65,5.18,4.31,0.11,0.24,,,,,,,,,,,,,,,,,,,,,,,,
4144,5760,180,Central Slopes,1000,0,0,0,0.44,1.41,0.21,5.87,8.38,10.28,9.15,2.17,2.84,9.12,4.38,1.49,0.79,1.27,1.96,4.6,7.16,4.08,0.79,3.24,5.01,0.88,0.79,0.69,1.35,2.82,4.75,2.62,1.46,,,,,,,,,,,,,,,,,,,,,,,,
4145,5760,180,Central Slopes,2500,0.39,0.05,0,0.31,1.74,10.67,4.6,1.22,0.04,0.62,0,0.07,5.92,0.3,0.05,0.54,0.83,3.04,0.28,0.2,0.9,16.3,4.43,3.46,1.55,1.7,5.62,4.81,12.76,14.72,2.83,0.05,,,,,,,,,,,,,,,,,,,,,,,,
4146,5760,180,Central Slopes,2500,4.99,1.62,0.76,0.6,1.23,1.62,0.45,3.02,4.36,9.2,5.79,0.14,0,0,0,0.06,0.08,14,22.13,16.89,1.7,0,0.08,0.08,0,9.66,0.88,0.05,0.2,0.17,0.16,0.08,,,,,,,,,,,,,,,,,,,,,,,,
4147,5760,180,Central Slopes,2500,0.45,0.3,0.5,0.47,0.87,2.6,2.01,4.79,2.14,1.45,1.62,1.87,2.07,2.91,1.65,0.54,7.73,17.08,15.45,12.04,2.1,0.99,1,2.63,1.85,2.34,2.45,1.7,0.8,2.75,2.14,0.71,,,,,,,,,,,,,,,,,,,,,,,,
4148,5760,180,Central Slopes,2500,0,0,0,0,2.94,8.63,1.29,0.61,0,0.08,0.01,0.8,6.76,12.28,4.46,0.94,0.58,1.54,3.66,7.66,7.19,8.24,1.93,0.84,0.49,0.96,1.89,7.96,6.95,8.49,2.53,0.29,,,,,,,,,,,,,,,,,,,,,,,,
4149,5760,180,Central Slopes,2500,4.86,3.5,1.43,2.55,2.94,6.21,11.28,10.18,6.38,2.54,1.78,1.21,1.42,1.03,1.06,2.28,5.08,6.32,5.97,3.52,3.77,0.66,0.55,1.13,3.59,1.64,1.43,0.1,0.98,1.27,0.91,2.43,,,,,,,,,,,,,,,,,,,,,,,,
4150,5760,180,Central Slopes,2500,0,0.04,0,7.28,7.96,12.76,6.38,5.84,1.59,5.21,3.38,3.84,4.88,7.21,5.69,1.36,0.73,0.95,1.86,2.29,4.93,0.5,0.43,6.06,4.26,0.35,0.64,0.52,0.17,0.13,2.76,0,,,,,,,,,,,,,,,,,,,,,,,,
4151,5760,180,Central Slopes,2500,2.22,3.1,1.5,0.36,5.76,4.27,1.74,0.05,0.05,0.08,4.91,13.63,3.84,1.45,0.3,2.8,3.11,0.19,3.43,24.5,5.49,1.45,1.54,1.2,0.31,3.12,1.26,3.74,2.64,0.94,0.35,0.67,,,,,,,,,,,,,,,,,,,,,,,,
4152,5760,180,Central Slopes,2500,0.03,0.1,0.15,0.18,0,0.31,0.05,0.19,12.61,0.4,1.51,0,0,0.6,2.93,9.51,1.79,4.93,9.44,14.71,10.14,8.72,6.26,5.94,0.84,0.18,1.73,2.24,0.15,1.62,1.41,1.33,,,,,,,,,,,,,,,,,,,,,,,,
4153,5760,180,Central Slopes,2500,3.14,3.76,5.53,10.92,7.4,3.6,0.87,3.19,2.49,1.54,0.13,0.49,1.51,5.15,3.26,2.51,3.49,5.89,9.99,12.13,1.6,2.47,1.27,2.36,1.37,0.98,1.39,0.69,0.64,0.21,0,0.03,,,,,,,,,,,,,,,,,,,,,,,,
4154,5760,180,Central Slopes,2500,5.67,18.49,14.18,7.62,2.82,1.93,1.42,0.79,3.89,2.49,1.89,1.93,2.51,1.29,2.63,2.24,2.02,1.46,0.96,0.21,0.38,0.61,6.61,4.6,0.77,0.02,0,0.06,0.36,10.05,0.1,0,,,,,,,,,,,,,,,,,,,,,,,,
4155,5760,180,Central Slopes,5000,5.95,4.81,6.06,5.35,6.61,4.78,4.66,1.29,1.47,6.54,11.44,5.92,5.16,1.64,0.22,0.65,1.6,2.42,0.87,1.41,1.5,1.28,1.71,2.27,2,3.35,2.03,3.13,2.57,0.8,0.19,0.32,,,,,,,,,,,,,,,,,,,,,,,,
4156,5760,180,Central Slopes,5000,0,0.09,0.63,9.92,5.48,2.63,0.11,0.54,0,0.01,4.91,0.28,0.14,0.34,1.13,2.78,0.34,0.27,0.48,12.28,5.88,3.33,2.78,2.07,3.29,7.85,13.45,6.91,11.66,0.37,0.02,0.03,,,,,,,,,,,,,,,,,,,,,,,,
4157,5760,180,Central Slopes,5000,0,0.02,0.01,0.03,0.48,1.18,1.35,2.93,2.45,9.86,6.47,6.34,0.38,1.31,1.06,12.96,8.75,4.85,0.3,0,0.19,0.12,4.56,3.27,0.52,0.23,1.43,8.53,6.65,11.99,1.72,0.06,,,,,,,,,,,,,,,,,,,,,,,,
4158,5760,180,Central Slopes,5000,5.72,6.4,0.85,0.37,0.07,0.02,0.24,6.2,7.06,10.7,1.47,0.67,0.47,2.23,5.27,7.68,7.76,5.11,1.54,0.11,0.68,0.79,2.84,9.26,7.62,6.66,1.89,0.12,0.09,0.02,0.02,0.07,,,,,,,,,,,,,,,,,,,,,,,,
4159,5760,180,Central Slopes,5000,1.06,1.5,1.59,1.88,2.02,4.29,4.86,4.6,4.68,4.63,4.32,2.56,1.57,3.63,5.83,7.55,8.05,8.38,5.56,2.9,1.89,1.57,1.04,1,4.3,1.36,2.8,1.53,1.9,0.59,0.09,0.47,,,,,,,,,,,,,,,,,,,,,,,,
4160,5760,180,Central Slopes,5000,0.53,0.06,0.17,0.71,8.49,3.53,0.2,0.04,0.05,1.73,3.8,1.54,8.15,12.55,11.99,6,7,6.17,3.12,1.29,1.11,1.58,0.76,2.44,2.01,2.75,1.01,1.04,3.46,2.65,2.88,1.19,,,,,,,,,,,,,,,,,,,,,,,,
4161,5760,180,Central Slopes,5000,0,0,0,0,0,0,0,1.28,3.42,0.05,0,0.02,0,0,2.25,19.74,12.31,8.89,3.72,3.79,9.54,13.04,7.79,0.27,0.06,0.7,0.01,0.01,0.01,1.9,8.42,2.78,,,,,,,,,,,,,,,,,,,,,,,,
4162,5760,180,Central Slopes,5000,11.19,1.69,0.7,2.5,1.99,4.17,9.49,16.86,9.85,2.36,0.95,0.09,0.14,0.32,0.23,0.41,4.05,4.18,2.59,1.58,4.62,0.72,0.06,4.84,1.19,4.3,2.87,0.2,4.01,1.15,0.6,0.1,,,,,,,,,,,,,,,,,,,,,,,,
4163,5760,180,Central Slopes,5000,1.65,1.33,0.74,0.52,0.91,0.44,0.08,2.06,2.43,2.16,5.55,3.46,2.4,2.28,16.39,4.29,1.42,1.2,0.07,0.56,0.75,2.15,16.79,10.31,1.17,0.13,0.79,4.12,8.53,3.22,1.09,1.01,,,,,,,,,,,,,,,,,,,,,,,,
4164,5760,180,Central Slopes,5000,2.24,3.49,1.58,0.46,4.63,4.89,1.62,0.03,0.06,0.11,6.5,14.2,2.72,1.5,0.39,3.68,3.42,0.22,3.82,22.99,5.21,1.87,1.68,1.38,0.37,2.34,1.34,3.19,2.31,0.8,0.33,0.63,,,,,,,,,,,,,,,,,,,,,,,,
4165,5760,180,Central Slopes,10000,1.55,2.02,5.1,4.26,5.12,4.42,5.73,4,5.31,2.23,2.15,6.11,11.99,6.01,4.49,1.38,0.17,1.35,2.33,1.59,0.73,0.68,0.94,1.15,1.39,2.13,1.61,2.82,2.07,3.7,3.63,1.84,,,,,,,,,,,,,,,,,,,,,,,,
4166,5760,180,Central Slopes,10000,0.94,0.88,0.99,1.89,2.56,1.33,1.11,2.34,3.7,5.76,7.72,6.24,5.28,8.86,10.4,11.77,7.38,3.83,4.19,1.84,2.26,3.22,3,1.25,0.39,0.2,0.12,0.22,0.12,0.05,0.09,0.07,,,,,,,,,,,,,,,,,,,,,,,,
4167,5760,180,Central Slopes,10000,2.35,1.26,2.01,3.62,4.72,3.37,3.66,4.33,5.86,5.17,3.53,4.3,1.51,2.33,2.6,5.03,3.49,3.47,2.14,1.59,2.04,3.34,3.2,3.39,4.49,3.44,3.01,3.21,1.79,2.36,3.09,0.3,,,,,,,,,,,,,,,,,,,,,,,,
4168,5760,180,Central Slopes,10000,2.27,2.1,2.6,1.4,2.64,4.49,2.94,4.16,1.38,1.03,0.3,0.42,0.52,2.25,4.83,6.47,3.66,10.86,10.48,7.88,3.51,4.08,1.41,1.59,7.71,0.84,2.23,1.65,1.29,1.24,0.83,0.94,,,,,,,,,,,,,,,,,,,,,,,,
4169,5760,180,Central Slopes,10000,0.02,0,0,0,0,0,0,8.61,5.11,0.46,0.04,0.05,0.02,0.22,0.63,6.67,0.75,1.31,7.56,3.45,0.29,0.09,1.25,7.44,12.41,18.74,13.48,2.9,1.56,0.61,3.37,2.96,,,,,,,,,,,,,,,,,,,,,,,,
4170,5760,180,Central Slopes,10000,2.18,0,0.07,0.04,0.06,0.46,0.35,42.87,11.65,1.46,0.17,0.01,0.05,0.05,12.91,3.15,5.01,0.68,0.19,0.01,2.83,1.24,2.47,2.21,5.27,2.96,0.51,0,0,0.63,0.04,0.47,,,,,,,,,,,,,,,,,,,,,,,,
4171,5760,180,Central Slopes,10000,3.3,13.22,2.77,0.42,0.33,0.31,8.58,8.3,12.91,5.63,1.49,0.05,0.04,0,0.05,1.84,5.01,4,0.68,0.18,0.41,0.37,1.05,4.59,12.18,2.81,0.64,0.28,0.29,2.51,3.03,2.73,,,,,,,,,,,,,,,,,,,,,,,,
4172,5760,180,Central Slopes,10000,1.75,4.74,0.58,0.06,0.01,0.14,0.36,3.53,2.8,3.88,3.22,6.78,6.99,8.54,5.21,4.1,4.96,5.34,6.41,6.19,5.08,3.37,2.5,3.11,4.34,2.89,0.88,0.6,0.28,0.36,0.66,0.34,,,,,,,,,,,,,,,,,,,,,,,,
4173,5760,180,Central Slopes,10000,0,0,0,0,0.24,1.07,0.59,4.06,6.2,3.55,5.15,4.57,1.8,2.35,3.58,4.27,7.09,7.49,10.35,8.75,7.18,4.44,5.2,4.79,3.99,0.55,0.03,0.3,0.07,0.03,0.33,1.98,,,,,,,,,,,,,,,,,,,,,,,,
4174,5760,180,Central Slopes,10000,9.51,2.77,0.07,0.14,0.04,1.93,4.17,2.12,9.02,13.66,11.72,5.86,5.97,5.72,2.91,1.04,1.02,1.67,1.13,2.01,1.73,3.32,0.88,0.8,2.91,3.08,2.57,1.22,0,0.82,0.19,0,,,,,,,,,,,,,,,,,,,,,,,,
4175,5760,180,Central Slopes,20000,0.07,0.48,1.2,2.3,1.81,1.86,1.14,0.98,1.52,2.52,2.72,1.81,3.47,4.39,7.47,7.62,7.97,6.21,6.92,8.63,7.03,6.28,3.29,2.72,2.56,1.5,1.77,1.68,0.96,0.51,0.45,0.16,,,,,,,,,,,,,,,,,,,,,,,,
4176,5760,180,Central Slopes,20000,1.21,1.8,4.54,4.54,5.09,4.87,5.3,4.39,5.47,1.72,2.47,4.3,8.05,5.14,4.48,3.37,1.29,1.87,2.63,2.06,0.88,1.01,1.35,1.5,1.89,1.77,2.14,2.95,2.53,3.63,3.92,1.84,,,,,,,,,,,,,,,,,,,,,,,,
4177,5760,180,Central Slopes,20000,0.01,0.24,1.06,2.68,2.03,5.46,3.62,4.51,3.77,2.89,3.11,4.07,4.81,6.3,6.37,8,6.36,8.37,4.15,3,3.49,5.09,2.68,2.07,1.46,0.99,0,0.2,0.91,1.19,0.55,0.56,,,,,,,,,,,,,,,,,,,,,,,,
4178,5760,180,Central Slopes,20000,0.32,0.96,0.28,1.26,1.19,1.93,4.67,3.61,1.82,3.9,4.15,5.33,4.12,5.87,6.49,8,8.34,7.2,7.24,7.06,3.38,3.8,3.39,1.93,2.05,0.85,0.31,0.25,0.2,0.03,0.01,0.06,,,,,,,,,,,,,,,,,,,,,,,,
4179,5760,180,Central Slopes,20000,1.78,1.91,2.81,1.55,1.78,4.81,3.18,4.6,1.82,1.56,0.72,0.48,0.53,2.86,3.75,6.68,3.53,9.54,9.67,7.92,5.82,2.9,1.77,1.95,4.99,2.14,2.35,1.64,1.52,1.45,0.92,1.07,,,,,,,,,,,,,,,,,,,,,,,,
4180,5760,180,Central Slopes,20000,2.06,1.34,3.79,3.76,3.25,1.04,5.83,9.99,11.46,6.53,4.99,2.43,1,2.69,4.31,4.15,5.07,3.69,4.68,2.69,1.62,0.75,1.18,0.99,2.46,2.31,0.83,0.87,0.7,1.21,1.33,1,,,,,,,,,,,,,,,,,,,,,,,,
4181,5760,180,Central Slopes,20000,0.1,1.66,3.57,6.03,5.07,4.26,2.24,2.76,2.38,2.86,1.67,2.1,2.98,5.21,2.22,0.53,0.78,1.83,4.97,4.9,1.18,1.58,1.71,2.6,8,12.99,8.82,4.62,0.09,0.21,0.07,0.01,,,,,,,,,,,,,,,,,,,,,,,,
4182,5760,180,Central Slopes,20000,2.42,4.37,3.74,2.36,0.33,0.67,0.81,0.51,1.28,2.81,3.58,3.52,5.79,8.12,9.16,10.5,6.32,4.45,5.73,7.17,1.41,0.16,0.28,1.1,1.1,1.66,0.81,1.33,3.06,2.29,1.43,1.73,,,,,,,,,,,,,,,,,,,,,,,,
4183,5760,180,Central Slopes,20000,0.62,0.29,3.9,0.51,0.12,2.39,1.45,1.74,5.15,3.23,3.1,1.26,1.76,2.56,1.57,1.08,10.33,19.41,6.71,6.75,0.43,1.64,2.75,4.7,0.3,0.01,0.01,0.02,0.02,0.63,9.67,5.89,,,,,,,,,,,,,,,,,,,,,,,,
4184,5760,180,Central Slopes,20000,0,0,0,0,0.61,9.12,1.16,0.08,0.26,0.3,0.26,0.73,5.79,3.71,5.41,8.91,9.15,4.22,0.86,0.57,3.31,8.47,9.93,10.66,7.64,2.92,1.29,1.35,2.09,1.16,0.03,0.01,,,,,,,,,,,,,,,,,,,,,,,,
4185,5760,180,Central Slopes,40000,0.69,1.43,2.32,1.78,1.64,1.28,1.45,2.05,2.91,2.71,1.78,3.16,4.33,6.36,6.55,6.56,5.39,6.45,8.74,8.02,7.45,3.69,3.03,2.23,1.39,2.18,1.87,1.17,0.53,0.45,0.19,0.22,,,,,,,,,,,,,,,,,,,,,,,,
4186,5760,180,Central Slopes,40000,0.8,2.07,5.61,5.47,5.11,5.17,5.32,7.93,8.41,5.99,4.95,3,0.92,0.68,0.4,0.08,0.22,0.75,0.25,2.78,5.25,3.53,4.61,5.61,6.07,2.5,0.43,0.53,0.9,3.02,1.49,0.15,,,,,,,,,,,,,,,,,,,,,,,,
4187,5760,180,Central Slopes,40000,1.14,1.91,4.59,4.72,5.42,5.17,5.4,4.79,6.64,2.2,2.93,4.1,7.42,4.68,3.96,3.65,1.72,2.15,2.27,1.99,0.97,1.14,1.36,1.35,1.76,1.56,1.86,2.47,2.16,3.18,3.57,1.77,,,,,,,,,,,,,,,,,,,,,,,,
4188,5760,180,Central Slopes,40000,0.54,0.41,0.95,0.91,0.14,0.05,0.26,1.23,1.73,2.26,2.31,1.56,2.98,1.03,1.37,3.21,12.71,3.44,9.19,9.04,9.81,8.36,2.4,2.72,3.52,0.71,0.64,3.54,3.32,4.65,4.16,0.85,,,,,,,,,,,,,,,,,,,,,,,,
4189,5760,180,Central Slopes,40000,2.5,3.9,4.3,5.24,6.76,8.1,7.91,5.25,3.69,0.99,0.43,1.23,2.58,2.27,5.32,5.62,2.11,2.13,1.81,2.13,3.51,3.62,2.47,1.23,1.31,2.11,1.17,0.43,1.49,2.47,5.15,0.77,,,,,,,,,,,,,,,,,,,,,,,,
4190,5760,180,Central Slopes,40000,2.31,1.58,3.83,2.89,3.31,1.25,5.27,10.18,11.65,5.03,5.01,2.79,1.56,2.3,3.83,4.48,5.47,3.97,4.44,3.58,1.84,1.3,1.56,1.36,2.07,1.95,0.73,0.84,0.67,1.14,1.04,0.77,,,,,,,,,,,,,,,,,,,,,,,,
4191,5760,180,Central Slopes,40000,0.07,0.3,0.38,0.25,1.49,3.01,3.83,6.17,5.42,5.9,5.71,4.93,3.24,1.45,1.64,2.58,5.89,6.03,1.8,0.56,0.27,0.21,1.91,2.79,0.83,0.26,1.3,4.24,9.02,11.7,6.32,0.5,,,,,,,,,,,,,,,,,,,,,,,,
4192,5760,180,Central Slopes,40000,0.24,0.8,2.08,1.83,5.24,3.19,4.37,3.69,2.85,2.96,3.88,4.46,5.86,6.5,7.86,6.89,9.76,4.23,2.97,3.81,5.51,2.29,1.93,1.21,0.93,0,0.39,1.31,1.38,0.95,0.61,0.02,,,,,,,,,,,,,,,,,,,,,,,,
4193,5760,180,Central Slopes,40000,1.46,9.19,9.8,8.01,5.38,1.41,2.09,0.87,1.15,3.92,1.32,3.17,2.68,1.33,1.49,2.08,4.79,1.02,0.86,1.23,2.65,4.52,4.12,2.2,0.24,1.73,1.42,9.8,6.52,2.98,0.23,0.34,,,,,,,,,,,,,,,,,,,,,,,,
4194,5760,180,Central Slopes,40000,0.27,3.14,0.45,0.29,1.78,1.91,1.89,4.29,2.54,3.38,2.07,2.01,2.39,1.14,1.31,8.39,20.09,7.99,6.92,0.46,1.42,2.62,5.03,0.97,0,0.01,0.02,0.02,0.56,10.17,6.13,0.34,,,,,,,,,,,,,,,,,,,,,,,,
4195,7200,180,Central Slopes,100,0.71,0.16,0.35,0.44,2.59,0.64,0.34,2.2,0.66,0.07,0,0.25,0.53,0.38,0.09,0.3,0.07,0.74,0.53,0.21,0.38,1.12,2.39,3.62,4.35,2.36,3.51,6.46,10.73,13.75,7.3,4.29,0.96,1.24,0.57,0.03,1.58,4.14,12.8,7.16,,,,,,,,,,,,,,,,
4196,7200,180,Central Slopes,100,1.01,5.07,0.56,1.38,3.47,0.77,1.5,0.23,0.33,3.14,3,0.47,0.29,1.54,1.21,4.39,2.57,4.33,2.39,0.37,0.08,0.07,0.02,0.04,0.83,0.74,0.27,0.46,4.19,5.49,4.13,2.37,10.41,7.69,3.7,4.35,12.1,5.04,0,0,,,,,,,,,,,,,,,,
4197,7200,180,Central Slopes,100,1.27,1.25,1.63,1.26,1.73,1.98,0.96,0.91,0.26,1.3,2.67,3.49,3.22,0.09,0.7,0.47,0.27,0.27,0.44,0.74,0.71,1.17,0.56,0.71,1.19,1.57,5.44,2.29,3.08,6.84,4.45,4.29,1.15,2.07,2.54,3.77,4.34,6.54,11.64,10.74,,,,,,,,,,,,,,,,
4198,7200,180,Central Slopes,100,1.13,8.19,3.72,1.3,2.32,2.26,5.26,0.14,0.01,0.09,0.62,1.39,15.17,14.89,1.51,0.83,1.47,0.95,2.54,6.69,3.81,0.6,0.18,0.04,0.08,0.16,0.81,3.03,2.72,3.79,3.66,1.96,0.13,0.51,0.8,2.58,2.8,0.04,0.26,1.56,,,,,,,,,,,,,,,,
4199,7200,180,Central Slopes,100,0.9,3.78,0.67,1.39,9.83,19.69,4.47,0.19,0.14,0.79,0.28,1.62,4.96,4.13,3.71,0.81,0.55,4.27,1.29,0.3,2.19,1.73,2.35,1.44,4.34,2.21,0.72,4.55,3.66,2.73,0.21,0.66,0.52,1.3,0.43,2.36,1.01,2.75,0.86,0.21,,,,,,,,,,,,,,,,
4200,7200,180,Central Slopes,100,0.7,2.38,2.88,0.52,0.78,0.95,1.57,0.46,2.78,2.86,3.23,1.57,2.18,3.58,0.55,3,1.86,0.49,0.18,7.51,0.79,3.1,3.46,0.4,6.98,10.41,1.72,8.44,3.06,1.11,2.95,0.99,2.52,1.33,0.98,5.14,2.2,1.48,1.11,1.8,,,,,,,,,,,,,,,,
4201,7200,180,Central Slopes,100,0.51,0.59,0.63,0.07,0.02,0.6,0.02,0.07,2.07,3.67,9.29,5.75,5.85,1.35,3.83,3.73,0.21,1.35,3.35,3.63,5.65,4.59,3.77,8.3,7.55,3.04,1.49,0.65,6.63,0.29,0.64,3.87,4.35,0.32,0,0.01,0.7,0.24,0.95,0.37,,,,,,,,,,,,,,,,
4202,7200,180,Central Slopes,100,3.74,4.7,4.16,2.86,2.58,6.48,1.01,2.77,5.58,1.35,1.86,3.99,2.29,1.32,1.16,2.47,5.07,1.62,1.14,0.93,3.2,3.44,3.34,3.45,3.8,3.29,4.78,3.7,3.53,2.5,1.25,0.7,0.09,0.35,0.02,0.42,0.38,0.05,2.67,1.96,,,,,,,,,,,,,,,,
4203,7200,180,Central Slopes,100,0.12,0.05,0.2,2.08,0.2,1.37,1.43,0.79,2.15,6.94,7.09,15.86,0.89,0.71,6,11.24,5.21,2.86,3.34,2.01,0.17,1.83,4.62,8.16,4.3,1.81,1.15,1.92,1.14,1.12,0.52,0.44,0.91,0.34,0.21,0,0.74,0.08,0,0,,,,,,,,,,,,,,,,
4204,7200,180,Central Slopes,100,0,0,0,0,6.13,6.63,0.11,0.34,2.53,0.03,0.57,0.81,3.28,7.6,1.7,0.91,0.15,0,0.29,1.02,3.56,4.12,6.96,5.24,1.68,0.45,0.11,2.45,1.99,0.59,1.65,3.79,10.92,11.64,9.39,1.73,0.87,0.65,0.11,0,,,,,,,,,,,,,,,,
4205,7200,180,Central Slopes,200,1.35,0.95,1.14,2.17,4.27,6.71,8.03,3.41,2.27,4.24,4.34,6.03,3.32,3.76,1.55,1.7,2.04,1.51,0.95,0.91,1.67,1.42,4.17,1.5,0.68,0.99,0.41,0.63,0.34,0.51,1.84,1.05,0.38,0.5,0.89,3.37,4.97,4.2,7.11,2.72,,,,,,,,,,,,,,,,
4206,7200,180,Central Slopes,200,5.47,3.27,1.67,2.22,2.05,6.62,10.45,7.56,5.36,2.18,1.75,1.28,1.42,1.13,1.28,3.19,3.67,6.98,6.72,5.04,3.22,0.68,0.75,2,3.55,2.17,1.17,0,0.33,1.35,0.39,3.51,0.63,0.01,0,0.02,0.06,0,0,0.85,,,,,,,,,,,,,,,,
4207,7200,180,Central Slopes,200,0.04,0.22,0.21,0.07,0.22,0.43,1.46,16.36,1.08,0.3,0.34,0.3,0.44,1.06,0.85,48.82,0.3,0.12,0.19,0.29,0.05,0.08,0.2,18.89,0.07,0.31,0.27,0.03,0,0,0,6.14,0,0,0,0,0,0,0,0.86,,,,,,,,,,,,,,,,
4208,7200,180,Central Slopes,200,0.04,0.01,0.1,0.21,0.65,3.19,3.68,3.7,2.57,3.19,2.17,1.54,4.51,4.74,4.5,3.16,4.32,3.64,5.75,6.23,6.65,7.52,6.6,4.93,3.12,1.89,2.16,2.05,1.62,1.36,0.99,0.47,0.78,0.74,1.09,0.13,0,0,0,0,,,,,,,,,,,,,,,,
4209,7200,180,Central Slopes,200,0.13,0.12,0.02,0.02,0.06,0.55,0.96,1.61,2.84,1.87,5.04,11.54,5.71,7.61,6.98,5.77,2.55,1.24,7.56,1.62,0.94,0.18,0.45,0.59,0.16,0.05,0.29,2.76,3.89,2.65,5.83,3.81,1.26,3.1,6.78,1.42,1.71,0.03,0,0.3,,,,,,,,,,,,,,,,
4210,7200,180,Central Slopes,200,1.45,0.77,1.67,1.51,0.74,0.93,0.88,1.71,3.42,3.15,2.97,0.78,0.66,1.19,0.33,0.93,3.14,3.69,3.24,3.75,6.43,8.84,11.89,9.71,5.4,3.98,0.53,0.75,0.18,0.03,0.58,1.07,1.04,1.47,0.86,2.91,3.24,0.91,2.27,1,,,,,,,,,,,,,,,,
4211,7200,180,Central Slopes,200,3.37,4.21,4.78,1.08,1.66,1.44,2.87,2.64,3.2,3.1,3.98,4.12,6.81,3.74,3.14,5.15,3.1,4.59,0.35,1.39,1.28,2.66,0.81,1.1,3.27,2.62,0.42,0.2,1.97,1.19,1.04,1.22,2.26,0.14,0.25,0.98,1.14,3.24,3.59,5.9,,,,,,,,,,,,,,,,
4212,7200,180,Central Slopes,200,1.44,1.03,1.77,0.73,2.02,1.66,0.73,0.69,0.39,1.7,3.96,3.95,2.47,0.12,0.81,0.52,0.24,0.25,0.38,1.28,0.45,1.33,0.82,0.96,1.23,2.89,4.49,2.15,4.78,5.96,4.74,2.67,1.75,2.34,2.96,5.6,4.4,7.11,9.84,7.39,,,,,,,,,,,,,,,,
4213,7200,180,Central Slopes,200,0.25,2.24,5.82,1.77,0.11,0.01,0.11,0.53,0.19,0.87,0.89,1.77,9.56,4.21,1.76,1.89,2.9,2.8,0.9,0.64,1.65,0.48,1.28,3.92,2.88,1.71,3.53,3.5,3.22,1.52,3.44,4.46,6.75,6.08,3.06,3.92,2.42,5.91,0.91,0.14,,,,,,,,,,,,,,,,
4214,7200,180,Central Slopes,200,8.24,2.59,0.64,0.9,1.08,2.62,1.04,1.62,1.88,1.07,0.38,0.47,1.24,2.75,2.98,4.12,3.67,2.36,1.13,2.3,1.8,4.49,11.2,11.75,6.63,0.8,2.33,2.92,0.33,0,0.43,4.37,0.19,0.21,0.58,1.12,0.06,0.06,4.99,2.66,,,,,,,,,,,,,,,,
4215,7200,180,Central Slopes,500,0.18,0.99,0.57,3.05,0.02,0.06,0.01,0.07,0.7,5.81,2.38,6.29,7.66,14.39,6.39,6.8,3.81,6.41,4.66,3.11,2.73,3.78,2.74,3.19,1.9,2.63,3.35,1.56,1.19,0.54,0.24,0.63,0.89,0.31,0.06,0.58,0.13,0.03,0.09,0.07,,,,,,,,,,,,,,,,
4216,7200,180,Central Slopes,500,5.91,3.18,1.63,2.69,2.63,7.14,11.19,8.03,5.51,2.15,1.67,1.26,1.34,0.9,1.06,2.82,3.71,6.8,6.26,4.35,2.9,0.71,0.79,1.87,3.6,2.12,1.33,0.02,0.26,1.03,0.53,3.21,0.42,0.05,0,0.03,0.03,0,0,0.87,,,,,,,,,,,,,,,,
4217,7200,180,Central Slopes,500,1.27,0.77,1.42,1.31,0.79,0.74,0.67,1.07,2.63,4.06,2.25,1.26,0.41,1.3,0.42,0.45,1.71,4.09,3.87,2.74,5.66,8.44,10.73,12.64,6.54,7.09,2.02,1.25,0.25,0.03,0.24,0.96,0.9,1.46,0.81,0.83,3.32,0.66,1.48,1.46,,,,,,,,,,,,,,,,
4218,7200,180,Central Slopes,500,0.58,1.23,1.41,0.26,0.12,0.16,0.79,0.39,0.67,1.43,1.07,0.9,0.87,1.31,3.43,2.98,0.72,3.01,1.45,1.38,2.46,0.92,2.84,4.95,4.06,4.91,7.97,6.33,3.56,5.95,10.41,2.51,7.56,7.17,3.05,0.2,0,0,0.17,0.82,,,,,,,,,,,,,,,,
4219,7200,180,Central Slopes,500,1.52,1.1,1.55,0.8,1.89,1.42,0.74,1.14,0.39,1.99,4.11,4.06,2.18,0.15,0.88,0.58,0.2,0.27,0.41,1.31,0.52,1.04,0.89,1,1.22,3.29,4.56,2.36,4.75,5.89,5.23,2.72,1.7,2.29,3.23,5.26,4.11,6.28,9.92,7.05,,,,,,,,,,,,,,,,
4220,7200,180,Central Slopes,500,0.43,0.58,4.39,8.6,2.21,0.53,0.16,0.79,1.29,0.42,1.02,1.57,2.24,8.97,3.18,1.48,1.19,1.66,1.26,0.29,0.21,0.73,0.27,0.66,2.22,1.02,1.55,5.31,2.93,2.47,1.89,2.86,3.28,5.29,6.93,3.33,4.13,2.09,6.84,3.73,,,,,,,,,,,,,,,,
4221,7200,180,Central Slopes,500,0,0.11,0.06,0,0.01,1.04,1.22,1.13,0.44,1.3,0.91,2.27,4.16,3.45,2.68,3.11,0.92,0.76,0.34,0.88,0.52,1.49,1.63,2.62,7.27,7.01,7.35,4.56,4.17,4.57,3.9,3.28,2.7,5.33,9.22,1.99,1.66,1.18,2.45,2.31,,,,,,,,,,,,,,,,
4222,7200,180,Central Slopes,500,1.03,1.51,0.27,0.39,1.43,1.02,0.27,0.17,0.67,0.53,2.37,1.41,0.35,0.41,0.69,2.28,1.06,3.11,2.58,0.68,0.53,0.93,3.07,3.57,3.52,1.94,5.2,4.84,3.97,2.8,5.24,5.52,5.68,7.82,7.73,4.09,2.91,4.11,2.46,1.84,,,,,,,,,,,,,,,,
4223,7200,180,Central Slopes,500,0.35,0.32,0.3,0.33,1.19,4.82,2.99,0.66,0.39,2.06,8.18,5.06,2.43,2.65,1.95,1.26,0.72,1.63,2.05,4.61,11.44,5.01,1.67,4.27,2.64,3.3,1.57,4.37,3.95,2.18,1.1,3.8,2.89,1.08,0.59,1.09,3.68,0.64,0.33,0.45,,,,,,,,,,,,,,,,
4224,7200,180,Central Slopes,500,0.63,3.5,1.1,1.5,10.52,15.19,4.29,0.31,0.46,1.76,0.29,2.11,5.33,3.48,4.06,1.53,1.39,3.21,1.37,0.34,1.75,1.67,2.52,1.96,2.91,1.18,0.91,3.99,4.01,2.89,0.2,1.02,0.85,1.14,0.63,2.35,1.61,3.37,2.3,0.37,,,,,,,,,,,,,,,,
4225,7200,180,Central Slopes,1000,3.59,3.06,10.88,17.01,13.02,5.46,1.4,2.33,0.74,1.22,3.65,2.44,1.18,1.75,1.01,1.16,2.14,1.8,1.54,1.14,0.37,0.22,0.26,1.2,7.85,3.17,0.36,0,0.03,0,6.04,3.76,0,0,0,0,0.12,0.06,0.02,0.02,,,,,,,,,,,,,,,,
4226,7200,180,Central Slopes,1000,1.9,3.83,6.85,7.44,1.99,3.68,0.39,1.96,8.31,12.29,8.19,3.39,0.52,0.43,0.46,1.23,3.53,1.88,1.94,0.48,0.11,2.9,6.13,7.94,2.21,0.08,0.01,0,0.03,1.04,4.91,3.28,0.18,0.14,0.02,0.01,0,0.31,0.01,0,,,,,,,,,,,,,,,,
4227,7200,180,Central Slopes,1000,0.86,1.05,1.27,1.93,0.78,0.54,1.05,0.36,0.48,0.99,1.03,0.5,0.82,1,1.05,0.98,1.97,1.06,0.95,0.83,1.16,2.22,4.44,2.59,2.52,0.4,1.08,0.92,0.46,1.44,4.29,4.04,2.96,5.27,8.09,9.7,13.6,6.84,5.67,2.81,,,,,,,,,,,,,,,,
4228,7200,180,Central Slopes,1000,0.59,0.19,0.89,0.56,1.27,2.05,1.69,2.35,1.96,1.23,0.63,0.44,0.64,0.7,0.83,1.38,1.87,4.69,4.07,4.02,6.19,5.02,5.85,4.06,3.21,4.14,7.35,8.38,3.63,1.74,1.39,3.08,1.56,1.41,0.43,3.04,4.91,1.75,0.17,0.64,,,,,,,,,,,,,,,,
4229,7200,180,Central Slopes,1000,0.3,1.3,2.18,0.55,0.03,0.11,0.3,0.77,0.86,1.84,0.98,1.03,1.7,1.2,4.45,2.87,0.62,2.89,1.64,1.26,3.02,1.1,2.95,4.64,3.86,5.32,9.04,9.13,2.78,6.25,9.53,1.82,5.91,5.04,1.61,0.09,0,0,0.13,0.9,,,,,,,,,,,,,,,,
4230,7200,180,Central Slopes,1000,1.34,1.3,1.44,1.05,1.82,1.49,0.95,0.97,0.33,1.83,3.13,3.48,2.29,0.11,0.76,0.51,0.26,0.23,0.45,1.11,0.48,0.96,0.59,0.89,1.05,2.51,4.83,2.02,3.65,6.53,4.54,3.47,1.52,1.99,2.4,4.88,3.54,6.92,13.63,8.75,,,,,,,,,,,,,,,,
4231,7200,180,Central Slopes,1000,1.07,1.19,0.71,1.46,1.68,0.06,0.1,1.2,4.6,5.63,0.79,0.1,0.03,0.77,0.31,0.47,1.29,0.48,4.54,8.12,3.71,3.5,1.4,5.55,2.19,1.47,1.13,0.93,1.13,2.79,3.68,2.29,2.76,5.65,2.39,3.97,2.35,4.56,4.92,9.03,,,,,,,,,,,,,,,,
4232,7200,180,Central Slopes,1000,5.35,2.39,1.35,1.3,1.14,1.31,0.53,0.86,2.2,1.29,0.67,0.93,1.21,1.81,2.18,3.12,1.82,1.15,0.81,3.62,2.04,6.13,12.68,14.67,6.79,0.65,2.31,3.24,0.29,0,0.49,5.39,0.43,0.28,0.81,0.43,0.12,0.1,6.32,1.79,,,,,,,,,,,,,,,,
4233,7200,180,Central Slopes,1000,1.85,9.84,7.08,1.96,3.95,4.03,4.87,0.68,0.07,0.33,0.21,0.53,8.12,17.4,1.49,0.62,1.49,0.68,1.72,3.29,2.7,0.4,1.93,0.45,0.39,0.46,0.8,2.3,3.45,2.8,2.77,1.54,0.73,0.47,0.96,2.3,2.34,0.13,0.66,2.21,,,,,,,,,,,,,,,,
4234,7200,180,Central Slopes,1000,3.36,1.02,2.17,6.54,14.51,6.44,1.44,0.11,2.2,0.24,2.03,5.38,4.17,3.28,2.98,1.74,1.86,2.13,0.37,1.52,1.76,1.83,2.62,2.54,0.96,1.26,2.6,5.47,3.29,0.34,0.87,1.03,0.91,0.92,1.78,1.78,3.19,2.6,0.75,0.01,,,,,,,,,,,,,,,,
4235,7200,180,Central Slopes,2500,1.78,2.38,0.14,0.05,0.65,1.15,4.53,4.35,0.48,1.05,0.37,3.12,5.27,4.04,4.85,2.67,1.5,0.76,0.42,3.26,2.8,2.97,3.74,2.3,0.93,1.3,0.77,3,0.81,0.29,1.3,2.4,2.46,2.99,1.5,0.6,0.61,3.74,11.15,11.52,,,,,,,,,,,,,,,,
4236,7200,180,Central Slopes,2500,0.49,7.31,0,0,0,0.2,2.96,9.69,0.89,0.5,1.39,1.75,3.81,0.1,0.7,0.81,0,3.49,0.94,1.55,4.12,4.72,8.71,11.04,8.62,3.91,2.73,0.11,0.01,0,0,0,1.19,6.94,8.72,2.55,0,0.03,0,0.02,,,,,,,,,,,,,,,,
4237,7200,180,Central Slopes,2500,2.81,0.71,0.04,0.37,0.04,0,0.04,0.05,0.11,1.46,1.38,0.48,0.41,0.72,0.13,0.22,2.34,2.21,3.76,4.92,2.82,2.46,9.04,8.94,1.94,2.08,0.28,0.23,0.31,0.66,4.5,18.69,7.36,0.36,0.23,1.2,3.89,9.15,2.31,1.35,,,,,,,,,,,,,,,,
4238,7200,180,Central Slopes,2500,0,0,0.42,1.22,4.81,1.27,0.92,2.28,1.63,0.63,0.3,1.24,3.02,2.92,0.44,1.28,1.44,1.9,3.31,2.69,6.94,1.31,0.4,0.06,0.05,0.01,0.11,0.89,0.77,0.17,1.47,4.55,3.72,2.21,4,10.49,8.48,4.95,7.14,10.56,,,,,,,,,,,,,,,,
4239,7200,180,Central Slopes,2500,0.58,0.23,0.14,0.58,1.15,0.13,0.03,0.4,0.59,1.05,2.2,1.37,0.17,0.52,0.74,1.69,1,1.42,1.2,0.53,0.87,1.98,3.27,6.14,3.42,4.02,4.02,4.78,3.87,4.94,6.65,5.99,7.99,7.74,7.08,3.44,3.38,2.13,1.64,0.93,,,,,,,,,,,,,,,,
4240,7200,180,Central Slopes,2500,0.02,0.06,0,0.06,0.03,0.31,0.93,1.66,0.88,0.08,0.12,0.68,0.61,0.73,2.16,0.81,1.1,1.06,1.07,3.5,2.74,0.76,3.07,2.04,1.26,3.87,1.5,3.7,4.97,4.6,5.19,8.58,7.28,3.76,6.34,7.64,2.73,6.49,5.35,2.26,,,,,,,,,,,,,,,,
4241,7200,180,Central Slopes,2500,0.02,0.26,0.02,0.11,0.08,0,0.01,0.43,0.7,0.73,0.28,1.18,0.73,1.8,3.12,2.58,2.86,2.43,1.08,0.6,0.36,0.75,0.6,1.02,1.5,2.18,6.21,5.37,5.6,6.23,5.18,5.6,4.64,3.78,4.39,8.43,11.08,3.65,2.24,2.17,,,,,,,,,,,,,,,,
4242,7200,180,Central Slopes,2500,0,0.06,0.03,0.23,2.92,9.01,5.15,3.25,3.02,2.64,0.71,1.53,1.97,2.2,2.68,5.09,1.41,1.45,0.78,1.55,2.88,1.83,1.81,4.95,4.68,1.75,2.07,0.03,1.1,1.07,7.88,14.55,7.34,0.57,0.06,0.03,0.36,0.84,0.18,0.34,,,,,,,,,,,,,,,,
4243,7200,180,Central Slopes,2500,0.33,0.04,0.01,0,0.02,0.33,1.23,2.1,1.53,0.85,1.24,0.85,0.16,0.56,1.11,1.38,0.47,1.3,1.24,1.02,4.13,2.19,2,1.51,1.5,2.77,4.01,6.4,6.38,4.96,3.38,1.87,3.23,5.25,6.8,6.71,4.39,7.06,3.18,6.51,,,,,,,,,,,,,,,,
4244,7200,180,Central Slopes,2500,0.75,0.39,0.32,0.78,1.61,2.66,3.96,2.59,3.48,1.5,1.74,0.83,0.83,2.32,4.25,2.69,8.45,9.03,3.71,7.99,3.7,2.53,1.45,2.69,4.08,1.73,3.18,2.55,2.37,2.01,1.8,2.35,1.87,2.65,0.93,1.58,0.29,0.34,0.82,1.2,,,,,,,,,,,,,,,,
4245,7200,180,Central Slopes,5000,1.78,4.19,5.62,4.31,5.14,5.84,4.51,5.65,1.48,1.83,3.09,11.43,6.85,5.22,2.42,0.3,0.49,1.11,1.92,1.44,0.56,1.28,1.09,1.1,1.99,0.91,2.48,2.18,2.21,2.47,1.32,0.35,0.19,0.64,0.55,1.25,0.58,0.25,1.13,2.85,,,,,,,,,,,,,,,,
4246,7200,180,Central Slopes,5000,4.08,5.6,0.16,0.03,0.93,0.62,1.53,5.73,4.36,1.46,0.63,2.17,4.62,4.93,5.47,2.74,1.17,0.48,0.71,1.5,2.33,2.48,2.51,1.82,0.79,0.85,0.62,2.66,0.95,0.28,1.6,2.36,1.46,2.15,1.37,1.11,0.15,2.46,8.18,14.95,,,,,,,,,,,,,,,,
4247,7200,180,Central Slopes,5000,5.54,5.68,2.5,4.78,15.92,11.84,6.72,2.74,1.78,1.27,0.71,3.43,2.21,1.63,1.32,1.8,0.99,2.19,1.93,1.72,1.27,0.82,0.2,0.31,0.49,5.73,3.86,0.67,0.02,0,0.03,0.56,9.01,0.08,0,0,0,0.02,0.2,0.03,,,,,,,,,,,,,,,,
4248,7200,180,Central Slopes,5000,1.57,1.86,2,1.57,1.19,0.36,0.3,0.46,0.74,0.71,0.96,1.53,3.34,2.88,3.32,7.23,4.94,6.09,5,4.34,4.76,8.01,9.77,4.98,2.47,3.02,3.2,1.57,1.95,0.38,2.13,3.57,1.94,0.16,0.57,0.33,0.29,0.36,0.04,0.11,,,,,,,,,,,,,,,,
4249,7200,180,Central Slopes,5000,0.51,1.05,3.2,4.57,1.06,0.13,0.15,0.74,0.37,0.73,1.97,2.66,3.51,5.59,2.96,2.17,0.77,3.11,1.68,0.84,0.59,0.57,0.69,2.01,2.08,1.72,2.49,5.2,2.75,3.23,3.22,3.97,4.14,7.24,6.03,4.69,2.45,2.91,5.08,1.17,,,,,,,,,,,,,,,,
4250,7200,180,Central Slopes,5000,0.12,0.03,0.14,1.67,8.88,6.35,4.05,4.16,2.64,1.62,1.3,0.9,2.8,2.64,5.52,1.74,1.26,1.32,1,2.56,1.53,0.89,3.91,4.68,3.83,1.57,0.88,0.59,1.47,4.79,14.33,8.11,0.88,0.1,0,0,1.11,0.06,0.28,0.29,,,,,,,,,,,,,,,,
4251,7200,180,Central Slopes,5000,0.17,0.32,0.27,0.27,0.22,0.69,0.31,0.17,0.69,1.3,0.24,0.08,0.44,0.67,1.15,2.53,1.79,0.39,0.69,0.87,2,1.6,2.21,1.78,0.88,1.13,2.4,3.53,6.43,3.52,4.38,4.75,5.11,4.1,5.21,7.01,6.37,8.39,8.25,7.69,,,,,,,,,,,,,,,,
4252,7200,180,Central Slopes,5000,1.91,1.51,2.26,0.61,2.18,2.59,4.62,5.97,7.45,4.74,6.61,6.8,4.32,2.46,6.69,1.97,1.65,1,0.45,0.75,0.34,0.3,0.31,0.34,0.48,0.62,0.65,1.06,1.38,1.29,0.13,0.02,0.19,0.25,0.54,1.22,2.22,4.29,10.25,7.58,,,,,,,,,,,,,,,,
4253,7200,180,Central Slopes,5000,0.84,0.5,0.47,0.82,1.47,2.47,2.87,3.59,3.21,2.15,0.68,1.68,0.65,1.61,3.6,4.3,5.85,10.51,4.2,8.04,4.39,3.74,1.46,1.38,5.4,0.61,3.86,2.01,2.65,1.81,1.7,1.55,2.28,2.55,0.78,1.84,0.32,0.27,0.58,1.31,,,,,,,,,,,,,,,,
4254,7200,180,Central Slopes,5000,0.16,0.35,1.02,0.22,0.09,0.03,0.94,1.55,0.69,0.08,0.06,0.22,0.15,0.31,7.5,13.68,8.72,3.49,1.32,2.56,2.3,1.78,1.16,1.6,1.12,1.46,0.67,1.26,1.24,14.23,16.07,5.32,1.8,0.78,0.27,1.38,1.34,1.71,1.17,0.2,,,,,,,,,,,,,,,,
4255,7200,180,Central Slopes,10000,2.07,2.53,5.07,4.14,5.38,5.37,5.48,4.76,3.96,1.09,1.17,3.93,9.01,5.56,4.99,2.19,0.37,1.36,1.77,1.61,0.67,1.29,1.45,1.1,1.31,1.71,1.54,2.67,1.54,2.47,2.08,0.97,0.56,0.66,0.91,1.29,2.12,0.21,1.2,2.44,,,,,,,,,,,,,,,,
4256,7200,180,Central Slopes,10000,0.57,0.29,0.59,1.47,2.18,2.8,1.36,1.92,3.98,2.79,4.68,1.36,1.12,0.46,0.47,0.26,1.04,3.59,6.86,3.33,8.75,9.89,8,5.33,3.18,1.83,1.87,5.65,2.43,1.92,1.6,1.26,1.21,0.76,0.84,1.3,1.25,0.83,0.63,0.35,,,,,,,,,,,,,,,,
4257,7200,180,Central Slopes,10000,3.59,5.99,0.3,0.05,0.92,0.64,1.64,5.33,5.5,1.7,0.62,2.31,4.67,4.44,4.85,2.51,1.16,0.47,0.7,1.77,2.4,2.59,2.66,1.93,0.89,0.89,0.56,2.38,0.82,0.24,1.52,2.22,1.56,2.49,1.62,1.13,0.26,2.36,7.9,14.42,,,,,,,,,,,,,,,,
4258,7200,180,Central Slopes,10000,0.12,0.09,0.27,0.19,0.38,1.84,3.8,1.63,2.09,2.4,1.09,0.64,1.44,2.46,9.75,6.69,6.88,4.77,7.36,6.16,3.32,3.99,17.04,2.44,1.09,0.89,0.3,0.09,0.05,0.02,7.51,0.67,1.05,0.47,0.07,0.02,0,0,0.78,0.15,,,,,,,,,,,,,,,,
4259,7200,180,Central Slopes,10000,0.94,0.27,7.6,0.32,0.15,0,0.04,0.52,3.52,0.73,1.24,0.5,1.13,3.17,0.32,2.4,0.43,0.09,4.17,3.61,1.28,4.9,4.3,8.79,10.57,8.22,3.58,2.28,0.1,0.06,0.15,0.58,0.36,5.21,7.86,8.51,2.05,0.01,0.04,0,,,,,,,,,,,,,,,,
4260,7200,180,Central Slopes,10000,0.73,0.29,3.21,3.44,2.64,3.72,1.66,1.12,0.28,0.66,1.06,0.83,1.23,0.65,1.7,2.44,2.06,2.92,5.39,4.59,3.22,4.44,4.75,3.85,4.96,7.18,5.8,3.59,3.28,3.86,2.84,1.81,1.39,1.26,2.72,2.08,0.9,0.31,0.58,0.56,,,,,,,,,,,,,,,,
4261,7200,180,Central Slopes,10000,0.71,1.51,1.69,2.48,1.69,1.22,2.22,1.01,1.37,2.89,3.52,2.58,0.91,1.71,2.01,3.06,2.56,3,5.37,0.87,1.88,0.36,0.1,0.66,0.41,0.47,0.35,0.63,1.42,1.86,1.96,1.13,3.81,7.33,6.33,7.25,10.61,8.7,2.26,0.1,,,,,,,,,,,,,,,,
4262,7200,180,Central Slopes,10000,0.8,0.17,0.14,1,0.57,0.12,0.08,0.5,0.42,1.85,1.82,1.14,0.32,0.58,1.34,1.39,1.8,2.11,1.24,0.7,0.92,2.3,3.19,5.62,2.4,4.25,3.8,5.17,3.89,5.52,7.39,5.62,9.29,6.44,7.07,2.51,2.64,1.99,1.49,0.41,,,,,,,,,,,,,,,,
4263,7200,180,Central Slopes,10000,1.87,1.4,2.07,0.62,2.21,2.56,4.65,6.28,7.01,5.18,6.99,6.96,4.5,2.58,6.7,1.92,1.62,1.11,0.46,0.82,0.39,0.3,0.33,0.39,0.5,0.58,0.62,1.01,1.24,1.09,0.13,0.03,0.18,0.23,0.5,0.99,2.09,4.29,9.59,8.01,,,,,,,,,,,,,,,,
4264,7200,180,Central Slopes,10000,0,0.43,0.13,0.18,0.63,2.23,2.3,2.38,4.13,1.91,0.56,1.92,1.67,1.73,2.34,1.71,1.79,4.63,1.61,2.71,4.09,6.35,6.42,3.05,6.27,4.48,6.02,6.73,5.79,4.48,1.34,0.46,3.82,1.15,4.19,0.32,0,0,0.05,0,,,,,,,,,,,,,,,,
4265,7200,180,Central Slopes,20000,0.02,0.02,0.07,0.48,1.2,2.3,1.81,1.86,1.14,0.98,1.52,2.51,2.72,1.81,3.46,4.38,7.42,7.62,7.94,6.19,6.91,8.63,7.02,6.27,3.29,2.72,2.56,1.5,1.77,1.68,0.96,0.51,0.45,0.16,0.03,0.03,0.03,0,0,0.03,,,,,,,,,,,,,,,,
4266,7200,180,Central Slopes,20000,1.79,3.11,3.43,2.89,4.69,3.49,3.79,4.89,2.24,2.81,2.39,6.12,4.13,4.14,3.8,1.53,2.04,2.29,1.83,0.81,0.68,0.9,1.39,1.74,1.19,1.85,2.29,2.14,2.73,3.13,1.87,1.81,1.8,1.26,1.4,1.86,0.44,1.3,3.38,4.63,,,,,,,,,,,,,,,,
4267,7200,180,Central Slopes,20000,0.01,0.02,0.51,0.32,0.65,1.7,1.81,2.64,1.47,1.69,4.54,2.99,4.34,1.73,1.48,0.68,0.45,0.5,2.7,3.56,6.32,3.35,9.01,9.15,7.49,5.5,2.74,1.69,1.85,4.71,2.02,2.22,1.54,1.44,1.38,0.88,1.01,1.5,1.43,0.98,,,,,,,,,,,,,,,,
4268,7200,180,Central Slopes,20000,1.18,0.66,0.99,0.79,0.74,0.64,1.47,2.23,4.05,3.49,2.2,0.3,0.61,0.75,0.48,1.18,2.61,3.32,3.27,5.37,7.54,8.51,9.74,5.85,4.14,5.33,6.65,1.31,0.15,0.26,1.02,1.02,1.55,0.75,1.24,2.83,2.12,1.33,1.62,0.71,,,,,,,,,,,,,,,,
4269,7200,180,Central Slopes,20000,0.44,0.66,0.33,3.94,0.55,0.11,2.36,1.44,1.71,5.09,3.2,3.08,1.23,1.75,2.53,1.55,1.05,10.25,19.29,6.66,6.7,0.41,1.62,2.74,4.69,0.28,0.01,0.01,0.02,0.01,0.62,9.62,5.85,0.03,0,0.03,0.03,0.02,0.04,0.05,,,,,,,,,,,,,,,,
4270,7200,180,Central Slopes,20000,0.16,0.02,0.07,1.48,9.61,10.73,10.96,7.03,1.44,1.91,0.37,0.65,2.75,1.04,3.26,2.18,1.28,1.29,1.87,4.14,0.76,0.52,1.29,2.35,5.68,6.11,0.86,0.32,1.65,0.96,7.21,4.17,1.82,0.09,0.18,0.35,0.47,0.67,1.22,1.08,,,,,,,,,,,,,,,,
4271,7200,180,Central Slopes,20000,0.87,2.33,6.13,7.68,4.16,2.92,3.65,2.12,1.7,1.92,0.64,0.95,4.2,3.88,5.35,3.3,2.51,2.1,1.91,2.2,2.47,2.43,1.84,1.25,0.89,0.63,0.95,1.51,1.93,2.55,1.87,2.17,2.05,3.89,2.24,1.84,2.33,3.43,1.87,1.34,,,,,,,,,,,,,,,,
4272,7200,180,Central Slopes,20000,1.27,2.92,0.28,0.09,0.18,2.21,5.28,4.56,5.31,4.18,4.3,3.9,3.07,3.95,4.48,6.68,3.7,3.16,3.11,4.79,2.31,3.93,4.67,4.06,1.69,0.57,0.2,0.05,0.19,1.94,6.47,1.78,1.48,0.41,0.11,0,0.03,1.14,1.5,0.05,,,,,,,,,,,,,,,,
4273,7200,180,Central Slopes,20000,0,0,0.27,0.52,0.37,0.94,3.58,6.55,2.52,0.47,0.59,0.21,2.54,3.36,3.06,10.4,11.13,8.64,6.26,4.49,5.69,1.81,1.17,0.9,1.78,1.32,2.68,2.18,2.01,0.86,2.37,2.9,3.8,3.11,0.75,0.07,0.69,0,0.01,0,,,,,,,,,,,,,,,,
4274,7200,180,Central Slopes,20000,0.35,0,0.11,0.01,1.97,5.75,8.43,4.96,6.82,5.76,4.68,5.86,3.23,1.42,0.62,3.51,7.21,2.07,4.93,2.95,1.85,1.95,3.78,2.22,0.82,0.7,0.68,3.06,3.15,3.62,3.71,1.5,0.86,0.45,0.27,0.13,0.18,0.17,0.08,0.18,,,,,,,,,,,,,,,,
4275,7200,180,Central Slopes,40000,1.8,1.57,1.55,1.54,2.13,3.31,3.64,4.43,5.74,6.85,6.71,4.46,3.13,0.83,0.35,1.04,2.2,1.93,4.53,4.75,1.8,1.81,1.54,1.81,2.98,3.07,2.11,1.03,1.11,1.8,0.99,0.37,1.26,2.08,4.37,0.65,1.02,3.3,2.5,1.91,,,,,,,,,,,,,,,,
4276,7200,180,Central Slopes,40000,0,0.05,0.08,0.53,1.31,2.2,1.58,1.56,1.08,1.31,1.87,2.58,2.34,1.67,3.16,4.21,6.57,6.6,6.46,5.26,6.23,8.86,8.13,7.56,4.01,3.01,2.57,1.51,2.29,1.8,1.1,0.58,0.5,0.21,0.21,0.27,0.53,0.13,0.04,0.04,,,,,,,,,,,,,,,,
4277,7200,180,Central Slopes,40000,0.07,0.03,0.01,0.02,0,0,0.05,0.81,2.07,5.61,5.47,5.1,5.16,5.32,7.93,8.39,5.96,4.94,3,0.92,0.68,0.4,0.08,0.22,0.75,0.25,2.77,5.23,3.53,4.59,5.6,6.04,2.48,0.43,0.53,0.88,3.02,1.49,0.15,0.02,,,,,,,,,,,,,,,,
4278,7200,180,Central Slopes,40000,0.05,0.12,1.41,8.65,9.22,7.53,5.07,1.33,1.95,0.83,1.09,3.67,1.24,2.98,2.51,1.26,1.42,1.96,4.49,0.96,0.8,1.17,2.49,4.24,3.89,2.07,0.21,1.64,1.34,9.21,6.13,2.79,0.21,0.31,0.25,1.45,1.35,0.84,0.59,1.28,,,,,,,,,,,,,,,,
4279,7200,180,Central Slopes,40000,1.64,2.53,6.3,6.34,3.37,2.63,3.97,1.52,1.49,1.66,0.47,0.85,2.58,3.33,3.87,2.24,1.19,0.71,0.89,1.02,1.21,4.87,6.83,4.02,1.53,0.68,1.23,1.1,0.81,1.3,1.23,1.7,1.29,1.7,0.98,1.1,7.94,8.03,2.6,1.25,,,,,,,,,,,,,,,,
4280,7200,180,Central Slopes,40000,0.03,0.33,0.25,0.27,3.13,0.44,0.28,1.77,1.88,1.89,4.26,2.51,3.34,2.06,2.01,2.38,1.14,1.31,8.33,19.94,7.93,6.87,0.46,1.41,2.61,4.99,0.95,0,0.01,0.02,0.02,0.56,10.1,6.08,0.34,0,0.02,0.03,0.02,0.03,,,,,,,,,,,,,,,,
4281,7200,180,Central Slopes,40000,3.39,1.33,0.17,1.84,1.35,1.03,4.29,2.55,1.7,2.72,3.93,4.78,4.19,2.87,3.07,3.33,4.37,3.04,2.34,2.06,1.95,2.61,2.06,1.51,0.87,1.6,1.15,0.8,0.86,1.91,2.16,4.45,2.38,1.31,1.72,2.38,2.23,3.98,7.36,2.36,,,,,,,,,,,,,,,,
4282,7200,180,Central Slopes,40000,0.2,0.08,0.02,0.28,0.05,0.02,0.19,1.24,2.1,0.66,1.36,1.66,1.22,1.21,2.48,1.32,1.74,1.77,2,0.56,0.36,2.27,1.44,2.84,2.86,2.79,2.39,3.56,3.33,3.05,5.12,9.5,7.97,2.82,2.18,4.64,3.77,9.29,8.47,1.19,,,,,,,,,,,,,,,,
4283,7200,180,Central Slopes,40000,0,0,0,0.23,0.52,0.52,1.16,4.06,6.52,3.49,0.93,0.44,0.22,2.43,3.05,2.8,9.43,11.17,8.84,5.97,4.91,5.49,1.68,1.08,0.81,1.73,1.38,2.61,2.14,2.06,0.96,2.21,2.87,3.58,3.07,0.76,0.19,0.67,0.01,0.01,,,,,,,,,,,,,,,,
4284,7200,180,Central Slopes,40000,0.07,0.03,0.05,0.06,0.26,0.47,0.67,1.87,3.29,6.86,7.1,6.33,6.76,6.61,7.9,5.81,4.33,4.83,2.58,0.57,0.19,0.33,0.16,0.14,0.49,1.15,3.48,5.2,4.13,4.52,3,2.89,2.08,1.56,0.94,0.63,1.62,0.87,0.07,0.1,,,,,,,,,,,,,,,,
4285,8640,180,Central Slopes,100,0,0,0,0.32,2.21,3.37,0.79,0.19,0.41,0.37,0.77,2.12,0.44,1.54,1.17,0.13,0,0.04,0.41,0.6,0.09,0.18,0.13,0.35,0.61,0.41,0.29,0.32,1.19,3.7,3.64,3.15,1.85,4.35,9.96,13.22,8.07,5.54,1.73,1.3,0.75,0.06,0.05,3.97,6.09,11.94,2.17,0.01,,,,,,,,
4286,8640,180,Central Slopes,100,1.55,0.91,1.18,1.18,1.57,1.18,1.54,1.65,1.2,0.82,0.38,1.05,2.28,3.08,3.47,0.21,0.54,0.42,0.41,0.19,0.45,0.69,0.72,0.92,0.64,0.49,1.29,1.01,4.97,2.44,2.58,6.17,4.27,4.11,1.4,1.97,2.34,3.5,3.87,6.05,10.5,9.77,1.58,0.31,0.22,0.38,1.29,1.26,,,,,,,,
4287,8640,180,Central Slopes,100,0,0,0.03,0.57,0.8,1.91,8.2,2.86,1.22,2.57,2.17,4.94,0.06,0.01,0.08,0.73,1.3,15.98,14.42,0.58,0.96,1.5,0.91,4.05,5.12,3.55,0.67,0.07,0.04,0.07,0.16,1.64,2.21,3.43,3.93,3.17,1.37,0.33,0.26,1.05,2.3,2.74,0.1,0.2,1.49,0.17,0.08,0,,,,,,,,
4288,8640,180,Central Slopes,100,0.13,0.27,0.02,0,0,0,0.31,4,0.61,1.63,7.32,18.17,8.04,0.71,0.13,0.79,0.25,0.91,4.4,5.34,3.49,0.98,0.54,2.3,3.15,0.38,2.04,1.77,1.83,1.84,4.1,1.45,1.94,3.69,4.3,2.8,0.16,0.8,0.5,0.96,0.67,2.25,0.96,2.1,1.69,0.27,0.01,0,,,,,,,,
4289,8640,180,Central Slopes,100,0.1,1.3,0.61,1.19,0.71,2.28,2.69,0.47,0.73,0.89,1.46,0.43,2.61,2.69,3.03,1.48,2.06,3.38,0.52,2.8,1.74,0.45,0.17,7.06,0.73,2.91,3.25,0.39,6.54,9.78,1.63,7.92,2.86,1.04,2.77,0.95,2.36,1.24,0.91,4.82,2.08,1.4,1.03,1.69,0.31,1.93,0.25,0.36,,,,,,,,
4290,8640,180,Central Slopes,100,1.83,0.26,0.06,1.85,4.18,4.71,1.81,0.7,4.97,1.36,2.48,2.76,3.28,5.6,3.69,8.84,11.87,2.17,0.5,1.59,1.14,2.53,6.29,0.67,0.79,2.45,0.68,0.88,1.77,2.69,2.44,0.08,0.43,0.66,0.4,1.55,0.74,1.38,1.65,1.11,0.24,0.41,0.08,0.48,1.13,1.62,0.93,0.27,,,,,,,,
4291,8640,180,Central Slopes,100,5.12,3.89,2.11,4.38,8.03,9.72,0.32,0,0,0.02,0.4,0.49,2.23,0.2,0.06,0.05,0.09,0.13,1.32,0.83,2.74,1.34,0.03,0.06,0.19,0.42,0.48,1.1,1.01,2.45,0.41,1.11,2.64,0.34,1.6,2.23,5.86,4.71,4.93,4.01,2.48,3.88,5.8,5.33,1.27,0.96,1.54,1.69,,,,,,,,
4292,8640,180,Central Slopes,100,0.52,0.46,1.28,2.69,0.12,0.07,0.01,1.19,1.13,0.86,0.08,0.17,0.56,1.1,6.57,3.03,3.74,0.71,3.47,0.66,0.13,0.19,0.97,0.02,0.52,0.49,0.89,10.24,6.08,2.17,0.72,6.5,5.65,7.51,7.12,6.22,2.56,0.1,2.03,3.57,2.63,1.34,0.08,0.57,1.47,1.09,0.27,0.45,,,,,,,,
4293,8640,180,Central Slopes,100,0.79,0.09,0.21,0.7,1.59,2.4,2.1,1.52,1.12,1.29,5.55,6.56,6.1,5.75,1.67,2.02,1.06,0.96,2.04,0.75,0.4,0.95,0.24,0.65,3.35,0.88,1.65,1.63,7.48,2.87,1.84,2.84,0.43,0.47,0.17,0.33,0.4,0.72,1.54,0.98,2.94,1.67,3.11,1.01,2.21,5.32,7.93,1.72,,,,,,,,
4294,8640,180,Central Slopes,100,16.23,2.4,0,0.01,0.6,0.73,1.01,2.75,1,0.64,2.15,0.13,5.78,6.02,1.65,1.91,5.59,16.22,3.77,0.69,0.18,0,0.03,0.01,1.26,9.91,9.21,0.01,0.01,0,0,1.7,1.31,0.07,0,0,0.01,0.03,0.51,0.62,0.14,0.16,0.2,0,0.01,0,0,5.34,,,,,,,,
4295,8640,180,Central Slopes,200,0.41,0.84,0.36,1.1,0.9,1.25,0.97,1.47,2.23,5.49,7.25,5.79,2.72,3.34,4.12,5.08,4.41,3.71,2.31,1.52,1.77,1.86,1.18,1.01,0.56,2.17,1.91,3.36,1.06,0.8,0.68,0.49,0.5,0.24,1.19,1.69,0.58,0.24,0.57,1.51,3.72,4.69,5.34,6.18,0.95,0.29,0.12,0.07,,,,,,,,
4296,8640,180,Central Slopes,200,0.57,0.97,0.17,0.91,0.87,0.5,0.79,0.63,1.2,0.73,1.32,1.51,0.91,0.84,0.82,1.4,2.92,3.38,2.85,1.04,0.49,1.24,0.38,0.68,2.55,3.71,3.25,3.22,5.3,8.33,10.86,9.85,5.05,4.65,0.79,0.71,0.21,0.02,0.39,1.12,0.88,1.48,0.76,1.99,3.73,0.78,1.95,1.3,,,,,,,,
4297,8640,180,Central Slopes,200,1.64,1.02,1.32,1.03,1.43,0.96,1.32,1.57,1.16,0.9,0.26,0.94,2.63,3.9,4.36,0.19,0.53,0.63,0.37,0.18,0.44,0.83,0.96,1.01,0.84,0.58,1.36,1.18,4.75,2.51,2.85,6.12,4,4.19,1.5,2.01,2.55,4.02,4.74,6.56,5.64,9.23,2.34,0.42,0.2,0.57,1.52,0.74,,,,,,,,
4298,8640,180,Central Slopes,200,0.26,0.55,0.16,1,1.37,2,1.38,0.44,0.02,0.06,1.86,4.42,2.78,0.38,0.02,0.01,0.58,0.06,0.74,0.95,0.66,6.87,6.05,1.95,1.94,2.07,2.85,1.5,0.56,1.01,0.85,1.07,2.44,3.6,1.57,2.68,4.4,2.24,2.01,2.36,4.44,4.75,6.21,3.99,3.74,1.61,4.88,2.66,,,,,,,,
4299,8640,180,Central Slopes,200,2.4,6.92,0.89,1.12,0.76,1.56,1.81,1.01,1.16,1.77,0.75,0.37,1.03,1.34,2.67,3.08,3.71,2.76,1.25,1.37,2.21,2.33,7.8,13.81,8.7,3.4,1.08,2.79,1.78,0.01,0.04,3.9,0.99,0.11,0.3,1.23,0.19,0,0.38,7.02,0.43,0.08,0.43,0.13,0.45,1.93,0.65,0.1,,,,,,,,
4300,8640,180,Central Slopes,200,0.76,0.11,0,0,0,0.11,1.42,1.52,2.81,2.53,3.01,4.27,4.68,2.08,1.89,1.69,0.25,3.32,1.95,1.94,1.73,1.29,0.95,1.21,2.72,4.77,2.3,2.36,4.71,1.95,1.17,2.08,2.28,3.36,5.78,6.41,1.84,2.45,1.61,2.33,2.76,3.36,1.77,1.17,1.2,0.54,1.23,0.33,,,,,,,,
4301,8640,180,Central Slopes,200,0,0,0,0.04,0.84,1.09,2.5,8.85,3.4,1.5,3.16,2.82,5.11,0.09,0.02,0.07,0.68,1.24,14.72,14.65,0.5,0.93,1.33,0.84,3.6,4.4,3.21,0.6,0.06,0.03,0.05,0.13,1.48,2.28,3.63,3.72,3.1,1.16,0.31,0.27,0.86,2.19,2.58,0.1,0.39,1.23,0.16,0.08,,,,,,,,
4302,8640,180,Central Slopes,200,0.44,0.97,0.1,0.02,0.02,0,0.43,3.66,0.72,2.01,6.5,13.81,7.24,1.48,0.14,1.93,0.19,1.79,3.89,3.91,3.09,2.44,1.78,1.2,2.7,0.31,1.51,1.33,1.53,2.78,3.03,1.18,1.48,2.29,6.93,3.47,0.33,0.58,1.35,0.69,0.89,1.77,1.45,3.21,2.81,0.62,0,0,,,,,,,,
4303,8640,180,Central Slopes,200,0.12,1.51,0.72,1.41,0.82,2.21,2.26,0.5,0.64,0.86,1.66,0.4,3.06,3.16,3.31,1.45,1.97,3.02,0.48,2.3,1.66,0.4,0.15,8.34,0.82,3.43,3.79,0.45,5.6,8.52,1.76,6.99,3.23,1.16,3.09,0.92,2.16,1.14,0.8,4.73,2.33,1.59,1.06,1.44,0.33,1.7,0.24,0.31,,,,,,,,
4304,8640,180,Central Slopes,200,0.33,0.1,0.1,0.15,0.51,1.06,2.81,2.79,4.01,3.97,2.74,4.7,1.8,4.07,4.77,1.89,2.2,2.91,6.85,2.61,2.89,2.62,1.26,2.4,1.62,1.34,0.74,2,1.63,2.42,1.49,1.28,2.03,2.81,1.62,2.26,1.16,0.8,1.85,3.51,2.72,1.31,0.97,1.11,1.94,1.29,1.63,0.93,,,,,,,,
4305,8640,180,Central Slopes,500,0,0,0,0.13,1.26,5.02,2.65,0.77,0.28,0.05,0.58,1.76,1.28,0.99,0.86,0.38,0.01,0.03,0.29,0.83,0.13,0.08,0.04,0.5,0.82,0.81,0.57,0.68,0.68,2.81,3.22,2.12,1.35,2.64,8.89,11.19,7.96,5.79,6.81,7.13,3.94,0.15,0.05,2.23,4.81,4.9,2.49,0.04,,,,,,,,
4306,8640,180,Central Slopes,500,2.04,1.23,0.3,0.7,0.9,0.13,0.98,1.18,0.42,0.93,0.56,1.17,0.74,1.46,1.13,0.6,0.75,0.73,1.44,3.01,3.17,1.9,0.68,0.59,1,0.31,0.74,2.61,3.91,3.06,3.61,6.05,8.36,11.6,10.61,5.76,5.53,0.89,0.88,0.2,0.03,0.51,0.91,0.77,1.35,0.77,1.45,2.35,,,,,,,,
4307,8640,180,Central Slopes,500,1.67,2.45,3.66,2.64,3.48,0.89,1.67,2,3.26,3.21,1.77,4.31,2.85,7.53,3.31,0.9,4.83,1.6,3.02,1.71,1.1,0.7,1.53,1.45,1.28,1.61,1.48,1.61,0.3,0.77,0.78,0.99,0.81,1.78,0.8,0.1,0.45,0.65,1.56,3.54,2.83,2.93,1.67,1.12,3.45,1.74,2.65,3.56,,,,,,,,
4308,8640,180,Central Slopes,500,1.79,1.02,1.34,1.15,1.35,1,1.3,1.51,1.09,1.12,0.29,0.99,2.75,3.82,3.96,0.19,0.56,0.68,0.32,0.16,0.44,0.75,0.96,0.87,0.78,0.6,1.35,1.22,4.9,2.61,2.74,6.04,4.24,4.35,1.47,1.92,2.41,4.04,4.18,5.73,7.29,9,2.33,0.5,0.3,0.48,1.21,0.9,,,,,,,,
4309,8640,180,Central Slopes,500,0.72,0.14,1.21,1.29,0.81,0.97,3.07,0.29,0.2,0.53,5.23,7.19,1.56,0.35,0.12,0.87,0.93,0.3,1.07,1.13,2.78,7.99,2.79,1.36,0.98,1.93,0.94,0.28,0.2,0.79,0.27,0.7,2.32,0.84,1.87,5.34,1.71,2.51,1.35,3.62,2.32,5.18,7,2.25,3.32,2.14,6.81,2.43,,,,,,,,
4310,8640,180,Central Slopes,500,0.66,0.15,0.13,0.38,0.42,0.45,0.4,0.95,1.25,0.29,0.45,1.42,0.9,0.18,0.18,0.74,0.76,2.23,1.16,0.27,0.49,0.72,2.22,1.36,2.87,2.21,0.61,0.64,1.17,3.25,4.06,2.44,2.2,5.1,4.5,3.76,2.7,5.59,5.31,5.48,7.99,6.93,3.52,3.07,3.91,2.23,1.56,0.74,,,,,,,,
4311,8640,180,Central Slopes,500,0.47,0.26,0.57,0.15,0.25,0.34,0.36,0.2,0.97,1.01,6.12,1.32,0.53,0.36,3.67,9.54,2.36,2.96,2.1,1.62,0.9,1.55,1.79,1.63,8.86,9.22,2.83,2.09,3.32,4,1.6,3.38,3.7,3.16,1.49,2.02,4.14,1.63,0.9,0.29,3.64,1.19,0.27,0.38,0.29,0.39,0.15,0.03,,,,,,,,
4312,8640,180,Central Slopes,500,0.28,0.61,0.09,0.02,0.01,0,0.32,3.34,0.77,2.02,6.86,15.62,6.17,1.11,0.09,2.12,0.19,1.59,4.76,4.12,3.16,2.51,1.6,1.87,2.43,0.32,1.51,1.57,1.91,2.6,2.94,1.04,1.35,2.53,5.42,3.13,0.32,0.82,0.99,0.82,0.87,1.8,1.71,3.05,2.77,0.85,0.01,0.01,,,,,,,,
4313,8640,180,Central Slopes,500,0.85,0.96,1.94,0.27,0.06,0.87,1.89,7.4,6.97,11.98,8.83,5.15,0.95,5.24,7.01,0.74,0.52,0.2,0.54,0.42,0.39,0.34,1.14,2.2,3.96,2.67,0.5,0.21,0.34,0.36,0.39,0.56,0.81,2.82,1.9,3.55,1.61,1.56,1.52,2,1.53,2.66,1.51,0.71,0.41,0.95,0.16,0.45,,,,,,,,
4314,8640,180,Central Slopes,500,0.26,1.51,0.93,2,0.75,0.62,2.43,3.63,4.24,5.07,6.44,6.33,5.15,4.6,3.12,0.28,0.34,0.45,2.08,1.87,6.06,4.64,1.14,1.38,0.64,2.47,4.82,3.98,0.67,0.67,0.89,0.66,0.92,0.18,1.37,3.12,7.78,0.33,0.5,1.85,0.34,0.04,0.14,0.35,0.95,1.43,0.09,0.49,,,,,,,,
4315,8640,180,Central Slopes,1000,0.24,0.23,0.32,0.61,1.55,0.58,0.35,0.35,1.1,0.79,1.45,1.64,0.63,0.52,1.02,0.27,0.77,1.13,0.54,0.82,0.54,1.22,0.7,1.36,1.48,1.1,0.87,0.78,1.26,3.12,3.74,2.53,1.74,0.45,1.35,0.42,0.45,2.26,4.24,3.86,3.38,5.96,8.35,10.78,10.91,5.69,5.54,1.01,,,,,,,,
4316,8640,180,Central Slopes,1000,0,0.18,1.25,4.54,2.52,0.61,0.45,0.02,0.55,1.63,1.94,1.08,1.39,0.93,0.06,0.01,0.25,1.09,0.69,0.08,0.07,1.28,1.01,1.68,0.85,1.58,1.63,3.7,5.17,4.16,1.68,2.39,6.3,7.28,6.07,5,7.45,7.69,5.69,0.43,0.08,1.03,3.97,2.7,1.66,0.18,0,0,,,,,,,,
4317,8640,180,Central Slopes,1000,1.44,1.01,1.34,1.23,1.26,1.25,1.4,1.41,1.08,0.67,0.39,0.95,2.22,2.96,3.29,0.18,0.5,0.56,0.38,0.21,0.5,0.74,0.87,0.67,0.59,0.58,1.15,1.08,4.41,2.23,2.12,5.85,4.18,3.94,1.48,1.8,2.12,3.49,3.88,5.69,13.15,9.97,2.19,0.63,0.27,0.48,0.99,1.22,,,,,,,,
4318,8640,180,Central Slopes,1000,0.27,0.22,0.78,0.11,0.27,0.45,0.39,0.39,1.3,0.69,1.27,1.68,0.67,0.07,0.12,2.57,5.6,3.16,0.33,0.06,0.04,0.96,0.11,0.92,0.84,0.81,6.82,6.26,2.82,2.98,3.11,4.24,1.61,1.01,1.13,0.79,1.73,2.88,3.23,1.82,3.73,5.01,2.22,3.27,2.91,4.7,5.33,8.32,,,,,,,,
4319,8640,180,Central Slopes,1000,3.93,3.14,0.84,1.66,0.87,1.43,0.59,0.73,1.78,1.13,0.9,0.8,0.88,1.66,2.12,2.51,2.33,1.21,0.79,2.45,2.54,3.91,9.91,14.85,8.39,1.75,2.09,2.91,0.69,0.03,0.21,5.14,0.5,0.18,0.45,0.82,0.15,0.05,2.25,5.41,0.1,0.37,0.88,0.16,2.2,1.95,0.22,0.14,,,,,,,,
4320,8640,180,Central Slopes,1000,0.18,0.05,0.08,1.13,3.22,3.21,6.09,3.79,1.56,2.11,2.16,3.22,3.77,4.07,4.18,6.67,5.15,5.61,2.59,2.36,4.53,1.91,3.29,0.49,1.11,1.07,2.55,1.02,1.02,2.51,2.01,0.45,0.17,0.89,0.6,0.61,0.64,1.04,0.06,0.08,0.46,0.73,1.96,2.01,3.14,0.83,2.21,1.41,,,,,,,,
4321,8640,180,Central Slopes,1000,0.01,0,0,0.02,1.05,1.48,4.34,9.95,4.75,2.11,4.15,3.28,4.58,0.01,0.13,0.32,0.19,0.93,11.35,13.77,0.89,1.49,0.57,1.02,2.14,3.57,1.32,0.55,1.71,0.65,0.25,0.56,1,2.8,2.74,2.79,3.15,1.18,0.42,0.29,0.96,4.33,0.07,0.16,0.93,1.86,0.17,0.01,,,,,,,,
4322,8640,180,Central Slopes,1000,2.11,0.36,0.92,2.43,0.06,0,0.03,0.62,1.52,1.82,1.8,2.72,1.98,3.13,3.03,4.14,3.25,5.25,2.89,2.04,1.8,3.91,3.06,2.93,3.37,2,0.53,1.44,1.69,2.74,0.64,1.14,3.07,6.37,3.66,1.51,1.2,2.53,1.01,0.9,4.67,6.59,1.67,0.86,0.06,0.38,0.08,0.09,,,,,,,,
4323,8640,180,Central Slopes,1000,0.1,0.32,0.01,0,0,0.09,0.28,1.53,0.25,1.07,5.44,2.33,10.42,5.89,1.73,1.24,2.25,0.6,1.56,3.3,3.85,2.4,2.84,1.92,1.03,5.71,1.95,4.7,2.43,2.83,1.68,1.23,2.13,1.78,2.36,5.6,7.26,0.47,0.21,0.19,1.16,0.95,2.31,0.92,3.56,0.12,0,0,,,,,,,,
4324,8640,180,Central Slopes,1000,3.86,0.84,0.05,1.18,0.82,0.72,1.57,1.18,3.56,3.19,3.07,2.23,2.64,1.69,2.26,1.87,2.31,3.4,0.89,0.88,0.83,0.41,8.37,4.93,4.11,2.82,2.39,3.96,2.6,1.63,2.77,5.83,3.43,3.43,1.77,1.21,0.66,2.73,2.63,0.51,0.13,0.48,0.65,0.39,0.36,0.02,0,2.74,,,,,,,,
4325,8640,180,Central Slopes,2500,0.94,0.6,0.1,0,0.08,0,0,0.67,1.69,2.3,0.14,0.05,0.63,1.12,4.42,4.24,0.46,1.03,0.36,3.07,5.15,3.94,4.73,2.6,1.46,0.75,0.41,3.19,2.73,2.92,3.64,2.24,0.91,1.26,0.76,2.92,0.79,0.29,1.27,2.36,2.42,2.92,1.46,0.58,0.6,3.65,10.9,11.25,,,,,,,,
4326,8640,180,Central Slopes,2500,0.26,0.94,0.02,3.2,1.2,0.67,0.72,1.09,0.66,1.1,1.27,1.34,0.85,0.31,3.47,6.78,4.01,0.68,0.31,0.14,1.65,0.6,1.93,1.89,3.81,7.33,4.46,2.28,1.86,1.89,2.18,0.6,0.28,0.37,0.42,0.73,2.08,1.48,1.24,4.29,4.17,1.66,2.81,2.26,3.75,4.48,5.84,4.64,,,,,,,,
4327,8640,180,Central Slopes,2500,0.05,0.09,0.21,0.13,0.18,0.04,0.45,0.42,0.4,0.38,1.22,2.11,2.25,4.08,2.93,2.61,1.24,1.62,0.95,0.74,2.5,5.08,3.42,9.5,6.44,5.22,7.06,3.1,1.76,2.34,3.98,1.67,3.69,1.9,2.55,2.44,1.48,1.67,2.46,2.38,1.81,1.24,1.02,0.25,0.52,1.32,0.74,0.36,,,,,,,,
4328,8640,180,Central Slopes,2500,0,0,0.17,2.12,0.25,0.16,0.14,0.11,0.14,1.7,6.27,6.15,6.82,6.63,2.68,4.22,7.02,4.05,0.71,1.11,0.59,0.2,2.24,4.01,1.25,2.65,5.62,1.54,1.39,0.83,1.3,1.41,1.53,0.99,1.63,1.83,2.1,3.04,2.94,0.98,0.97,1.74,2.38,3.23,1.98,0.65,0.22,0.31,,,,,,,,
4329,8640,180,Central Slopes,2500,1.52,1.24,1.35,1.08,1.1,1.21,1.5,1.22,1.16,0.93,0.36,0.78,2.44,3.52,3.3,0.25,0.39,0.67,0.33,0.2,0.57,1,1.19,0.55,0.59,0.68,1.07,1.08,4.09,2.47,2.01,4.93,3.62,3.92,1.33,1.6,1.95,3.77,4.91,6.56,6.72,11.6,5.24,0.97,0.27,0.57,1.45,0.74,,,,,,,,
4330,8640,180,Central Slopes,2500,0.05,0,1.72,6.69,1.78,1.68,1.18,1.31,1.12,0.75,0.96,1.67,1.01,0.66,1.04,1.52,1.97,2.42,2.67,1.79,1.09,1.26,3.35,2.95,7.84,14.39,8.77,3.44,1.04,2.43,1.55,0.07,0.12,3.35,1.38,0.3,0.5,1.07,0.16,0.16,0.25,7.17,0.65,0.06,1.18,0.22,0.57,2.69,,,,,,,,
4331,8640,180,Central Slopes,2500,0.04,0.02,0,0,0.02,0.88,1.27,3.53,8.85,6.26,2.02,3.57,3.12,3.48,0.01,0.32,0.94,0.18,1,9.99,10.81,1.27,2.01,0.86,1,1.84,3.68,1.54,0.96,4.77,1.69,0.55,1.35,0.82,2.31,2.29,2.22,2.9,1.92,0.61,0.54,1.8,3.37,0.07,0.31,0.87,1.76,0.38,,,,,,,,
4332,8640,180,Central Slopes,2500,0.13,0.72,0.84,0.66,0.85,1.05,1.73,2.1,2.43,2.92,3.51,4.14,3.09,0.87,2.5,2.54,0.77,0.61,4.24,3.48,1.35,1.69,2,0.54,1.13,4.84,2.78,5.88,2.58,2.1,3.04,4.2,2.82,4.53,4.5,3.49,4.03,2.67,1.86,1.12,1.44,0.5,0.09,0.2,0.48,0.5,0.09,0.37,,,,,,,,
4333,8640,180,Central Slopes,2500,0,0.22,0.37,0.17,0.01,0.89,1.55,1.75,0.07,0.02,0.02,0.12,1.07,1.8,1.85,1.29,2.16,2.08,2.6,4.62,4.67,6.4,6.33,5.39,4.39,4.79,1.03,0.29,0.78,2.07,2.77,4.94,5.03,2.16,1.14,1.29,2,4,4.03,2.08,0.26,0.83,0.67,0.91,0.31,0.97,0.48,7.33,,,,,,,,
4334,8640,180,Central Slopes,2500,0.09,0.36,0.67,1.18,0.2,0.7,2.34,3.84,2.94,3.98,2.92,3.71,4.93,1.15,3.34,2.47,2.3,2.75,4.03,4.3,2.27,2.19,2.96,3.03,1.32,0.96,1.42,1.96,2.87,1.72,3.26,3.08,3.52,3.34,4.47,2.22,2.08,1.05,0.49,0.75,0.5,0.79,0.17,0.28,1.06,2.56,0.65,0.83,,,,,,,,
4335,8640,180,Central Slopes,5000,0.13,0.04,0.03,0,0.01,0,0,0.73,4.1,5.55,0.16,0.03,0.91,0.62,1.51,5.68,4.31,1.44,0.63,2.16,4.59,4.87,5.41,2.71,1.16,0.48,0.71,1.48,2.29,2.46,2.48,1.78,0.78,0.85,0.61,2.65,0.94,0.28,1.57,2.32,1.46,2.13,1.37,1.1,0.15,2.43,8.09,14.81,,,,,,,,
4336,8640,180,Central Slopes,5000,2.58,0.48,0.14,0.52,0.84,0.3,0.86,1.78,0.61,0.53,0.37,2.21,4.58,1.99,0.24,0.2,0.19,0.81,0.66,1.34,1.85,2.88,5.1,4.02,1.73,1.32,2.22,2.23,0.81,0.59,0.75,0.45,1.58,1.82,1.99,1.31,4.39,3.8,2.53,3,3.55,3.75,5.6,6.71,4.44,3.02,2.37,4.96,,,,,,,,
4337,8640,180,Central Slopes,5000,0.01,0.08,0.11,0.14,0.56,5.54,7.13,4.29,3.19,1.57,2.73,0.98,1.63,3.97,2.11,3.68,3.33,1.34,1.32,0.75,1.89,1.92,1.25,2.29,4.25,4.99,0.67,2.39,0.14,1.49,1.43,14.35,10.59,4.27,0.28,0.19,0.08,1.68,0.47,0.21,0.3,0,0,0,0,0.15,0.26,0,,,,,,,,
4338,8640,180,Central Slopes,5000,0.23,2.51,0.26,0.23,0.17,0.17,0.22,1.97,6.76,6.73,7.79,7.14,2.56,3.95,7.37,3.79,0.57,0.83,0.48,0.21,1.68,2.86,0.91,2.32,5.39,1.63,1.52,0.58,0.96,1.16,1.19,0.88,1.43,1.35,1.78,3.56,3.37,1.14,1.02,1.9,2.44,3.22,2.08,0.71,0.24,0.35,0.31,0.08,,,,,,,,
4339,8640,180,Central Slopes,5000,0.04,0.06,0.63,1.5,3.28,1.79,0.63,0.28,0.28,0.76,1.72,1.05,0.81,0.92,0.68,0.09,0.02,0.33,1.24,1.36,0.42,0.25,0.7,0.92,0.83,0.98,1.26,2.87,4.23,5.18,4.53,3.52,5.02,7.1,6.97,5.65,4.74,5.8,4.84,3.12,0.68,1.15,3.32,3.73,2.65,1.93,0.14,0,,,,,,,,
4340,8640,180,Central Slopes,5000,1.38,1.13,1.17,0.92,1,1.33,1.23,1.39,1.49,0.84,0.28,0.48,1.92,2.75,2.5,0.12,0.33,0.87,0.43,0.3,0.67,0.94,1.24,0.32,0.51,0.61,0.94,1.01,3.4,2.02,2.04,4.51,3.17,3.53,1.05,1.36,1.95,3.95,4.97,4.66,6.34,10.43,9.4,3.85,1.53,0.72,2.32,0.7,,,,,,,,
4341,8640,180,Central Slopes,5000,9.42,6.99,1.21,5.7,3.44,3.65,3.1,1.88,0.72,0.23,0.42,0.27,0.47,0.6,0.24,0.82,3.39,1.75,1.14,2.04,1.06,1.33,1.36,2.01,1.71,3.45,3.27,0.21,0,0,0.45,15.67,5.22,0.57,1.38,1.51,2.72,2.46,2.57,1.78,0.28,2.53,0.37,0.58,0.02,0,0,0.01,,,,,,,,
4342,8640,180,Central Slopes,5000,0,0.02,0.14,0.25,0.56,1.17,0.61,0.5,0.48,0.51,1.09,0.28,0.08,0.21,1.27,2.61,1.38,0.26,0.16,0.44,0.34,0.51,8.98,13.12,7.65,2.95,1.08,2.16,1.49,0.75,0.6,0.88,1.01,1.34,0.91,1.07,1.18,14.67,14.42,3.88,1.79,1.24,0.3,1.48,1.18,1.6,1.23,0.17,,,,,,,,
4343,8640,180,Central Slopes,5000,1.31,1.48,0.66,0.27,1.54,2.45,0.7,4.03,4.79,4.09,1.51,2.02,1.43,0.67,0.85,1.27,0.58,0.25,11.33,2.2,2.58,8.03,0.84,1.75,7.8,2.55,3.63,4.75,0.76,4.6,0.61,1.06,0.72,0.44,3.92,3.25,2.37,1.17,3.11,0.99,0.63,0.19,0.24,0.35,0.04,0.06,0.09,0.04,,,,,,,,
4344,8640,180,Central Slopes,5000,3.07,0.54,2.47,4.36,0.14,0,0.03,1.56,1.64,1.87,1.64,2.57,1.71,2.89,3.36,4.3,2.92,3.92,2.35,1.48,1.35,3.18,2.41,2.79,2.88,1.71,0.56,1.37,1.67,2.46,0.67,1.29,3.41,5.2,3.54,1.68,1.39,2.63,0.88,0.95,5.32,6.77,1.58,0.89,0.1,0.3,0.09,0.11,,,,,,,,
4345,8640,180,Central Slopes,10000,0.02,0.04,0.36,1.73,1.96,0.53,1.97,1.63,1.99,3.72,4.52,4.05,5.15,4.82,4.31,4.71,1.15,1.27,1.69,7.35,5.96,5.19,2.98,0.53,0.8,1.3,1.82,0.98,0.66,1.53,1.06,1.07,1.71,0.92,2.29,1.9,1.86,2.12,1.21,0.58,0.33,0.95,0.98,1.75,0.87,0.46,1.93,3.29,,,,,,,,
4346,8640,180,Central Slopes,10000,0.13,0.02,0.01,0,0,0.04,2.23,3.44,4.39,0.15,0.08,1.47,0.07,2.31,6.84,3.43,1.27,0.81,3.91,4.42,4.21,3.97,2.21,0.81,0.33,1.1,2.11,1.97,2.89,2.41,1.7,0.52,1.04,0.61,2.45,0.27,0.61,1.82,1.98,1.9,1.82,1.71,0.71,1.08,2.87,12.05,9.18,0.65,,,,,,,,
4347,8640,180,Central Slopes,10000,1.66,1.77,1.38,0.86,1.32,0.78,1.34,1.99,5.08,5.5,4.28,2.98,3.15,3.47,2.15,1.46,1.9,1,0.99,0.94,0.77,0.66,1.89,1.01,1.4,2.61,4.04,0.91,1.04,0.46,0.82,1.24,1.43,2.92,1.62,1.03,0.36,0.55,5.57,7.1,4.84,7.54,4.83,0.65,0.49,0.12,0.06,0.04,,,,,,,,
4348,8640,180,Central Slopes,10000,0.59,0.27,0.14,0.76,0.23,2.25,3.5,2.67,3.28,2.45,1.26,0.42,0.64,0.56,1.2,0.79,0.98,1.53,1.65,2.59,2.72,4.4,4.99,3.24,3.9,4.83,3.18,4.7,6.37,6.87,4.06,2.64,4.41,2.75,2.12,1.55,0.86,2.33,2.29,1.5,0.31,0.48,0.66,0.3,0.27,0.07,0.16,0.28,,,,,,,,
4349,8640,180,Central Slopes,10000,1.7,2.11,1.31,1.11,1.06,2.76,1.61,1.22,1.85,0.57,2.01,2.28,4.34,5.31,6.19,4.66,6.65,6.59,4.24,2.12,5.31,1.54,1.5,0.92,0.43,0.7,0.35,0.26,0.29,0.33,0.46,0.54,0.53,0.82,1.04,0.92,0.13,0.03,0.17,0.18,0.42,0.83,1.95,4.07,8.57,7.05,0.93,0.04,,,,,,,,
4350,8640,180,Central Slopes,10000,0.24,0.23,0.19,0.16,0.44,0.54,0.14,0.27,1.01,0.45,0.08,0.12,0.62,0.65,2,1.64,0.71,0.45,0.66,1.51,1.53,1.78,2.06,0.78,0.76,1.22,2.89,4.33,4.14,2.32,4.22,4.49,4.71,3.91,6.44,6.75,6.08,9.03,7.16,4.51,2.62,2.5,1.69,1.05,0.42,0.21,0.08,0.21,,,,,,,,
4351,8640,180,Central Slopes,10000,0.16,0.12,0.69,1.2,0.69,0.32,0.48,0.32,0.4,0.51,0.76,2.11,2.36,1.03,0.21,0.66,1.25,1.85,1.84,2.16,1.63,0.98,1.53,2.9,3.01,4.25,8.83,12.78,7.26,5.62,3.43,3.63,1.92,2.18,5.77,3.24,2.08,1.91,1.97,1.42,0.63,0.41,0.64,0.91,1.15,0.5,0.18,0.12,,,,,,,,
4352,8640,180,Central Slopes,10000,0.04,0.09,0.55,1.88,3.38,1.61,0.5,0.32,0.29,0.86,1.92,1.36,0.93,1.11,0.64,0.07,0.01,0.29,1.02,1.05,0.19,0.2,0.82,0.77,1.12,0.92,1.8,3.08,4.95,5.68,4.68,3.53,5.38,6.62,6.4,5.16,4.15,4.84,4.3,3.07,1.08,1.24,3.01,4.18,3.24,1.51,0.16,0,,,,,,,,
4353,8640,180,Central Slopes,10000,1.19,1.07,1.28,1.08,1.13,1.48,1.19,1.26,1.47,0.77,0.41,0.6,1.73,2.21,2.04,0.12,0.29,0.71,0.46,0.34,0.66,0.94,1.09,0.31,0.42,0.55,0.87,0.86,2.83,1.67,1.54,4.51,2.98,3.39,1.08,1.19,1.63,3.15,4.22,5.09,11,11.11,9.45,3.59,1.53,0.58,2.18,0.75,,,,,,,,
4354,8640,180,Central Slopes,10000,0.16,1.92,0.27,0.31,0.19,0.17,0.26,1.82,6.27,6.11,6.82,6.46,2.69,3.89,7.14,4.49,0.72,1.03,0.71,0.38,2.26,3.75,1.17,2.45,5.24,1.68,1.29,0.7,1.27,1.31,1.4,0.99,1.5,2.04,2.88,2.77,2.73,1,0.99,1.84,2.26,3.1,1.86,0.71,0.23,0.35,0.29,0.13,,,,,,,,
4355,8640,180,Central Slopes,20000,0.52,0.63,0.64,1.45,0.67,1.68,2.93,3.23,2.72,4.42,3.28,3.57,4.6,2.1,2.64,2.24,5.77,3.89,3.88,3.57,1.43,1.92,2.16,1.72,0.76,0.64,0.84,1.31,1.61,1.12,1.72,2.14,2,2.55,2.93,1.75,1.71,1.7,1.19,1.31,1.74,0.41,1.23,3.16,4.35,1.69,0.24,0.24,,,,,,,,
4356,8640,180,Central Slopes,20000,0.46,0.42,0.27,0.66,0.49,0.99,3.53,3.17,2.94,2.86,1.29,0.8,0.43,0.61,1.21,0.7,0.94,0.94,1.51,2.74,2.21,3.54,5.22,3.51,3.93,4.08,3.64,4.1,6.03,7.78,4.44,3.21,4.54,2.91,2.12,1.97,1.07,1.63,2.38,1.97,0.47,0.51,0.56,0.33,0.41,0.06,0.14,0.28,,,,,,,,
4357,8640,180,Central Slopes,20000,0.05,2.13,0.51,0.42,0.37,0.61,0.61,0.32,0.98,0.96,0.57,0.25,1.14,1.88,2.84,0.4,0.2,0.46,0.56,0.63,1.63,1.9,4.6,3.39,4.21,1.77,2.44,1.14,3.37,1.89,1.46,0.56,0.59,0.91,1.64,2.03,1.58,3.66,5.36,3.31,4.33,3.73,4.22,5.74,6.92,5.78,4.16,1.79,,,,,,,,
4358,8640,180,Central Slopes,20000,0.22,0.61,0.57,2.65,1.87,1.42,1.47,1.81,0.83,1.43,1.81,3.68,2.35,1.85,2.26,2.75,2.83,2.72,2.48,5.58,1.62,1.65,0.87,0.26,0.57,0.63,0.63,0.5,0.36,1.5,2.04,1.6,1.29,2.73,5.78,5.59,6.68,8.52,8.88,3.29,0.67,0.59,0.16,0.59,0.68,0.13,0.67,0.33,,,,,,,,
4359,8640,180,Central Slopes,20000,0,0.08,0.68,1.65,1.62,1.01,1.22,1.25,0.51,1.31,0.26,0.07,0.6,1.28,2.34,1.75,2.06,1.69,1.98,1.29,2.72,6.21,8.08,5.06,2.04,0.85,1.64,1.5,1.46,1.71,1.59,2.08,2.1,2.42,2.3,1.85,10.26,10.96,3.9,1.92,1.38,1.07,1.09,0.8,1.16,0.68,0.27,0.25,,,,,,,,
4360,8640,180,Central Slopes,20000,0,0.13,0.81,1.54,2.8,1.59,0.53,0.37,0.37,0.72,1.82,1.35,0.9,1.16,1.14,0.63,0.39,1.19,1.8,1.52,0.29,0.21,0.76,0.82,1.02,0.86,2.02,2.95,4.62,5.3,4.8,4.34,5.76,6.09,6.1,4.69,4.09,3.7,3.39,2.22,1.09,1.63,2.64,3.8,3.6,1.87,0.55,0.03,,,,,,,,
4361,8640,180,Central Slopes,20000,0,0.42,0.61,0.75,2.02,1.03,1.28,3.61,5.38,6.61,5.87,3.55,2.81,4.99,4.88,4.61,3.19,2.63,0.87,2.22,0.46,0.46,0.42,1.47,1.44,1.1,1.15,1.06,0.78,0.96,0.79,1.17,1.06,1.47,1.05,2.25,1.03,0.26,0,0.11,6.43,8.4,2.38,0.45,1.31,1.83,1.86,1.52,,,,,,,,
4362,8640,180,Central Slopes,20000,0.24,0.24,0.04,0,0,0.48,0.81,0.83,4.37,6.66,3.5,3.02,2.22,1.89,0.16,1.96,4.23,0.66,2.21,6.65,7.13,2.81,1.58,2.37,1.64,2.14,2.78,2.43,2.28,5.58,4.28,2.55,1.85,1.15,1.45,1.33,1.37,1.49,1.58,2.1,0.74,2.77,1.52,1.2,0.37,0.62,2.35,0.37,,,,,,,,
4363,8640,180,Central Slopes,20000,0.97,0.46,0.91,0.71,0.91,1.43,1.04,1.23,2.97,1.91,0.76,2.04,2.84,3.54,2.12,2.48,1.52,0.73,2.05,1.55,1.05,0.99,6.67,1.48,1.29,3.84,2.85,2.21,8.29,2.76,3.54,2.98,0.71,2.48,0.92,1.99,2.52,2.2,5.61,2.67,1.55,0.74,4.9,1.09,0.92,0.43,0.56,0.59,,,,,,,,
4364,8640,180,Central Slopes,20000,0.1,0.22,0.19,0.36,0.59,0.11,0.67,0.54,0.8,0.17,0.44,0.29,0.15,0.39,1.48,2.91,3.48,1.69,3.05,6.65,7.77,6.26,5.27,7.32,3.09,1.51,3.39,2.45,0.92,1.08,1.01,4.59,2.52,4.56,4.22,1.86,2.37,4.3,0.7,1.47,0.06,2.39,3.93,1.08,1.48,0.12,0,0,,,,,,,,
4365,8640,180,Central Slopes,40000,0.6,1.72,1.49,1.46,1.45,1.99,3.12,3.42,4.17,5.39,6.45,6.31,4.19,2.95,0.79,0.35,0.97,2.07,1.82,4.24,4.48,1.68,1.7,1.44,1.7,2.81,2.89,1.98,0.97,1.04,1.68,0.93,0.36,1.19,1.97,4.11,0.63,0.95,3.1,2.34,1.8,0.54,0.54,1.27,1.75,0.53,0.49,0.18,,,,,,,,
4366,8640,180,Central Slopes,40000,0.47,0.59,0.74,0.4,1.02,0.77,0.45,0.25,0.75,1.28,2.38,0.33,0.13,0.58,0.38,0.56,1.23,1.71,3.76,2.44,3.29,1.46,2.03,1.01,2.4,2,1.71,0.56,0.61,0.8,1.4,1.8,1.71,3.71,5.55,4.78,5.02,4.04,4.02,5.07,6.64,6.63,4.96,1.96,2.3,1.66,1.68,0.98,,,,,,,,
4367,8640,180,Central Slopes,40000,0.1,0.2,0.58,2.41,3.43,4.36,5.64,4.59,2.22,1.47,1.12,1.36,2.24,3.08,4.07,3.82,4.23,4.36,4.02,1.47,2.58,1.42,0.83,1.09,1.16,1.54,0.82,1.05,1.22,1.92,2.15,3.22,2.68,2.58,3.12,2.57,2.5,2.65,1.89,1.54,1.1,1.64,1.37,1.03,0.81,0.17,0.4,0.18,,,,,,,,
4368,8640,180,Central Slopes,40000,0.73,0.4,0.42,0.72,1.97,1.47,1.16,1.56,1.32,0.91,0.39,1.07,1.8,1.76,0.59,0.35,1.01,0.74,1.03,0.81,2.14,3.67,5.38,6.26,5.93,5.25,5.83,5.71,5.45,4.78,4.1,3.25,3.36,2.08,0.99,1.53,2.48,3.96,3.9,1.69,1.52,0.43,0.05,0,0.02,0.01,0.01,0.01,,,,,,,,
4369,8640,180,Central Slopes,40000,0.31,1.45,1.27,2.26,1.26,2.2,2.77,2.38,2.09,3.42,2.81,3.05,4.33,2.89,3.65,3.49,4.71,5.67,4.83,3.87,1.56,1.88,1.46,1.54,0.84,0.84,0.93,0.96,1.27,0.93,1.12,1.62,1.33,1.78,1.97,1.1,0.96,0.65,0.54,0.94,1.31,0.71,1,2.14,3.59,4.21,2.93,1.18,,,,,,,,
4370,8640,180,Central Slopes,40000,0.11,0.22,0.26,0.58,4.94,7.72,7.78,5.88,2.84,1.8,0.74,1.03,2.84,1.44,2.88,4.51,4.79,2.03,1.34,1.86,1.34,2.45,2.91,5.48,5.29,2.26,2.07,0.89,2.28,1.6,6.87,4.81,2.06,0.15,0.06,0.06,1.13,0.24,0.77,0.62,0,0,0,0.18,0.5,0.35,0,0.04,,,,,,,,
4371,8640,180,Central Slopes,40000,0.32,1.11,1.21,1.2,2.24,2.78,1.21,1.96,2.34,2.08,1.19,1.67,3.3,6.3,6.33,3.51,3.02,2.14,3.92,6.67,4.27,3.13,0.72,0.32,0.59,0.84,6.02,6.56,3.69,2.37,0.52,0.25,0.14,0.07,0.09,0.76,1.41,1.05,1.16,0.37,0.97,1.29,2.93,1.59,2.03,0.99,0.96,0.41,,,,,,,,
4372,8640,180,Central Slopes,40000,0.2,0.63,1.06,1.29,0.94,0.79,0.72,0.62,1.2,0.97,1.2,2.33,0.52,1.73,1.46,1.98,3.05,1.4,1.07,1.47,1.56,1.57,0.5,0.8,2.9,2.07,1.93,1.77,1.93,1.65,2.81,3.45,4.17,5.92,5.65,6.86,8.61,7.01,8.75,2.19,2.78,0.39,0.03,0.02,0.03,0.01,0.01,0,,,,,,,,
4373,8640,180,Central Slopes,40000,0.54,1.72,0.24,1.14,0.54,1.73,1.29,3.2,4.44,3.69,1.92,2.87,3.42,2.85,2.43,3.01,5.91,6.17,6.14,5.42,3.69,4.78,4.66,2.66,2.58,3.88,0.68,0.78,2.91,0.57,0.43,2.25,3.26,2.06,0.07,0.34,0.58,0.53,1.55,0.48,0.51,0.42,0.26,0.08,0.22,0.48,0.32,0.3,,,,,,,,
4374,8640,180,Central Slopes,40000,0.75,1.96,0.66,1.09,1.66,0.37,0.8,0.86,2.21,3.83,6.72,9.55,9,7.34,7.63,5.76,6.86,2.06,1.56,1.15,1.5,1.36,1.38,0.87,0.74,0.65,0.12,0.3,0.22,0.26,1.79,1.54,1.83,1.96,2.07,1.9,0.66,0.14,1.49,1.81,0.24,0.09,0.56,0.9,0.75,0.64,1.04,1.37,,,,,,,,
4375,10080,180,Central Slopes,100,0.54,0.68,1.94,0.97,1.47,1.13,1.33,0.74,1.95,1.27,0.65,1.07,0.52,2.05,3.84,3.7,1.64,0.23,0.71,0.41,0.21,0.27,0.39,1.11,0.69,0.85,0.74,1.33,0.79,3.92,3.78,2.56,5.37,4.47,5.2,2.02,1.86,2.08,3.32,4.18,4.83,5.71,8.15,4.48,0.37,0.06,0.46,0.73,1.54,0.31,0.01,0,0,0.02,0.02,1.33
4376,10080,180,Central Slopes,100,1.04,2.22,0.36,0.33,0.04,0,0.13,0.14,2.23,2.03,2.17,1.59,1.61,1.09,1.11,0.81,2.23,0.51,0.64,0.24,0.06,2.07,0.3,0,0,0.74,2.3,2.99,4.26,1.32,0.84,3.63,6.07,5.68,5.54,2.15,1.07,0.34,0.66,0.35,2.06,2.74,2.24,0.63,2.5,1.23,1.72,3.67,0.08,0.34,8.51,5.28,2.11,1.09,2.8,2.11
4377,10080,180,Central Slopes,100,0.07,0,0.07,0.06,0.12,0.16,1.16,0.56,1.17,0.89,1.18,3.73,0.41,0.66,0.89,1.56,0.47,2.38,2.75,2.72,1.46,2.35,2.02,1.91,2.64,1.65,0.75,0.18,6.33,1.31,1.48,4.68,0.24,1.14,15.14,1.54,7.7,3.13,0.63,3.05,0.99,2.22,1.42,1.02,4.39,2.29,1.49,1.08,0.62,1.32,1.67,0.53,0.35,0.17,0,0.1
4378,10080,180,Central Slopes,100,0.84,1.07,0.18,0,1.71,0.09,0.28,1.72,2.6,5.27,2.43,0.57,3.22,3.2,2.1,2.75,0.7,7.4,3.78,5.88,11.83,5.2,0.26,1.2,1.32,1.26,7.46,0.48,1.23,1.49,1.13,0.99,1.19,2.11,3.28,0.59,0.18,0.8,0.25,0.87,1.21,1.36,1.36,1.61,0.1,0.59,0.08,0.08,1.08,1.17,1.6,0.26,0.16,0.15,0.08,0.2
4379,10080,180,Central Slopes,100,4.57,3.48,1.88,3.9,7.12,8.66,0.28,0,0,0.01,0.35,0.43,1.98,0.18,0.06,0.04,0.08,0.12,1.18,0.73,2.44,1.19,0.02,0.06,0.17,0.36,0.42,0.98,0.88,2.19,0.38,0.98,2.35,0.3,1.44,2,5.22,4.18,4.4,3.59,2.21,3.46,5.13,4.74,1.13,0.86,1.38,1.51,1.04,0.35,2.04,0.37,0.67,0.19,3.27,3.05
4380,10080,180,Central Slopes,100,5.94,3.85,2.76,0.98,0.69,0.32,0.1,0.33,0.81,1.93,0.72,1.06,2.58,1.36,0.47,0.82,1.64,3.31,1.88,0.18,0.09,0.03,0.07,1.26,8.07,9.61,9.46,5.35,4.35,2.89,0.77,0.09,1.11,4.01,2.12,2.16,0.28,0.12,0.52,0.93,0.68,0.39,1,0.22,0.59,0.18,1.33,1.55,0.5,1.02,2.06,1.89,0.68,0.47,0.85,1.57
4381,10080,180,Central Slopes,100,4.28,1.88,1.04,1.17,0.9,1.65,1.43,0.83,1.05,2.79,2.87,1.67,1.5,2.02,1.18,0.87,0.25,1.92,4.4,1.74,2.21,2.34,1.85,0.5,2.08,2.2,1.04,1.67,0.36,0.02,2.36,1.5,2.61,1.34,1.86,2.27,1.11,0.78,0.21,0.74,0.57,0.49,2.31,2.52,5.2,2.7,2.88,2.7,1.33,4.56,0.82,0.13,0.09,2.57,2.61,4.03
4382,10080,180,Central Slopes,100,1.77,3.22,2.92,0.73,0.83,1.28,0.03,0.08,1.2,4.05,1.81,0.57,0.98,0.45,1.01,2.92,2.56,3.35,1.93,2.88,6.47,5.68,1.32,1.62,2.06,1.39,1.17,1.43,1.5,0.32,0.2,1.07,0.28,0.19,1.5,0.52,1.32,1.97,2.52,3.27,0.34,0.57,0.59,0.18,0.29,0.03,0.65,4.13,1.04,1.98,4.03,6.31,5.3,2.69,0.92,0.58
4383,10080,180,Central Slopes,100,4.37,4,6.23,5.52,6.21,3.7,2.13,4.2,1.66,0.38,0,3.93,4.55,0.97,1.2,0.48,1.26,1.15,0.17,0.11,1.46,2.67,1.19,0.6,0.21,0.85,0.93,0.65,1.28,0.71,0.31,0.3,0.29,0.07,4.42,0.62,0.58,1.1,0.85,0.27,1.1,1.3,1.79,1.22,1.78,1.15,0.52,0.68,1.8,3.51,5.44,3.1,0.87,1.12,1.52,1.52
4384,10080,180,Central Slopes,100,3.54,2.56,6.73,8.25,0.97,4.72,1.92,0.64,0.05,0.06,1.9,4.84,2.24,0.41,6.48,0.45,0.37,4.56,0.93,0.12,0.31,0.11,0.52,0.08,1.22,2.74,0.42,0,0.33,0,2.01,1.38,2.06,3.89,0.22,0.01,0.73,0.7,0,0.21,0.95,0.5,0.18,0.01,8.56,0.76,0.63,3.78,0.29,1.11,0.78,0.05,1.8,5.78,5.61,0.53
4385,10080,180,Central Slopes,200,1.44,0.29,0.26,0.73,0.67,0.77,2.06,0.74,0.53,0.88,0.33,0.12,1,0.95,0.38,0.71,0.65,1.23,0.71,1.68,0.97,0.69,0.8,1,1.53,3.61,2.21,2.57,0.46,0.69,1.01,0.3,1.06,3.08,3.27,2.54,3.51,6.51,7.85,10.23,8.21,4.73,2.92,0.4,0.8,0.03,0.05,0.62,0.87,1.18,1.13,0.73,3.4,2.14,0.77,2
4386,10080,180,Central Slopes,200,0.51,0.64,2.01,1.01,1.36,0.98,1.32,0.64,1.85,1.28,0.58,0.92,0.43,1.91,4.13,4.17,1.78,0.21,0.84,0.42,0.21,0.28,0.47,1.19,0.79,0.93,0.89,1.35,0.84,3.59,3.44,2.54,5.21,4.52,4.9,2.06,1.8,2.14,3.36,4.84,5.01,5.13,7.95,4.73,0.59,0.07,0.47,0.92,1.24,0.25,0,0,0,0.02,0.02,1.26
4387,10080,180,Central Slopes,200,0.39,0.67,1.06,0.28,0.13,0.21,0.11,0.09,0.32,0.57,0.07,0.61,1.68,1.21,1.25,1.36,0.02,0.04,0.79,3.27,4.28,0.84,0.03,0.01,0.43,0.14,0.23,1.37,0.22,4.42,7.62,2.52,2.11,0.88,3.4,1.76,0.8,0.88,0.97,0.69,1.6,4.12,1.8,1.59,4.67,1.93,2.78,1.58,3.87,4.13,6.39,4.45,3.39,2.19,4.3,3.48
4388,10080,180,Central Slopes,200,1.1,2.27,0.36,0.34,0.05,0,0.13,0.14,2.18,2.05,2.11,1.58,1.6,1.08,1.1,0.81,2.23,0.5,0.65,0.24,0.06,2.07,0.29,0,0,0.72,2.18,2.93,4.29,1.28,0.86,3.57,6.1,5.65,5.62,2.21,1.16,0.35,0.66,0.35,2.07,2.74,2.21,0.66,2.51,1.21,1.71,3.69,0.08,0.35,8.51,5.32,2.13,1.06,2.85,2.03
4389,10080,180,Central Slopes,200,0.14,0,0,0.14,0.02,0.25,0.79,0.99,0.88,1.6,0.85,2.08,2.03,0.4,0.5,1.49,1.14,0.41,3.17,2.92,3.65,2.32,1.08,2.71,0.41,3.26,0.84,0.17,1.22,7.57,0.49,5.01,2.15,0.7,11.62,2.59,3.65,5.53,2.26,2.31,2.23,1.61,1.77,0.8,3.17,3.53,1.64,1.2,0.62,1.45,0.46,1.6,0.27,0.19,0.09,0.03
4390,10080,180,Central Slopes,200,0,0.47,0.3,0.25,0.9,2.49,2.61,0.63,0.08,0.13,0.11,0.48,0.99,0.56,0.07,0.06,0.04,0.07,0.17,1.04,1.21,1.63,1.05,1.39,4.54,0.62,1.32,1.93,0.03,0.86,2.61,2.16,3.78,3.31,2.88,6.43,9.01,12.07,6.15,3.74,2.94,3.66,3.56,2.87,2.46,2.78,2.04,1.16,0.06,0,0,0,0,0,0,0.3
4391,10080,180,Central Slopes,200,2.64,5.57,4.72,5.61,5.5,6.31,7.04,5.9,2.7,1.86,0.58,0.15,0.51,0.61,0.46,0.13,0.35,0.09,0.03,0.16,2.17,0.32,1.04,0.26,1.98,1.72,1.07,0.13,0.77,1.86,1.65,2.26,2.29,3.89,1.98,1.81,0.8,1.25,0.78,0.69,0.83,0.59,0.84,0.69,0.66,0.58,0.81,1.84,3.48,2.67,1.45,1.43,0.03,0.34,0.98,3.14
4392,10080,180,Central Slopes,200,1,0.41,1.46,0.06,0.7,1.75,0.15,0.07,0.8,1.36,1.67,0.92,0.47,2.62,0.74,3.67,3.89,2.03,1.19,2.37,4.03,8.35,3.86,4.09,2.23,2.77,2.84,2.91,2.09,4.59,0.4,0.46,0.75,0.92,2.7,3.26,3.79,1.36,0.17,0.24,0.05,0.04,0.52,1.58,2.18,2.01,1.17,0.96,1.68,2.56,2.8,1.37,1.86,0.76,1.22,0.1
4393,10080,180,Central Slopes,200,0.02,0,0.1,0.54,1.02,2.3,2.72,2.76,1.07,0.14,0.96,0.94,2.22,3.66,6.24,5.78,1.07,0.95,0.53,0.68,0.23,0.2,2.03,0.85,0.1,4.59,4.58,5.9,0.35,0,0.73,1.63,2.77,1.29,1.43,1.15,0.72,0.57,2.71,4.86,1.4,3.92,2.19,2.22,3.37,3.62,0.77,3.76,0.76,0.12,0.07,0.62,0.45,0.89,0.71,4.74
4394,10080,180,Central Slopes,200,0.41,0.36,1.13,1.59,1.43,0.74,0.27,0.21,0.65,2.32,1.6,4.44,2.74,0.97,1.27,0.36,0,0.63,4.12,4.62,6.81,3.43,2.88,3.03,2.4,3.01,0.52,0.08,0.46,1.36,1.81,2.67,2.42,2.2,1.75,1.23,0.02,0,0,0,1.27,1.21,2.11,2.81,2.72,4.37,3.84,2.92,2.03,1.61,1.78,0.71,1.78,1.01,2.64,1.25
4395,10080,180,Central Slopes,500,1.7,0.27,0.34,0.3,0.95,0.58,1.95,1.15,0.3,0.64,0.84,0.12,0.94,1.12,0.38,0.85,0.53,1.09,0.69,1.37,1.06,0.55,0.71,0.69,1.35,2.82,2.97,1.76,0.64,0.55,0.93,0.28,0.69,2.44,3.66,2.86,3.39,5.67,7.83,10.87,9.93,5.38,5.17,0.84,0.82,0.18,0.03,0.48,0.86,0.73,1.27,0.71,1.37,2.17,0.63,1.6
4396,10080,180,Central Slopes,500,0.12,0.02,0.26,1.48,2.49,3.06,2.78,3.79,1,1.55,1.77,3.1,2.92,2.02,3.58,3.32,5.88,4.22,1.85,3.86,2.44,2.49,2.13,0.54,1.18,1.31,1.59,1.28,1.3,1.68,1.67,0.25,0.58,0.96,0.8,0.96,1.58,1.01,0.1,0.33,0.64,1.33,3.17,2.56,3.55,1.18,1.52,2.88,2.23,2.11,3.9,0.36,0.16,0.14,0.2,0.82
4397,10080,180,Central Slopes,500,0.52,0.63,1.94,0.99,1.46,0.96,1.36,0.75,1.79,1.2,0.59,0.98,0.46,1.95,3.79,3.8,1.58,0.25,0.81,0.41,0.19,0.32,0.47,1.11,0.7,0.8,0.85,1.28,0.79,3.72,3.43,2.33,5.14,4.63,4.9,1.99,1.81,2.01,3.22,4.55,4.63,6.27,9.07,4.65,0.69,0.13,0.45,0.79,1.31,0.29,0,0,0,0.04,0.02,1.2
4398,10080,180,Central Slopes,500,0.79,0.32,0.31,0.51,0.79,0.04,0.19,3.99,0.88,0.2,0.96,0.77,0.38,0.72,2.51,0.52,0.67,0.5,5.26,6.72,1.47,0.45,0.29,1.19,0.76,0.76,2.14,2.42,4.4,5.67,2.29,1.11,0.75,1.37,0.52,0.12,0.11,0.43,0.16,1.07,1.25,0.75,1.75,5.18,1.76,2.24,1.46,3.14,2.23,4.1,6.75,1.82,2.58,1.93,5.57,2.98
4399,10080,180,Central Slopes,500,1.24,0.41,0.16,0.18,0.06,0.09,0.16,0.24,0.35,0.53,0.12,0.18,0.42,0.38,0.38,0.6,1.29,0.77,0.2,0.91,1.27,0.57,0.08,0.44,0.69,1.05,1.99,0.96,0.1,0.71,0.81,2.1,1.91,2.57,1.68,0.62,0.68,1.9,2.83,4.23,2.14,3.36,4.46,4.31,3.07,3.92,5.47,4.71,6.46,6.37,6.91,2.95,3.53,3.52,1.52,1.44
4400,10080,180,Central Slopes,500,0.65,0.51,0.06,0.1,0.06,0,0.02,0.29,0.28,0.61,0.07,0.3,0.36,0.26,0.25,0.6,1.14,5,2.45,0.45,0.43,2.11,9.53,3.28,2.51,2.46,1.82,1.2,0.9,1.43,1.95,5.94,10.87,3.55,1.71,4.45,2.9,2.25,1.97,4.4,3.63,1.91,1,3.96,2.44,0.88,0.57,1.22,3.45,0.43,0.32,0.42,0.15,0.31,0.09,0.1
4401,10080,180,Central Slopes,500,1.63,0.98,0.05,0.03,0.02,0.05,1.27,0.67,2.2,0.7,0.6,2.23,1.96,4.75,4.13,6.38,5.25,5.96,4.22,4.42,1.05,0.24,0.49,1.42,1.86,3.08,6.19,2.65,0.72,1.46,0.57,3.46,4.98,2.57,0.19,0.84,0.84,0.76,0.62,1.05,0.67,7.4,3.12,0.24,1.54,0.83,0.17,0.07,0.29,0.18,1.92,0.4,0.39,0.12,0.03,0.09
4402,10080,180,Central Slopes,500,0.04,0.43,0.26,0.22,0.72,1.97,2.56,2.11,0.52,0.86,0.08,0.4,0.74,0.55,0.44,0.07,0.01,0.03,1,1.16,1.13,1.89,0.94,1.39,3.94,0.57,1.19,1.93,0.01,0.47,1.55,2.21,5.1,3.77,3.3,7.21,9.78,10.61,6.24,4.31,2.86,2.94,2.56,2.11,1.76,2.17,1.79,1.37,0.24,0.01,0.04,0.03,0,0.01,0.04,0.36
4403,10080,180,Central Slopes,500,2.6,5.46,4.34,5.45,5.42,6.33,6.39,5.28,2.56,2.01,0.52,0.14,0.6,0.81,0.48,0.14,0.44,0.13,0.03,0.17,2.43,0.41,1.43,0.35,2.21,2.12,1.22,0.17,0.78,1.89,2,2.43,2.36,3.55,1.91,1.69,0.77,1.25,0.73,0.73,0.95,0.62,0.92,0.7,0.66,0.59,0.74,2.26,3.43,2.47,1.57,1.26,0.05,0.32,0.96,2.77
4404,10080,180,Central Slopes,500,1.03,0.05,1.06,3.1,6,2.96,0.59,0.52,0.5,4.6,3.12,1.82,1.11,0.29,0.51,0.42,4.06,2.38,0.52,0.68,0.21,1.14,1.81,0.37,1.8,6.88,7.51,6.27,4.5,3.96,2.88,1.49,0.13,0.38,2.14,2.56,2.27,2.81,3.49,0.14,0.39,0.2,0.02,0.14,0.57,1.07,1.92,0.13,0.88,1.42,1.59,0.94,1.31,1.19,0.1,0.07
4405,10080,180,Central Slopes,1000,0.51,0.61,2.18,1.05,1.47,0.87,1.14,0.67,1.6,1.1,0.52,1.25,0.39,2.1,4.28,3.96,1.48,0.26,0.96,0.39,0.17,0.33,0.51,1.2,0.7,0.77,0.84,1.38,0.86,4.11,3.72,2.54,5.34,4.61,5.28,2.03,1.69,2.08,3.5,4.51,4.35,4.65,8.07,4.56,0.93,0.16,0.54,0.72,1.14,0.2,0,0,0,0.02,0.02,1.68
4406,10080,180,Central Slopes,1000,0.03,0.01,0.02,0.73,0.77,0.58,1.16,0.98,0.21,0.22,0.76,0.11,0.25,0.43,0.38,0.38,1.24,0.64,1.22,1.62,0.63,0.07,0.1,2.47,5.36,3.03,0.3,0.06,0.04,0.93,0.11,0.89,0.8,0.78,6.53,6,2.69,2.85,2.98,4.06,1.55,0.96,1.09,0.75,1.68,2.76,3.09,1.75,3.56,4.8,2.14,3.11,2.79,4.49,5.11,7.95
4407,10080,180,Central Slopes,1000,0.3,0.19,1.03,0.94,1.26,1.7,0.55,0.5,1.02,0.32,0.69,1.16,0.55,0.85,0.37,1.13,0.36,1.13,1.33,0.87,0.61,0.84,1.12,3.01,2.98,1.84,1.4,0.4,1.19,0.21,0.37,2.05,4.65,4.28,4.36,6.2,7.73,9.34,9.83,5.22,4.67,0.86,1.01,0.38,0.06,0.3,1.04,0.88,0.97,0.61,0.39,2.28,0.36,1.13,0.91,0.27
4408,10080,180,Central Slopes,1000,0.01,0.07,0.17,0.49,0.14,0.16,0.58,0.46,2.31,2.23,2.95,3.77,3.73,2.92,4.12,1.8,3.86,2.83,1.8,2.4,6.54,5.01,2.88,2.81,1.66,1.54,2.05,1.07,0.83,1.23,1.51,1.94,1.92,1.69,1.65,2.4,3.1,2.19,1.6,1.28,1.3,2.61,3.05,2.15,0.89,0.75,1.12,2.91,0.85,2.01,0.26,0,0.09,0.23,0.04,0.04
4409,10080,180,Central Slopes,1000,2.23,4.89,3.63,4.83,5.01,6.04,4.98,4.5,2.18,2.38,0.44,0.14,0.82,1.68,0.58,0.19,0.75,0.34,0.02,0.23,3.74,0.85,2.74,0.53,2.71,3.04,1.5,0.32,0.92,2.13,2.55,2.5,2.16,2.78,1.6,1.55,0.69,1.07,0.65,0.82,1.06,0.54,0.85,0.6,0.57,0.52,0.59,2.27,3.2,2.36,1.9,1.01,0.12,0.32,1.13,2.25
4410,10080,180,Central Slopes,1000,1.7,0.75,2.42,0.1,1.03,2.18,0.23,0.12,0.67,1.84,1.74,1.11,0.49,3.55,1.67,2.56,3.66,1.45,1.64,3.07,4.24,6.62,1.76,1.48,0.8,0.7,4.34,4.55,3.19,0.43,0.36,0.75,1.38,0.83,1.77,2.87,2.7,0.61,0.28,0.26,0.06,0.05,0.48,1.68,2.32,2.69,1.68,1.28,1.59,3.5,3.33,2.75,2.92,1.12,2.46,0.19
4411,10080,180,Central Slopes,1000,5.26,6.93,2.84,0.36,1.39,0.17,0.07,0.24,1.67,0.99,0.99,2.73,3.03,2.22,0.2,1.37,2.58,5.83,3.18,0.1,0.07,0.03,0.04,3.18,7.95,12.91,7.44,4.88,2.26,1.47,0.16,0.06,2.72,1.84,1.22,1.08,0.11,0.07,0.29,0.59,0.91,0.12,0.45,0.14,0.24,0.06,1.57,0.45,0.57,0.59,0.98,0.97,0.89,0.33,0.49,0.72
4412,10080,180,Central Slopes,1000,0.95,0.94,0.14,0.2,7.76,6.98,1.71,0.09,1.15,4.72,3.54,6.82,0.33,0.07,0,0.46,0.37,0.1,1.46,0.45,0.02,0,0,0,3.74,2.2,1.1,0,0.05,0.11,0,0.86,6.08,3.63,1.66,1.63,2.46,1.16,0.65,3.54,7.91,9.52,5.91,1.84,1.69,1.8,1.72,1.83,0.59,0.06,0,0,0,0,0,0
4413,10080,180,Central Slopes,1000,1.41,3.58,0.45,0.1,0.01,0.09,0.17,0.12,0.57,0.9,0.25,0.53,0.12,0.16,1.11,4.78,2.86,3.64,1.49,2.12,0.98,4.63,0.56,0.92,3.61,0.82,3.04,4.46,3.19,3.04,2.5,3.98,1.41,3.4,1.92,0.24,1.94,0.26,0.13,0.67,0.39,1.16,2.24,0.54,1.02,0.01,0,0.13,0.48,4.02,13.3,7.08,1.98,1.27,0.07,0.15
4414,10080,180,Central Slopes,1000,4.32,2.3,0.7,0,0.01,0.01,0.26,4.59,1.95,26.69,0.62,0.04,0.01,0,0,0.03,2.6,5.54,0.58,0.1,0.05,0.59,0.65,6.54,0.75,0.1,0.24,0.44,0.08,4.63,9.46,0.46,0.22,0.09,0.84,0.37,0.08,0.8,4.73,0.5,0.23,1.66,0.02,0,0.14,0.86,1.64,0.97,0.04,0.08,0.58,0.01,0.14,6.83,1.9,2.93
4415,10080,180,Central Slopes,2500,0.86,0.84,0.43,0.73,0.82,0.99,0.89,1.62,0.92,0.83,0.77,1.16,2.25,4.34,2.64,2.53,0.4,0.96,0.82,0.42,1.42,3.85,3.64,3.09,5.56,7.69,8.69,11.02,5.46,4.47,2.58,0.82,0.43,0.07,0.26,1.02,1.15,1.63,0.79,1.03,3.63,1.97,1.26,2.19,0.64,0.18,0.05,0.12,0.07,0,0,0,0,0,0,0
4416,10080,180,Central Slopes,2500,1.99,1.21,0.96,0.56,0.35,0.35,0.67,0.14,1.23,2.58,0.7,0.21,0.91,0.99,0.6,0.81,1.86,0.43,0.61,1.37,4.94,5.78,1.12,0.23,0.24,1.07,0.52,0.81,2.49,3.11,4.78,5.28,2.59,2.07,0.77,2.53,0.88,0.29,0.28,0.48,0.29,1.54,1.76,1.03,2.6,4.74,1.41,2.58,1.61,3.19,3.02,4.93,5.21,3.09,1.95,2.26
4417,10080,180,Central Slopes,2500,1.38,0.23,0.16,0.23,0.06,0.11,0.18,0.15,0.2,0.24,0.03,0.2,0.26,0.2,0.2,0.13,0.51,0.19,0.13,0.57,1.11,0.13,0.03,0.38,0.55,1.01,2.12,1.32,0.17,0.5,0.72,1.64,0.96,1.38,1.16,0.52,0.83,1.9,3.15,5.92,3.27,3.87,3.86,4.6,3.72,4.74,6.4,5.75,7.68,7.43,6.78,3.29,3.24,2.04,1.58,0.89
4418,10080,180,Central Slopes,2500,0.31,0.7,1.92,1.1,1.26,0.93,1.19,1.2,1.49,1.06,0.68,0.88,0.45,1.69,3.46,3.42,1.17,0.14,0.76,0.39,0.26,0.27,0.94,1.17,0.68,0.51,0.83,0.97,0.77,2.92,3.3,1.72,4,4.13,4.25,1.71,1.45,1.73,2.86,5,4.8,6.69,10.38,8.04,1.68,0.25,0.3,1.42,0.96,0.19,0,0.03,0,0.04,0.66,0.89
4419,10080,180,Central Slopes,2500,0,0.01,0,1.68,6.53,1.74,1.63,1.14,1.29,1.08,0.73,0.94,1.62,0.98,0.66,1.04,1.49,1.91,2.35,2.6,1.73,1.07,1.24,3.27,2.88,7.65,14.04,8.52,3.36,1.01,2.37,1.5,0.07,0.12,3.27,1.32,0.3,0.48,1.04,0.16,0.16,0.25,6.97,0.64,0.06,1.16,0.21,0.56,2.62,0.84,0.22,0.1,0.67,0.2,0.12,0.4
4420,10080,180,Central Slopes,2500,1.32,3.17,3.81,3.19,1.41,4.47,3.84,3.58,3.02,2.81,1.63,1.91,0.8,0.73,0.36,0.33,0.88,0.29,0.21,0.4,0.15,0.15,0.4,0.25,1.21,1.71,3.17,1.74,0.5,0.11,0.85,1.11,1.19,0.37,0.51,0.8,0.83,0.6,2.69,4.65,4.76,1.9,3.25,3.14,3.12,2.74,3.86,3.8,2.85,1.15,1.62,3.16,1.79,1.33,0.13,0.25
4421,10080,180,Central Slopes,2500,1.17,1.58,1.64,1.29,1.33,2.3,3.82,3.87,4.36,5.63,6.24,4.85,4.8,3.61,0.54,0.36,0.78,2.24,2.14,5.32,5.51,1.65,1.7,1.07,2.27,4.14,3.26,0.82,0.65,0.77,0.85,0.97,0.21,1.43,2.88,5.18,0.35,0.57,2.13,0.79,0.05,0.23,0.37,0.75,1.69,0.13,0.62,0,0.18,0.12,0.14,0.05,0.04,0.05,0.19,0.32
4422,10080,180,Central Slopes,2500,0.11,0.07,0.08,0.17,0.72,0.54,0.87,0.38,0.93,3.04,3.67,3.23,3.7,2.9,4.75,3,1.76,4.27,1.32,2.23,3.3,4.24,4.11,1.66,2.61,3.16,2.19,1.35,0.88,1.63,2.34,2.49,2.28,3.4,2.96,3.41,3.77,3.65,2.11,1.79,1.1,0.28,0.79,0.4,0.74,0.34,0.22,1.47,2.15,0.59,0.76,0.02,0,0.01,0.02,0.04
4423,10080,180,Central Slopes,2500,0.19,0.26,0.09,0.36,0.91,2.14,1.97,2.9,1.75,0.25,0.33,0.41,0.74,0.59,0.28,0.35,0.01,0.15,1.68,0.85,1.63,1.77,0.48,3.08,1.78,0.15,2.43,0.46,0.02,0.32,0.77,3.25,5.56,7.07,7.11,10.01,7.57,4.54,4.1,3.92,3.18,2.13,2.38,2.02,3.24,1.53,1.58,0.88,0.42,0.01,0.03,0.03,0,0.02,0.15,0.17
4424,10080,180,Central Slopes,2500,0.55,0.42,0.51,1.12,0.66,0.32,0.36,1.13,0.79,1.27,1.97,1.68,1.27,0.95,1.19,2.61,2.19,2.31,3.04,2.14,1.12,1.84,1.75,0.91,1.36,1.37,2.93,1.26,2,2.94,1.83,0.9,0.97,0.67,0.7,0.99,1.73,3.66,1.67,2.46,2.01,0.83,3.83,6.74,3.62,8.34,5,2.97,0.76,1.01,0.79,0.63,0.79,1.62,0.62,0.9
4425,10080,180,Central Slopes,5000,0.69,0.49,0.25,0.21,0.32,0.12,0.92,1.7,0.46,0.17,0.56,0.78,0.41,0.96,1.65,0.42,0.39,0.95,2.87,4.12,0.95,0.13,0.14,0.66,0.34,0.65,1.77,2.38,3.16,5.02,2.66,1.95,0.69,2.79,1.51,0.75,0.53,0.52,0.64,1.8,1.87,1.53,2.25,4.67,2.5,2.9,2.88,3.59,3.71,6.52,5.43,4.2,2.22,2.63,4.57,1.05
4426,10080,180,Central Slopes,5000,0.09,0.23,1.34,1.11,1.17,0.91,1,1.31,1.2,1.38,1.48,0.83,0.27,0.48,1.9,2.72,2.47,0.12,0.33,0.85,0.43,0.29,0.66,0.94,1.23,0.32,0.5,0.61,0.93,0.99,3.35,2.01,2.02,4.45,3.13,3.48,1.03,1.35,1.93,3.92,4.9,4.6,6.25,10.3,9.28,3.82,1.51,0.71,2.3,0.69,0.07,0,0.01,0,0.02,0.78
4427,10080,180,Central Slopes,5000,2.42,3.45,4.49,2.91,1.61,3.15,3.79,2.92,2.47,3.86,3.38,4.32,2.26,1.94,1.07,1.44,0.36,0.36,0.16,0.36,0.67,0.1,0.08,0.33,0.04,0.07,0.12,0.18,0.42,1.72,3.29,0.71,0.18,0.13,0.92,0.89,0.2,0.31,0.28,0.38,0.46,0.95,2.92,4.85,3.32,1.88,3.6,3.03,3.96,2.77,3.08,2.95,2.9,0.37,2.14,3.08
4428,10080,180,Central Slopes,5000,0.09,0.15,0.33,0.66,1.04,0.45,0.78,1.59,3.46,3.26,4.08,3.56,2.85,5.39,1.78,2.84,4.01,1.93,2.75,3.17,5.49,3.21,2.42,2.34,2.61,1.38,1.42,1.03,1.53,2.04,1.41,2.27,2.58,2.35,3.11,4.09,2.54,2.06,1.52,0.7,0.87,1.1,0.84,0.71,0.42,0.67,2.03,1.4,0.68,0.39,0.05,0,0.04,0.11,0.11,0.31
4429,10080,180,Central Slopes,5000,1.32,2.69,1.71,1.73,5.59,7.73,0.52,0.05,0.18,0.02,0.19,0.92,1.67,0.1,0.01,0.09,0.53,0.24,0.62,0.73,0.84,1.46,0,0,1.21,0.66,4.32,2.39,1.65,5.44,7.91,4.18,0.78,2.02,1.62,1.58,3.31,3.7,4.89,2.32,1.47,3.68,3.19,1.61,1.16,1.14,0.74,0.96,1.28,1.47,1.07,1.22,1.1,0.63,1.31,1.05
4430,10080,180,Central Slopes,5000,1.14,0.24,0.23,0.42,0.67,0.45,1.17,0.74,0.3,0.45,0.54,0.09,0.51,0.63,0.26,0.63,0.41,1.02,0.62,0.95,0.9,0.75,0.71,0.89,1.91,3.5,3.45,2.5,0.54,0.43,0.97,0.3,0.77,2.33,3.12,3.38,3.97,7,7.69,9.69,7.85,4.01,4.73,5.88,1.72,0.24,0.08,0.45,0.91,1.26,0.8,0.8,1.16,2.15,0.58,1.11
4431,10080,180,Central Slopes,5000,1.3,0.38,1.39,0.07,0.47,1.24,0.09,0.04,0.57,1.26,1.7,1.24,0.49,3.62,1.38,2.74,3.78,1.5,1.38,2.9,3.7,7.41,2.55,1.45,1.36,1.25,5.78,5.72,2.35,1.27,0.32,0.71,0.91,1.13,3.88,3.93,3.31,0.91,0.19,0.27,0.04,0.04,0.27,1.04,1.69,1.58,1,0.6,1.96,4.15,3.96,2.62,2.98,1.13,0.83,0.17
4432,10080,180,Central Slopes,5000,0.3,0.91,0.05,0,0.87,0.23,0.4,1.96,0.79,1.12,0.54,0.35,1.48,1.84,0.88,2.36,1.86,3.22,1.42,3.6,9.84,2.96,0.29,3.24,4.6,6.39,6.75,0.59,1.36,1.75,1.03,0.92,3.5,5.21,4.87,1.18,0.37,1.44,0.94,1.4,2.3,1.44,2.5,1.63,0.31,0.79,0.16,0.17,1.66,1.81,2.46,0.55,0.32,0.47,0.18,0.44
4433,10080,180,Central Slopes,5000,0.89,0.23,1.16,2.47,6.86,3.44,1.09,0.75,0.73,4.8,3.14,1.95,1.17,0.38,0.49,0.43,3.47,2.44,0.6,0.45,0.35,1.2,1.83,0.31,1.88,6.26,7.14,6.74,4.3,4.38,2.7,1.35,0.16,0.31,2.1,2.45,2.14,2.45,3.06,0.14,0.33,0.24,0.02,0.12,0.52,1.08,1.72,0.16,0.97,1.69,1.53,0.88,1.14,1.1,0.15,0.16
4434,10080,180,Central Slopes,5000,0.89,0.54,0.4,2.63,1.01,0.46,3.46,3.07,0.71,4.04,4.92,7.06,1.85,0.11,0.76,1.5,1.87,1.06,1.24,0.82,0.93,0.89,1.49,4.79,1.5,4.89,0.97,1.57,3.12,4.49,2.39,6.33,3.7,0.31,0.36,1.77,1.43,1.4,1.53,3.23,3.59,1.47,0.13,0.28,0.16,2.25,0.15,3.23,1.84,0.27,0.12,0.49,0.11,0.06,0.19,0.17
4435,10080,180,Central Slopes,10000,0.04,0.01,0,0.08,1.48,1.67,1.32,1.27,1.56,1.83,2.88,4.71,3.76,4.83,5.47,3.95,5.28,1.46,1.37,1.44,5.17,7.11,5.37,3.35,1.29,0.31,1.69,1.58,0.95,0.73,1.45,1.12,1.09,1.36,1.25,2.03,2.09,1.14,2.45,1.66,0.58,0.44,0.65,0.69,1.71,1.54,0.2,1.31,2.78,2.45,0.02,0,0,0,0.03,0
4436,10080,180,Central Slopes,10000,0.02,0,0.06,0,0.08,2.27,1.55,1.83,0.95,2.25,1.71,1.27,1.3,1.49,1.15,2.27,2.49,4.52,5.56,6.13,5.42,6.68,5.86,3.12,2.2,5.31,1.28,1.19,0.7,0.61,0.66,0.23,0.42,0.18,0.32,0.54,0.55,0.83,0.55,1.61,0.15,0.1,0.05,0.15,0.17,0.53,0.98,2.75,3.75,10.64,4.51,0.48,0.03,0.15,0.39,0.01
4437,10080,180,Central Slopes,10000,0.31,0.13,1.14,1.92,0.49,0.2,0.46,0.56,0.29,0.74,1.22,0.4,0.48,0.93,1.86,3.24,0.97,0.12,0.28,0.55,0.21,0.92,2.19,3.64,3.48,4.43,2.39,2.11,0.93,3.12,2.16,1.14,0.5,0.51,0.66,1.69,1.59,1.8,2.42,4.73,2.89,3.02,3.89,3.83,4.19,6.84,5.35,4.57,2.02,2.12,2.94,1.2,0.17,0.04,0.02,0
4438,10080,180,Central Slopes,10000,0.2,0.57,1.4,1.04,1.29,0.91,1.54,1.01,1.4,1.36,0.79,0.64,0.44,1.32,2.15,2.14,0.68,0.14,0.65,0.52,0.41,0.43,0.87,1.18,0.43,0.32,0.65,0.77,0.64,2.18,2.19,1.25,3.57,3.65,3.33,1.57,1.18,1.44,2.36,4.34,3.96,9.12,11.31,9.83,5.58,2.14,0.44,2.23,0.83,0.26,0,0,0,0.02,0.44,0.89
4439,10080,180,Central Slopes,10000,0,0.47,1.07,0.92,0.12,0.19,0.57,2.05,4.23,4.32,7.75,5.71,1.82,4.48,3.11,3.99,3.43,2.6,1.01,0.6,0.51,0.37,0.4,0.81,0.68,0.85,2.68,1.54,0.88,1.55,0.86,1.4,1.57,1.47,1.44,2.28,3,0.25,0.02,0,0.84,10.83,3.86,0.41,1.21,1.25,2.6,2.15,1.67,1.19,0.4,1.76,0.36,0.44,0.03,0
4440,10080,180,Central Slopes,10000,2.34,3.29,4.33,2.79,1.75,3,3.76,2.96,2.48,3.73,3.24,4.25,2.36,2.01,1.13,1.49,0.37,0.36,0.16,0.32,0.59,0.14,0.11,0.41,0.05,0.08,0.15,0.17,0.49,1.64,3.17,0.71,0.15,0.14,0.88,0.89,0.25,0.31,0.27,0.36,0.43,0.87,2.8,4.68,3.47,1.86,3.72,3.28,4.44,2.95,2.92,3.01,2.96,0.37,2.2,2.96
4441,10080,180,Central Slopes,10000,0.4,0.19,0.11,0.03,0.01,1.02,2.36,0.12,0.01,0.01,0.03,0.33,1.33,1.79,1.91,1.16,2.03,2.48,3.36,3.65,4.38,6.12,5.65,4.06,4.93,1.28,0.72,0.46,1.67,1.95,2.61,5.78,4.12,1.7,3.47,1.23,2.96,3.26,2.52,1.08,0.66,1.06,0.99,0.58,0.42,1.29,3.88,2.32,0.24,1.31,1.89,0.62,0.47,0.26,0.43,1.3
4442,10080,180,Central Slopes,10000,4.61,1.86,0.91,0.24,0.15,0.27,0.47,1.5,2.76,1.9,2.17,7.36,5.33,0.18,0.15,0.08,0,0.32,1.31,0.97,0.05,0.04,0.4,0.23,0.36,0.26,0.9,1.31,0.6,0.01,0.01,1.33,2.32,3.77,1.87,2.42,6.08,9.84,4.63,0.33,1.87,1.51,1.89,2.96,4.26,3.73,1.42,2.35,2.92,2.42,1.09,0.91,0.74,0.68,0.88,1.07
4443,10080,180,Central Slopes,10000,1.07,0.68,1.69,0.08,0.75,1.28,0.15,0.07,0.6,1.73,1.54,1,0.53,3.72,1.91,3,3.44,1.3,1.81,3.5,4.31,6.67,2.13,1.44,1.09,0.94,4.68,4.75,2.8,0.89,0.36,0.67,1.33,1.09,4.31,3.33,2.79,0.72,0.25,0.21,0.05,0.04,0.4,1.37,1.77,2.11,1.27,0.69,1.67,3.16,3.05,2.98,3.13,1.26,2.2,0.24
4444,10080,180,Central Slopes,10000,1.66,2.68,2.74,2.03,1.61,0.75,1.55,1.11,1.56,3.73,4.16,1.66,0.51,0.53,1.06,1.48,0.37,1.76,3.2,1.03,2.69,3.37,6.37,2.38,0.18,0.41,1.39,1.43,1.14,1.22,0.64,0.78,0.5,0.92,3.66,2.07,3.88,1.01,1.31,1.43,4.41,1.82,3.3,4.56,0.71,0.57,1,1.09,1.49,0.92,1.86,3.73,1.91,0.22,0.17,0.28
4445,10080,180,Central Slopes,20000,0.07,0.08,0.11,0.51,0.63,0.63,1.45,0.67,1.68,2.92,3.23,2.72,4.4,3.27,3.57,4.58,2.1,2.63,2.23,5.74,3.87,3.87,3.56,1.43,1.92,2.14,1.72,0.76,0.63,0.84,1.3,1.61,1.11,1.72,2.14,2,2.55,2.93,1.73,1.7,1.69,1.18,1.31,1.74,0.41,1.22,3.15,4.34,1.69,0.24,0.24,0,0,0,0.01,0.03
4446,10080,180,Central Slopes,20000,0.03,0,0.05,0.02,0.1,2.28,1.49,1.72,1,2.16,2.08,1.26,1.16,1.46,1.23,2.23,2.79,4.46,5.72,5.77,5.24,6.42,5.91,3.3,2.24,4.88,1.2,1.06,0.94,0.73,0.79,0.41,0.49,0.22,0.39,0.5,0.52,0.83,0.65,1.39,0.18,0.1,0.07,0.15,0.16,0.54,0.96,2.81,3.8,10.17,4.95,0.48,0.03,0.12,0.35,0.01
4447,10080,180,Central Slopes,20000,0.56,0.81,0.44,0.88,0.05,2.06,0.55,0.4,0.36,0.51,0.77,0.37,1.29,0.95,0.51,0.16,1.13,2.21,2.81,0.42,0.18,0.25,0.58,0.6,1.59,2.01,4.8,3.2,3.44,1.34,1.24,0.86,1.81,1.74,1.42,0.46,0.44,0.8,1.33,1.27,1.6,3.62,5.46,3.63,3.81,3.17,3.29,4.44,5.99,5.64,3.87,2.12,2.6,2.32,1.49,0.35
4448,10080,180,Central Slopes,20000,0.2,0.75,0.7,0.8,1.12,1.81,1.85,3.28,2.74,3.4,4.28,3.38,1.59,2.06,3.47,0.65,0.83,1.93,3.4,1.61,1.31,2.18,0.62,1.01,1.95,2.66,3.86,2.44,2.06,3,3.34,2.81,2.36,3.86,3.11,4.25,2.89,2.48,1.64,1.74,0.53,0.54,0.28,0.32,0.52,0.29,0.19,0.63,0.14,0.15,0.35,0.26,0.86,1.69,2.89,0.94
4449,10080,180,Central Slopes,20000,0.27,0.25,0.33,0.09,0.01,0.95,1.94,1.36,0.05,0.01,0.02,0.12,0.61,1.86,1.84,1.75,1.91,1.97,3.14,3.23,3.95,5.58,6.12,4.79,3.78,2.97,0.82,0.42,1.47,2.67,2.41,4.21,4.66,2.11,2.78,2.1,2.1,3.06,2.6,1.7,0.55,0.88,1.27,0.85,0.26,1.26,2.45,2.93,0.41,1,2.61,1.31,0.72,0.35,0.53,0.61
4450,10080,180,Central Slopes,20000,0.17,0.73,0.66,0.45,0.27,0.61,0.51,0.03,0.36,1.3,1.37,1.43,2.9,2.7,1.37,2.27,2.76,2.41,1.29,1.88,3.82,6.35,5.39,4.37,3.24,2.61,3.04,5.53,3.68,3.41,0.8,0.36,0.59,0.79,3.16,4.51,3.06,2.11,0.32,0.29,0.21,0.09,0.1,0.71,1.75,1.11,1.13,0.44,1.18,1.22,2.83,1.66,2.19,1.05,1.01,0.42
4451,10080,180,Central Slopes,20000,0.17,0.37,2.82,0.29,1.57,0.99,2.78,1.36,2.9,3.69,4.71,0.89,3.26,4.19,1.51,1.71,3.42,5.68,6.08,5.59,6.02,4.48,2.27,1.61,2.91,2.95,3.46,0.52,0.53,1.68,0.45,0.68,2.65,2.83,2.05,0.08,0.42,0.62,0.56,1.42,0.66,0.9,1.52,0.58,0.15,0.26,0.07,0.36,0.79,1.16,0.58,0.26,0.04,0.24,0.04,0.22
4452,10080,180,Central Slopes,20000,0.18,0.68,0.24,4.24,0.95,0,0.21,0.78,1.18,2.25,2.59,2.59,2.47,1.2,0.97,0.99,1.37,1.92,3.23,3.39,0.62,0.4,0.34,1.83,1.2,1,2.85,3.13,1.89,3.72,5.25,5.97,1.45,0.77,1.25,1.26,2.21,1.13,0.88,0.58,0.71,0.56,1.13,3.6,1.23,3.4,0.96,1.24,2.42,3.31,1.78,4.99,2.77,0.85,0.86,1.03
4453,10080,180,Central Slopes,20000,0.02,0.06,0,0,0.19,2.69,7.07,1.38,0.02,0,0.08,0.03,0.15,7.62,0.32,1.14,2.07,9.55,3.31,0.07,0.01,5.81,0.08,0.68,0.44,0.12,0.28,0.81,1.62,12.22,8.95,2.93,0.17,0,0.03,0.05,1.5,1.07,6.43,1.25,0.65,0.12,0,0,0.54,4.74,5.29,0.96,0.17,0.87,1.72,0.43,0.15,0.14,3.04,0.96
4454,10080,180,Central Slopes,20000,1.16,0.73,0.26,0.25,0.95,1.72,0.68,0.41,0.6,1.7,0.63,0.98,1.35,0.35,0.71,0.76,1.55,3.07,5.61,7.49,7.8,6.49,7.14,4.91,7.92,2.62,1.97,1.54,1.71,1.03,1.17,0.55,0.82,0.66,0.11,0.49,0.2,0.31,1,1.91,2.16,2.31,2.38,1.83,0.59,0.13,1.35,1.79,0.18,0.13,0.59,1.02,0.87,0.74,1.1,1.52
4455,10080,180,Central Slopes,40000,0.12,0.34,1.43,1.24,2.25,1.25,2.19,2.76,2.35,2.07,3.38,2.79,3.02,4.3,2.88,3.62,3.46,4.67,5.61,4.77,3.83,1.54,1.87,1.46,1.53,0.83,0.84,0.93,0.96,1.26,0.91,1.12,1.58,1.31,1.78,1.96,1.09,0.94,0.63,0.54,0.93,1.29,0.7,0.99,2.12,3.56,4.17,2.9,1.16,0.32,0.03,0.03,0.05,0.04,0.17,0.13
