EventID, Duration, TimeStep, Region, AEP, Increments,,,,,,,,,,,,,,,,,,,,,,,,,,,,,,,,,,,,,,,,,,,,,,,,,,,,,,,
2012,10,5,Central Slopes,frequent,60.75,39.25,,,,,,,,,,,,,,,,,,,,,,,,,,,,,,,,,,,,,,,,,,,,,,,,,,,,,,
2013,10,5,Central Slopes,frequent,53.19,46.81,,,,,,,,,,,,,,,,,,,,,,,,,,,,,,,,,,,,,,,,,,,,,,,,,,,,,,
2014,10,5,Central Slopes,frequent,64.37,35.63,,,,,,,,,,,,,,,,,,,,,,,,,,,,,,,,,,,,,,,,,,,,,,,,,,,,,,
2015,10,5,Central Slopes,frequent,50.05,49.95,,,,,,,,,,,,,,,,,,,,,,,,,,,,,,,,,,,,,,,,,,,,,,,,,,,,,,
2017,10,5,Central Slopes,frequent,58.82,41.18,,,,,,,,,,,,,,,,,,,,,,,,,,,,,,,,,,,,,,,,,,,,,,,,,,,,,,
2018,10,5,Central Slopes,frequent,46.87,53.13,,,,,,,,,,,,,,,,,,,,,,,,,,,,,,,,,,,,,,,,,,,,,,,,,,,,,,
2019,10,5,Central Slopes,frequent,52.83,47.17,,,,,,,,,,,,,,,,,,,,,,,,,,,,,,,,,,,,,,,,,,,,,,,,,,,,,,
2020,10,5,Central Slopes,frequent,42.11,57.89,,,,,,,,,,,,,,,,,,,,,,,,,,,,,,,,,,,,,,,,,,,,,,,,,,,,,,
2021,10,5,Central Slopes,frequent,48.86,51.14,,,,,,,,,,,,,,,,,,,,,,,,,,,,,,,,,,,,,,,,,,,,,,,,,,,,,,
2022,10,5,Central Slopes,frequent,53.63,46.37,,,,,,,,,,,,,,,,,,,,,,,,,,,,,,,,,,,,,,,,,,,,,,,,,,,,,,
2000,10,5,Central Slopes,intermediate,65.96,34.04,,,,,,,,,,,,,,,,,,,,,,,,,,,,,,,,,,,,,,,,,,,,,,,,,,,,,,
2001,10,5,Central Slopes,intermediate,56.54,43.46,,,,,,,,,,,,,,,,,,,,,,,,,,,,,,,,,,,,,,,,,,,,,,,,,,,,,,
2002,10,5,Central Slopes,intermediate,52.41,47.59,,,,,,,,,,,,,,,,,,,,,,,,,,,,,,,,,,,,,,,,,,,,,,,,,,,,,,
2003,10,5,Central Slopes,intermediate,57.78,42.22,,,,,,,,,,,,,,,,,,,,,,,,,,,,,,,,,,,,,,,,,,,,,,,,,,,,,,
2004,10,5,Central Slopes,intermediate,39.04,60.96,,,,,,,,,,,,,,,,,,,,,,,,,,,,,,,,,,,,,,,,,,,,,,,,,,,,,,
2005,10,5,Central Slopes,intermediate,46.94,53.06,,,,,,,,,,,,,,,,,,,,,,,,,,,,,,,,,,,,,,,,,,,,,,,,,,,,,,
2008,10,5,Central Slopes,intermediate,47.62,52.38,,,,,,,,,,,,,,,,,,,,,,,,,,,,,,,,,,,,,,,,,,,,,,,,,,,,,,
2009,10,5,Central Slopes,intermediate,60.22,39.78,,,,,,,,,,,,,,,,,,,,,,,,,,,,,,,,,,,,,,,,,,,,,,,,,,,,,,
2010,10,5,Central Slopes,intermediate,50.67,49.33,,,,,,,,,,,,,,,,,,,,,,,,,,,,,,,,,,,,,,,,,,,,,,,,,,,,,,
2011,10,5,Central Slopes,intermediate,58.44,41.56,,,,,,,,,,,,,,,,,,,,,,,,,,,,,,,,,,,,,,,,,,,,,,,,,,,,,,
1981,10,5,Central Slopes,rare,57.21,42.79,,,,,,,,,,,,,,,,,,,,,,,,,,,,,,,,,,,,,,,,,,,,,,,,,,,,,,
1982,10,5,Central Slopes,rare,54.84,45.16,,,,,,,,,,,,,,,,,,,,,,,,,,,,,,,,,,,,,,,,,,,,,,,,,,,,,,
1983,10,5,Central Slopes,rare,57.14,42.86,,,,,,,,,,,,,,,,,,,,,,,,,,,,,,,,,,,,,,,,,,,,,,,,,,,,,,
1984,10,5,Central Slopes,rare,51.67,48.33,,,,,,,,,,,,,,,,,,,,,,,,,,,,,,,,,,,,,,,,,,,,,,,,,,,,,,
1986,10,5,Central Slopes,rare,33.33,66.67,,,,,,,,,,,,,,,,,,,,,,,,,,,,,,,,,,,,,,,,,,,,,,,,,,,,,,
1987,10,5,Central Slopes,rare,45.26,54.74,,,,,,,,,,,,,,,,,,,,,,,,,,,,,,,,,,,,,,,,,,,,,,,,,,,,,,
1992,10,5,Central Slopes,rare,45.92,54.08,,,,,,,,,,,,,,,,,,,,,,,,,,,,,,,,,,,,,,,,,,,,,,,,,,,,,,
1994,10,5,Central Slopes,rare,55.28,44.72,,,,,,,,,,,,,,,,,,,,,,,,,,,,,,,,,,,,,,,,,,,,,,,,,,,,,,
1995,10,5,Central Slopes,rare,39.68,60.32,,,,,,,,,,,,,,,,,,,,,,,,,,,,,,,,,,,,,,,,,,,,,,,,,,,,,,
1996,10,5,Central Slopes,rare,64.03,35.97,,,,,,,,,,,,,,,,,,,,,,,,,,,,,,,,,,,,,,,,,,,,,,,,,,,,,,
2049,15,5,Central Slopes,frequent,43.53,35.64,20.83,,,,,,,,,,,,,,,,,,,,,,,,,,,,,,,,,,,,,,,,,,,,,,,,,,,,,
2050,15,5,Central Slopes,frequent,46.36,24.55,29.09,,,,,,,,,,,,,,,,,,,,,,,,,,,,,,,,,,,,,,,,,,,,,,,,,,,,,
2051,15,5,Central Slopes,frequent,53.99,12.14,33.87,,,,,,,,,,,,,,,,,,,,,,,,,,,,,,,,,,,,,,,,,,,,,,,,,,,,,
2052,15,5,Central Slopes,frequent,50.7,21.92,27.38,,,,,,,,,,,,,,,,,,,,,,,,,,,,,,,,,,,,,,,,,,,,,,,,,,,,,
2053,15,5,Central Slopes,frequent,26.92,28.85,44.23,,,,,,,,,,,,,,,,,,,,,,,,,,,,,,,,,,,,,,,,,,,,,,,,,,,,,
2054,15,5,Central Slopes,frequent,23.13,46.27,30.6,,,,,,,,,,,,,,,,,,,,,,,,,,,,,,,,,,,,,,,,,,,,,,,,,,,,,
2056,15,5,Central Slopes,frequent,33.08,38.24,28.68,,,,,,,,,,,,,,,,,,,,,,,,,,,,,,,,,,,,,,,,,,,,,,,,,,,,,
2057,15,5,Central Slopes,frequent,34,34.57,31.43,,,,,,,,,,,,,,,,,,,,,,,,,,,,,,,,,,,,,,,,,,,,,,,,,,,,,
2058,15,5,Central Slopes,frequent,21.78,33.94,44.28,,,,,,,,,,,,,,,,,,,,,,,,,,,,,,,,,,,,,,,,,,,,,,,,,,,,,
2059,15,5,Central Slopes,frequent,20.52,33.33,46.15,,,,,,,,,,,,,,,,,,,,,,,,,,,,,,,,,,,,,,,,,,,,,,,,,,,,,
2016,15,5,Central Slopes,intermediate,27.63,36.22,36.15,,,,,,,,,,,,,,,,,,,,,,,,,,,,,,,,,,,,,,,,,,,,,,,,,,,,,
2036,15,5,Central Slopes,intermediate,45.38,30.25,24.37,,,,,,,,,,,,,,,,,,,,,,,,,,,,,,,,,,,,,,,,,,,,,,,,,,,,,
2037,15,5,Central Slopes,intermediate,43.61,35.64,20.75,,,,,,,,,,,,,,,,,,,,,,,,,,,,,,,,,,,,,,,,,,,,,,,,,,,,,
2038,15,5,Central Slopes,intermediate,45.31,29.69,25,,,,,,,,,,,,,,,,,,,,,,,,,,,,,,,,,,,,,,,,,,,,,,,,,,,,,
2039,15,5,Central Slopes,intermediate,43.93,31.79,24.28,,,,,,,,,,,,,,,,,,,,,,,,,,,,,,,,,,,,,,,,,,,,,,,,,,,,,
2040,15,5,Central Slopes,intermediate,33.34,34.88,31.78,,,,,,,,,,,,,,,,,,,,,,,,,,,,,,,,,,,,,,,,,,,,,,,,,,,,,
2043,15,5,Central Slopes,intermediate,29.36,28.96,41.68,,,,,,,,,,,,,,,,,,,,,,,,,,,,,,,,,,,,,,,,,,,,,,,,,,,,,
2045,15,5,Central Slopes,intermediate,34.88,37.89,27.23,,,,,,,,,,,,,,,,,,,,,,,,,,,,,,,,,,,,,,,,,,,,,,,,,,,,,
2046,15,5,Central Slopes,intermediate,26.53,24.49,48.98,,,,,,,,,,,,,,,,,,,,,,,,,,,,,,,,,,,,,,,,,,,,,,,,,,,,,
2048,15,5,Central Slopes,intermediate,26.53,28.57,44.9,,,,,,,,,,,,,,,,,,,,,,,,,,,,,,,,,,,,,,,,,,,,,,,,,,,,,
1985,15,5,Central Slopes,rare,38.99,36.48,24.53,,,,,,,,,,,,,,,,,,,,,,,,,,,,,,,,,,,,,,,,,,,,,,,,,,,,,
1988,15,5,Central Slopes,rare,35.84,43.35,20.81,,,,,,,,,,,,,,,,,,,,,,,,,,,,,,,,,,,,,,,,,,,,,,,,,,,,,
2023,15,5,Central Slopes,rare,44.92,33.44,21.64,,,,,,,,,,,,,,,,,,,,,,,,,,,,,,,,,,,,,,,,,,,,,,,,,,,,,
2024,15,5,Central Slopes,rare,27.95,37.25,34.8,,,,,,,,,,,,,,,,,,,,,,,,,,,,,,,,,,,,,,,,,,,,,,,,,,,,,
2025,15,5,Central Slopes,rare,29.83,32.89,37.28,,,,,,,,,,,,,,,,,,,,,,,,,,,,,,,,,,,,,,,,,,,,,,,,,,,,,
2028,15,5,Central Slopes,rare,36.93,35.38,27.69,,,,,,,,,,,,,,,,,,,,,,,,,,,,,,,,,,,,,,,,,,,,,,,,,,,,,
2029,15,5,Central Slopes,rare,26.06,27.29,46.65,,,,,,,,,,,,,,,,,,,,,,,,,,,,,,,,,,,,,,,,,,,,,,,,,,,,,
2032,15,5,Central Slopes,rare,33.16,40.31,26.53,,,,,,,,,,,,,,,,,,,,,,,,,,,,,,,,,,,,,,,,,,,,,,,,,,,,,
2033,15,5,Central Slopes,rare,27.73,35.64,36.63,,,,,,,,,,,,,,,,,,,,,,,,,,,,,,,,,,,,,,,,,,,,,,,,,,,,,
2035,15,5,Central Slopes,rare,30.22,46.48,23.3,,,,,,,,,,,,,,,,,,,,,,,,,,,,,,,,,,,,,,,,,,,,,,,,,,,,,
2083,20,5,Central Slopes,frequent,40.76,21.02,18.05,20.17,,,,,,,,,,,,,,,,,,,,,,,,,,,,,,,,,,,,,,,,,,,,,,,,,,,,
2085,20,5,Central Slopes,frequent,48.99,19.33,10.44,21.24,,,,,,,,,,,,,,,,,,,,,,,,,,,,,,,,,,,,,,,,,,,,,,,,,,,,
2087,20,5,Central Slopes,frequent,49.53,12.73,21.78,15.96,,,,,,,,,,,,,,,,,,,,,,,,,,,,,,,,,,,,,,,,,,,,,,,,,,,,
2088,20,5,Central Slopes,frequent,46.43,20.54,16.96,16.07,,,,,,,,,,,,,,,,,,,,,,,,,,,,,,,,,,,,,,,,,,,,,,,,,,,,
2089,20,5,Central Slopes,frequent,25.7,22.22,31.94,20.14,,,,,,,,,,,,,,,,,,,,,,,,,,,,,,,,,,,,,,,,,,,,,,,,,,,,
2090,20,5,Central Slopes,frequent,24.14,34.48,24.14,17.24,,,,,,,,,,,,,,,,,,,,,,,,,,,,,,,,,,,,,,,,,,,,,,,,,,,,
2091,20,5,Central Slopes,frequent,18.33,30.53,29.77,21.37,,,,,,,,,,,,,,,,,,,,,,,,,,,,,,,,,,,,,,,,,,,,,,,,,,,,
2092,20,5,Central Slopes,frequent,27.52,20.13,23.49,28.86,,,,,,,,,,,,,,,,,,,,,,,,,,,,,,,,,,,,,,,,,,,,,,,,,,,,
2094,20,5,Central Slopes,frequent,15.2,19.2,33.6,32,,,,,,,,,,,,,,,,,,,,,,,,,,,,,,,,,,,,,,,,,,,,,,,,,,,,
2096,20,5,Central Slopes,frequent,14.95,19.63,30.02,35.4,,,,,,,,,,,,,,,,,,,,,,,,,,,,,,,,,,,,,,,,,,,,,,,,,,,,
2071,20,5,Central Slopes,intermediate,31.16,37.7,16.39,14.75,,,,,,,,,,,,,,,,,,,,,,,,,,,,,,,,,,,,,,,,,,,,,,,,,,,,
2072,20,5,Central Slopes,intermediate,39.16,26.62,20.38,13.84,,,,,,,,,,,,,,,,,,,,,,,,,,,,,,,,,,,,,,,,,,,,,,,,,,,,
2073,20,5,Central Slopes,intermediate,36.09,29.32,15.79,18.8,,,,,,,,,,,,,,,,,,,,,,,,,,,,,,,,,,,,,,,,,,,,,,,,,,,,
2074,20,5,Central Slopes,intermediate,41.77,25.75,16.41,16.07,,,,,,,,,,,,,,,,,,,,,,,,,,,,,,,,,,,,,,,,,,,,,,,,,,,,
2076,20,5,Central Slopes,intermediate,28.01,22.91,27.78,21.3,,,,,,,,,,,,,,,,,,,,,,,,,,,,,,,,,,,,,,,,,,,,,,,,,,,,
2078,20,5,Central Slopes,intermediate,16.36,23.64,40,20,,,,,,,,,,,,,,,,,,,,,,,,,,,,,,,,,,,,,,,,,,,,,,,,,,,,
2079,20,5,Central Slopes,intermediate,21.25,18.36,28.02,32.37,,,,,,,,,,,,,,,,,,,,,,,,,,,,,,,,,,,,,,,,,,,,,,,,,,,,
2080,20,5,Central Slopes,intermediate,31.66,22.78,22.78,22.78,,,,,,,,,,,,,,,,,,,,,,,,,,,,,,,,,,,,,,,,,,,,,,,,,,,,
2081,20,5,Central Slopes,intermediate,14.94,19.99,36.56,28.51,,,,,,,,,,,,,,,,,,,,,,,,,,,,,,,,,,,,,,,,,,,,,,,,,,,,
2082,20,5,Central Slopes,intermediate,14.89,21.28,31.21,32.62,,,,,,,,,,,,,,,,,,,,,,,,,,,,,,,,,,,,,,,,,,,,,,,,,,,,
1989,20,5,Central Slopes,rare,30.69,37.13,17.82,14.36,,,,,,,,,,,,,,,,,,,,,,,,,,,,,,,,,,,,,,,,,,,,,,,,,,,,
1997,20,5,Central Slopes,rare,37.54,21.09,15.45,25.92,,,,,,,,,,,,,,,,,,,,,,,,,,,,,,,,,,,,,,,,,,,,,,,,,,,,
2026,20,5,Central Slopes,rare,20.84,23.61,26.04,29.51,,,,,,,,,,,,,,,,,,,,,,,,,,,,,,,,,,,,,,,,,,,,,,,,,,,,
2030,20,5,Central Slopes,rare,21.4,22.43,38.34,17.83,,,,,,,,,,,,,,,,,,,,,,,,,,,,,,,,,,,,,,,,,,,,,,,,,,,,
2034,20,5,Central Slopes,rare,21.96,28.24,29.02,20.78,,,,,,,,,,,,,,,,,,,,,,,,,,,,,,,,,,,,,,,,,,,,,,,,,,,,
2060,20,5,Central Slopes,rare,32.92,29.11,17.72,20.25,,,,,,,,,,,,,,,,,,,,,,,,,,,,,,,,,,,,,,,,,,,,,,,,,,,,
2063,20,5,Central Slopes,rare,23.42,24.71,24.78,27.09,,,,,,,,,,,,,,,,,,,,,,,,,,,,,,,,,,,,,,,,,,,,,,,,,,,,
2064,20,5,Central Slopes,rare,14.14,35.64,27.87,22.35,,,,,,,,,,,,,,,,,,,,,,,,,,,,,,,,,,,,,,,,,,,,,,,,,,,,
2067,20,5,Central Slopes,rare,20.37,29.63,28.24,21.76,,,,,,,,,,,,,,,,,,,,,,,,,,,,,,,,,,,,,,,,,,,,,,,,,,,,
2070,20,5,Central Slopes,rare,21.74,28.26,32.61,17.39,,,,,,,,,,,,,,,,,,,,,,,,,,,,,,,,,,,,,,,,,,,,,,,,,,,,
2084,25,5,Central Slopes,frequent,11.05,36.26,18.7,16.05,17.94,,,,,,,,,,,,,,,,,,,,,,,,,,,,,,,,,,,,,,,,,,,,,,,,,,,
2114,25,5,Central Slopes,frequent,22.62,27.61,17.22,12.04,20.51,,,,,,,,,,,,,,,,,,,,,,,,,,,,,,,,,,,,,,,,,,,,,,,,,,,
2115,25,5,Central Slopes,frequent,38.02,24,12.85,12.28,12.85,,,,,,,,,,,,,,,,,,,,,,,,,,,,,,,,,,,,,,,,,,,,,,,,,,,
2116,25,5,Central Slopes,frequent,23.99,29.99,20.54,12.74,12.74,,,,,,,,,,,,,,,,,,,,,,,,,,,,,,,,,,,,,,,,,,,,,,,,,,,
2118,25,5,Central Slopes,frequent,32.42,29.38,13.06,10.75,14.39,,,,,,,,,,,,,,,,,,,,,,,,,,,,,,,,,,,,,,,,,,,,,,,,,,,
2119,25,5,Central Slopes,frequent,23.23,22.25,19.24,17.64,17.64,,,,,,,,,,,,,,,,,,,,,,,,,,,,,,,,,,,,,,,,,,,,,,,,,,,
2120,25,5,Central Slopes,frequent,25.75,9.44,22.62,22.62,19.57,,,,,,,,,,,,,,,,,,,,,,,,,,,,,,,,,,,,,,,,,,,,,,,,,,,
2121,25,5,Central Slopes,frequent,21.61,25.18,23.63,16.91,12.67,,,,,,,,,,,,,,,,,,,,,,,,,,,,,,,,,,,,,,,,,,,,,,,,,,,
2122,25,5,Central Slopes,frequent,25.65,13.16,10.53,22.37,28.29,,,,,,,,,,,,,,,,,,,,,,,,,,,,,,,,,,,,,,,,,,,,,,,,,,,
2124,25,5,Central Slopes,frequent,16.16,10.11,21,22,30.73,,,,,,,,,,,,,,,,,,,,,,,,,,,,,,,,,,,,,,,,,,,,,,,,,,,
2055,25,5,Central Slopes,intermediate,35.43,23.43,13.71,8,19.43,,,,,,,,,,,,,,,,,,,,,,,,,,,,,,,,,,,,,,,,,,,,,,,,,,,
2102,25,5,Central Slopes,intermediate,26.21,24.83,18.62,19.31,11.03,,,,,,,,,,,,,,,,,,,,,,,,,,,,,,,,,,,,,,,,,,,,,,,,,,,
2103,25,5,Central Slopes,intermediate,21.69,31.22,22.22,12.17,12.7,,,,,,,,,,,,,,,,,,,,,,,,,,,,,,,,,,,,,,,,,,,,,,,,,,,
2106,25,5,Central Slopes,intermediate,23.16,30.53,22.63,12.63,11.05,,,,,,,,,,,,,,,,,,,,,,,,,,,,,,,,,,,,,,,,,,,,,,,,,,,
2107,25,5,Central Slopes,intermediate,18.99,28.49,26.82,8.38,17.32,,,,,,,,,,,,,,,,,,,,,,,,,,,,,,,,,,,,,,,,,,,,,,,,,,,
2108,25,5,Central Slopes,intermediate,14.05,26.49,21.62,17.84,20,,,,,,,,,,,,,,,,,,,,,,,,,,,,,,,,,,,,,,,,,,,,,,,,,,,
2109,25,5,Central Slopes,intermediate,18.56,22.79,23.19,20.56,14.9,,,,,,,,,,,,,,,,,,,,,,,,,,,,,,,,,,,,,,,,,,,,,,,,,,,
2111,25,5,Central Slopes,intermediate,15.06,22.29,25.9,17.47,19.28,,,,,,,,,,,,,,,,,,,,,,,,,,,,,,,,,,,,,,,,,,,,,,,,,,,
2112,25,5,Central Slopes,intermediate,15.64,10.45,21.2,30.79,21.92,,,,,,,,,,,,,,,,,,,,,,,,,,,,,,,,,,,,,,,,,,,,,,,,,,,
2113,25,5,Central Slopes,intermediate,15.89,20.84,5.22,35,23.05,,,,,,,,,,,,,,,,,,,,,,,,,,,,,,,,,,,,,,,,,,,,,,,,,,,
1993,25,5,Central Slopes,rare,26.46,31.16,3.53,6.47,32.38,,,,,,,,,,,,,,,,,,,,,,,,,,,,,,,,,,,,,,,,,,,,,,,,,,,
2027,25,5,Central Slopes,rare,18.75,21.25,23.44,26.56,10,,,,,,,,,,,,,,,,,,,,,,,,,,,,,,,,,,,,,,,,,,,,,,,,,,,
2031,25,5,Central Slopes,rare,18.18,19.03,32.53,15.13,15.13,,,,,,,,,,,,,,,,,,,,,,,,,,,,,,,,,,,,,,,,,,,,,,,,,,,
2041,25,5,Central Slopes,rare,19.52,19.05,20.48,21.43,19.52,,,,,,,,,,,,,,,,,,,,,,,,,,,,,,,,,,,,,,,,,,,,,,,,,,,
2047,25,5,Central Slopes,rare,19.73,17.11,15.79,31.58,15.79,,,,,,,,,,,,,,,,,,,,,,,,,,,,,,,,,,,,,,,,,,,,,,,,,,,
2061,25,5,Central Slopes,rare,28.41,25.14,15.3,17.49,13.66,,,,,,,,,,,,,,,,,,,,,,,,,,,,,,,,,,,,,,,,,,,,,,,,,,,
2065,25,5,Central Slopes,rare,13.47,12.23,30.84,24.12,19.34,,,,,,,,,,,,,,,,,,,,,,,,,,,,,,,,,,,,,,,,,,,,,,,,,,,
2097,25,5,Central Slopes,rare,30.31,24.73,3.21,22.16,19.59,,,,,,,,,,,,,,,,,,,,,,,,,,,,,,,,,,,,,,,,,,,,,,,,,,,
2099,25,5,Central Slopes,rare,15.06,38.91,20.5,14.23,11.3,,,,,,,,,,,,,,,,,,,,,,,,,,,,,,,,,,,,,,,,,,,,,,,,,,,
2101,25,5,Central Slopes,rare,17.78,17.78,33.33,20,11.11,,,,,,,,,,,,,,,,,,,,,,,,,,,,,,,,,,,,,,,,,,,,,,,,,,,
2139,30,5,Central Slopes,frequent,22.71,25.15,17.18,12.88,11.04,11.04,,,,,,,,,,,,,,,,,,,,,,,,,,,,,,,,,,,,,,,,,,,,,,,,,,
2142,30,5,Central Slopes,frequent,34.31,16.89,10.03,12.56,12.48,13.73,,,,,,,,,,,,,,,,,,,,,,,,,,,,,,,,,,,,,,,,,,,,,,,,,,
2143,30,5,Central Slopes,frequent,22.92,27.51,10.76,7.97,0,30.84,,,,,,,,,,,,,,,,,,,,,,,,,,,,,,,,,,,,,,,,,,,,,,,,,,
2144,30,5,Central Slopes,frequent,28.77,17.12,15.75,13.7,10.96,13.7,,,,,,,,,,,,,,,,,,,,,,,,,,,,,,,,,,,,,,,,,,,,,,,,,,
2145,30,5,Central Slopes,frequent,14.46,14.47,14.47,14.47,14.26,27.87,,,,,,,,,,,,,,,,,,,,,,,,,,,,,,,,,,,,,,,,,,,,,,,,,,
2146,30,5,Central Slopes,frequent,16.18,16.18,16.19,16.19,16.79,18.47,,,,,,,,,,,,,,,,,,,,,,,,,,,,,,,,,,,,,,,,,,,,,,,,,,
2147,30,5,Central Slopes,frequent,9.83,27.17,22.54,17.34,14.45,8.67,,,,,,,,,,,,,,,,,,,,,,,,,,,,,,,,,,,,,,,,,,,,,,,,,,
2148,30,5,Central Slopes,frequent,16.45,13.01,21.23,15.75,15.75,17.81,,,,,,,,,,,,,,,,,,,,,,,,,,,,,,,,,,,,,,,,,,,,,,,,,,
2150,30,5,Central Slopes,frequent,29.16,8.13,6.36,6.36,18.32,31.67,,,,,,,,,,,,,,,,,,,,,,,,,,,,,,,,,,,,,,,,,,,,,,,,,,
2151,30,5,Central Slopes,frequent,23.73,16.45,5.31,0.88,15.73,37.9,,,,,,,,,,,,,,,,,,,,,,,,,,,,,,,,,,,,,,,,,,,,,,,,,,
2086,30,5,Central Slopes,intermediate,9.23,37.31,14.73,7.95,16.18,14.6,,,,,,,,,,,,,,,,,,,,,,,,,,,,,,,,,,,,,,,,,,,,,,,,,,
2095,30,5,Central Slopes,intermediate,10.69,10.69,11.95,15.09,26.42,25.16,,,,,,,,,,,,,,,,,,,,,,,,,,,,,,,,,,,,,,,,,,,,,,,,,,
2104,30,5,Central Slopes,intermediate,18.99,27.31,19.44,10.65,11.11,12.5,,,,,,,,,,,,,,,,,,,,,,,,,,,,,,,,,,,,,,,,,,,,,,,,,,
2117,30,5,Central Slopes,intermediate,21.27,26.61,18.22,11.3,11.3,11.3,,,,,,,,,,,,,,,,,,,,,,,,,,,,,,,,,,,,,,,,,,,,,,,,,,
2123,30,5,Central Slopes,intermediate,14.6,21.91,11.24,8.99,19.1,24.16,,,,,,,,,,,,,,,,,,,,,,,,,,,,,,,,,,,,,,,,,,,,,,,,,,
2134,30,5,Central Slopes,intermediate,14.45,29.48,26.59,13.29,9.25,6.94,,,,,,,,,,,,,,,,,,,,,,,,,,,,,,,,,,,,,,,,,,,,,,,,,,
2135,30,5,Central Slopes,intermediate,12.64,24.21,22.11,19.47,13.68,7.89,,,,,,,,,,,,,,,,,,,,,,,,,,,,,,,,,,,,,,,,,,,,,,,,,,
2136,30,5,Central Slopes,intermediate,8.42,23.16,19.47,18.42,13.16,17.37,,,,,,,,,,,,,,,,,,,,,,,,,,,,,,,,,,,,,,,,,,,,,,,,,,
2137,30,5,Central Slopes,intermediate,13.4,25.33,6.34,21.84,20.41,12.68,,,,,,,,,,,,,,,,,,,,,,,,,,,,,,,,,,,,,,,,,,,,,,,,,,
2138,30,5,Central Slopes,intermediate,14.54,12.22,13.73,12.58,26.42,20.51,,,,,,,,,,,,,,,,,,,,,,,,,,,,,,,,,,,,,,,,,,,,,,,,,,
2042,30,5,Central Slopes,rare,16.81,16.4,17.62,18.44,16.8,13.93,,,,,,,,,,,,,,,,,,,,,,,,,,,,,,,,,,,,,,,,,,,,,,,,,,
2044,30,5,Central Slopes,rare,26.39,15.63,12.21,13.39,16.3,16.08,,,,,,,,,,,,,,,,,,,,,,,,,,,,,,,,,,,,,,,,,,,,,,,,,,
2062,30,5,Central Slopes,rare,26.26,23.23,14.14,16.16,12.63,7.58,,,,,,,,,,,,,,,,,,,,,,,,,,,,,,,,,,,,,,,,,,,,,,,,,,
2098,30,5,Central Slopes,rare,13.56,26.21,21.38,2.77,19.15,16.93,,,,,,,,,,,,,,,,,,,,,,,,,,,,,,,,,,,,,,,,,,,,,,,,,,
2100,30,5,Central Slopes,rare,13.28,34.32,18.08,12.55,9.96,11.81,,,,,,,,,,,,,,,,,,,,,,,,,,,,,,,,,,,,,,,,,,,,,,,,,,
2125,30,5,Central Slopes,rare,8.74,8.74,22.33,21.36,25.24,13.59,,,,,,,,,,,,,,,,,,,,,,,,,,,,,,,,,,,,,,,,,,,,,,,,,,
2126,30,5,Central Slopes,rare,13.26,13.77,20.92,19.39,17.35,15.31,,,,,,,,,,,,,,,,,,,,,,,,,,,,,,,,,,,,,,,,,,,,,,,,,,
2128,30,5,Central Slopes,rare,8.95,17.48,6.68,22.45,26.86,17.58,,,,,,,,,,,,,,,,,,,,,,,,,,,,,,,,,,,,,,,,,,,,,,,,,,
2132,30,5,Central Slopes,rare,13.52,18.24,4.05,7.77,32.43,23.99,,,,,,,,,,,,,,,,,,,,,,,,,,,,,,,,,,,,,,,,,,,,,,,,,,
2133,30,5,Central Slopes,rare,13.19,10.99,17.58,18.68,18.68,20.88,,,,,,,,,,,,,,,,,,,,,,,,,,,,,,,,,,,,,,,,,,,,,,,,,,
2173,45,5,Central Slopes,frequent,2,19.1,20.6,14.07,5.53,15.08,10.55,8.04,5.03,,,,,,,,,,,,,,,,,,,,,,,,,,,,,,,,,,,,,,,,,,,,,,,
2174,45,5,Central Slopes,frequent,6.52,14.71,20.68,13.6,4.49,2.79,24.42,7.85,4.94,,,,,,,,,,,,,,,,,,,,,,,,,,,,,,,,,,,,,,,,,,,,,,,
2175,45,5,Central Slopes,frequent,4.26,21.28,19.86,11.35,14.18,9.93,5.67,7.09,6.38,,,,,,,,,,,,,,,,,,,,,,,,,,,,,,,,,,,,,,,,,,,,,,,
2176,45,5,Central Slopes,frequent,13.9,29.17,11.11,6.94,3.83,11.44,4.17,8.33,11.11,,,,,,,,,,,,,,,,,,,,,,,,,,,,,,,,,,,,,,,,,,,,,,,
2177,45,5,Central Slopes,frequent,13.51,12.36,13.9,6.05,13,7.45,11.8,12.27,9.66,,,,,,,,,,,,,,,,,,,,,,,,,,,,,,,,,,,,,,,,,,,,,,,
2178,45,5,Central Slopes,frequent,4.51,11.15,15.33,15.33,16.73,12.55,9.76,9.76,4.88,,,,,,,,,,,,,,,,,,,,,,,,,,,,,,,,,,,,,,,,,,,,,,,
2179,45,5,Central Slopes,frequent,4.16,13.62,4.07,14.01,20.34,17.01,15,5.56,6.23,,,,,,,,,,,,,,,,,,,,,,,,,,,,,,,,,,,,,,,,,,,,,,,
2180,45,5,Central Slopes,frequent,4.15,8.1,9.45,10.8,21.6,17.55,12.15,8.1,8.1,,,,,,,,,,,,,,,,,,,,,,,,,,,,,,,,,,,,,,,,,,,,,,,
2181,45,5,Central Slopes,frequent,17.81,12.63,2.28,2.28,2.28,27.79,1.53,1.53,31.87,,,,,,,,,,,,,,,,,,,,,,,,,,,,,,,,,,,,,,,,,,,,,,,
2182,45,5,Central Slopes,frequent,7.38,13.21,9.79,5.04,1.17,0,26.31,24.57,12.53,,,,,,,,,,,,,,,,,,,,,,,,,,,,,,,,,,,,,,,,,,,,,,,
2075,45,5,Central Slopes,intermediate,7.07,29.78,18.35,11.7,11.45,3.27,5.89,6.6,5.89,,,,,,,,,,,,,,,,,,,,,,,,,,,,,,,,,,,,,,,,,,,,,,,
2158,45,5,Central Slopes,intermediate,10.3,15.46,19.59,15.46,6.19,7.22,11.34,7.22,7.22,,,,,,,,,,,,,,,,,,,,,,,,,,,,,,,,,,,,,,,,,,,,,,,
2162,45,5,Central Slopes,intermediate,11.03,19.93,23.09,4.34,7.03,5.42,3.76,7.79,17.61,,,,,,,,,,,,,,,,,,,,,,,,,,,,,,,,,,,,,,,,,,,,,,,
2163,45,5,Central Slopes,intermediate,8.89,19.07,16.1,19.07,9.32,0.85,2.97,13.56,10.17,,,,,,,,,,,,,,,,,,,,,,,,,,,,,,,,,,,,,,,,,,,,,,,
2164,45,5,Central Slopes,intermediate,3.04,7.26,12.59,18.53,22.08,13.51,9.66,8,5.33,,,,,,,,,,,,,,,,,,,,,,,,,,,,,,,,,,,,,,,,,,,,,,,
2167,45,5,Central Slopes,intermediate,5.11,8.84,8.84,11.63,15.81,9.77,11.63,15.35,13.02,,,,,,,,,,,,,,,,,,,,,,,,,,,,,,,,,,,,,,,,,,,,,,,
2168,45,5,Central Slopes,intermediate,7.11,6.05,17.47,15.59,12.94,7.59,14.36,13.44,5.45,,,,,,,,,,,,,,,,,,,,,,,,,,,,,,,,,,,,,,,,,,,,,,,
2169,45,5,Central Slopes,intermediate,11.79,11.79,11.79,7.72,12.2,13.41,13.82,10.98,6.5,,,,,,,,,,,,,,,,,,,,,,,,,,,,,,,,,,,,,,,,,,,,,,,
2170,45,5,Central Slopes,intermediate,11.08,12.59,10.1,5.39,0.67,0,21.02,22.73,16.42,,,,,,,,,,,,,,,,,,,,,,,,,,,,,,,,,,,,,,,,,,,,,,,
2172,45,5,Central Slopes,intermediate,14.07,11.72,7.42,1.95,8.59,10.94,23.83,8.98,12.5,,,,,,,,,,,,,,,,,,,,,,,,,,,,,,,,,,,,,,,,,,,,,,,
1990,45,5,Central Slopes,rare,6.4,20.88,25.25,12.12,9.76,10.1,6.4,3.7,5.39,,,,,,,,,,,,,,,,,,,,,,,,,,,,,,,,,,,,,,,,,,,,,,,
1998,45,5,Central Slopes,rare,10.04,22.94,12.88,9.44,15.84,6.48,12.28,4.5,5.6,,,,,,,,,,,,,,,,,,,,,,,,,,,,,,,,,,,,,,,,,,,,,,,
2066,45,5,Central Slopes,rare,13.39,1.81,9.48,9.57,8.69,21.92,17.15,13.75,4.24,,,,,,,,,,,,,,,,,,,,,,,,,,,,,,,,,,,,,,,,,,,,,,,
2068,45,5,Central Slopes,rare,5.58,14.43,20.98,20,15.41,9.18,3.28,3.93,7.21,,,,,,,,,,,,,,,,,,,,,,,,,,,,,,,,,,,,,,,,,,,,,,,
2077,45,5,Central Slopes,rare,14.91,10.94,5.43,6.8,15.04,12.3,14.91,11.43,8.24,,,,,,,,,,,,,,,,,,,,,,,,,,,,,,,,,,,,,,,,,,,,,,,
2127,45,5,Central Slopes,rare,14.18,8.04,8.27,9.22,9.57,14.54,13.48,12.06,10.64,,,,,,,,,,,,,,,,,,,,,,,,,,,,,,,,,,,,,,,,,,,,,,,
2129,45,5,Central Slopes,rare,8.66,7.11,4.73,7.11,13.89,5.31,17.85,21.36,13.98,,,,,,,,,,,,,,,,,,,,,,,,,,,,,,,,,,,,,,,,,,,,,,,
2152,45,5,Central Slopes,rare,11.96,17.61,15.28,14.29,7.97,12.29,7.31,5.65,7.64,,,,,,,,,,,,,,,,,,,,,,,,,,,,,,,,,,,,,,,,,,,,,,,
2156,45,5,Central Slopes,rare,13.43,11.94,11.29,11.29,11.29,7.11,8.1,10.77,14.78,,,,,,,,,,,,,,,,,,,,,,,,,,,,,,,,,,,,,,,,,,,,,,,
2157,45,5,Central Slopes,rare,7.94,1.31,9.26,16.67,12.96,20.37,16.67,7.41,7.41,,,,,,,,,,,,,,,,,,,,,,,,,,,,,,,,,,,,,,,,,,,,,,,
2201,60,5,Central Slopes,frequent,12.76,22.82,6.71,5.37,3.7,4.35,4.03,6.71,8.05,13.42,6.71,5.37,,,,,,,,,,,,,,,,,,,,,,,,,,,,,,,,,,,,,,,,,,,,
2202,60,5,Central Slopes,frequent,23.31,11.36,8.52,3.98,5.11,6.25,7.39,8.52,2.84,5.11,11.36,6.25,,,,,,,,,,,,,,,,,,,,,,,,,,,,,,,,,,,,,,,,,,,,
2204,60,5,Central Slopes,frequent,20.65,20.18,8.26,4.59,13.76,11.01,1.83,0.92,2.75,9.17,4.13,2.75,,,,,,,,,,,,,,,,,,,,,,,,,,,,,,,,,,,,,,,,,,,,
2205,60,5,Central Slopes,frequent,12.02,17.17,3.86,21.89,10.3,3.86,1.29,5.15,5.15,3.43,11.59,4.29,,,,,,,,,,,,,,,,,,,,,,,,,,,,,,,,,,,,,,,,,,,,
2206,60,5,Central Slopes,frequent,7.29,7.1,6.34,14.33,5.87,9.78,20.73,5.57,7.5,6.96,4.81,3.72,,,,,,,,,,,,,,,,,,,,,,,,,,,,,,,,,,,,,,,,,,,,
2208,60,5,Central Slopes,frequent,14.52,10.61,10.06,4.47,7.26,5.59,10.06,6.15,11.73,7.26,5.59,6.7,,,,,,,,,,,,,,,,,,,,,,,,,,,,,,,,,,,,,,,,,,,,
2209,60,5,Central Slopes,frequent,8.67,8.21,9.58,12.79,4.11,9.59,8.68,4.57,5.94,12.79,9.13,5.94,,,,,,,,,,,,,,,,,,,,,,,,,,,,,,,,,,,,,,,,,,,,
2210,60,5,Central Slopes,frequent,4.94,8.64,4.94,12.35,19.75,11.11,8.64,7.41,8.02,4.32,4.94,4.94,,,,,,,,,,,,,,,,,,,,,,,,,,,,,,,,,,,,,,,,,,,,
2211,60,5,Central Slopes,frequent,3.63,4.07,1.81,10.86,9.05,7.24,8.14,18.1,20.36,10.86,4.52,1.36,,,,,,,,,,,,,,,,,,,,,,,,,,,,,,,,,,,,,,,,,,,,
2213,60,5,Central Slopes,frequent,10.04,10.05,3.2,4.11,0.46,2.28,3.65,12.33,8.68,19.63,13.24,12.33,,,,,,,,,,,,,,,,,,,,,,,,,,,,,,,,,,,,,,,,,,,,
2171,60,5,Central Slopes,intermediate,2.55,3.67,9.57,10.87,8.72,4.65,0.57,0,18.14,19.62,14.17,7.47,,,,,,,,,,,,,,,,,,,,,,,,,,,,,,,,,,,,,,,,,,,,
2188,60,5,Central Slopes,intermediate,14.05,15.26,8.84,14.86,12.05,8.43,6.83,3.61,2.41,6.43,5.22,2.01,,,,,,,,,,,,,,,,,,,,,,,,,,,,,,,,,,,,,,,,,,,,
2189,60,5,Central Slopes,intermediate,6.49,10.93,14.17,13.77,9.31,9.31,14.57,9.31,2.83,0.81,3.64,4.86,,,,,,,,,,,,,,,,,,,,,,,,,,,,,,,,,,,,,,,,,,,,
2190,60,5,Central Slopes,intermediate,7.07,11.16,11.52,13.38,10.78,15.61,10.78,9.29,1.86,3.35,4.46,0.74,,,,,,,,,,,,,,,,,,,,,,,,,,,,,,,,,,,,,,,,,,,,
2193,60,5,Central Slopes,intermediate,4.98,15.48,16.03,12.15,2.76,7.73,11.6,2.21,3.31,4.42,5.52,13.81,,,,,,,,,,,,,,,,,,,,,,,,,,,,,,,,,,,,,,,,,,,,
2194,60,5,Central Slopes,intermediate,10.74,7.98,6.66,16.51,6.11,1.98,12.43,7.49,11.72,6.13,2.54,9.71,,,,,,,,,,,,,,,,,,,,,,,,,,,,,,,,,,,,,,,,,,,,
2196,60,5,Central Slopes,intermediate,9.73,11.98,3.37,4.12,7.87,7.49,13.86,9.74,4.87,11.61,4.12,11.24,,,,,,,,,,,,,,,,,,,,,,,,,,,,,,,,,,,,,,,,,,,,
2197,60,5,Central Slopes,intermediate,10.81,14.17,13.04,3.29,3.9,7.82,10.43,4.67,3.99,9.17,10.36,8.35,,,,,,,,,,,,,,,,,,,,,,,,,,,,,,,,,,,,,,,,,,,,
2198,60,5,Central Slopes,intermediate,6.24,5.8,5.8,5.36,8.04,5.36,14.29,15.63,10.71,8.93,8.04,5.8,,,,,,,,,,,,,,,,,,,,,,,,,,,,,,,,,,,,,,,,,,,,
2200,60,5,Central Slopes,intermediate,6.31,13.33,4.81,4.07,3.7,1.48,10.74,7.41,7.41,12.59,21.48,6.67,,,,,,,,,,,,,,,,,,,,,,,,,,,,,,,,,,,,,,,,,,,,
1991,60,5,Central Slopes,rare,5.79,18.87,22.83,10.96,8.83,9.13,5.78,3.35,4.87,2.54,1.22,5.83,,,,,,,,,,,,,,,,,,,,,,,,,,,,,,,,,,,,,,,,,,,,
1999,60,5,Central Slopes,rare,9.12,20.8,11.69,8.56,14.36,5.88,11.14,4.08,5.08,4.32,2.29,2.68,,,,,,,,,,,,,,,,,,,,,,,,,,,,,,,,,,,,,,,,,,,,
2093,60,5,Central Slopes,rare,8.64,11.81,8.65,10.09,12.39,9.8,9.22,4.9,4.9,9.22,6.63,3.75,,,,,,,,,,,,,,,,,,,,,,,,,,,,,,,,,,,,,,,,,,,,
2130,60,5,Central Slopes,rare,7.43,5.16,7.22,6.95,5.7,3.79,5.7,11.14,4.26,14.31,17.13,11.21,,,,,,,,,,,,,,,,,,,,,,,,,,,,,,,,,,,,,,,,,,,,
2153,60,5,Central Slopes,rare,4.98,9.94,14.64,12.71,11.88,6.63,10.22,6.08,4.7,6.35,7.73,4.14,,,,,,,,,,,,,,,,,,,,,,,,,,,,,,,,,,,,,,,,,,,,
2159,60,5,Central Slopes,rare,8.36,12.55,15.9,12.55,5.02,5.86,9.21,5.86,5.86,8.37,6.69,3.77,,,,,,,,,,,,,,,,,,,,,,,,,,,,,,,,,,,,,,,,,,,,
2183,60,5,Central Slopes,rare,9.51,9.51,9.52,6.18,7.73,7.73,6.18,14.57,11.65,4.98,6.22,6.22,,,,,,,,,,,,,,,,,,,,,,,,,,,,,,,,,,,,,,,,,,,,
2184,60,5,Central Slopes,rare,6.74,11.3,9.72,10.12,9.33,6.35,9.13,7.74,6.75,5.95,5.56,11.31,,,,,,,,,,,,,,,,,,,,,,,,,,,,,,,,,,,,,,,,,,,,
2185,60,5,Central Slopes,rare,5,3.82,3.94,10.9,16.84,9.93,16.54,4.4,9.66,9.66,5.42,3.89,,,,,,,,,,,,,,,,,,,,,,,,,,,,,,,,,,,,,,,,,,,,
2187,60,5,Central Slopes,rare,3.26,4,3.44,3.13,8.13,21.22,2.98,10.85,11.7,7.7,9.44,14.15,,,,,,,,,,,,,,,,,,,,,,,,,,,,,,,,,,,,,,,,,,,,
2140,90,5,Central Slopes,frequent,6.09,7.83,11.3,9.13,6.96,3.04,3.48,4.78,6.09,6.96,6.52,7.83,4.78,1.74,1.3,2.17,5.65,4.35,,,,,,,,,,,,,,,,,,,,,,,,,,,,,,,,,,,,,,
2237,90,5,Central Slopes,frequent,10.74,8.59,4.3,9.68,7.53,7.53,6.45,3.23,2.37,1.12,1.89,2.15,3.23,4.3,3.23,7.53,9.68,6.45,,,,,,,,,,,,,,,,,,,,,,,,,,,,,,,,,,,,,,
2238,90,5,Central Slopes,frequent,5.21,5.41,9.19,8.6,8.6,8.49,6.41,6,8.93,2.78,0.72,0.72,0.68,0.66,5.84,7.29,7.29,7.18,,,,,,,,,,,,,,,,,,,,,,,,,,,,,,,,,,,,,,
2239,90,5,Central Slopes,frequent,6.47,13.69,10.13,8.98,11.42,10.96,9.62,5.32,0.94,0.94,0.85,1.66,3.54,3.96,2.85,4.35,2.69,1.63,,,,,,,,,,,,,,,,,,,,,,,,,,,,,,,,,,,,,,
2242,90,5,Central Slopes,frequent,5.45,5.97,8,7.8,15.88,13.14,11.2,3.47,1.65,1.07,1.53,1.82,1.99,4.19,2.83,0.4,8.09,5.52,,,,,,,,,,,,,,,,,,,,,,,,,,,,,,,,,,,,,,
2245,90,5,Central Slopes,frequent,2.66,7.32,2.81,1.55,4.75,9.4,8.3,6.62,6.14,6.22,5.28,16.62,5.3,1.73,2.86,3.54,7.04,1.86,,,,,,,,,,,,,,,,,,,,,,,,,,,,,,,,,,,,,,
2246,90,5,Central Slopes,frequent,3.79,4.21,2.53,4.21,5.88,5.88,11.76,7.98,4.62,4.2,5.04,5.04,5.46,8.82,7.14,6.3,5.04,2.1,,,,,,,,,,,,,,,,,,,,,,,,,,,,,,,,,,,,,,
2247,90,5,Central Slopes,frequent,1.14,0.76,0,5.26,13.16,6.02,3.38,3.38,5.26,12.03,11.65,8.27,2.26,10.15,7.14,3.38,5.26,1.5,,,,,,,,,,,,,,,,,,,,,,,,,,,,,,,,,,,,,,
2249,90,5,Central Slopes,frequent,2.03,3.24,1.21,1.62,4.86,6.07,2.43,7.29,4.45,6.48,12.55,10.12,13.77,7.69,7.29,4.45,2.83,1.62,,,,,,,,,,,,,,,,,,,,,,,,,,,,,,,,,,,,,,
2250,90,5,Central Slopes,frequent,3.75,4.22,2.34,2.35,4.23,1.88,2.35,3.76,9.86,2.82,1.88,1.88,4.69,8.45,21.6,14.55,5.16,4.23,,,,,,,,,,,,,,,,,,,,,,,,,,,,,,,,,,,,,,
2105,90,5,Central Slopes,intermediate,13.07,18.79,13.38,7.32,7.64,8.6,4.78,2.87,1.91,3.5,3.82,2.23,1.91,3.5,2.55,1.59,1.27,1.27,,,,,,,,,,,,,,,,,,,,,,,,,,,,,,,,,,,,,,
2227,90,5,Central Slopes,intermediate,2.35,3.53,13.15,19.56,9.37,7.85,3.92,2.34,2.34,2.34,3.81,6.55,7.17,5.76,3.13,2.43,2.34,2.06,,,,,,,,,,,,,,,,,,,,,,,,,,,,,,,,,,,,,,
2228,90,5,Central Slopes,intermediate,2.67,2.33,2.67,5,8.33,15.33,14.33,8,6.33,5,6.67,6,3.33,3,1.67,3,3.67,2.67,,,,,,,,,,,,,,,,,,,,,,,,,,,,,,,,,,,,,,
2229,90,5,Central Slopes,intermediate,5.4,15.83,6.48,3.26,7.7,9.05,4.05,3.68,5.85,3.55,1.76,1.76,1.96,2.04,3.5,3.41,12.33,8.39,,,,,,,,,,,,,,,,,,,,,,,,,,,,,,,,,,,,,,
2230,90,5,Central Slopes,intermediate,4,3.7,3.34,3.24,2.45,2.47,3.86,4.89,4.97,7.31,13.39,10.47,5.26,5.49,4.91,7.52,8.76,3.97,,,,,,,,,,,,,,,,,,,,,,,,,,,,,,,,,,,,,,
2231,90,5,Central Slopes,intermediate,4.16,5.98,2.64,4.76,7.97,7.35,4.51,3.41,2.89,4.93,9.05,8.8,9.41,8.22,3.5,1.77,5.77,4.88,,,,,,,,,,,,,,,,,,,,,,,,,,,,,,,,,,,,,,
2232,90,5,Central Slopes,intermediate,4.61,4.19,3.06,6.14,6.98,1.39,3.35,6.69,10.04,8.37,10.04,8.37,5.86,4.18,5.86,4.18,4.18,2.51,,,,,,,,,,,,,,,,,,,,,,,,,,,,,,,,,,,,,,
2233,90,5,Central Slopes,intermediate,2.78,1.48,2.77,4.51,5.97,2.79,10.07,10.02,8.2,7.66,5.66,6.51,7.22,7.22,3.48,4.61,4.87,4.18,,,,,,,,,,,,,,,,,,,,,,,,,,,,,,,,,,,,,,
2235,90,5,Central Slopes,intermediate,3.26,2.91,4.73,1.82,1.45,3.64,2.91,4.73,9.45,5.09,7.64,6.55,4.36,4.73,10.91,14.55,2.91,8.36,,,,,,,,,,,,,,,,,,,,,,,,,,,,,,,,,,,,,,
2236,90,5,Central Slopes,intermediate,2.38,6.01,4.54,1.81,1.36,1.7,1.7,1.81,1.13,2.27,21.77,6.58,6.58,5.9,2.27,4.08,10.88,17.23,,,,,,,,,,,,,,,,,,,,,,,,,,,,,,,,,,,,,,
2154,90,5,Central Slopes,rare,4.26,8.53,12.56,10.9,10.19,5.69,8.77,5.21,4.03,5.45,6.64,3.55,2.84,3.32,2.61,2.13,0.95,2.37,,,,,,,,,,,,,,,,,,,,,,,,,,,,,,,,,,,,,,
2160,90,5,Central Slopes,rare,7.23,3.78,1.72,2.06,6.87,10.31,13.06,10.31,4.12,4.81,7.56,4.81,4.81,6.87,5.5,3.09,1.03,2.06,,,,,,,,,,,,,,,,,,,,,,,,,,,,,,,,,,,,,,
2165,90,5,Central Slopes,rare,4.47,7.76,11.42,13.61,8.33,5.96,4.93,3.29,1.01,0.94,2.17,5.64,6.86,5.73,4.92,5.64,3.45,3.87,,,,,,,,,,,,,,,,,,,,,,,,,,,,,,,,,,,,,,
2186,90,5,Central Slopes,rare,2.6,4.32,3.3,3.4,9.41,14.54,8.57,14.29,3.8,8.34,8.34,4.68,3.36,3.36,2.43,1.8,2.19,1.27,,,,,,,,,,,,,,,,,,,,,,,,,,,,,,,,,,,,,,
2217,90,5,Central Slopes,rare,10.07,5.62,6.27,4.2,4.73,12.19,9.29,3.22,3.22,7.94,4.82,7.28,4.84,4.88,4.51,4.04,0.72,2.16,,,,,,,,,,,,,,,,,,,,,,,,,,,,,,,,,,,,,,
2219,90,5,Central Slopes,rare,8.57,21.45,8.5,10.62,8.05,4.18,1.85,0.31,0.09,0.09,0.76,1.6,1.77,5.43,5.43,5.43,9.71,6.16,,,,,,,,,,,,,,,,,,,,,,,,,,,,,,,,,,,,,,
2220,90,5,Central Slopes,rare,3.31,4,2.22,1.3,2.06,6.03,8.81,6.28,5.1,6.01,9.48,8.64,10.31,7.6,3.61,7.07,4.98,3.19,,,,,,,,,,,,,,,,,,,,,,,,,,,,,,,,,,,,,,
2222,90,5,Central Slopes,rare,5.21,5.21,6.95,4.34,5.22,6.09,6.09,3.48,4.35,6.09,8.7,6.96,7.83,6.09,5.22,5.65,2.17,4.35,,,,,,,,,,,,,,,,,,,,,,,,,,,,,,,,,,,,,,
2224,90,5,Central Slopes,rare,1.93,8.36,6.98,5.96,1.04,0.41,2.24,7.37,2.17,0.37,0.37,9.48,11.43,4.27,6.81,5.32,15.47,10.02,,,,,,,,,,,,,,,,,,,,,,,,,,,,,,,,,,,,,,
2226,90,5,Central Slopes,rare,3.67,6.21,5.37,1.98,3.67,2.26,4.8,3.11,1.13,1.13,1.13,1.41,0.85,11.86,16.67,14.69,11.02,9.04,,,,,,,,,,,,,,,,,,,,,,,,,,,,,,,,,,,,,,
2268,120,5,Central Slopes,frequent,8.42,4.01,2.16,0.41,0.41,0.24,0,14.42,15.63,8.41,4.21,0.6,0,0.43,0.43,0.34,0.79,0.79,0.79,9.62,0.87,7.55,10.82,8.65,,,,,,,,,,,,,,,,,,,,,,,,,,,,,,,,
2269,120,5,Central Slopes,frequent,3.13,8.96,23.31,13.45,0.9,0,0,0,0,0.9,6.73,17.04,8.52,1.35,0,0.45,2.24,3.14,0,0,0.9,4.04,0.9,4.04,,,,,,,,,,,,,,,,,,,,,,,,,,,,,,,,
2270,120,5,Central Slopes,frequent,8.57,8.57,6.86,9.45,9.45,7.68,0.58,0.58,1.17,1.17,1.17,1.17,4.56,4.51,3.89,1.69,1.69,2.09,3.66,3.66,4.9,6.8,3.48,2.65,,,,,,,,,,,,,,,,,,,,,,,,,,,,,,,,
2271,120,5,Central Slopes,frequent,1.8,2.47,4.42,9.2,4.17,10.21,8.49,12.7,6.5,8.76,7.2,2.84,2.84,1.51,0.87,0.87,1.31,1.68,2.72,3.09,3.2,1.49,0.87,0.79,,,,,,,,,,,,,,,,,,,,,,,,,,,,,,,,
2272,120,5,Central Slopes,frequent,2.37,1.19,3.57,2.38,4.76,5.95,3.57,4.76,2.79,7.93,8.34,8.34,10.72,4.17,2.98,9.53,2.62,1.24,1.36,1.19,1.19,1.12,1.98,5.95,,,,,,,,,,,,,,,,,,,,,,,,,,,,,,,,
2273,120,5,Central Slopes,frequent,0.35,2.06,3.78,3.09,2.41,0.34,1.72,6.87,5.5,2.06,4.81,6.87,4.47,12.03,9.97,1.03,0.34,0,7.56,5.84,3.09,3.09,9.28,3.44,,,,,,,,,,,,,,,,,,,,,,,,,,,,,,,,
2274,120,5,Central Slopes,frequent,3.31,2.93,2.56,9.89,11.72,6.96,3.3,2.56,2.56,3.66,6.23,5.49,7.69,5.49,1.1,4.03,7.33,1.83,1.83,1.47,2.56,0.73,3.3,1.47,,,,,,,,,,,,,,,,,,,,,,,,,,,,,,,,
2276,120,5,Central Slopes,frequent,1.38,3.69,4.15,2.3,2.76,3.23,3.23,4.15,6.91,9.22,5.99,5.07,3.69,4.15,5.53,7.37,7.37,8.76,3.23,2.3,2.3,1.38,0.92,0.92,,,,,,,,,,,,,,,,,,,,,,,,,,,,,,,,
2277,120,5,Central Slopes,frequent,2.59,2.6,2.6,2.88,4.14,10.98,1.52,0.81,0.81,2.83,2.95,2.95,2.95,2.41,4.02,5.72,9.12,5.22,5.22,5.22,9.74,4.24,4.24,4.24,,,,,,,,,,,,,,,,,,,,,,,,,,,,,,,,
2278,120,5,Central Slopes,frequent,0.68,0.86,0.86,2.72,9.55,1.67,1.19,1.12,1.38,3.87,3.29,4.77,5.37,9.55,5.97,5.97,5.97,6.37,2.39,1.98,3.99,1.98,11.94,6.56,,,,,,,,,,,,,,,,,,,,,,,,,,,,,,,,
2234,120,5,Central Slopes,intermediate,0.99,1.89,2.52,2.52,1.34,2.49,4.07,5.38,2.52,9.08,9.03,7.39,6.91,5.11,5.87,6.51,6.51,3.14,4.16,4.39,3.77,1.89,1.27,1.25,,,,,,,,,,,,,,,,,,,,,,,,,,,,,,,,
2256,120,5,Central Slopes,intermediate,1.13,1.97,4.39,7.18,9.57,12.21,4.52,3.66,8.02,5.74,6.34,3.7,6.05,6.74,2.75,2.3,2.3,3.04,1.4,0,1.11,3.28,1.31,1.29,,,,,,,,,,,,,,,,,,,,,,,,,,,,,,,,
2257,120,5,Central Slopes,intermediate,0.62,1.55,4.03,7.73,7.92,8.67,6.99,8.96,4.66,0.86,6.03,6.03,4.05,1.16,2.52,1.95,4.47,5.19,5.06,3.98,3.73,1.28,1.28,1.28,,,,,,,,,,,,,,,,,,,,,,,,,,,,,,,,
2258,120,5,Central Slopes,intermediate,1.17,11.04,11.04,9.21,12.92,12.92,4.62,3.38,3.38,2.04,1.67,3.86,3.86,0.98,0.98,2.01,2.01,2.01,2.01,1.99,2.94,2.5,0.73,0.73,,,,,,,,,,,,,,,,,,,,,,,,,,,,,,,,
2259,120,5,Central Slopes,intermediate,6.04,6.04,5.61,4.74,6.03,5.6,5.6,5.6,5.17,4.74,4.74,4.31,4.31,3.88,3.88,3.45,3.88,3.02,3.02,2.59,2.59,1.72,1.72,1.72,,,,,,,,,,,,,,,,,,,,,,,,,,,,,,,,
2260,120,5,Central Slopes,intermediate,0.72,2.14,3.57,2.5,3.57,4.29,4.29,2.86,7.86,8.57,8.57,8.57,6.79,7.14,6.43,5.71,2.5,3.21,3.57,2.14,1.79,2.14,0.36,0.71,,,,,,,,,,,,,,,,,,,,,,,,,,,,,,,,
2261,120,5,Central Slopes,intermediate,5.89,5.4,6.38,6.86,3.43,1.47,0.98,3.27,2.61,3.43,4.41,4.9,2.29,2.29,2.29,2.94,5.88,3.92,4.9,1.57,2.35,5.88,10.78,5.88,,,,,,,,,,,,,,,,,,,,,,,,,,,,,,,,
2262,120,5,Central Slopes,intermediate,1.76,5.25,5.74,7.1,4.08,2.36,1.93,1.41,0,13.27,8.8,6.24,4.97,3.15,4.95,4.22,3.38,2.97,2.02,2.43,11.73,0.27,0.93,1.04,,,,,,,,,,,,,,,,,,,,,,,,,,,,,,,,
2265,120,5,Central Slopes,intermediate,6.93,2.77,6.15,5.86,11.1,3.39,1.93,0.35,0.15,0.15,0.15,0.15,0.15,1.04,4.17,4.17,4.63,6.48,8.33,11.11,4.63,4.17,6.02,6.02,,,,,,,,,,,,,,,,,,,,,,,,,,,,,,,,
2266,120,5,Central Slopes,intermediate,1.25,1.67,7.06,6.65,4.56,7.88,2.49,1.66,1.66,1.66,1.24,3.32,2.07,0.83,2.07,0.41,1.24,5.81,7.88,11.62,12.86,7.47,4.98,1.66,,,,,,,,,,,,,,,,,,,,,,,,,,,,,,,,
2006,120,5,Central Slopes,rare,4.04,4.36,9.35,10.59,5.61,7.48,8.72,3.74,2.49,2.49,3.12,2.49,1.56,1.25,3.43,4.36,2.49,0.39,0.65,2.39,3.43,6.23,4.98,4.36,,,,,,,,,,,,,,,,,,,,,,,,,,,,,,,,
2161,120,5,Central Slopes,rare,6.15,3.22,1.46,1.75,5.87,8.8,11.14,8.8,3.52,4.11,6.45,4.11,4.11,5.87,4.69,2.64,0.88,1.76,1.76,1.76,1.76,2.35,3.23,3.81,,,,,,,,,,,,,,,,,,,,,,,,,,,,,,,,
2166,120,5,Central Slopes,rare,3.7,6.41,9.44,11.25,6.88,4.92,4.08,2.72,0.83,0.77,1.8,4.66,5.67,4.73,4.06,4.66,2.85,3.2,3.38,3.1,3.1,2.32,2.37,3.1,,,,,,,,,,,,,,,,,,,,,,,,,,,,,,,,
2221,120,5,Central Slopes,rare,2.92,3.54,1.97,1.15,1.82,5.32,7.78,5.55,4.5,5.31,8.38,7.64,9.11,6.72,3.19,6.24,4.4,2.82,1.39,0.35,0.13,2.47,4.01,3.29,,,,,,,,,,,,,,,,,,,,,,,,,,,,,,,,
2223,120,5,Central Slopes,rare,2.37,2.49,4.46,4.46,5.95,3.72,4.46,5.2,5.2,2.97,3.72,5.2,7.43,5.95,6.69,5.2,4.46,4.83,1.86,3.72,1.49,1.73,3.47,2.97,,,,,,,,,,,,,,,,,,,,,,,,,,,,,,,,
2225,120,5,Central Slopes,rare,2.05,8.49,6.37,1.58,6.87,5.73,4.9,0.85,0.34,1.84,6.05,1.78,0.31,0.31,7.79,9.38,3.5,5.59,4.37,12.7,8.23,0.53,0.22,0.22,,,,,,,,,,,,,,,,,,,,,,,,,,,,,,,,
2251,120,5,Central Slopes,rare,15.63,5.84,6.57,4.49,3.55,10.22,5.44,2.08,1.11,1.12,1.42,2.84,0.82,0.54,0.13,0.25,0,0.13,0.86,2.01,3.92,12.02,7.56,11.45,,,,,,,,,,,,,,,,,,,,,,,,,,,,,,,,
2252,120,5,Central Slopes,rare,5.03,12.94,8.08,0.54,0.72,1.27,3.77,5.04,6.47,8.63,5.76,5.76,5.04,5.04,4.32,5.76,4.32,3.6,2.16,1.44,2.16,0.72,0.83,0.6,,,,,,,,,,,,,,,,,,,,,,,,,,,,,,,,
2253,120,5,Central Slopes,rare,4.04,2.89,3.47,2.89,2.89,2.89,2.89,4.05,5.2,5.78,2.02,1.6,0.72,1.45,1.16,1.39,1.5,7.51,5.2,6.36,11.56,10.4,8.09,4.05,,,,,,,,,,,,,,,,,,,,,,,,,,,,,,,,
2255,120,5,Central Slopes,rare,1.24,8.97,8.73,1.75,0.5,0,0,0.25,0,0.25,0.75,2.24,6.48,7.73,12.22,9.98,3.49,8.98,8.73,3.49,4.74,4.24,3.49,1.75,,,,,,,,,,,,,,,,,,,,,,,,,,,,,,,,
2307,180,15,Central Slopes,frequent,1.69,7.35,16.64,16.53,11.3,6.43,10.27,4.56,7.35,11.25,3.41,3.22,,,,,,,,,,,,,,,,,,,,,,,,,,,,,,,,,,,,,,,,,,,,
2308,180,15,Central Slopes,frequent,13.69,20.94,10.47,5.24,8.38,9.95,3.79,0.88,11.58,6.74,4.8,3.54,,,,,,,,,,,,,,,,,,,,,,,,,,,,,,,,,,,,,,,,,,,,
2309,180,15,Central Slopes,frequent,6.43,11.59,10.73,12.02,18.03,9.44,11.59,5.58,2.15,3,5.15,4.29,,,,,,,,,,,,,,,,,,,,,,,,,,,,,,,,,,,,,,,,,,,,
2310,180,15,Central Slopes,frequent,16.03,5.6,20.9,8.21,4.48,0,0,20.9,9.33,7.09,7.46,0,,,,,,,,,,,,,,,,,,,,,,,,,,,,,,,,,,,,,,,,,,,,
2311,180,15,Central Slopes,frequent,6.5,7.79,9.42,11.69,5.19,10.06,7.47,8.12,9.74,4.87,7.79,11.36,,,,,,,,,,,,,,,,,,,,,,,,,,,,,,,,,,,,,,,,,,,,
2316,180,15,Central Slopes,frequent,9.78,7.18,1.63,19.54,12.7,4.56,10.42,15.96,4.23,3.58,5.21,5.21,,,,,,,,,,,,,,,,,,,,,,,,,,,,,,,,,,,,,,,,,,,,
2317,180,15,Central Slopes,frequent,8.28,6.75,8.59,9.82,6.13,7.67,8.59,14.42,10.43,6.44,6.44,6.44,,,,,,,,,,,,,,,,,,,,,,,,,,,,,,,,,,,,,,,,,,,,
2318,180,15,Central Slopes,frequent,6.6,11.02,11.98,7.18,8.5,8.2,5.94,9.46,10.25,8.37,6.28,6.22,,,,,,,,,,,,,,,,,,,,,,,,,,,,,,,,,,,,,,,,,,,,
2319,180,15,Central Slopes,frequent,3.59,3.28,2.74,16.05,10.53,5.1,5.07,4.93,4.11,4.76,17.1,22.74,,,,,,,,,,,,,,,,,,,,,,,,,,,,,,,,,,,,,,,,,,,,
2320,180,15,Central Slopes,frequent,3.23,6.07,5.67,1.62,1.21,2.43,2.83,12.15,11.34,14.98,27.13,11.34,,,,,,,,,,,,,,,,,,,,,,,,,,,,,,,,,,,,,,,,,,,,
2248,180,15,Central Slopes,intermediate,17.52,8.77,0.55,0,0,1.37,13.42,9.32,21.1,15.07,11.51,1.37,,,,,,,,,,,,,,,,,,,,,,,,,,,,,,,,,,,,,,,,,,,,
2263,180,15,Central Slopes,intermediate,15.9,7.36,12.92,17.61,10.84,7.37,12.7,1.86,2.36,0.56,1.26,9.26,,,,,,,,,,,,,,,,,,,,,,,,,,,,,,,,,,,,,,,,,,,,
2296,180,15,Central Slopes,intermediate,9.53,9.3,16.23,10.42,10.38,7.78,5.66,6.72,5.54,3.58,7.59,7.27,,,,,,,,,,,,,,,,,,,,,,,,,,,,,,,,,,,,,,,,,,,,
2297,180,15,Central Slopes,intermediate,10.68,4.41,13.27,17.08,7.53,4.89,2.24,3.75,4.58,12.52,6.74,12.31,,,,,,,,,,,,,,,,,,,,,,,,,,,,,,,,,,,,,,,,,,,,
2298,180,15,Central Slopes,intermediate,8.46,15.11,18.02,8.38,1.25,5.08,7.85,12.13,7.47,6.46,5.58,4.21,,,,,,,,,,,,,,,,,,,,,,,,,,,,,,,,,,,,,,,,,,,,
2299,180,15,Central Slopes,intermediate,4.12,4.13,9.08,16.23,11.84,17.33,16.09,7.63,4.87,6.47,2.11,0.1,,,,,,,,,,,,,,,,,,,,,,,,,,,,,,,,,,,,,,,,,,,,
2300,180,15,Central Slopes,intermediate,4.17,8.66,3.61,19.49,10.83,6.84,7.58,9.24,5.2,6.14,7.94,10.3,,,,,,,,,,,,,,,,,,,,,,,,,,,,,,,,,,,,,,,,,,,,
2301,180,15,Central Slopes,intermediate,10.48,8.82,6.02,6.42,7.67,11.38,8.23,3.22,2.59,3.82,9.21,22.14,,,,,,,,,,,,,,,,,,,,,,,,,,,,,,,,,,,,,,,,,,,,
2302,180,15,Central Slopes,intermediate,7.14,3.42,7.99,3.94,6.77,16.39,8.17,10.61,9.98,7.04,6.08,12.47,,,,,,,,,,,,,,,,,,,,,,,,,,,,,,,,,,,,,,,,,,,,
2306,180,15,Central Slopes,intermediate,2.66,2.37,3.86,6.53,0.89,1.19,7.12,12.17,12.46,21.96,22.26,6.53,,,,,,,,,,,,,,,,,,,,,,,,,,,,,,,,,,,,,,,,,,,,
2110,180,15,Central Slopes,rare,4.93,17.3,5.92,9.13,17.92,7.58,6.15,7.23,7.29,4.6,5.96,5.99,,,,,,,,,,,,,,,,,,,,,,,,,,,,,,,,,,,,,,,,,,,,
2131,180,15,Central Slopes,rare,21.1,4.51,2.4,0.03,0.03,0.03,0.03,8.58,12.94,10.18,19.9,20.27,,,,,,,,,,,,,,,,,,,,,,,,,,,,,,,,,,,,,,,,,,,,
2195,180,15,Central Slopes,rare,2.86,2.78,8.37,1.58,1.89,4.81,15.21,18.42,13.78,12.83,10.35,7.12,,,,,,,,,,,,,,,,,,,,,,,,,,,,,,,,,,,,,,,,,,,,
2199,180,15,Central Slopes,rare,2.54,11.68,9.39,10.15,10.66,23.1,12.94,4.82,0.25,1.78,5.08,7.61,,,,,,,,,,,,,,,,,,,,,,,,,,,,,,,,,,,,,,,,,,,,
2218,180,15,Central Slopes,rare,14.69,12.6,20.48,13.25,14.1,7.68,2.99,0.1,1.58,2.62,9.39,0.52,,,,,,,,,,,,,,,,,,,,,,,,,,,,,,,,,,,,,,,,,,,,
2254,180,15,Central Slopes,rare,7.97,6.64,9.29,7.19,2.54,7.96,17.7,17.26,1.99,6.42,9.29,5.75,,,,,,,,,,,,,,,,,,,,,,,,,,,,,,,,,,,,,,,,,,,,
2279,180,15,Central Slopes,rare,11.96,9.26,11.43,14.46,11.9,6.8,12.47,6.8,5.67,5.29,2.64,1.32,,,,,,,,,,,,,,,,,,,,,,,,,,,,,,,,,,,,,,,,,,,,
2280,180,15,Central Slopes,rare,17.45,15.09,15.73,14.22,9.27,4.53,1.29,0.65,7.76,4.74,2.16,7.11,,,,,,,,,,,,,,,,,,,,,,,,,,,,,,,,,,,,,,,,,,,,
2282,180,15,Central Slopes,rare,3.67,12.07,6.62,9.78,9.76,3.5,12.76,13.6,7.08,7.42,3.02,10.72,,,,,,,,,,,,,,,,,,,,,,,,,,,,,,,,,,,,,,,,,,,,
2283,180,15,Central Slopes,rare,3.8,5.89,5.46,7.24,6.03,8.85,16.35,5.6,12.56,5.69,6.04,16.49,,,,,,,,,,,,,,,,,,,,,,,,,,,,,,,,,,,,,,,,,,,,
2347,270,15,Central Slopes,frequent,2.19,1.26,2.52,7.86,19.5,10.69,8.18,12.26,8.81,4.72,3.46,2.52,1.57,0.94,1.26,6.6,3.46,2.2,,,,,,,,,,,,,,,,,,,,,,,,,,,,,,,,,,,,,,
2348,270,15,Central Slopes,frequent,20.81,9.73,3.02,4.7,15.77,11.74,4.36,4.36,1.68,1.01,2.68,2.35,2.35,1.34,2.01,3.36,3.36,5.37,,,,,,,,,,,,,,,,,,,,,,,,,,,,,,,,,,,,,,
2349,270,15,Central Slopes,frequent,2.6,10.01,14.45,30.74,2.96,2.59,0.37,3.33,1.85,5.19,5.19,2.96,3.7,1.85,2.96,1.48,3.33,4.44,,,,,,,,,,,,,,,,,,,,,,,,,,,,,,,,,,,,,,
2350,270,15,Central Slopes,frequent,4.88,9.47,9.09,9,9.21,7.18,10.63,5.3,4.75,4.99,3.59,4.27,3.74,4.42,1.37,1.33,3.7,3.08,,,,,,,,,,,,,,,,,,,,,,,,,,,,,,,,,,,,,,
2351,270,15,Central Slopes,frequent,25.63,11.97,5.98,2.09,0.85,0.92,0.43,2.34,1.54,2.12,2.43,1.83,0.62,2.55,3.37,7.69,7.13,20.51,,,,,,,,,,,,,,,,,,,,,,,,,,,,,,,,,,,,,,
2352,270,15,Central Slopes,frequent,22.62,8.52,0,3.28,7.87,2.95,1.64,0,0.33,1.64,12.13,14.43,12.79,4.26,2.3,2.62,1.31,1.31,,,,,,,,,,,,,,,,,,,,,,,,,,,,,,,,,,,,,,
2353,270,15,Central Slopes,frequent,2.57,0.86,0.57,2.01,2.87,1.43,0.57,0.86,18.05,22.06,5.44,6.02,6.59,9.46,6.88,6.02,5.73,2.01,,,,,,,,,,,,,,,,,,,,,,,,,,,,,,,,,,,,,,
2354,270,15,Central Slopes,frequent,4.74,5.2,4.67,4.46,7.67,9.35,4.17,6.19,5.59,6.51,6.44,3.8,4.63,7.02,3.95,6.7,4.11,4.8,,,,,,,,,,,,,,,,,,,,,,,,,,,,,,,,,,,,,,
2355,270,15,Central Slopes,frequent,9.28,4.84,27.62,4.33,0.58,0,0,0,0,0,0,0,0,0,0,19.22,16.9,17.23,,,,,,,,,,,,,,,,,,,,,,,,,,,,,,,,,,,,,,
2356,270,15,Central Slopes,frequent,6.07,2.13,2.74,4.56,3.95,3.04,3.04,3.65,7.9,5.17,9.12,8.81,5.17,3.95,4.56,7.29,11.25,7.6,,,,,,,,,,,,,,,,,,,,,,,,,,,,,,,,,,,,,,
2214,270,15,Central Slopes,intermediate,10.11,2.98,10.69,19.6,7.72,3.56,4.16,3.37,3.96,3.56,3.17,2.57,3.96,1.78,5.35,6.93,1.98,4.55,,,,,,,,,,,,,,,,,,,,,,,,,,,,,,,,,,,,,,
2336,270,15,Central Slopes,intermediate,4.93,2.38,7.13,13.58,2.04,12.22,11.55,10.19,4.07,6.11,4.07,2.72,1.36,0,1.45,1.26,8.15,6.79,,,,,,,,,,,,,,,,,,,,,,,,,,,,,,,,,,,,,,
2337,270,15,Central Slopes,intermediate,3.87,9.7,6.09,7.2,2.77,6.37,16.07,3.6,3.32,3.88,5.82,5.82,9.97,1.11,6.37,1.94,4.99,1.11,,,,,,,,,,,,,,,,,,,,,,,,,,,,,,,,,,,,,,
2338,270,15,Central Slopes,intermediate,8.12,8.45,11.52,10.75,7.68,5.38,2.3,0,0.65,10.89,9.6,5.76,7.68,4.15,1.54,1.87,1.54,2.12,,,,,,,,,,,,,,,,,,,,,,,,,,,,,,,,,,,,,,
2339,270,15,Central Slopes,intermediate,6.01,0.95,0.32,9.18,2.22,2.22,8.86,3.16,8.86,20.25,3.48,5.38,6.01,6.65,5.06,3.8,3.16,4.43,,,,,,,,,,,,,,,,,,,,,,,,,,,,,,,,,,,,,,
2341,270,15,Central Slopes,intermediate,1.98,2.96,4.28,5.26,6.91,6.58,13.16,14.14,13.82,5.59,4.28,4.93,4.28,2.96,3.62,1.97,1.64,1.64,,,,,,,,,,,,,,,,,,,,,,,,,,,,,,,,,,,,,,
2342,270,15,Central Slopes,intermediate,10.41,9.77,7.93,2.08,5.75,2.71,8.48,3.89,12.29,4.54,1.19,1.92,2.98,5.21,1.9,9.34,7.45,2.16,,,,,,,,,,,,,,,,,,,,,,,,,,,,,,,,,,,,,,
2344,270,15,Central Slopes,intermediate,1.29,5.21,3.7,3.91,4.35,7.61,6.96,8.91,3.48,3.7,10.22,7.17,6.74,10,6.09,4.35,3.7,2.61,,,,,,,,,,,,,,,,,,,,,,,,,,,,,,,,,,,,,,
2345,270,15,Central Slopes,intermediate,14.52,5.79,0.41,0.91,1.7,0.95,0.91,0.97,12.56,6.14,0,0.34,0.27,26.23,22.12,4.05,1.56,0.57,,,,,,,,,,,,,,,,,,,,,,,,,,,,,,,,,,,,,,
2346,270,15,Central Slopes,intermediate,4.74,1.68,2.51,1.49,4.98,6.06,0.71,1.33,2.7,3.94,0.39,1.32,2.44,0.51,16.41,21.48,20.61,6.7,,,,,,,,,,,,,,,,,,,,,,,,,,,,,,,,,,,,,,
2007,270,15,Central Slopes,rare,6.23,1.5,3.49,4.55,5.11,12.77,9.97,4.05,2.65,5.14,1.71,7.32,2.8,0.77,0.51,14.92,12.15,4.36,,,,,,,,,,,,,,,,,,,,,,,,,,,,,,,,,,,,,,
2207,270,15,Central Slopes,rare,1.7,2.01,6.39,5.92,7.32,3.39,8.06,11.65,13.14,6.02,4.93,4.57,8.87,5.06,5.54,2.73,1.5,1.2,,,,,,,,,,,,,,,,,,,,,,,,,,,,,,,,,,,,,,
2243,270,15,Central Slopes,rare,5.51,10.02,18.52,2.84,2.46,3.42,8.06,5.32,6.29,4.45,1.69,6.74,8.64,1.05,5.48,4.79,2.73,1.99,,,,,,,,,,,,,,,,,,,,,,,,,,,,,,,,,,,,,,
2284,270,15,Central Slopes,rare,1.86,3.19,3.51,3.91,3.71,4.79,3.01,4.65,4.32,5.72,4.77,6.99,12.92,4.42,9.93,4.5,4.77,13.03,,,,,,,,,,,,,,,,,,,,,,,,,,,,,,,,,,,,,,
2321,270,15,Central Slopes,rare,20.68,16.02,4.42,10.13,1.69,3.35,0.69,0,0.26,0,0,5.82,8.37,12.49,10.31,1.26,1.68,2.83,,,,,,,,,,,,,,,,,,,,,,,,,,,,,,,,,,,,,,
2328,270,15,Central Slopes,rare,13.05,15.32,9.23,3.15,6.31,4.73,7.21,8.11,4.73,3.38,2.93,3.6,2.48,2.03,2.93,3.83,3.38,3.6,,,,,,,,,,,,,,,,,,,,,,,,,,,,,,,,,,,,,,
2331,270,15,Central Slopes,rare,0.06,0.06,9.25,15.19,8.14,19.54,8.68,5.43,0.54,0.79,0.29,1.09,3.8,10.31,2.17,1.09,8.14,5.43,,,,,,,,,,,,,,,,,,,,,,,,,,,,,,,,,,,,,,
2332,270,15,Central Slopes,rare,7.77,9.98,3.73,7.68,1.61,2.35,4.59,6.65,7.87,7.35,6.34,6.8,7.4,7.46,3.24,2.94,2.84,3.4,,,,,,,,,,,,,,,,,,,,,,,,,,,,,,,,,,,,,,
2333,270,15,Central Slopes,rare,2.87,11.32,5.35,3.74,7.2,6.31,4.08,4.57,3.4,3.31,8.01,17.97,7.83,2.01,1.03,0.82,0.81,9.37,,,,,,,,,,,,,,,,,,,,,,,,,,,,,,,,,,,,,,
2334,270,15,Central Slopes,rare,2.42,7.35,1.95,15.48,6.84,2.85,0.41,0.66,0.1,0.03,2.42,6.13,4.31,12.23,11.07,15.79,9.38,0.58,,,,,,,,,,,,,,,,,,,,,,,,,,,,,,,,,,,,,,
2378,360,15,Central Slopes,frequent,4.99,4.02,6.65,5.47,6.46,4.59,3.78,9,7.61,7.16,6.6,3.53,3.53,3.38,3.74,3.18,2.54,2.27,2.33,0.36,1.97,2.69,2.05,2.1,,,,,,,,,,,,,,,,,,,,,,,,,,,,,,,,
2379,360,15,Central Slopes,frequent,2.04,7.12,5.78,3.08,6.18,8.99,3.1,2.48,4.05,12.92,5.53,3.65,4.05,3.02,1.64,2.89,4.87,4.18,1.71,4.1,0.98,2.87,1.67,3.1,,,,,,,,,,,,,,,,,,,,,,,,,,,,,,,,
2380,360,15,Central Slopes,frequent,4.15,12,6.87,13.71,5.27,3.48,8.14,14.75,7,2.12,1.05,1.44,0.86,0.45,0.38,0.45,0.66,2.32,2.75,3.11,2.71,1.36,2.1,2.87,,,,,,,,,,,,,,,,,,,,,,,,,,,,,,,,
2381,360,15,Central Slopes,frequent,15.5,11.43,3.21,11.61,8.34,2.27,2.22,2.77,0.33,1.51,1.93,3.23,1.94,2.25,2.46,4.59,1.88,1.08,0.74,1.36,2.39,1.63,2.87,12.46,,,,,,,,,,,,,,,,,,,,,,,,,,,,,,,,
2382,360,15,Central Slopes,frequent,2.86,3.85,11.84,4.11,2.17,1.69,2.04,2.48,3.78,2.5,4.4,7.25,5.87,5.29,5.71,7,0.36,1.68,1.2,2.7,7.01,9.08,2.94,2.19,,,,,,,,,,,,,,,,,,,,,,,,,,,,,,,,
2384,360,15,Central Slopes,frequent,4.57,4.93,3.62,1.83,4.57,1.76,1.14,2.15,0.84,6.1,24.05,14.95,5.79,1.41,1.27,0.63,1.04,1.53,3.13,1.06,1.25,1.14,0.58,10.66,,,,,,,,,,,,,,,,,,,,,,,,,,,,,,,,
2385,360,15,Central Slopes,frequent,5.24,4.56,3.31,4.22,2.23,5.93,4.32,6.31,3.82,3.13,3.42,2.45,2.26,2.03,2.39,3.73,3.34,2.58,1.68,2.79,3.5,10.17,8.52,8.07,,,,,,,,,,,,,,,,,,,,,,,,,,,,,,,,
2386,360,15,Central Slopes,frequent,0.53,0.48,3.35,11.96,1.73,0.1,0.2,0.12,0.15,7.57,10.68,8.66,5.46,3.06,3.45,4.26,4.52,5.07,5.08,8.3,6.3,6.58,1.65,0.74,,,,,,,,,,,,,,,,,,,,,,,,,,,,,,,,
2387,360,15,Central Slopes,frequent,1.87,3.45,2.07,1.94,0.61,0.67,2.64,1.57,0.58,0.58,1.72,4.45,7.41,11.11,12.96,10,10.55,6.73,4.21,5.19,2.82,2.52,2.31,2.04,,,,,,,,,,,,,,,,,,,,,,,,,,,,,,,,
2388,360,15,Central Slopes,frequent,0.58,0.86,0.86,2.31,2.02,1.44,0.86,1.44,2.31,6.92,2.88,3.46,2.59,3.17,2.88,3.75,2.31,7.49,8.36,2.59,4.03,9.8,22.77,4.32,,,,,,,,,,,,,,,,,,,,,,,,,,,,,,,,
2264,360,15,Central Slopes,intermediate,12.26,5.68,9.95,13.57,8.35,5.68,9.78,1.43,1.82,0.43,0.97,7.14,7.64,4.81,0,0,0,0,0,1.12,1.31,1.88,2.66,3.52,,,,,,,,,,,,,,,,,,,,,,,,,,,,,,,,
2367,360,15,Central Slopes,intermediate,8.39,18.59,9.71,11.9,2.97,10.89,3.47,0.98,1.73,12.25,2.91,0.28,0.11,0.11,0.11,0.11,1.68,3.87,2.93,3.56,1.68,1.77,0,0,,,,,,,,,,,,,,,,,,,,,,,,,,,,,,,,
2368,360,15,Central Slopes,intermediate,0.42,6.11,1.08,0,3.82,20.36,3.53,5.44,8.42,4.05,0.41,0,0.94,8.55,12.35,5.58,4.07,1.21,1.9,1.49,2.29,2.56,3.66,1.76,,,,,,,,,,,,,,,,,,,,,,,,,,,,,,,,
2370,360,15,Central Slopes,intermediate,4.35,0.7,10.65,5.12,11.53,7.96,1.63,8.82,3.43,1.29,0.85,1.01,2.32,2.28,1.01,3.19,13.97,4.34,2.76,7.46,2.96,1.02,0.27,1.08,,,,,,,,,,,,,,,,,,,,,,,,,,,,,,,,
2371,360,15,Central Slopes,intermediate,6.29,3.52,3.22,10.66,11.13,4.15,1.94,0.63,5.9,4.87,5.25,1.51,1.59,0.32,0.24,0.61,5.12,11.63,10.87,2.57,2.97,3.77,0.77,0.47,,,,,,,,,,,,,,,,,,,,,,,,,,,,,,,,
2372,360,15,Central Slopes,intermediate,2.13,1.88,0.94,0.94,2.12,6.82,3.53,2.35,0.94,4.94,1.65,6.35,18.12,18.59,6.12,3.06,3.06,4,2.59,2.82,3.76,1.41,1.41,0.47,,,,,,,,,,,,,,,,,,,,,,,,,,,,,,,,
2373,360,15,Central Slopes,intermediate,6.61,2.56,2.13,1.71,1.07,5.12,7.46,4.48,3.84,6.82,5.97,12.58,4.9,5.97,4.26,6.61,4.26,2.77,1.49,2.35,1.28,3.2,1.71,0.85,,,,,,,,,,,,,,,,,,,,,,,,,,,,,,,,
2374,360,15,Central Slopes,intermediate,0.41,6.31,2.33,4.7,2.88,2.1,1.8,8.71,7.51,8.71,7.51,2.1,4.21,6.91,6.91,6.61,3.61,3.49,0.63,1.17,1.73,3.21,3.73,2.72,,,,,,,,,,,,,,,,,,,,,,,,,,,,,,,,
2375,360,15,Central Slopes,intermediate,4.63,1.74,0.95,1.92,2.49,2.68,2.14,0.9,1.14,1.69,1.42,1.03,0.85,7.36,3.56,14.24,12.1,5.69,8.54,3.56,4.27,7.12,3.57,6.41,,,,,,,,,,,,,,,,,,,,,,,,,,,,,,,,
2376,360,15,Central Slopes,intermediate,5.7,4.64,1.48,0.21,2.54,3.17,0,3.38,5.5,1.69,5.29,3.81,1.06,0.85,7.4,20.3,15.43,12.05,1.27,0.85,0.21,0.21,1.06,1.9,,,,,,,,,,,,,,,,,,,,,,,,,,,,,,,,
2244,360,15,Central Slopes,rare,1.31,6.78,13.12,11.52,1.76,3.31,4.69,5.24,4.76,6.1,2.81,3.09,7.3,4.57,2.81,4.72,3.31,2.2,1.51,0.49,3.92,2.92,1.32,0.44,,,,,,,,,,,,,,,,,,,,,,,,,,,,,,,,
2281,360,15,Central Slopes,rare,9.57,11.35,11.99,12.48,5.51,5.83,1.3,0.65,5.19,3.24,1.94,3.57,5.35,3.4,0.16,0.32,0,0,0.32,1.3,7.46,7.13,1.62,0.32,,,,,,,,,,,,,,,,,,,,,,,,,,,,,,,,
2322,360,15,Central Slopes,rare,15.3,12.34,6.58,6.18,4.7,2.75,0.77,0.22,0.22,0,0,2.77,6.85,12.46,6.44,3.4,0.77,2.42,2.46,3.16,3.73,3.36,2.36,0.76,,,,,,,,,,,,,,,,,,,,,,,,,,,,,,,,
2329,360,15,Central Slopes,rare,1.23,1.23,1.84,1.84,2.25,11.86,13.91,8.38,2.86,5.73,4.29,6.54,7.36,4.29,3.07,2.66,3.27,2.25,1.84,2.66,3.48,3.07,3.27,0.82,,,,,,,,,,,,,,,,,,,,,,,,,,,,,,,,
2335,360,15,Central Slopes,rare,2.57,0.1,0.1,2.34,5.7,2.45,10.31,10.34,3.34,0.33,0.75,0.14,0.02,0.18,6.86,2.44,10.09,10.63,13.26,13.48,0.41,0.85,3.14,0.17,,,,,,,,,,,,,,,,,,,,,,,,,,,,,,,,
2361,360,15,Central Slopes,rare,13.99,7.17,10.58,2.62,2,6.32,7.47,1.75,1.71,0.93,0.8,0.9,1.1,0.82,0.89,0.74,1.14,1.68,2.59,6.14,7.17,9.34,6.01,6.14,,,,,,,,,,,,,,,,,,,,,,,,,,,,,,,,
2362,360,15,Central Slopes,rare,3.81,9.64,4.82,7.83,5.42,3.41,2.01,4.02,7.63,3.82,6.02,3.82,1.2,3.01,3.61,2.41,3.21,8.03,3.82,4.42,3.01,2.01,1.61,1.41,,,,,,,,,,,,,,,,,,,,,,,,,,,,,,,,
2363,360,15,Central Slopes,rare,0.15,1.32,11,2.61,1.08,0.86,7.3,2.2,1.9,4.41,4,2.86,0.6,6.68,7.78,6.81,10.87,8.43,6.64,4.68,3.73,2.09,1.59,0.41,,,,,,,,,,,,,,,,,,,,,,,,,,,,,,,,
2364,360,15,Central Slopes,rare,0,1.23,7.24,5.56,10.09,14.67,10.12,0.19,0,0,3.19,2.96,1.51,4.44,4.39,4.27,4.64,4.05,3.84,3.46,3.98,5.01,3.89,1.27,,,,,,,,,,,,,,,,,,,,,,,,,,,,,,,,
2365,360,15,Central Slopes,rare,2.69,1.6,1.91,2.56,1.5,1.95,1.46,2.78,2.01,5.56,6.57,5.58,2.65,2.91,7.14,5.43,4.28,8.57,7.43,7.62,5.8,7.14,1.34,3.52,,,,,,,,,,,,,,,,,,,,,,,,,,,,,,,,
2405,540,30,Central Slopes,frequent,0.84,2.49,6.65,11.63,8.03,12.47,11.08,6.37,7.76,6.65,2.49,3.05,4.71,5.26,3.32,3.88,0.83,2.49,,,,,,,,,,,,,,,,,,,,,,,,,,,,,,,,,,,,,,
2407,540,30,Central Slopes,frequent,6.12,6.12,2.94,3.42,1.71,9.29,15.4,17.85,0,0.24,0,0.73,2.44,3.42,6.11,16.38,4.65,3.18,,,,,,,,,,,,,,,,,,,,,,,,,,,,,,,,,,,,,,
2408,540,30,Central Slopes,frequent,11.13,7.95,0.53,5.57,5.57,7.96,20.69,12.47,8.75,6.1,1.06,0.27,0.27,0,0.27,0.27,1.06,10.08,,,,,,,,,,,,,,,,,,,,,,,,,,,,,,,,,,,,,,
2409,540,30,Central Slopes,frequent,6.76,6.53,6.29,7.63,5.56,4.92,6.51,8.79,5.48,7.07,6.51,5.12,3.52,2.43,4.31,5.23,3.81,3.53,,,,,,,,,,,,,,,,,,,,,,,,,,,,,,,,,,,,,,
2410,540,30,Central Slopes,frequent,4.87,4.58,6.57,0.57,1.71,3.43,7.43,11.71,11.71,12.57,6.29,5.71,0.86,9.14,1.14,4.29,3.71,3.71,,,,,,,,,,,,,,,,,,,,,,,,,,,,,,,,,,,,,,
2413,540,30,Central Slopes,frequent,0.28,0.37,1.93,4.47,4.8,4.28,5.96,10.72,14.2,4.46,1.62,9.17,12.01,8.85,3.59,5.86,5.54,1.89,,,,,,,,,,,,,,,,,,,,,,,,,,,,,,,,,,,,,,
2414,540,30,Central Slopes,frequent,5.15,14.4,7.52,4.13,13.85,2.92,1.83,0.36,2.48,3.01,2.78,4.21,1.2,5.32,9.77,13.16,4.36,3.55,,,,,,,,,,,,,,,,,,,,,,,,,,,,,,,,,,,,,,
2415,540,30,Central Slopes,frequent,7.28,1.21,1.82,1.52,2.74,0.61,5.17,3.65,4.26,6.69,13.37,7.6,13.68,22.8,3.04,1.22,2.43,0.91,,,,,,,,,,,,,,,,,,,,,,,,,,,,,,,,,,,,,,
2417,540,30,Central Slopes,frequent,0.55,4.67,4.95,3.02,0.82,0.82,4.95,11.54,3.85,3.02,5.22,11.81,12.36,7.69,8.52,10.16,4.95,1.1,,,,,,,,,,,,,,,,,,,,,,,,,,,,,,,,,,,,,,
2418,540,30,Central Slopes,frequent,18.86,3.14,8.57,0.57,0.57,0,0,5.43,4,0.29,2.86,5.43,6,4,5.14,6.29,19.14,9.71,,,,,,,,,,,,,,,,,,,,,,,,,,,,,,,,,,,,,,
2303,540,30,Central Slopes,intermediate,5.04,3.79,4.01,2.74,4.29,2.77,4.06,3,5.5,5.89,12.94,9.85,8.6,9.25,4.37,5.82,4.18,3.9,,,,,,,,,,,,,,,,,,,,,,,,,,,,,,,,,,,,,,
2340,540,30,Central Slopes,intermediate,6.94,7.99,14.09,9.45,8.4,7.77,4.62,3.36,2.31,4.2,6.93,1.68,7.98,2.52,1.26,0.84,2.1,7.56,,,,,,,,,,,,,,,,,,,,,,,,,,,,,,,,,,,,,,
2369,540,30,Central Slopes,intermediate,12.91,2.58,0.87,0,2.17,3.04,0.33,5.75,3.05,19.08,11.06,3.56,0.75,16.68,7.7,2.48,3.02,4.97,,,,,,,,,,,,,,,,,,,,,,,,,,,,,,,,,,,,,,
2383,540,30,Central Slopes,intermediate,8.65,0.76,0.57,0,0.97,4.28,14.15,4.29,3.58,5.14,8.92,10.32,11.2,2.68,3.93,13.14,4.74,2.68,,,,,,,,,,,,,,,,,,,,,,,,,,,,,,,,,,,,,,
2397,540,30,Central Slopes,intermediate,9.33,9.61,6.64,6.16,10.11,5.58,3.72,1.69,4.33,5.5,3.67,3.06,4.81,7.2,4.42,5.21,4.41,4.55,,,,,,,,,,,,,,,,,,,,,,,,,,,,,,,,,,,,,,
2398,540,30,Central Slopes,intermediate,5.66,10.89,14.92,6.85,6.05,2.82,6.05,3.02,4.23,2.82,2.42,1.81,3.23,11.29,8.06,2.62,1.21,6.05,,,,,,,,,,,,,,,,,,,,,,,,,,,,,,,,,,,,,,
2399,540,30,Central Slopes,intermediate,6.18,3.12,2.83,8.07,4.28,6.4,3.19,7.34,7.92,12.3,10.84,4.73,2.93,2.58,3.53,5.13,4.5,4.13,,,,,,,,,,,,,,,,,,,,,,,,,,,,,,,,,,,,,,
2401,540,30,Central Slopes,intermediate,7.25,19.89,13.44,0.06,3.46,3.23,0.07,1.34,2.16,0,0.35,4.18,12.39,8.43,15.28,7.87,0.53,0.07,,,,,,,,,,,,,,,,,,,,,,,,,,,,,,,,,,,,,,
2402,540,30,Central Slopes,intermediate,26.44,5.08,6.13,2.83,0.73,0.54,2.98,3.38,0.19,0,1.11,2.38,10.67,10.56,9.52,4.92,9.78,2.76,,,,,,,,,,,,,,,,,,,,,,,,,,,,,,,,,,,,,,
2403,540,30,Central Slopes,intermediate,3.66,2.96,1.63,1.87,5.45,4.77,4.08,2.25,3.58,2.83,2.28,4.28,5.8,6.84,5.25,9.96,16.55,15.96,,,,,,,,,,,,,,,,,,,,,,,,,,,,,,,,,,,,,,
2215,540,30,Central Slopes,rare,8.82,20.43,7.61,5.07,5.07,3.87,3.87,8.28,4.41,6.41,2.27,2.94,2.67,6.94,5.07,1.07,2,3.2,,,,,,,,,,,,,,,,,,,,,,,,,,,,,,,,,,,,,,
2267,540,30,Central Slopes,rare,6.17,4.02,4.02,4.02,2.16,0.93,5.1,3.09,11.28,4.02,10.82,10.51,1.7,0.93,3.25,13.76,11.75,2.47,,,,,,,,,,,,,,,,,,,,,,,,,,,,,,,,,,,,,,
2312,540,30,Central Slopes,rare,6.7,3.78,5.84,0.86,0.34,0.69,8.42,4.12,2.58,2.58,6.19,9.11,8.93,9.28,9.45,6.7,8.93,5.5,,,,,,,,,,,,,,,,,,,,,,,,,,,,,,,,,,,,,,
2330,540,30,Central Slopes,rare,8.35,20.13,5.4,8.02,10.97,5.4,4.09,3.93,5.4,3.6,0.49,0.82,1.96,2.45,1.64,2.62,5.24,9.49,,,,,,,,,,,,,,,,,,,,,,,,,,,,,,,,,,,,,,
2366,540,30,Central Slopes,rare,1.72,4.17,3.03,3.5,2.95,4.14,10.48,7.11,8.69,8.39,13.82,11.6,7.32,4.19,1.87,1.87,3.04,2.11,,,,,,,,,,,,,,,,,,,,,,,,,,,,,,,,,,,,,,
2389,540,30,Central Slopes,rare,5.06,7.47,7.91,6.94,14.95,4.9,4.2,3.39,4.78,5.05,3.82,3.04,4.26,5.96,8.27,3.11,3.57,3.32,,,,,,,,,,,,,,,,,,,,,,,,,,,,,,,,,,,,,,
2390,540,30,Central Slopes,rare,7.14,14.08,5.51,6.33,3.88,1.43,3.06,6.94,4.69,8.78,13.47,3.88,0.61,0.41,6.53,1.63,6.12,5.51,,,,,,,,,,,,,,,,,,,,,,,,,,,,,,,,,,,,,,
2392,540,30,Central Slopes,rare,6.01,11.13,8.04,9.28,4.42,3.77,3.92,8.29,4.22,5.3,2.09,2.28,1.89,6.36,4.41,8.33,5.43,4.83,,,,,,,,,,,,,,,,,,,,,,,,,,,,,,,,,,,,,,
2394,540,30,Central Slopes,rare,3.65,3.45,3.09,2.73,6.73,5.45,4.18,5.45,7.64,4.91,1.45,3.09,4.91,10,3.45,14.73,7.82,7.27,,,,,,,,,,,,,,,,,,,,,,,,,,,,,,,,,,,,,,
2396,540,30,Central Slopes,rare,3.92,4.04,4.86,4.89,8.12,4.07,3.95,3.79,3.34,2.54,7.54,10.14,7.1,5.09,4.27,9.79,9.92,2.63,,,,,,,,,,,,,,,,,,,,,,,,,,,,,,,,,,,,,,
2436,720,30,Central Slopes,frequent,2.38,1.8,3,4.71,10.64,13.89,13.52,4.96,1.27,0.83,0.85,0.99,0,0,0,0,0,2.9,8.71,14.45,3.55,2.35,1.59,7.61,,,,,,,,,,,,,,,,,,,,,,,,,,,,,,,,
2439,720,30,Central Slopes,frequent,0.87,4.85,2.45,9.85,14.1,3.79,4.57,7.64,6.24,16.66,2.85,1.41,1.9,0.43,0.35,2.53,1.75,0.94,1.58,1.88,3.41,3.47,5.05,1.43,,,,,,,,,,,,,,,,,,,,,,,,,,,,,,,,
2440,720,30,Central Slopes,frequent,1.97,2.97,3.71,6.93,12.13,8.91,2.72,6.68,9.41,13.12,5.45,2.72,1.73,3.47,0.99,2.97,1.73,0.99,2.97,2.48,1.49,1.49,1.98,0.99,,,,,,,,,,,,,,,,,,,,,,,,,,,,,,,,
2441,720,30,Central Slopes,frequent,2.96,2.57,2.11,0,1.26,1.33,1.23,9.48,12.65,2.54,2.53,2.54,16.44,0.63,0.63,0,0,0.63,0,1.9,6.94,15.17,12.65,3.81,,,,,,,,,,,,,,,,,,,,,,,,,,,,,,,,
2442,720,30,Central Slopes,frequent,4.03,5.56,1.77,1.01,5.3,3.79,2.02,3.79,5.05,7.07,1.01,0.76,7.32,4.55,3.28,0.25,7.07,1.77,1.52,1.01,1.52,6.31,15.91,8.33,,,,,,,,,,,,,,,,,,,,,,,,,,,,,,,,
2443,720,30,Central Slopes,frequent,3.98,4.6,4.4,3.53,7.18,9.06,1.35,3.31,4.03,6.42,1.76,4.15,4.03,4.02,5.54,1.2,1.1,5.72,0.48,6.66,5.04,0.63,7.18,4.63,,,,,,,,,,,,,,,,,,,,,,,,,,,,,,,,
2444,720,30,Central Slopes,frequent,8.42,6.6,5.36,5.06,2.95,4.76,5.3,4.75,1.05,5.53,2.84,4.72,6.07,6.07,2.27,2.35,2.54,2.06,2.7,1.85,4.04,4.2,4.73,3.78,,,,,,,,,,,,,,,,,,,,,,,,,,,,,,,,
2446,720,30,Central Slopes,frequent,3.03,2.5,2.29,2.05,1.77,3.44,1.93,2.22,1.25,0.79,1.49,2.96,4.12,1.61,1.84,6.7,8.03,9.63,7.4,5.48,3.7,8.41,11.11,6.25,,,,,,,,,,,,,,,,,,,,,,,,,,,,,,,,
2455,720,30,Central Slopes,frequent,1.67,3.6,2.38,1.92,4.67,4.62,1.17,0.29,0.15,0.06,0.44,4.58,7.96,3.35,3.4,7.24,4.62,9.81,5.66,5.93,8.02,10.4,6.93,1.13,,,,,,,,,,,,,,,,,,,,,,,,,,,,,,,,
2456,720,30,Central Slopes,frequent,5.11,1.99,2.56,4.83,7.39,8.24,3.41,3.41,1.7,0.28,0,0.28,0.57,1.7,1.42,6.25,3.69,1.99,4.26,10.51,4.55,3.13,13.64,9.09,,,,,,,,,,,,,,,,,,,,,,,,,,,,,,,,
2149,720,30,Central Slopes,intermediate,10.06,13.19,17.27,6.95,3.12,0,0,0,0,0,0,0,0,0,0,0,0.48,1.68,2.88,3.6,0.24,0.48,5.04,35.01,,,,,,,,,,,,,,,,,,,,,,,,,,,,,,,,
2275,720,30,Central Slopes,intermediate,26.4,3.43,0.21,1.29,0.43,1.29,0.43,0.64,0,0,0,0,0,0,0,0,0,0,2.58,7.51,21.67,18.24,10.3,5.58,,,,,,,,,,,,,,,,,,,,,,,,,,,,,,,,
2426,720,30,Central Slopes,intermediate,13.84,8.78,7.68,6.59,4.4,4.62,5.27,3.96,4.18,3.52,3.74,2.2,1.32,1.54,2.42,5.93,2.42,0.44,0.44,2.42,1.54,3.3,8.57,0.88,,,,,,,,,,,,,,,,,,,,,,,,,,,,,,,,
2427,720,30,Central Slopes,intermediate,15.47,11.13,5.83,13.98,8.55,1.33,0.6,4.28,2.29,2.29,1.15,1.04,1.97,2.11,2.02,1.37,0.6,0.2,9.26,2.06,1.21,2.53,4.84,3.89,,,,,,,,,,,,,,,,,,,,,,,,,,,,,,,,
2429,720,30,Central Slopes,intermediate,2.72,2.44,1.53,2.55,4.8,4.98,7.34,4.85,5.98,5.37,3.73,3.72,4.57,5.19,4.18,4.49,5.47,5.37,10.35,4.15,3.31,2.16,0.51,0.24,,,,,,,,,,,,,,,,,,,,,,,,,,,,,,,,
2430,720,30,Central Slopes,intermediate,0.94,2.22,1.94,0.69,2.96,2,4.1,5.88,7.46,9.95,6.6,6.3,5.59,4.56,3.55,3.07,4.85,4.71,5.06,4.04,4.36,4.11,3.66,1.4,,,,,,,,,,,,,,,,,,,,,,,,,,,,,,,,
2431,720,30,Central Slopes,intermediate,1.6,2.29,8.96,3.44,1.15,1.61,4.37,4.37,2.53,2.53,4.6,4.14,5.52,7.13,5.06,3.68,6.21,3.45,1.84,1.38,6.44,13.79,2.99,0.92,,,,,,,,,,,,,,,,,,,,,,,,,,,,,,,,
2432,720,30,Central Slopes,intermediate,4.18,5.41,4.75,4.49,5.69,4.41,8.5,2.07,0.47,1.2,3.29,5.12,5.3,4.91,1.49,2.16,1.99,3.61,2.82,7.62,6.47,2.18,2.74,9.13,,,,,,,,,,,,,,,,,,,,,,,,,,,,,,,,
2434,720,30,Central Slopes,intermediate,0.79,1.93,2.86,3.36,2.96,5.68,1.04,0.15,3.48,9.47,1.96,1.44,5.55,2.77,7.15,11.15,3.38,10.5,2.71,5.06,4.22,5.24,5.01,2.14,,,,,,,,,,,,,,,,,,,,,,,,,,,,,,,,
2435,720,30,Central Slopes,intermediate,14.69,2.94,0.92,0.18,0,1.1,0,0,2.2,5.14,1.65,13.03,1.28,6.42,0.37,0,0.18,1.28,11.38,11.19,13.76,8.07,2.75,1.47,,,,,,,,,,,,,,,,,,,,,,,,,,,,,,,,
2069,720,30,Central Slopes,rare,10.18,9.01,5.38,6.1,2.33,2.47,0.58,0,0,0,0,0,0,14.1,0.58,0,0,0,0,0.29,0,1.74,27.62,19.62,,,,,,,,,,,,,,,,,,,,,,,,,,,,,,,,
2216,720,30,Central Slopes,rare,14.44,8.6,3.86,3.96,3.85,3.41,6.39,3.3,5.73,2.31,2.31,2.09,5.62,4.63,0.88,1.32,2.64,2.64,3.52,1.21,1.87,2.31,4.52,8.59,,,,,,,,,,,,,,,,,,,,,,,,,,,,,,,,
2304,720,30,Central Slopes,rare,1.65,1.81,3.43,2.11,3.29,3.99,3.11,3.65,2.96,2.96,3.14,2.41,3.13,3.71,4.56,4.86,10.99,9.59,5.82,7.58,3.68,4.9,3.39,3.28,,,,,,,,,,,,,,,,,,,,,,,,,,,,,,,,
2313,720,30,Central Slopes,rare,1.1,0.63,3.14,1.26,6.13,3.46,5.35,0.79,0.31,0.63,7.7,3.77,2.36,2.36,5.66,8.33,8.18,8.49,8.65,6.13,8.18,5.03,1.26,1.1,,,,,,,,,,,,,,,,,,,,,,,,,,,,,,,,
2343,720,30,Central Slopes,rare,4.9,6.25,7.23,11.19,4.95,7.07,10.23,3.63,3.1,4.49,10.62,4.63,2.9,4.09,1.46,1.25,1.35,1.74,1.53,3.24,1.63,1.17,0.79,0.56,,,,,,,,,,,,,,,,,,,,,,,,,,,,,,,,
2391,720,30,Central Slopes,rare,2.14,0.89,5.9,11.09,5.37,6.98,3.04,1.43,2.5,2.68,7.16,5.19,11.63,6.44,0.54,0.54,5.37,1.61,5.55,4.47,1.61,3.22,1.79,2.86,,,,,,,,,,,,,,,,,,,,,,,,,,,,,,,,
2393,720,30,Central Slopes,rare,0.99,1.83,6.35,10.49,7.44,7.5,4.55,3.03,4.64,6.64,4.23,4.3,1.89,2.62,1.99,5.52,4.05,8.2,4.36,3.87,0.69,2.52,1.54,0.76,,,,,,,,,,,,,,,,,,,,,,,,,,,,,,,,
2395,720,30,Central Slopes,rare,0.83,0.83,1.83,1.5,3.33,3.16,2.83,2.5,6.16,4.99,3.83,4.99,6.99,4.49,1.33,2.83,4.49,9.15,3.16,13.48,7.15,6.66,1.66,1.83,,,,,,,,,,,,,,,,,,,,,,,,,,,,,,,,
2419,720,30,Central Slopes,rare,4.68,1.01,0.67,4.67,0.83,0.5,8.51,9.02,5.84,5.18,8.85,5.84,3.67,7.01,8.85,4.17,2.17,3.34,2.67,2.5,2.5,2.34,1.67,3.51,,,,,,,,,,,,,,,,,,,,,,,,,,,,,,,,
2424,720,30,Central Slopes,rare,3.83,2.36,2.14,1.16,3.28,3.15,1.86,6.74,3.79,2.84,5.19,6.89,5.47,5.71,6.1,3.8,2.41,6.97,4.85,3.32,2.92,6.24,5.78,3.2,,,,,,,,,,,,,,,,,,,,,,,,,,,,,,,,
2481,1080,60,Central Slopes,frequent,29.89,11.23,2.79,3.67,2.88,0.82,0.27,0.9,4.43,6.6,5.49,6.24,8.38,1.66,5.04,6.1,1.78,1.83,,,,,,,,,,,,,,,,,,,,,,,,,,,,,,,,,,,,,,
2482,1080,60,Central Slopes,frequent,6.96,3.67,8.83,4.42,4.42,13.71,13.45,8.94,4.09,2.52,0.35,0,0.93,7.77,9.25,10.69,0,0,,,,,,,,,,,,,,,,,,,,,,,,,,,,,,,,,,,,,,
2483,1080,60,Central Slopes,frequent,4.31,5.65,10.05,24.87,3.03,0,4.1,18.12,2.41,7.64,4.99,2.82,1.45,1.01,2.08,3.59,3.66,0.22,,,,,,,,,,,,,,,,,,,,,,,,,,,,,,,,,,,,,,
2484,1080,60,Central Slopes,frequent,1.98,4.69,4.47,10.06,10.28,9.3,7.26,0.56,3.91,5.6,3.36,5.02,7.25,6.7,3.36,0,0,16.2,,,,,,,,,,,,,,,,,,,,,,,,,,,,,,,,,,,,,,
2487,1080,60,Central Slopes,frequent,20.72,3.66,6.5,5.08,0.41,0.81,1.83,2.24,14.84,18.7,2.85,0.2,4.07,6.3,2.24,4.47,4.67,0.41,,,,,,,,,,,,,,,,,,,,,,,,,,,,,,,,,,,,,,
2488,1080,60,Central Slopes,frequent,0.41,1.24,0.83,6.02,9.34,9.34,4.36,6.43,4.15,13.49,6.02,5.6,8.71,7.05,2.49,3.94,8.92,1.66,,,,,,,,,,,,,,,,,,,,,,,,,,,,,,,,,,,,,,
2490,1080,60,Central Slopes,frequent,3.2,11.8,2.7,5.16,8.6,6.63,2.21,3.19,6.14,4.18,0,4.91,4.67,15.48,9.58,4.18,4.67,2.7,,,,,,,,,,,,,,,,,,,,,,,,,,,,,,,,,,,,,,
2491,1080,60,Central Slopes,frequent,3.3,3.15,3.32,5.74,2.59,4.51,7.09,3.65,3.5,4.7,6.86,10.65,8.96,7.12,9.27,10.67,2.01,2.91,,,,,,,,,,,,,,,,,,,,,,,,,,,,,,,,,,,,,,
2493,1080,60,Central Slopes,frequent,6.57,4.6,1.37,0.48,1.78,1.25,1,2.23,2.47,6.04,7.27,8.83,10.42,16.8,1.6,3.03,1.16,23.1,,,,,,,,,,,,,,,,,,,,,,,,,,,,,,,,,,,,,,
2494,1080,60,Central Slopes,frequent,5.88,7.35,5.82,3.58,0.78,1.47,4.96,2.62,0.17,0.43,4.82,8.78,13.62,4.5,13.87,16.69,0.97,3.69,,,,,,,,,,,,,,,,,,,,,,,,,,,,,,,,,,,,,,
2437,1080,60,Central Slopes,intermediate,19.01,14.33,1.63,1.42,0,0,2.25,17.96,4.58,7.13,0.48,0.9,1.41,0.76,2.67,12.01,5.31,8.15,,,,,,,,,,,,,,,,,,,,,,,,,,,,,,,,,,,,,,
2447,1080,60,Central Slopes,intermediate,2.36,7.56,5.52,0,3.08,4.01,2.84,4.69,2.78,1.77,5.89,2.46,11.61,13.72,7.54,15.59,7.22,1.36,,,,,,,,,,,,,,,,,,,,,,,,,,,,,,,,,,,,,,
2464,1080,60,Central Slopes,intermediate,3.02,10.6,8.44,6.77,10.23,9.42,10.22,2.09,3.73,10.33,3.2,0,0,0,5.41,9.92,4.3,2.32,,,,,,,,,,,,,,,,,,,,,,,,,,,,,,,,,,,,,,
2467,1080,60,Central Slopes,intermediate,13.29,18.24,15.73,11.14,0.51,0.51,0.51,0,4.07,5.57,2.03,3.05,5.07,0,0,0,5.07,15.21,,,,,,,,,,,,,,,,,,,,,,,,,,,,,,,,,,,,,,
2468,1080,60,Central Slopes,intermediate,3.78,3.76,5.48,16.58,5.18,8.41,10.47,2.89,3.98,7.36,2.79,2.62,2.93,3.81,3.7,5.35,5.98,4.93,,,,,,,,,,,,,,,,,,,,,,,,,,,,,,,,,,,,,,
2469,1080,60,Central Slopes,intermediate,6.15,3.77,6.15,9.72,0.99,7.14,11.9,1.39,1.39,1.59,0,0.4,0.4,0.2,0.2,3.57,24.6,20.44,,,,,,,,,,,,,,,,,,,,,,,,,,,,,,,,,,,,,,
2474,1080,60,Central Slopes,intermediate,0.79,0,5.26,18.59,2.39,14.07,3.92,4.33,18.84,9.78,2.8,3.17,1.35,1.85,2.49,5.89,1.79,2.69,,,,,,,,,,,,,,,,,,,,,,,,,,,,,,,,,,,,,,
2476,1080,60,Central Slopes,intermediate,2.49,2.88,4.53,7.18,8,1.6,4.03,3.83,8.06,3.83,5.82,7.02,3.54,10.09,5.21,11.63,2.35,7.91,,,,,,,,,,,,,,,,,,,,,,,,,,,,,,,,,,,,,,
2478,1080,60,Central Slopes,intermediate,4.69,0.9,1.59,4.26,15.17,6.88,0.66,6.18,1.05,2.2,2.8,1.82,0.61,17.62,1.53,3.12,18.58,10.34,,,,,,,,,,,,,,,,,,,,,,,,,,,,,,,,,,,,,,
2480,1080,60,Central Slopes,intermediate,5.11,11.03,5.1,0.61,0,0.41,0.82,0,1.43,9.39,6.12,24.69,9.18,4.9,4.08,10.2,2.24,4.69,,,,,,,,,,,,,,,,,,,,,,,,,,,,,,,,,,,,,,
2203,1080,60,Central Slopes,rare,0.88,2.13,4.79,6.56,3.9,18.44,0.35,0,0,1.6,4.79,0,7.62,25,5.85,7.45,6.56,4.08,,,,,,,,,,,,,,,,,,,,,,,,,,,,,,,,,,,,,,
2285,1080,60,Central Slopes,rare,4.46,4.07,4.12,4.67,4.3,2.91,1.96,0.55,2.86,3.61,4.62,10.27,9.82,4.76,6.19,7.81,13.75,9.27,,,,,,,,,,,,,,,,,,,,,,,,,,,,,,,,,,,,,,
2305,1080,60,Central Slopes,rare,2.02,4.14,2.87,3.47,2.93,4.45,5.38,6.16,4.87,5.32,4.63,8.51,15.87,13.46,7.3,5.93,1.45,1.24,,,,,,,,,,,,,,,,,,,,,,,,,,,,,,,,,,,,,,
2314,1080,60,Central Slopes,rare,3.07,1.4,1.95,1.39,2.09,2.92,0.97,1.53,3.76,8.08,5.85,0.84,9.61,4.32,11.28,15.04,13.09,12.81,,,,,,,,,,,,,,,,,,,,,,,,,,,,,,,,,,,,,,
2425,1080,60,Central Slopes,rare,4.82,6.5,6.58,5.21,3.52,2.64,4.47,3.34,3.02,3.74,7.48,4.79,8.95,8.81,4.85,7.94,4.51,8.83,,,,,,,,,,,,,,,,,,,,,,,,,,,,,,,,,,,,,,
2428,1080,60,Central Slopes,rare,14.4,12.68,10.72,0.98,4.57,2.21,2.58,2.39,1,6.98,2.42,6.01,4.76,4.45,8.95,4.65,4.45,5.8,,,,,,,,,,,,,,,,,,,,,,,,,,,,,,,,,,,,,,
2457,1080,60,Central Slopes,rare,3.62,3.47,2.13,4.24,5.33,6.32,5.17,2.19,5.08,9.68,7.63,8.76,6.11,2.91,5.84,5.44,8.7,7.38,,,,,,,,,,,,,,,,,,,,,,,,,,,,,,,,,,,,,,
2458,1080,60,Central Slopes,rare,5.21,5.36,4.9,6.92,9.43,3.23,4.92,5.15,2.89,5.14,7.92,3.78,0.96,1.6,5.04,13.6,7.97,5.98,,,,,,,,,,,,,,,,,,,,,,,,,,,,,,,,,,,,,,
2459,1080,60,Central Slopes,rare,7.83,7.7,4.62,7.15,8.09,3.29,5.41,2.15,1.69,2.72,9.46,7.58,10.92,4.01,1.38,5.55,6.56,3.89,,,,,,,,,,,,,,,,,,,,,,,,,,,,,,,,,,,,,,
2462,1080,60,Central Slopes,rare,1.63,8.04,9.53,3.28,0.75,2.24,3.43,1.04,1.04,0.15,0,9.54,15.95,11.03,4.32,8.35,12.82,6.86,,,,,,,,,,,,,,,,,,,,,,,,,,,,,,,,,,,,,,
2489,1440,60,Central Slopes,frequent,6.73,1.34,0,0.38,0,0.19,0.38,0.38,0.96,0.96,4.99,7.29,9.98,4.61,5.76,2.69,13.24,4.8,6.53,5.76,8.83,2.3,2.88,9.02,,,,,,,,,,,,,,,,,,,,,,,,,,,,,,,,
2505,1440,60,Central Slopes,frequent,1.55,2.24,5.59,3.28,4.99,6.4,8.47,9.01,8.33,4.58,5.95,7.41,2.01,0,1.73,3.35,3.31,2.18,1.82,2.2,2.84,8.08,2.07,2.61,,,,,,,,,,,,,,,,,,,,,,,,,,,,,,,,
2506,1440,60,Central Slopes,frequent,2.99,4.93,10.28,12.85,11.13,22.27,1.93,0.64,0,0,0,0,0,0,0,0,0,0,0,0,0,24.63,5.78,2.57,,,,,,,,,,,,,,,,,,,,,,,,,,,,,,,,
2508,1440,60,Central Slopes,frequent,5.99,12.4,9.96,15.93,7.08,7.52,4.42,2.65,0,0.22,0,0,0.88,0.44,0.44,3.1,3.98,5.75,7.3,5.53,3.54,1.99,0.44,0.44,,,,,,,,,,,,,,,,,,,,,,,,,,,,,,,,
2509,1440,60,Central Slopes,frequent,6.76,2.41,0.28,0.98,2.51,8.68,4.82,6.75,5.2,6.08,3.7,10.84,3.66,2.79,1.06,4.43,3.48,4.51,1.13,2.25,3.34,4.33,5.22,4.79,,,,,,,,,,,,,,,,,,,,,,,,,,,,,,,,
2511,1440,60,Central Slopes,frequent,4.84,7.78,5.47,4.62,3.57,2.52,2.52,0.84,2.94,6.51,4.83,10.71,1.68,1.68,0.84,0.63,1.47,0,1.05,3.78,6.51,2.73,15.13,7.35,,,,,,,,,,,,,,,,,,,,,,,,,,,,,,,,
2512,1440,60,Central Slopes,frequent,2.5,3.54,3.11,3.53,1.87,6.85,8.3,8.09,5.19,5.81,3.73,4.56,5.39,5.39,1.24,0.41,1.04,2.9,7.05,11,2.28,2.28,2.07,1.87,,,,,,,,,,,,,,,,,,,,,,,,,,,,,,,,
2513,1440,60,Central Slopes,frequent,2.19,8.78,2.2,0.88,7.47,3.08,5.27,0.22,7.25,2.86,2.64,0.22,4.4,12.31,15.82,5.27,2.86,4.4,2.2,1.1,1.1,2.2,3.08,2.2,,,,,,,,,,,,,,,,,,,,,,,,,,,,,,,,
2514,1440,60,Central Slopes,frequent,30.31,9.07,1.44,0.21,0,0,0,0,0,1.03,0,0,0,0.21,0.21,0,1.24,1.65,2.68,2.68,6.8,6.8,9.9,25.77,,,,,,,,,,,,,,,,,,,,,,,,,,,,,,,,
2515,1440,60,Central Slopes,frequent,1.13,1.45,1.04,2.35,2.3,3.56,3.67,4.14,2.93,2.96,5.9,4.19,1.39,0.21,4.26,8.56,12.05,5.56,7.64,9.4,9.78,2.62,0.66,2.25,,,,,,,,,,,,,,,,,,,,,,,,,,,,,,,,
2404,1440,60,Central Slopes,intermediate,5.35,5.38,3.8,3.42,7.1,7.61,16.69,11.75,0.33,2.67,2.34,5.04,2.01,0.35,0,0,7.28,0.77,0.33,0.34,0.67,0.67,4.02,12.08,,,,,,,,,,,,,,,,,,,,,,,,,,,,,,,,
2433,1440,60,Central Slopes,intermediate,0.68,1.27,1.44,1.73,3.17,3.37,1.57,4.83,4.21,4.04,4.24,3.61,7.05,7.03,8.54,1.96,2.8,6.61,4.57,2.83,4.14,9.14,2.79,8.38,,,,,,,,,,,,,,,,,,,,,,,,,,,,,,,,
2438,1440,60,Central Slopes,intermediate,1.55,0.93,3.17,2.63,4.85,15.45,11.64,1.32,1.15,0,0,1.83,14.58,3.72,5.79,0.39,0.73,1.14,0.62,2.16,9.75,4.31,6.62,5.67,,,,,,,,,,,,,,,,,,,,,,,,,,,,,,,,
2448,1440,60,Central Slopes,intermediate,3.06,4.01,1.43,3.24,1.39,2.04,0.55,2.02,6.46,4.72,0,2.63,3.42,2.43,4,2.37,1.52,5.03,2.1,9.92,11.72,6.44,13.33,6.17,,,,,,,,,,,,,,,,,,,,,,,,,,,,,,,,
2470,1440,60,Central Slopes,intermediate,3.03,5.74,4.56,3.72,5.07,7.43,2.87,1.86,11.82,3.55,1.69,1.35,0.51,0,0.68,0,0.34,1.69,16.05,18.07,5.91,0.68,0,3.38,,,,,,,,,,,,,,,,,,,,,,,,,,,,,,,,
2500,1440,60,Central Slopes,intermediate,4.6,5.31,6.73,13.45,12.92,3.54,0.88,1.42,0.71,2.12,0.53,1.77,3.72,14.16,8.85,2.3,2.48,2.12,2.65,2.3,3.01,1.24,1.24,1.95,,,,,,,,,,,,,,,,,,,,,,,,,,,,,,,,
2501,1440,60,Central Slopes,intermediate,1.8,3.04,7.13,6.81,7.88,6.17,6.92,4.78,6.1,2.85,1.87,0.8,1.63,2.65,9.44,0.72,3.48,1.34,0.26,0.13,0,0,6.27,17.93,,,,,,,,,,,,,,,,,,,,,,,,,,,,,,,,
2502,1440,60,Central Slopes,intermediate,4.28,5.66,3.32,4.66,2.77,6.07,5.82,3.6,5.95,4.28,1.58,0.85,2.88,1.17,2.61,5.19,0.77,3.33,7.6,2.45,6.06,5.71,5.02,8.37,,,,,,,,,,,,,,,,,,,,,,,,,,,,,,,,
2503,1440,60,Central Slopes,intermediate,4.89,3.33,3.77,5.17,6.47,5.44,2.32,1.66,0.54,0.13,9.12,13.12,4.76,7.25,5.9,2.8,0.75,4.7,1.4,2.8,3.66,4.1,2.06,3.86,,,,,,,,,,,,,,,,,,,,,,,,,,,,,,,,
2504,1440,60,Central Slopes,intermediate,6.84,0,0,0,0,0,0,0,0,3.12,21.5,4.41,1.84,6.98,9.37,25.72,0,2.39,0.37,0.55,1.47,7.35,4.78,3.31,,,,,,,,,,,,,,,,,,,,,,,,,,,,,,,,
2141,1440,60,Central Slopes,rare,12.37,20.25,11.25,6.05,6.05,1.13,2.81,4.5,0.14,0,0,0,0,0,0,0,0,0,0,25.46,0.56,3.66,4.22,1.55,,,,,,,,,,,,,,,,,,,,,,,,,,,,,,,,
2155,1440,60,Central Slopes,rare,33.14,12.24,0.46,0,0,0,0,0,0,0,0,0,0,0.12,0,0,0,0,0,0,25.4,23.33,4.73,0.58,,,,,,,,,,,,,,,,,,,,,,,,,,,,,,,,
2315,1440,60,Central Slopes,rare,2.63,5.67,7.62,5.18,4.89,3.91,1.76,1.17,1.27,0.98,1.76,1.66,0.68,0.98,3.03,6.26,3.23,1.86,6.55,2.83,9.68,9.58,9.29,7.53,,,,,,,,,,,,,,,,,,,,,,,,,,,,,,,,
2323,1440,60,Central Slopes,rare,0,1.08,9.36,18.22,2.42,5.88,14.1,7.2,4.52,1.55,0,0,0,0,0.13,11.26,0.25,0,0,0,0,19.7,3.58,0.75,,,,,,,,,,,,,,,,,,,,,,,,,,,,,,,,
2463,1440,60,Central Slopes,rare,1.41,10.6,6.21,0.91,1.03,2.98,1.94,1.16,0.13,0.13,2.98,8.8,10.61,9.96,8.54,2.2,14.62,2.2,0.52,2.33,0.52,4.66,1.68,3.88,,,,,,,,,,,,,,,,,,,,,,,,,,,,,,,,
2477,1440,60,Central Slopes,rare,1.17,2.73,1.95,3.06,4.19,6.74,4.89,2.38,3.29,6.11,3.87,4.56,5.72,3.25,8.07,4.19,5.66,8.92,3.48,4.95,1.67,1.93,1.31,5.91,,,,,,,,,,,,,,,,,,,,,,,,,,,,,,,,
2479,1440,60,Central Slopes,rare,6.39,4.09,2.44,2.64,3.71,3.25,3.35,1.71,1.25,1.57,3.98,12.68,2.88,4.02,1.8,0.85,2.55,1.74,0.76,10.33,4.13,1.82,4.55,17.51,,,,,,,,,,,,,,,,,,,,,,,,,,,,,,,,
2495,1440,60,Central Slopes,rare,6.7,4.6,4.38,3.24,3.24,3.17,4.16,3.67,5.38,3.51,4.5,3.71,2.31,3.19,1.95,2.63,5.63,3.88,4.04,5.46,3.53,3.22,6.41,7.49,,,,,,,,,,,,,,,,,,,,,,,,,,,,,,,,
2496,1440,60,Central Slopes,rare,3.07,0.17,1.5,1.55,1.27,2.73,4.21,4.02,6.9,5.8,3.52,3.99,6.24,5.25,5.6,4.07,4.8,5.36,6.38,6.53,6.18,5.41,3,2.45,,,,,,,,,,,,,,,,,,,,,,,,,,,,,,,,
2497,1440,60,Central Slopes,rare,2.07,3.5,16.47,2.59,0.78,1.04,1.04,1.17,0.91,0.78,0.91,0.91,2.2,7.52,6.36,2.98,4.67,5.97,6.61,5.06,10.25,6.61,5.06,4.54,,,,,,,,,,,,,,,,,,,,,,,,,,,,,,,,
2411,1800,120,Central Slopes,frequent,7.92,1.01,2.84,3.25,0.2,2.43,5.07,9.13,0.2,0,1.62,11.36,21.1,21.7,12.17,,,,,,,,,,,,,,,,,,,,,,,,,,,,,,,,,,,,,,,,,
2545,1800,120,Central Slopes,frequent,5.76,3.77,9.13,18.45,7.94,7.54,11.11,11.9,2.78,0.79,4.56,4.17,0.79,0.2,11.11,,,,,,,,,,,,,,,,,,,,,,,,,,,,,,,,,,,,,,,,,
2546,1800,120,Central Slopes,frequent,24.23,24.3,12.03,3.32,0.14,0,0,0,0,0,0,0.06,32.01,0,3.91,,,,,,,,,,,,,,,,,,,,,,,,,,,,,,,,,,,,,,,,,
2547,1800,120,Central Slopes,frequent,8.6,4.78,15.67,19.67,6.52,7.42,2.48,2.01,0.23,0.17,0,0.73,8.34,12.1,11.28,,,,,,,,,,,,,,,,,,,,,,,,,,,,,,,,,,,,,,,,,
2552,1800,120,Central Slopes,frequent,5.92,2.15,5.6,4.15,10.68,13.99,4.99,8.32,0.82,4.64,4.14,7.63,8.63,7.61,10.73,,,,,,,,,,,,,,,,,,,,,,,,,,,,,,,,,,,,,,,,,
2553,1800,120,Central Slopes,frequent,12.29,7.61,3.59,2.16,6.16,2.21,14.5,15.01,6.8,5.09,6.43,4.45,8.76,2.43,2.51,,,,,,,,,,,,,,,,,,,,,,,,,,,,,,,,,,,,,,,,,
2554,1800,120,Central Slopes,frequent,0,5.77,8.11,9.91,10.65,3,0.58,10.94,5.63,11.48,7.13,5.95,0.53,15.91,4.41,,,,,,,,,,,,,,,,,,,,,,,,,,,,,,,,,,,,,,,,,
2556,1800,120,Central Slopes,frequent,12.59,9.35,6.17,9.92,1.77,4.01,7.3,1.64,1.85,6.01,2.33,6.83,14.3,8.98,6.95,,,,,,,,,,,,,,,,,,,,,,,,,,,,,,,,,,,,,,,,,
2561,1800,120,Central Slopes,frequent,8.62,5.09,0.57,1.62,1.73,0.74,6.41,6.79,9.1,12.05,9.13,7.78,14.55,6.87,8.95,,,,,,,,,,,,,,,,,,,,,,,,,,,,,,,,,,,,,,,,,
2562,1800,120,Central Slopes,frequent,1.24,8.06,2.04,3.08,2.23,2.76,2.83,9.74,16.04,16.98,9.92,6.49,12.68,4.32,1.59,,,,,,,,,,,,,,,,,,,,,,,,,,,,,,,,,,,,,,,,,
2240,1800,120,Central Slopes,intermediate,38.79,6.76,9.02,6.13,0,0,0,0,0,7.69,5.41,1.51,5.21,6.89,12.59,,,,,,,,,,,,,,,,,,,,,,,,,,,,,,,,,,,,,,,,,
2475,1800,120,Central Slopes,intermediate,7.5,3.04,3.58,0.11,0,1.95,0.93,2.86,18.65,16.12,17.94,13.06,3.86,2.71,7.69,,,,,,,,,,,,,,,,,,,,,,,,,,,,,,,,,,,,,,,,,
2485,1800,120,Central Slopes,intermediate,5.2,3.73,7.17,15.76,12.05,4.42,7.02,8.87,8.47,0,12.58,2.6,4.32,0,7.81,,,,,,,,,,,,,,,,,,,,,,,,,,,,,,,,,,,,,,,,,
2510,1800,120,Central Slopes,intermediate,5.28,6.95,7.28,2.28,2.96,11.45,10.14,8.3,12.3,3.27,6.72,4.78,4.74,8.1,5.45,,,,,,,,,,,,,,,,,,,,,,,,,,,,,,,,,,,,,,,,,
2537,1800,120,Central Slopes,intermediate,7.8,15.02,9.32,10.3,4.19,3.82,0.68,21.45,2.21,0.4,0.39,0.67,0.6,2.59,20.56,,,,,,,,,,,,,,,,,,,,,,,,,,,,,,,,,,,,,,,,,
2538,1800,120,Central Slopes,intermediate,6.72,2.91,6.57,14.68,17.74,5.66,12.39,7.34,1.22,1.68,3.52,3.21,0.46,0,15.9,,,,,,,,,,,,,,,,,,,,,,,,,,,,,,,,,,,,,,,,,
2540,1800,120,Central Slopes,intermediate,6.86,3.07,1.17,11.39,5.11,3.65,3.8,19.12,15.04,4.96,0.73,3.5,3.36,1.31,16.93,,,,,,,,,,,,,,,,,,,,,,,,,,,,,,,,,,,,,,,,,
2541,1800,120,Central Slopes,intermediate,10.81,7.75,2.98,0.49,5.58,3.67,11.34,10.84,8.75,6.65,8.41,6.39,5,4.86,6.48,,,,,,,,,,,,,,,,,,,,,,,,,,,,,,,,,,,,,,,,,
2543,1800,120,Central Slopes,intermediate,14.39,5.28,3.64,2,5.28,0.55,3.46,7.65,1.28,1.82,0.73,15.12,13.11,20.04,5.65,,,,,,,,,,,,,,,,,,,,,,,,,,,,,,,,,,,,,,,,,
2544,1800,120,Central Slopes,intermediate,5.74,10.3,8.32,5.93,5.99,0.85,6.44,0.43,0.43,5.98,5.12,0.87,0,34.41,9.19,,,,,,,,,,,,,,,,,,,,,,,,,,,,,,,,,,,,,,,,,
2286,1800,120,Central Slopes,rare,7.41,8.07,5.72,1.44,4.08,4.12,5.9,6.08,4.98,1.74,4.48,10.3,10.08,9.68,15.92,,,,,,,,,,,,,,,,,,,,,,,,,,,,,,,,,,,,,,,,,
2324,1800,120,Central Slopes,rare,18.88,9.76,20.33,9.35,0.99,0,4.6,6.14,0,0,21.93,0.23,0,7.49,0.3,,,,,,,,,,,,,,,,,,,,,,,,,,,,,,,,,,,,,,,,,
2357,1800,120,Central Slopes,rare,10.24,13.13,22.77,5.42,7.95,2.29,2.77,3.13,1.45,1.81,2.41,3.73,9.04,6.99,6.87,,,,,,,,,,,,,,,,,,,,,,,,,,,,,,,,,,,,,,,,,
2420,1800,120,Central Slopes,rare,10.73,4.14,5.1,11.8,3.08,2.02,2.02,2.02,0.43,1.91,5.1,10.41,18.07,16.05,7.12,,,,,,,,,,,,,,,,,,,,,,,,,,,,,,,,,,,,,,,,,
2516,1800,120,Central Slopes,rare,2.69,5.48,10.73,7.78,4.18,4.7,5.83,6.25,8.49,6.78,8.45,9.98,3.89,6.69,8.08,,,,,,,,,,,,,,,,,,,,,,,,,,,,,,,,,,,,,,,,,
2524,1800,120,Central Slopes,rare,8.61,7.98,5.14,7.23,5.02,4.59,4.17,9.17,8.59,8.28,6.37,6.6,4.27,6.91,7.07,,,,,,,,,,,,,,,,,,,,,,,,,,,,,,,,,,,,,,,,,
2527,1800,120,Central Slopes,rare,7.67,6.83,8.11,6.59,8.68,4.29,3.64,11.02,11.3,6.14,4.81,6.3,4.34,4.03,6.25,,,,,,,,,,,,,,,,,,,,,,,,,,,,,,,,,,,,,,,,,
2531,1800,120,Central Slopes,rare,21.41,0.16,0,0.16,12.25,9.8,12.75,2.78,4.9,1.63,8.5,8.01,5.72,7.68,4.25,,,,,,,,,,,,,,,,,,,,,,,,,,,,,,,,,,,,,,,,,
2533,1800,120,Central Slopes,rare,4.51,3.45,7.47,7.6,11.82,8.38,7.69,10.58,4,2.17,6.29,11.36,5.44,2.79,6.45,,,,,,,,,,,,,,,,,,,,,,,,,,,,,,,,,,,,,,,,,
2536,1800,120,Central Slopes,rare,8.02,8.79,5.84,9.74,7.75,7.35,6.19,4.59,7.34,1.88,3.28,5.41,7.7,7.43,8.69,,,,,,,,,,,,,,,,,,,,,,,,,,,,,,,,,,,,,,,,,
2412,2160,120,Central Slopes,frequent,3.78,0,5.28,2.45,1.51,2.08,2.64,1.32,1.89,10,2.64,0,0,6.23,8.11,26.98,16.79,8.3,,,,,,,,,,,,,,,,,,,,,,,,,,,,,,,,,,,,,,
2548,2160,120,Central Slopes,frequent,0,6.4,7.22,5.79,13.45,18.21,6.11,6.7,2.28,1.79,0.21,0.16,0,0.67,8.25,10.79,10.78,1.19,,,,,,,,,,,,,,,,,,,,,,,,,,,,,,,,,,,,,,
2563,2160,120,Central Slopes,frequent,7.62,1.92,2.91,2.11,2.61,2.68,9.21,15.17,16.06,9.38,6.13,11.99,4.08,1.5,1.03,1.27,1.76,2.57,,,,,,,,,,,,,,,,,,,,,,,,,,,,,,,,,,,,,,
2578,2160,120,Central Slopes,frequent,20.63,26.52,8.66,2.03,0.37,0.18,0.55,0,0.55,0.18,0.92,0.92,20.63,4.05,0,0,0.18,13.63,,,,,,,,,,,,,,,,,,,,,,,,,,,,,,,,,,,,,,
2579,2160,120,Central Slopes,frequent,6.15,12.01,9.82,8.28,4.42,4.68,5.7,1.76,0.53,0.09,1.48,3.83,9.68,6.69,10.08,1.91,5.34,7.55,,,,,,,,,,,,,,,,,,,,,,,,,,,,,,,,,,,,,,
2584,2160,120,Central Slopes,frequent,12.11,12.85,2.77,5.9,6.13,2.61,1.37,1.42,1.25,2.33,3.99,5.77,7.92,6.92,11.21,9.52,3.46,2.47,,,,,,,,,,,,,,,,,,,,,,,,,,,,,,,,,,,,,,
2585,2160,120,Central Slopes,frequent,29.88,4.97,0.96,0.77,0.77,1.34,1.72,8.24,6.13,4.6,4.41,2.68,8.62,7.28,1.34,3.07,8.43,4.79,,,,,,,,,,,,,,,,,,,,,,,,,,,,,,,,,,,,,,
2587,2160,120,Central Slopes,frequent,5.3,2.06,0.12,0,1.36,8.57,1.75,18.38,9.24,11.93,0,0,0,3.18,3.57,2.27,23.13,9.14,,,,,,,,,,,,,,,,,,,,,,,,,,,,,,,,,,,,,,
2589,2160,120,Central Slopes,frequent,1.88,3.23,5.03,5.21,7.13,5.85,1.33,0.04,0,0.07,0.06,0.27,9.25,6.53,6.57,15.18,20.66,11.71,,,,,,,,,,,,,,,,,,,,,,,,,,,,,,,,,,,,,,
2590,2160,120,Central Slopes,frequent,26.78,5.36,0,0,0,0.45,0.45,0,0,2.9,2.9,0,10.27,17.63,9.6,0.89,7.37,15.4,,,,,,,,,,,,,,,,,,,,,,,,,,,,,,,,,,,,,,
2471,2160,120,Central Slopes,intermediate,1.34,2.98,3.43,0.6,3.13,0.3,7.75,7.3,11.03,4.17,13.56,2.68,0.45,0.6,1.79,30.1,5.81,2.98,,,,,,,,,,,,,,,,,,,,,,,,,,,,,,,,,,,,,,
2486,2160,120,Central Slopes,intermediate,4.32,5.14,4.88,10.65,14.36,5.74,6.97,6.15,10.24,2.47,11.88,0.41,4.92,1.21,0,8.2,0.82,1.64,,,,,,,,,,,,,,,,,,,,,,,,,,,,,,,,,,,,,,
2539,2160,120,Central Slopes,intermediate,6.62,2.74,5.91,13.4,17.15,5.62,10.52,8.07,1.15,1.59,2.88,3.46,0.43,0,14.41,4.9,0.86,0.29,,,,,,,,,,,,,,,,,,,,,,,,,,,,,,,,,,,,,,
2542,2160,120,Central Slopes,intermediate,3.55,2.82,9.73,6.79,2.51,0.64,4.9,3.48,10.49,9.88,7.63,5.86,7.58,5.77,4.47,4.4,5.94,3.56,,,,,,,,,,,,,,,,,,,,,,,,,,,,,,,,,,,,,,
2557,2160,120,Central Slopes,intermediate,3.36,4.27,7.08,9.87,7.18,5.11,7.72,1.94,5.19,4.26,1.73,2.06,4.87,2.06,9.34,10.06,7.07,6.83,,,,,,,,,,,,,,,,,,,,,,,,,,,,,,,,,,,,,,
2571,2160,120,Central Slopes,intermediate,7.93,5.29,4.3,10.91,13.39,9.75,6.78,1.49,0.66,0.5,0.66,1.32,3.47,5.12,8.43,9.92,3.14,6.94,,,,,,,,,,,,,,,,,,,,,,,,,,,,,,,,,,,,,,
2572,2160,120,Central Slopes,intermediate,11.29,9.59,7.9,4.09,5.34,6.64,8.08,6.43,2.93,1.07,6.5,1.17,1.14,0.89,2.49,4.8,10.89,8.76,,,,,,,,,,,,,,,,,,,,,,,,,,,,,,,,,,,,,,
2573,2160,120,Central Slopes,intermediate,1.53,12.17,6.51,3.22,14.92,2.09,0,0,0,0,0,7.92,4.86,0.28,10.65,20.58,7.81,7.46,,,,,,,,,,,,,,,,,,,,,,,,,,,,,,,,,,,,,,
2576,2160,120,Central Slopes,intermediate,3.02,2.87,4.68,2.82,13.6,8.21,1.84,0,0.29,2.05,1.76,4.1,8.88,18.4,9.38,8.52,5.33,4.25,,,,,,,,,,,,,,,,,,,,,,,,,,,,,,,,,,,,,,
2577,2160,120,Central Slopes,intermediate,1.42,0,4.26,2.5,5.83,8.2,6.79,0.24,0,0.32,0.98,0,2.58,14.7,15.92,15.24,7.94,13.08,,,,,,,,,,,,,,,,,,,,,,,,,,,,,,,,,,,,,,
2325,2160,120,Central Slopes,rare,24.3,15.99,9.47,1.71,0,0,9.48,0,0,18.6,0.97,0,5.36,1.42,0.21,0.31,4.79,7.39,,,,,,,,,,,,,,,,,,,,,,,,,,,,,,,,,,,,,,
2358,2160,120,Central Slopes,rare,4.09,10.25,15.86,15.32,3.99,6.36,2.59,2.27,2.91,0.97,2.05,1.83,6.15,6.26,6.69,5.07,4.64,2.7,,,,,,,,,,,,,,,,,,,,,,,,,,,,,,,,,,,,,,
2421,2160,120,Central Slopes,rare,9.85,3.8,4.69,10.84,2.83,1.86,1.86,1.86,0.39,1.76,4.69,9.57,16.6,14.75,6.54,5.47,2.44,0.2,,,,,,,,,,,,,,,,,,,,,,,,,,,,,,,,,,,,,,
2460,2160,120,Central Slopes,rare,1.53,2.5,7.82,1.18,0.18,0.12,1.43,6.09,8.55,9.11,11.01,6.39,2.59,9.9,14.35,2.99,9.5,4.76,,,,,,,,,,,,,,,,,,,,,,,,,,,,,,,,,,,,,,
2517,2160,120,Central Slopes,rare,6.68,9.41,5.85,5.18,4.1,3.14,2.06,4.7,8.63,6.19,3.25,3.91,4.77,4.79,7.02,5.48,6.87,7.97,,,,,,,,,,,,,,,,,,,,,,,,,,,,,,,,,,,,,,
2525,2160,120,Central Slopes,rare,4.33,7.11,6.99,4.39,5.95,4.38,4.12,3.27,7.66,7.4,7.11,5.26,5.65,3.8,5.69,5.9,5.33,5.66,,,,,,,,,,,,,,,,,,,,,,,,,,,,,,,,,,,,,,
2528,2160,120,Central Slopes,rare,3.85,5.96,6.86,6.69,5.67,7.87,3.61,2.8,9.26,9.82,5.87,4.24,5.17,4.24,3.01,5.47,4.09,5.52,,,,,,,,,,,,,,,,,,,,,,,,,,,,,,,,,,,,,,
2534,2160,120,Central Slopes,rare,7.7,9.66,7.19,8.37,8.66,6.57,3.4,2.09,7.97,8.46,4.33,3.34,4.99,1.24,4.18,3.37,3.79,4.69,,,,,,,,,,,,,,,,,,,,,,,,,,,,,,,,,,,,,,
2564,2160,120,Central Slopes,rare,14.68,6.43,0.76,0,0,0,0,0,1.67,6.98,0.7,1.59,10.2,18.81,12.61,13.43,8.62,3.52,,,,,,,,,,,,,,,,,,,,,,,,,,,,,,,,,,,,,,
2567,2160,120,Central Slopes,rare,8.34,2.72,0.88,0.34,6.77,12.76,5.11,0,0,0.9,0.76,15.06,3.22,0.52,21.05,16.39,4.9,0.28,,,,,,,,,,,,,,,,,,,,,,,,,,,,,,,,,,,,,,
2580,2880,120,Central Slopes,frequent,4.91,2.32,2.5,0.02,0.2,0.29,5.21,10.53,9.05,7.49,4.24,4.18,4.89,1.9,0.48,0.01,1.36,3.26,7.79,6.5,9.38,1.84,4.72,6.93,,,,,,,,,,,,,,,,,,,,,,,,,,,,,,,,
2591,2880,120,Central Slopes,frequent,3.57,2.19,26.73,0.4,0,0,0,0.59,0.2,0,0,3.56,1.58,0.99,9.11,18.02,5.35,0.79,7.52,12.87,0.99,5.54,0,0,,,,,,,,,,,,,,,,,,,,,,,,,,,,,,,,
2599,2880,120,Central Slopes,frequent,2.79,11.61,6.72,7.27,13.36,6.75,7.45,1.95,2.62,3.27,7.72,7.12,0.41,0.83,1.81,0.98,0.87,0.75,1.24,2.95,4.53,3.97,1.53,1.5,,,,,,,,,,,,,,,,,,,,,,,,,,,,,,,,
2600,2880,120,Central Slopes,frequent,5.28,0.81,28.11,14.8,3.31,3.36,0.22,3.39,4.15,0.35,0.1,13.94,4.05,0,0,0,0,0,0,0,0,1.01,16.87,0.25,,,,,,,,,,,,,,,,,,,,,,,,,,,,,,,,
2601,2880,120,Central Slopes,frequent,3.28,3.46,6.91,7.7,7.44,6.63,1.77,5.66,14.62,3.4,6.52,0.98,2.82,0.29,3.52,3.28,2.21,1.94,0,0.45,0.39,14.58,0.38,1.77,,,,,,,,,,,,,,,,,,,,,,,,,,,,,,,,
2602,2880,120,Central Slopes,frequent,7.37,3.3,5.54,4.33,2.29,1.25,0.84,2.52,12.01,9.38,1.48,2.82,2.38,0.23,1.46,3.25,3.44,4.45,4.19,0.63,4.41,4.53,9.29,8.61,,,,,,,,,,,,,,,,,,,,,,,,,,,,,,,,
2603,2880,120,Central Slopes,frequent,6.52,7.87,3.45,4.61,6.19,3.44,1.58,2.5,3.19,3.25,1.28,4.15,7.38,7.67,7.94,7.21,2.01,1.38,1.74,1.61,1.94,3.04,5.71,4.34,,,,,,,,,,,,,,,,,,,,,,,,,,,,,,,,
2604,2880,120,Central Slopes,frequent,3.74,3.39,15.34,3.78,0.66,0,0.42,3.24,0.4,0.19,3.83,4.81,0,0.29,1.72,2.03,4.83,19.66,4.11,0.71,12,13.24,0.8,0.81,,,,,,,,,,,,,,,,,,,,,,,,,,,,,,,,
2606,2880,120,Central Slopes,frequent,1.39,2.01,2.73,4.72,0.72,0.64,0.84,1.78,1.2,1.7,0.75,3.72,5.2,5.41,1.7,2.43,3.35,13.66,6.51,3.31,1.33,4.46,14.95,15.49,,,,,,,,,,,,,,,,,,,,,,,,,,,,,,,,
2607,2880,120,Central Slopes,frequent,6.46,3.61,0.78,1.13,0.75,0.26,0.11,1.21,7.32,11.51,3.63,1.58,2.65,1.66,1.98,3.22,1.78,5.87,4.86,11.96,23.22,2.71,1.54,0.2,,,,,,,,,,,,,,,,,,,,,,,,,,,,,,,,
2212,2880,120,Central Slopes,intermediate,9.92,26.89,0,0,0.13,0,0.13,0,0,0,0,0,2.61,8.75,18.93,1.44,0,0,0.13,0,0,0,0,31.07,,,,,,,,,,,,,,,,,,,,,,,,,,,,,,,,
2241,2880,120,Central Slopes,intermediate,0.98,5.23,5.54,1.14,0.47,0,0.56,0.45,30.93,7.24,2.06,11.14,0.02,0,0,0,0,5.07,5.69,1.47,3.66,5.03,10.33,2.99,,,,,,,,,,,,,,,,,,,,,,,,,,,,,,,,
2377,2880,120,Central Slopes,intermediate,7.19,14.72,33.82,5.35,3.77,0,0,0,0.12,0,4.99,7.66,0.12,0,0,0,0,0.12,0,0,0,0,19.71,2.43,,,,,,,,,,,,,,,,,,,,,,,,,,,,,,,,
2416,2880,120,Central Slopes,intermediate,5.14,10.58,14.42,7.53,0.96,0.16,0.32,0,0.8,0.16,0,0,0.32,0.16,0.16,1.44,0.8,4.01,3.85,7.53,22.28,14.74,2.24,2.4,,,,,,,,,,,,,,,,,,,,,,,,,,,,,,,,
2445,2880,120,Central Slopes,intermediate,0.15,6.77,10.49,8.04,9.01,6.92,5.23,8.63,3.08,4.28,3.79,5.38,1.35,1.41,0,0.09,0.29,0.01,1.11,1.83,17.26,1.32,3.16,0.4,,,,,,,,,,,,,,,,,,,,,,,,,,,,,,,,
2449,2880,120,Central Slopes,intermediate,4.52,0.91,3.3,0.97,5.18,3.41,2.65,1.6,8.42,1.92,4.27,4.88,4.75,8.18,13.79,14.5,1.5,1.09,0.3,0,0,0,7.05,6.81,,,,,,,,,,,,,,,,,,,,,,,,,,,,,,,,
2492,2880,120,Central Slopes,intermediate,8.17,3.63,1.65,0.5,0.7,0,0.04,0.15,2.84,3.89,3.57,5.46,4.84,8.44,5.28,9.03,14.28,11.25,7.75,3.17,0.84,2.41,0.42,1.69,,,,,,,,,,,,,,,,,,,,,,,,,,,,,,,,
2586,2880,120,Central Slopes,intermediate,0.32,5.37,0.81,0.49,1.14,24.55,5.85,0.98,0.49,0.81,0.81,1.79,6.5,5.37,4.23,3.58,2.28,5.85,7.48,1.46,2.44,5.2,2.44,9.76,,,,,,,,,,,,,,,,,,,,,,,,,,,,,,,,
2588,2880,120,Central Slopes,intermediate,0.18,12.97,2.07,0,0.53,4.16,0.62,1.43,0,0.69,3.72,5.19,12.61,7.58,12.65,0,0,0,1.26,4.24,1.83,6.7,19.4,2.17,,,,,,,,,,,,,,,,,,,,,,,,,,,,,,,,
2598,2880,120,Central Slopes,intermediate,10.72,6.16,18.74,3.21,2.95,0.67,0,0.13,0.27,0,0.13,0,1.87,1.2,0.8,0,1.34,1.87,9.91,13.39,19.54,1.07,5.09,0.94,,,,,,,,,,,,,,,,,,,,,,,,,,,,,,,,
2191,2880,120,Central Slopes,rare,23.41,1.79,2.69,0,0,1.01,0.67,0,0,0,21.5,0.11,0.11,0,0,1.79,1.01,0.11,3.92,3.02,0.11,1.46,30.68,6.61,,,,,,,,,,,,,,,,,,,,,,,,,,,,,,,,
2465,2880,120,Central Slopes,rare,1.93,10.22,9.76,9.88,3.32,7.12,0,3.16,7.64,1.12,0.62,1.69,2.34,3,2.68,2.19,3.52,1.6,2.96,2.75,0.94,0.14,15.4,6.02,,,,,,,,,,,,,,,,,,,,,,,,,,,,,,,,
2518,2880,120,Central Slopes,rare,2.01,2.3,3.06,5.35,7.4,4.85,4.26,3.28,2.63,1.74,3.55,6.96,5.05,2.71,3.05,3.78,4.05,5.51,4.4,5.48,6.48,2.52,4.34,5.24,,,,,,,,,,,,,,,,,,,,,,,,,,,,,,,,
2526,2880,120,Central Slopes,rare,1.18,2.31,1.74,3.55,5.78,5.94,3.95,4.98,4.32,3.65,2.32,6.1,6.68,6.16,4.48,5.05,3.6,4.37,5,4.72,4.97,1.49,5.14,2.52,,,,,,,,,,,,,,,,,,,,,,,,,,,,,,,,
2529,2880,120,Central Slopes,rare,2.72,2.2,3.11,4.4,5.9,4.85,4.68,6.2,3.44,1.91,6.37,8.19,5.83,3.26,3.94,3.96,1.9,4.37,3.61,4.29,2.24,1.91,3.65,7.07,,,,,,,,,,,,,,,,,,,,,,,,,,,,,,,,
2535,2880,120,Central Slopes,rare,2.85,2.86,5.2,6.01,7.43,5.95,5.48,8.6,3.35,2,3.16,8.15,5.17,2.25,4.4,2.42,1.4,3.48,2.79,3.96,1.95,2.34,2.02,6.78,,,,,,,,,,,,,,,,,,,,,,,,,,,,,,,,
2574,2880,120,Central Slopes,rare,3.07,6.58,2.32,3.32,2.67,9.83,4.44,4.35,10.92,1.46,0,0,0,0,0,7.39,3.24,0.35,11.05,14.94,6.39,6.21,0.35,1.12,,,,,,,,,,,,,,,,,,,,,,,,,,,,,,,,
2592,2880,120,Central Slopes,rare,1.75,26.02,2.21,0.27,0,0.11,1.5,7.07,0.45,5.8,3.8,4.07,6.17,6.05,1.04,0.85,0.27,2.71,2.71,10.16,2.28,4.36,5.43,4.92,,,,,,,,,,,,,,,,,,,,,,,,,,,,,,,,
2596,2880,120,Central Slopes,rare,2.06,2.21,4.15,3.64,5.24,5.99,4.91,2.22,4.11,6.71,6.64,4.77,1.91,3.46,4.33,4.01,3.34,4.15,4.27,4.3,2.61,4.86,3.44,6.67,,,,,,,,,,,,,,,,,,,,,,,,,,,,,,,,
2597,2880,120,Central Slopes,rare,4.82,5.7,4.01,3.25,4.27,6.3,2.46,5.29,5.66,7.03,5.37,2.56,2.5,1.51,1.56,4.23,2.5,4.4,2.82,1.43,3.43,3.26,6.14,9.5,,,,,,,,,,,,,,,,,,,,,,,,,,,,,,,,
2667,4320,180,Central Slopes,frequent,20.45,14.2,10.3,1.09,0.62,5.77,0.62,0.78,0.31,0,0.47,2.65,0.16,2.34,1.4,5.3,10.14,3.9,2.34,0,2.18,1.72,4.52,8.74,,,,,,,,,,,,,,,,,,,,,,,,,,,,,,,,
2670,4320,180,Central Slopes,frequent,0.21,11.96,10.53,4.51,0.94,0.02,3.79,1.75,4.02,17.59,1.17,0,0,0.55,2.15,7.33,2.64,0.05,0.08,12.99,5.7,8.06,3.81,0.15,,,,,,,,,,,,,,,,,,,,,,,,,,,,,,,,
2671,4320,180,Central Slopes,frequent,7.14,4.03,14.62,12.56,8.37,3.93,1.72,2.31,6.94,2.15,0.84,0.7,4.57,2.58,0.5,0.91,0.08,0.03,0.15,3.89,1.16,10.92,4.14,5.76,,,,,,,,,,,,,,,,,,,,,,,,,,,,,,,,
2672,4320,180,Central Slopes,frequent,12.84,0,7.1,0,0.15,0.15,3.02,5.44,2.72,1.06,1.06,3.63,0.6,14.95,16.47,1.06,0.45,10.57,14.35,0.45,0.15,3.78,0,0,,,,,,,,,,,,,,,,,,,,,,,,,,,,,,,,
2673,4320,180,Central Slopes,frequent,8.93,2.7,11.11,0.13,2.85,1.5,0.14,0.05,0.86,1.52,3.61,9.83,2.61,4.03,3.39,2.06,0,0,0,0.88,9.9,6.81,9.34,17.75,,,,,,,,,,,,,,,,,,,,,,,,,,,,,,,,
2676,4320,180,Central Slopes,frequent,3.93,8.43,2.43,0.56,0,0,1.5,1.5,21.54,2.06,9.74,1.12,0.94,0.56,4.12,5.24,7.87,11.61,0,8.99,0,0,6.55,1.31,,,,,,,,,,,,,,,,,,,,,,,,,,,,,,,,
2677,4320,180,Central Slopes,frequent,0,0.32,4.48,2.62,2.62,27.62,2.01,1.39,0.77,0,0.46,0,1.7,7.87,2.78,2.31,1.7,0.15,0.93,5.4,8.8,9.1,16.51,0.46,,,,,,,,,,,,,,,,,,,,,,,,,,,,,,,,
2678,4320,180,Central Slopes,frequent,1.22,0,0,0,0,0,7.3,5.45,3.64,3.04,0,0,0.12,9.59,7.29,4.11,13.12,15.16,13.94,0,0,1.57,0.47,13.98,,,,,,,,,,,,,,,,,,,,,,,,,,,,,,,,
2680,4320,180,Central Slopes,frequent,6.13,5.78,9.31,1.28,0,0,0.11,0,0,0,0.43,0.86,1.07,8.35,4.17,1.28,4.39,2.57,4.07,12.84,13.06,11.13,5.89,7.28,,,,,,,,,,,,,,,,,,,,,,,,,,,,,,,,
2681,4320,180,Central Slopes,frequent,0.17,0.32,5.43,0.96,0.16,10.7,6.71,0,0.16,0,0,5.75,4.15,2.56,3.35,2.24,4.47,5.59,4.95,1.28,19.17,10.22,6.39,5.27,,,,,,,,,,,,,,,,,,,,,,,,,,,,,,,,
2507,4320,180,Central Slopes,intermediate,0.13,7.24,30.05,5.87,0,0,0,0,19.81,3.14,0.14,0,0,18.31,0.82,0.55,0.68,0,0,0,0,11.48,1.78,0,,,,,,,,,,,,,,,,,,,,,,,,,,,,,,,,
2558,4320,180,Central Slopes,intermediate,6.74,0,0,6.35,2.42,0.1,0,0.1,1.2,2.9,2.88,1.16,3.37,8.12,10.17,6.72,6.33,4.94,2.95,3.05,4.36,8.46,9.96,7.72,,,,,,,,,,,,,,,,,,,,,,,,,,,,,,,,
2605,4320,180,Central Slopes,intermediate,1.53,3.01,0.24,3.14,7.24,11.08,0.54,0.34,2.64,0.48,5.73,1.31,0.84,2.45,15.04,8.24,3.48,17.65,0.65,1.62,2.29,7.19,0.98,2.29,,,,,,,,,,,,,,,,,,,,,,,,,,,,,,,,
2656,4320,180,Central Slopes,intermediate,23.47,5.49,0.15,0.54,0.54,1.31,5.66,9.25,9.15,2.18,0,0,0,0,2.63,13.4,11.06,1.28,0.28,0.15,1.06,1.95,3.69,6.76,,,,,,,,,,,,,,,,,,,,,,,,,,,,,,,,
2658,4320,180,Central Slopes,intermediate,0,7.01,9.46,0.17,0,0,2.82,2.98,20.39,7.32,7.75,8.49,8.66,0.31,0,4.29,7.3,3.65,0.25,0.7,1.14,3.2,0,4.11,,,,,,,,,,,,,,,,,,,,,,,,,,,,,,,,
2659,4320,180,Central Slopes,intermediate,2.6,4.61,4.06,6.31,1.98,1.65,2.25,2.78,5.27,12.93,12.1,3.71,0.4,0.46,5.71,7.13,5.51,0,0,11.68,6.74,1.46,0.66,0,,,,,,,,,,,,,,,,,,,,,,,,,,,,,,,,
2660,4320,180,Central Slopes,intermediate,4.59,2.11,2.7,1.01,3.39,0,1.83,10.04,9.21,4.95,0.33,1.32,2.56,4.06,0.67,3.75,13.35,1.26,0.76,6.91,11.96,12.31,0.93,0,,,,,,,,,,,,,,,,,,,,,,,,,,,,,,,,
2661,4320,180,Central Slopes,intermediate,4.3,0.96,0.29,0.48,0,1.24,2.58,9.18,13,9.37,4.4,0,7.74,2.49,3.25,1.53,5.54,7.74,4.49,0,4.02,0.86,1.24,15.3,,,,,,,,,,,,,,,,,,,,,,,,,,,,,,,,
2664,4320,180,Central Slopes,intermediate,4.54,6.29,16.41,0.12,0,0,0,0,0,1.16,0,0.12,0,0,0,7.22,5.94,13.85,14.78,25.15,2.1,1.16,0.35,0.81,,,,,,,,,,,,,,,,,,,,,,,,,,,,,,,,
2666,4320,180,Central Slopes,intermediate,5.2,6.02,7.2,10.78,3.56,2.65,0.46,1.1,0.46,0.37,3.2,0.18,6.21,19.09,2.01,1.55,0.27,2.47,0,1.46,0.55,0.64,13.15,11.42,,,,,,,,,,,,,,,,,,,,,,,,,,,,,,,,
2472,4320,180,Central Slopes,rare,10.04,2.32,3.81,8.54,2.04,0.56,0.37,0.09,1.95,0,2.69,6.78,0.46,2.69,2.41,1.86,1.49,7.52,9.19,9.38,2.04,0.37,1.86,21.54,,,,,,,,,,,,,,,,,,,,,,,,,,,,,,,,
2608,4320,180,Central Slopes,rare,1.97,29.08,0,0,0,0,0,0,1.39,3.98,0.77,0.24,0.13,0,0.08,1.65,2.37,2,1.54,4.77,15.77,13.34,11.47,9.45,,,,,,,,,,,,,,,,,,,,,,,,,,,,,,,,
2616,4320,180,Central Slopes,rare,6.16,10.11,3.7,2.47,1.6,8.01,3.95,3.21,2.22,0.74,0,0,0,0,0,4.81,12.7,2.84,4.81,4.07,2.34,9.49,11.47,5.3,,,,,,,,,,,,,,,,,,,,,,,,,,,,,,,,
2622,4320,180,Central Slopes,rare,1.26,1.37,2.4,0.91,0.8,3.31,7.2,3.2,5.71,4,12.11,1.26,0,0.34,0.23,7.89,4.46,9.14,9.14,2.63,1.49,0.69,6.63,13.83,,,,,,,,,,,,,,,,,,,,,,,,,,,,,,,,
2628,4320,180,Central Slopes,rare,2.63,1.32,4.55,26.39,6.6,7.48,3.52,1.76,0,0,0,0,0,0,4.25,15.1,1.61,7.04,0.88,9.09,4.84,2.79,0,0.15,,,,,,,,,,,,,,,,,,,,,,,,,,,,,,,,
2629,4320,180,Central Slopes,rare,0.88,0.29,0.29,0.86,5.52,7.47,6.94,4.56,5.62,6.59,7.2,7.14,2.78,5.13,4.07,2,0.41,0.84,2.1,4.1,3.44,5.73,9.35,6.69,,,,,,,,,,,,,,,,,,,,,,,,,,,,,,,,
2631,4320,180,Central Slopes,rare,5.91,10.52,3.01,1.88,4.56,11.5,0.62,4.24,10.35,1.21,0.89,0.56,1.42,3.92,5.24,0.22,1.55,17.67,4.35,0.22,0.33,0.11,2.03,7.69,,,,,,,,,,,,,,,,,,,,,,,,,,,,,,,,
2636,4320,180,Central Slopes,rare,3.31,3.01,5.13,6.46,3.2,9.98,1.49,2.04,1.82,2.06,4.96,9.56,10.8,4.64,7.28,0.77,3.3,1.8,10.14,5.17,0.46,1.6,0.39,0.63,,,,,,,,,,,,,,,,,,,,,,,,,,,,,,,,
2645,4320,180,Central Slopes,rare,3.01,3.62,0.45,1.21,0.15,9.95,9.35,1.06,4.07,1.21,9.05,0.45,0,0,3.02,3.17,3.17,13.27,6.79,1.66,2.26,0.45,14.03,8.6,,,,,,,,,,,,,,,,,,,,,,,,,,,,,,,,
2647,4320,180,Central Slopes,rare,22.58,0.87,1.66,3.02,3.13,4.03,11.98,18.38,4.52,1.73,0.11,0,0,0,0,0.82,3.37,5,1.77,1.6,5.98,0.31,0,9.14,,,,,,,,,,,,,,,,,,,,,,,,,,,,,,,,
2549,5760,180,Central Slopes,frequent,1.22,0,0.07,0.11,18.37,0.07,0,0,0,0,0,0,0,0,0,0,0,0,0,4.12,7.12,14.53,16.04,8.87,2.54,1.03,0.12,0.54,9.44,13.61,1.63,0.57,,,,,,,,,,,,,,,,,,,,,,,,
2674,5760,180,Central Slopes,frequent,0.25,0,0.13,0,0.56,4.71,0.64,8.58,3.03,9.47,0.38,2.59,1.18,0.16,0.04,0.91,2.27,2.5,9.47,2.29,3.78,3,1.78,0,0,0,0.82,10.52,6.37,10.24,13.73,0.6,,,,,,,,,,,,,,,,,,,,,,,,
2700,5760,180,Central Slopes,frequent,0,1.53,0,0,0,1.59,17.47,23.98,8.46,1.89,0,3.03,1.53,0,0.38,0,2.29,0.73,0,0,1.17,7.86,9.15,4.18,4.16,0,2.27,1.52,1.12,0.38,3.8,1.51,,,,,,,,,,,,,,,,,,,,,,,,
2702,5760,180,Central Slopes,frequent,3.41,4.61,0.85,9.39,4.61,5.29,9.22,3.75,0,1.37,8.87,2.56,0.17,0,0,0,0,0,0,0,0,0,0,0,0.51,0,32.25,10.07,2.73,0.34,0,0,,,,,,,,,,,,,,,,,,,,,,,,
2703,5760,180,Central Slopes,frequent,4.39,6.98,6.43,0.79,0.55,3.78,15.5,13.4,3.24,0,0,0,0,5.17,4.75,4.55,0,2,2.04,4.05,5.58,3.07,0.09,1.16,0.2,4.09,1.59,1.99,2.08,0.55,0,1.98,,,,,,,,,,,,,,,,,,,,,,,,
2704,5760,180,Central Slopes,frequent,14.23,0.46,0,0,1.26,0,2.97,18.47,5.3,11.26,9.13,0,0,0,0,0,0,0,0,0,0,0,0,0,0,0,4.59,10.42,11.62,9.24,1.05,0,,,,,,,,,,,,,,,,,,,,,,,,
2705,5760,180,Central Slopes,frequent,0.4,3.51,14.18,12.23,1.17,1.94,0.97,0.19,0,0.58,5.44,0,0,0,0,0,0,7.57,7.96,10.87,0.39,2.52,3.88,0.58,0,0,0,8.54,4.27,0.19,10.68,1.94,,,,,,,,,,,,,,,,,,,,,,,,
2706,5760,180,Central Slopes,frequent,0.35,0.94,2.12,6.47,9.29,7.53,3.88,4.24,0.35,0,0.35,0,0,0,0,0,0,0,0,3.53,6.59,6.47,15.29,4.12,3.53,6.12,6.71,5.65,3.06,3.41,0,0,,,,,,,,,,,,,,,,,,,,,,,,
2707,5760,180,Central Slopes,frequent,13.74,0,1.59,0.91,0,0.45,4.47,9.58,1.13,11.34,1.16,1.14,1.68,14.86,4,0.7,1.17,0.27,2.33,2.01,2.69,0.45,1.7,0.22,0,5.12,1.5,2.78,7.44,0,0,5.57,,,,,,,,,,,,,,,,,,,,,,,,
2709,5760,180,Central Slopes,frequent,10.3,8.15,7.3,23,1.08,0,0,0,0,0,0,0,0,0,0,0,0,0,0,0,0,0,0,0,0,0,0.62,4.1,2.37,16.1,17.17,9.81,,,,,,,,,,,,,,,,,,,,,,,,
2555,5760,180,Central Slopes,intermediate,0,3.09,6.41,0,0,0,6.4,6.08,1.54,12.58,0.34,0,0,0,0,0,0,0.36,0,0,0,0,1.06,7.72,8.61,6.28,1.37,9.47,10.12,5.4,0.67,12.5,,,,,,,,,,,,,,,,,,,,,,,,
2559,5760,180,Central Slopes,intermediate,0,0,1.94,5.01,0.13,0,0,0.1,6.27,0,0,5.9,2.26,0.09,0,0.09,1.11,2.69,2.68,1.07,3.13,7.53,9.44,6.24,5.87,4.58,2.74,2.83,4.04,7.86,9.24,7.16,,,,,,,,,,,,,,,,,,,,,,,,
2581,5760,180,Central Slopes,intermediate,5.01,2.46,0.08,0.26,5.78,12.24,7.94,5.06,4.92,0.77,0.12,3.11,8.3,9.34,3.1,7.58,1.35,0.12,0,1.37,2.65,4.68,2.92,1.22,2.43,0.89,0.38,1.34,0.47,0,0.13,3.98,,,,,,,,,,,,,,,,,,,,,,,,
2657,5760,180,Central Slopes,intermediate,20.93,5.21,0.14,0.48,0.48,1.16,4.36,8.78,8.47,2.04,0,0,0,0,2.19,11.83,10.39,1.15,0.2,0.2,0.96,1.63,3.45,5.68,5.81,0,0.07,0.14,2.14,1.44,0.67,0,,,,,,,,,,,,,,,,,,,,,,,,
2662,5760,180,Central Slopes,intermediate,1.36,0.76,1.98,1.55,1.29,0.69,1.63,0.95,3.87,0.69,0.26,0.43,0,1.12,2.58,8.25,11.6,8.33,3.87,0,7.73,1.46,3.52,0.77,5.24,6.96,3.78,0,3.69,0.69,1.12,13.83,,,,,,,,,,,,,,,,,,,,,,,,
2668,5760,180,Central Slopes,intermediate,0.15,0,5.95,0,1.11,17.84,12.31,9.82,1.11,0.55,4.98,0.69,0.55,0.41,0,0.28,2.49,0,2.07,1.38,4.43,8.58,4.01,1.8,0.41,1.94,1.38,4.15,5.67,4.84,0.41,0.69,,,,,,,,,,,,,,,,,,,,,,,,
2696,5760,180,Central Slopes,intermediate,18.56,0,0,0,0,0,0.12,0,0,0,0,0,0,0,0,0.24,3.19,19.62,9.22,0,2.6,0,0,15.25,1.3,0.35,0,0.71,0.71,0.35,4.61,23.17,,,,,,,,,,,,,,,,,,,,,,,,
2697,5760,180,Central Slopes,intermediate,0.37,2.05,1.38,5.21,0,0,0,1.9,1.96,1.35,3.28,7.72,8.06,8.55,9.29,11.37,2.93,1.84,1.02,1.95,0.25,4.26,3.16,3.1,1.27,2.49,4.25,4.92,3.26,0.43,0,2.38,,,,,,,,,,,,,,,,,,,,,,,,
2698,5760,180,Central Slopes,intermediate,2.92,5.54,5.98,9.72,4.9,12.62,5.65,4.89,3.21,1.38,0.08,0.08,0,5.79,0.21,0.14,1.48,0.59,0.42,0.27,0.52,1.36,1.86,4.72,3.65,4.19,0.26,2.51,3.04,12.02,0,0,,,,,,,,,,,,,,,,,,,,,,,,
2699,5760,180,Central Slopes,intermediate,0.56,3.93,4.12,1.59,2.06,7.12,0.09,3.93,1.97,0.94,5.9,3.56,0.09,0.37,0.19,0.84,0.56,3.37,4.87,11.33,3.37,8.33,2.25,5.81,1.69,2.25,5.99,2.62,0.19,0,0,10.11,,,,,,,,,,,,,,,,,,,,,,,,
2287,5760,180,Central Slopes,rare,1.34,2.12,3.37,2.88,3.46,1.65,1.31,3.73,2.43,0.63,0.06,0.04,0.12,0.18,0.78,1.49,0.79,1.75,0.85,1.19,1.6,6.25,7.51,2.51,4.81,4.32,5.65,2.81,4.62,11.41,12.13,6.21,,,,,,,,,,,,,,,,,,,,,,,,
2593,5760,180,Central Slopes,rare,3.4,10.52,0,0,0,0,0,0,0,0,0,0,0,0,0,0.09,21.28,4.49,0.23,0.09,4.8,2.96,6.15,5.6,8.36,3.05,0.96,2.33,7.14,5.89,6.12,6.54,,,,,,,,,,,,,,,,,,,,,,,,
2617,5760,180,Central Slopes,rare,8.15,2.71,0,0.11,0,0,0.44,1.85,0.33,10.23,4.79,3.16,1.52,4.57,5.77,2.5,2.07,1.63,0.65,0,0,0,0,0,14.15,1.85,2.29,7.18,0.54,5.77,10.45,7.29,,,,,,,,,,,,,,,,,,,,,,,,
2623,5760,180,Central Slopes,rare,4.05,0.62,0.83,0.1,0.1,5.5,0.42,0.21,1.66,1.14,0.42,2.08,1.14,0.42,4.57,7.48,0.83,8.41,0.21,11.94,0,0.21,0.1,0.31,9.76,1.45,10.59,6.75,2.6,0.42,1.87,13.81,,,,,,,,,,,,,,,,,,,,,,,,
2637,5760,180,Central Slopes,rare,1.96,3.25,7.12,8.63,6.45,4.58,3.22,0.82,2.46,6.55,7.54,0.19,0.83,1.13,0.41,0.12,0,0.2,0.17,0,0,0,0,0.75,0.58,0,8.28,6.09,9.87,4.29,3.5,11.01,,,,,,,,,,,,,,,,,,,,,,,,
2665,5760,180,Central Slopes,rare,3.66,0.43,18.15,2.2,0.1,0,0,0,0,0,1.04,0,0.1,0,0,0,10.32,3.75,16.16,15.43,15.33,1.25,0.63,0.31,0.94,0.31,0.83,0.83,5.63,0.21,0.83,1.56,,,,,,,,,,,,,,,,,,,,,,,,
2682,5760,180,Central Slopes,rare,13.2,1.01,7.3,0.17,0.55,0,0,0,0,3.84,0,0,0,0,0,0,0,0,0,0.05,0.72,1.48,8.14,11.94,23.02,8.55,4.18,7.65,3.64,2.35,2.21,0,,,,,,,,,,,,,,,,,,,,,,,,
2686,5760,180,Central Slopes,rare,0.78,0,0,0.78,10.93,0,4.36,0.11,0,0,0,8.81,0.67,0,0,0,0,0,0.12,0,0,0,0.57,6.33,8.69,8.66,11.52,18.53,8.58,7.06,2.26,1.24,,,,,,,,,,,,,,,,,,,,,,,,
2690,5760,180,Central Slopes,rare,1.42,0,0,0,16.56,0.22,1.42,0.28,0,0,0,2.97,5.92,0.28,0,0,0,0,0,0,0,0,0,3.11,6.23,7.21,16.71,13.29,13.71,7.22,1.55,1.9,,,,,,,,,,,,,,,,,,,,,,,,
2693,5760,180,Central Slopes,rare,13.37,0,0,0,0,0,0,0,0,3.08,7.29,4.79,9.08,8.09,2.84,2.43,0.6,4.82,23.77,5.06,0.13,0,0,0.1,1.25,1.91,0.69,0.5,5.02,4.72,0.46,0,,,,,,,,,,,,,,,,,,,,,,,,
2679,7200,180,Central Slopes,frequent,10.8,7.35,0.45,0,0,0,0,0,0.37,0.8,1.45,0.66,0,0,0,0,0,2.75,1.04,0,0,0,0,0,6.56,5,3.5,2.02,0,0,0.75,8.07,6.12,4.17,10.97,13.32,12.25,0,0,1.6,,,,,,,,,,,,,,,,
2701,7200,180,Central Slopes,frequent,4.32,2.21,0.71,0,0,0,0,0,0,1.42,0,0,0,1.3,15.92,22.52,8.04,1.76,0,2.81,1.42,0,0.35,0,2,0.8,0,0,1.05,7.02,8.72,3.93,3.86,0,2.11,1.41,1.04,0.35,3.53,1.4,,,,,,,,,,,,,,,,
2708,7200,180,Central Slopes,frequent,3.02,0.11,0.3,11.85,0,0.14,2.01,0,0.39,0.79,7.99,4.01,10.08,1,0,2.13,11.59,3.76,1.82,1.01,0,2.23,1.39,2.5,0.56,1.26,0.39,0,2.6,2.21,1.29,8.01,0.4,0,1.8,3.44,6.31,1.99,1.51,0.11,,,,,,,,,,,,,,,,
2768,7200,180,Central Slopes,frequent,0,0,0,0.84,6.12,1.13,1.32,0,8.2,16.29,16.02,0.7,0,0,0,0,0,0,0,1.04,2.18,1.84,0.92,2.07,1.91,2.64,5.3,2.11,3.78,0.53,0.36,0,0.2,0.82,0,0.72,0.92,0.52,5.51,16.01,,,,,,,,,,,,,,,,
2769,7200,180,Central Slopes,frequent,5.33,1.84,1.65,4.6,3.31,1.84,8.09,6.07,10.11,0.37,0,3.49,0.18,0,10.11,0.92,0,0.18,0,0,0,0.18,0.18,2.02,1.1,1.1,8.09,7.17,0.74,0,0,0.74,14.52,0,0,0,0,0,0,6.07,,,,,,,,,,,,,,,,
2771,7200,180,Central Slopes,frequent,1.19,3.58,5.37,5.96,1.19,0,2.19,0.8,2.98,10.34,1.59,1.59,9.34,3.38,3.38,0.99,0.2,0,0.2,0.99,2.19,0.4,0.4,0.2,0,0.2,0,0,0,0,0,0,3.38,6.56,16.7,11.33,0,0,0.4,2.98,,,,,,,,,,,,,,,,
2773,7200,180,Central Slopes,frequent,24.24,8.52,2.99,1.2,1.05,0.75,7.49,1.95,0.75,1.5,0.15,0.75,0,0,0,0,0,0,0,0,0,0,0,0,0,0,0,0.15,0.15,0.15,0,2.4,8.98,9.13,20.21,6.89,0.45,0,0.15,0,,,,,,,,,,,,,,,,
2774,7200,180,Central Slopes,frequent,30.25,4.14,0,0,0,0,0,1.06,0,0,0,0,0,0.28,20.54,0.09,0,0,0.94,0,1.47,1.68,7.68,0.09,0,0,0,4.01,3.06,1.38,0,0,0,0,0,3.54,5.12,7.8,6.87,0,,,,,,,,,,,,,,,,
2775,7200,180,Central Slopes,frequent,5.38,2.85,0.38,0.99,6.55,0.08,0,0,0,0,0.93,0.47,0,0,0,0,0,0,0,0.31,12.77,6.27,0.08,0.44,0,0,0,0,0,2.56,5.04,7.46,11.2,16.81,0.6,2.05,12.25,0.82,2.52,1.19,,,,,,,,,,,,,,,,
2777,7200,180,Central Slopes,frequent,0,0,0,0,0,0,0,9.71,0,0,0.56,1.38,0,0,0,11.59,0,0,0,0,0,0,0,0,2.99,0.96,21.56,12.24,0,0,0.74,4.56,0,0,0,0,0,7.71,19.18,6.82,,,,,,,,,,,,,,,,
2550,7200,180,Central Slopes,intermediate,0,0,0.75,4.22,1.41,0.6,0.32,0.9,0,0.06,0.1,17,0,0,0,0,0,0,0,0,0,0,0,0,0,0,5.69,4.8,13.97,15.08,7.51,2.11,0.86,0.11,0.52,10.12,11.83,0.77,0.64,0.63,,,,,,,,,,,,,,,,
2560,7200,180,Central Slopes,intermediate,5.64,0,0.91,0,0,0,0,6.29,0.31,0,0,0.09,5.61,0.25,0,0,7.56,0.12,0.03,0.09,0.09,3.44,1.02,2.26,2.54,4.09,10.16,6.1,6.89,2.52,4.89,1.4,4.36,2.96,11.32,6.56,2.5,0,0,0,,,,,,,,,,,,,,,,
2582,7200,180,Central Slopes,intermediate,17.02,1.16,0,0,0,0,0.11,0,0,0,0,0,0,0,0,0,0.12,4.7,2.11,0.09,0.27,5.68,11.64,6.74,4.37,4.41,0.67,0.11,3.12,7.48,9.06,2.53,6.89,0.9,0.11,0,1.26,2.85,4.44,2.16,,,,,,,,,,,,,,,,
2663,7200,180,Central Slopes,intermediate,4.46,2.56,2.78,0.22,0.07,3.87,1.02,0,1.17,0.51,1.75,1.32,1.17,0.58,1.32,0.73,3.29,0.73,0.22,0.37,0,0.95,1.97,7.02,9.94,7.16,3.36,0,5.92,1.9,2.49,1.17,4.24,5.92,3.44,0,3.07,0.66,0.95,11.7,,,,,,,,,,,,,,,,
2669,7200,180,Central Slopes,intermediate,7.6,0.76,0,0,0.25,0,0.13,0,0,0.13,0,5.44,0,2.03,16.2,11.9,7.85,0.63,0.51,4.94,0.25,0.63,0.25,0,0.51,2.03,0.25,1.9,1.01,5.06,7.85,2.78,1.9,0,1.77,1.39,3.67,7.22,2.53,0.63,,,,,,,,,,,,,,,,
2675,7200,180,Central Slopes,intermediate,0,0,0,0,5.65,0.34,0,0.25,0,0.13,0,0.13,4.51,0.7,7.24,2.6,10.08,0.08,2.17,1.66,0.2,0.02,0.75,0.82,3.36,8.36,2.83,3.34,3.04,1.93,0.02,0,0,0.6,8.4,4.61,8.6,16.36,1.07,0.15,,,,,,,,,,,,,,,,
2753,7200,180,Central Slopes,intermediate,17.8,15.11,3.69,1.01,0.5,2.01,1.52,1.25,12.78,1.83,0,0,0,0,0,0,5.17,3.5,0.84,1,2.82,4.48,4.08,4.08,0,0,0,0.5,1.67,2.01,3.39,1.14,1.66,0.49,3.01,0.75,0.42,0.49,1,0,,,,,,,,,,,,,,,,
2756,7200,180,Central Slopes,intermediate,16.72,5.35,0,0,0,0,1.39,0.59,0,1.68,3.27,0.5,0,0,0,0,0,0,0,1.78,0,0.1,0.1,0.1,0,0,10.3,15.54,3.37,2.18,0.1,0.2,0,0.1,1.68,1.19,0,1.98,14.16,17.62,,,,,,,,,,,,,,,,
2760,7200,180,Central Slopes,intermediate,3.76,0,0,0.13,1.67,1.82,0.14,0,0,1.54,1.82,0,17.88,2.79,0.98,3.21,0.56,0.14,0.28,0,0,0.14,0,0,0,0,0,0,0.14,2.79,10.06,10.06,5.03,8.94,1.96,4.05,5.87,12.01,2.23,0,,,,,,,,,,,,,,,,
2761,7200,180,Central Slopes,intermediate,7.05,9.71,9.38,0.01,2.17,2.04,1.38,1.51,0.9,0,0.18,2.08,2.37,0.39,4.28,3.84,0.45,1.04,1.65,3.05,3.07,2.23,2.23,2.46,0.27,0,0.01,0.5,0.91,0.06,1.63,1.86,3.3,4.66,5.05,4.1,7.06,5.39,1.27,0.46,,,,,,,,,,,,,,,,
2288,7200,180,Central Slopes,rare,2.61,1.6,1.16,1.55,3.21,2.24,1.89,1.89,1.63,0.62,1.98,3.7,3.28,1.45,1.09,1,4.17,1.04,0.39,0.04,0.04,0.13,0.15,0.65,1.24,0.95,1.25,0.77,1.11,2.31,5.83,5.86,1.12,4.14,4.5,4.84,1.71,6.86,7.95,12.05,,,,,,,,,,,,,,,,
2609,7200,180,Central Slopes,rare,0,0,6.53,12.76,0,0,0,0,0,0.93,0,0.26,0.09,0.38,1.23,0.14,1.53,22.59,0,0,0,0,0,0,1.08,3.09,0.6,0.18,0.1,0,0.06,1.29,1.84,1.55,1.2,3.71,12.25,10.36,8.91,7.34,,,,,,,,,,,,,,,,
2638,7200,180,Central Slopes,rare,1.94,2.82,3.89,2.87,5.93,3.47,0.51,1.19,1.52,2.58,4.41,6.43,6.13,2.8,3.56,0.05,2.45,4.27,6.7,0.11,0.4,1.17,0.32,0.09,0,0.14,0.15,0,0,0,0,0.58,0.45,0,3.06,7.32,8.1,2.92,3.11,8.56,,,,,,,,,,,,,,,,
2648,7200,180,Central Slopes,rare,1.58,0.7,0.96,0,0.19,3.78,3.41,3.93,0,0.29,0,0,0,0,0,0.45,19.04,0.62,1.62,3.08,3.02,2.86,16.83,10,2.8,0.99,0,0,0,0,0,1.36,5.55,1.56,1.05,3.4,2.87,0.27,0,7.79,,,,,,,,,,,,,,,,
2687,7200,180,Central Slopes,rare,2.66,0,0.72,0.51,0.42,0.63,0.11,0,0,11.15,0,4.04,0.11,0.11,0,0,3.36,5.57,0.1,0,0,0,0,0.12,0,0,0,0.35,4.62,7.75,7.05,9.55,17.4,11.87,7.74,1.87,1.57,0.62,0,0,,,,,,,,,,,,,,,,
2691,7200,180,Central Slopes,rare,3.45,0,0.8,0.8,1.06,0.8,0,0,0,15.74,0,1.58,0.01,0,0,0,3.32,5.29,0,0,0,0,0,0,0,0,0,0,3.45,6.85,6.41,15.95,12.3,11.84,7.43,0.8,1.59,0.53,0,0,,,,,,,,,,,,,,,,
2710,7200,180,Central Slopes,rare,5.45,10.09,5.67,0,0,0.16,0.82,0.72,1.52,1.65,3.06,2.23,1.12,0.23,0.05,0,1.82,1.23,0.03,1.13,6.01,2.09,0.53,0.56,6.75,1.88,0.87,9.71,2.23,1,0.63,2.05,4.76,8.02,7.21,0.32,0,1.45,3.43,3.52,,,,,,,,,,,,,,,,
2720,7200,180,Central Slopes,rare,2.54,5.29,8.1,11.02,4.23,0.76,0.87,5.09,1.29,3.7,4.47,0.75,1.57,0.66,6.46,3.52,2.15,0.98,0.21,1.13,1.25,4.16,0.2,0,0,0.31,0.16,0.25,0.46,0.12,0.05,3.52,6.69,2.92,2.24,1.99,0.84,1.57,4.06,4.42,,,,,,,,,,,,,,,,
2733,7200,180,Central Slopes,rare,1.68,2.55,1.94,0.15,0.36,0.54,0.25,0.11,0.4,0.32,0.89,0.72,1.49,0.79,0.72,0.4,0.66,4.88,2.99,0.91,0.26,0.11,2.37,5.17,8.85,8.71,5.56,4.78,4.11,3.45,5.7,6.71,5.31,4.19,3.82,3.03,1.76,0.35,1.11,1.9,,,,,,,,,,,,,,,,
2748,7200,180,Central Slopes,rare,4.65,1.84,0.75,1.9,0.17,0.8,4.12,2.84,0.35,0.61,0.45,0.05,0.78,0.38,2.14,0.07,0.39,1.68,2.01,2.47,2.81,2.57,3.42,2.14,5.95,4.19,2.52,1.52,2.11,4.97,5.84,4.32,4.2,6.49,8.23,2.75,0.84,0.28,1.97,4.43,,,,,,,,,,,,,,,,
2778,8640,180,Central Slopes,frequent,15.82,0,0,0,0,0,0,0,0,0,0,0,0,0,0,0,6.75,2.14,0,0,1.11,0.67,0,0,10.33,0.29,0,0,0,0,0,0,0,0.18,2.56,20.46,11.39,0,0,0.67,4.18,0,0,0,0,0,0,23.45,,,,,,,,
2815,8640,180,Central Slopes,frequent,1.38,7.27,1.38,13.95,0.79,5.3,3.34,0,0,0,0,0,0.98,15.52,1.77,0,0,0,0,0,0,0,0,0,0.2,0,0,0,0.39,0,0,0.2,3.73,0.39,3.73,1.96,4.32,5.5,9.82,5.11,0.2,0,0,0.2,0,0.59,1.96,10.02,,,,,,,,
2816,8640,180,Central Slopes,frequent,13.62,9.6,27.83,0,0,0,0,0,0,0,0,0,0,0,0,0,0,0,0,0,0,0,0,0,0,0,0,0,0,0,0,0,0,0,0,0,0,0,0,5.18,6.53,7.68,4.99,5.76,4.41,2.5,1.34,10.56,,,,,,,,
2817,8640,180,Central Slopes,frequent,10.56,3.25,2.84,12.45,7.71,3.79,8.93,4.19,0.95,0.14,0,0,0,0,0,0,0,0,0,0,0,0,0,0,0,0,0,0,0,0,0,0,0,0,0,0,0,0,0,0.14,1.89,4.06,1.89,0.95,7.98,8.25,14.48,5.55,,,,,,,,
2818,8640,180,Central Slopes,frequent,22.7,0.45,0,0,0,0,0,3.33,0,0,0,0,0,0.15,0,0,0,0,0,6.35,3.33,3.33,1.51,0.15,0.15,0,0,0,1.36,1.97,1.21,6.35,5.14,11.95,6.81,0.76,0.3,0.91,0,0,7.72,0.3,0,0.15,12.41,1.21,0,0,,,,,,,,
2819,8640,180,Central Slopes,frequent,0,7.57,1.29,0.29,0,0,0,0,0,2,0,0,0,0.14,0,0,6.01,9.59,1.14,0,0,0.14,0,7.3,5.29,0.29,1.86,7.87,0.72,0,0.14,0,0,0.72,0,0.86,2.29,1,0.86,11.73,21.46,1.29,0,0.57,0.72,0.14,0,6.72,,,,,,,,
2821,8640,180,Central Slopes,frequent,1.52,10.7,7.68,0.2,0,0,0,0,0,2,1.4,0.99,0,0,0,0,0,0,3.51,2.96,0,0,0,0,0,0,6.59,4.55,8.39,0.31,0,0,0,1.53,0.3,12.79,1.67,0,0.9,0,9.24,0.84,18.58,3.14,0.21,0,0,0,,,,,,,,
2822,8640,180,Central Slopes,frequent,4.5,1.25,0,0,0,0,0,0,1,1.47,0.9,0,0,0,0,0,0,1.29,1.47,1.11,1.2,1.95,6.21,0.73,0.54,0,3.38,1.39,1.41,3.68,3.12,1.61,3.17,2.58,11.19,2.08,0.2,7.27,5.5,5.2,0.24,0.12,1.49,16.32,4.44,1.99,0,0,,,,,,,,
2823,8640,180,Central Slopes,frequent,0.84,2.22,5,2.22,0.42,0.56,0.14,0.83,0.56,3.19,0.97,0.83,0,0,0,0,0,0,0,0,0,0,0,0,0,0,0,0,15,5.69,2.08,0.42,0,0,0,0,1.25,1.94,0.28,0,0,0,0,5.56,6.81,8.89,17.22,17.08,,,,,,,,
2824,8640,180,Central Slopes,frequent,11.09,0.29,0,0.14,0,0,0,0,0,0,0,0,0.29,0,0,4.61,11.1,0,0,0.72,1.73,0,8.07,0.58,0,0,0,0,0,0,0,0,0,0,0,0,0,0,12.82,9.08,4.76,10.23,2.31,9.8,12.1,0.14,0.14,0,,,,,,,,
2551,8640,180,Central Slopes,intermediate,8.17,4.06,0.3,0,0,0,0,0,0,0,0,0,0,2.64,3.01,0.53,0.08,0.96,0.03,0.06,0,11.47,3.67,0,0,0,0,0,0,0,0,0,0,0,0,0,1.58,7.29,10.1,14.24,6.25,3.56,1.3,0.1,0.27,5.53,10.08,4.72,,,,,,,,
2583,8640,180,Central Slopes,intermediate,15.99,0.85,0,0,0,0,0.1,0,0,0,0,0,0,0,0,0,1.05,3.69,1.76,0.12,1.24,6.21,10.62,5.78,3.52,3.74,0.56,0.37,4.9,5.86,8.47,2.2,5.73,0.7,0.11,0.16,1.22,2.54,4.95,1.18,1.61,2,0.22,0.53,1.15,0.2,0,0.67,,,,,,,,
2776,8640,180,Central Slopes,intermediate,1.1,0.13,0.26,1.93,0.21,2.53,4.99,0.71,0.09,6.37,0.9,0,0,0,0,0,1.35,0,0,0,0,0,0,0,0.17,0.56,17.87,0,0.25,0.25,0,0,0,0,0,7.31,0.32,15.43,11.34,7.59,0,6.61,7.63,1.05,2.59,0.46,0,0,,,,,,,,
2801,8640,180,Central Slopes,intermediate,3.98,6.16,0.77,0,0,8.68,0,0,0,0,0,0,0,0,0,0,5.39,0,0,0,1.6,0.98,0,1.82,0,0,0,0,0,0,0,0,11.23,4.36,0.38,0,0.36,0,0,1.81,6.15,3.64,9.77,15.19,10.85,6.52,0.36,0,,,,,,,,
2802,8640,180,Central Slopes,intermediate,3.04,0.67,0.13,0,0,0,0,0,2.51,0,0.72,6.8,0,0,0,0,0,0,0,0,0,0,4.31,29.87,14.79,2.49,0.36,0,0.36,0.36,0,2.14,1.06,1.46,0,0.71,0.73,1.06,8.71,8.09,0.72,0.72,1.79,0.36,2.63,0.91,0.71,1.79,,,,,,,,
2803,8640,180,Central Slopes,intermediate,5.59,3.42,3.18,5.49,1.97,3.9,0.13,0,0,0,0,0,0,0,0,0,0,0,0,0.33,1.19,0.53,1.87,3.21,1.09,0.12,0.48,1.26,3.51,5.73,0,0,0.37,1.18,3.59,0.51,1.11,0,0,0,0,1.54,2.89,17.94,10.25,1.25,3.86,12.51,,,,,,,,
2805,8640,180,Central Slopes,intermediate,11.22,0.3,0.2,4.73,3.35,0.2,1.28,0.39,0,0.49,2.46,1.38,3.25,0,0,0.2,0,0.39,0.2,0.1,0.2,0,0.1,0,0.2,0,3.94,0.2,1.58,0.3,1.97,0,0.1,0,0.39,1.87,2.56,15.76,9.16,1.97,2.86,2.46,0.69,0.89,8.18,5.42,4.33,4.73,,,,,,,,
2807,8640,180,Central Slopes,intermediate,2.57,2.9,3.55,2.91,1.29,0.11,0.54,1.61,2.37,2.48,3.66,2.8,0.65,1.72,0.22,0,0,0,0.43,0.32,0.43,0.43,0,0,0,0,0,0,0.43,0,0,1.51,7.21,12.7,5.71,0.43,0.22,0.54,0.11,0,0.32,0.11,1.51,2.69,4.63,17.44,11.19,2.26,,,,,,,,
2810,8640,180,Central Slopes,intermediate,14.74,11.81,6.04,7.56,6.61,0.22,0,0,0,0,0,0,0,0,0,0,0,0,0,0,0,0,0,0,0,0,0,0,0,0,0,0,0,0,0,0,0.02,0.27,0,1.34,1.1,1.9,3,5.78,9.77,5.1,9.53,15.21,,,,,,,,
2812,8640,180,Central Slopes,intermediate,1.62,1.08,0.76,0.68,0.76,1.81,5.95,1.41,0,0,0,0.37,0.51,0,0,3.24,5.72,0.67,1.29,1.48,4.78,3.98,8.82,3.88,0.48,0,0,0,0,0,0,0.84,2.98,2.86,2.81,0.82,3.77,0,0,6.55,0,0,1.56,20.97,3.09,0.35,1.02,3.09,,,,,,,,
2289,8640,180,Central Slopes,rare,0.18,1.27,1.32,0.73,1.32,2.77,2.22,1.5,1.1,1.32,3.07,2.04,1.77,1.65,1.36,0.94,1.44,3.45,2.93,1.38,0.85,1.16,3.67,0.89,0.28,0.04,0.04,0.12,0.18,0.74,0.96,1.52,0.46,0.74,1,2.11,5.38,5.24,1.2,3.62,4.38,4.11,1.86,6.4,7.19,10.68,1.09,0.33,,,,,,,,
2649,8640,180,Central Slopes,rare,1.52,0.67,0.93,0,0.19,3.67,3.3,3.81,0,0.28,0,0,0,0,0,0.44,18.46,0.6,1.57,2.99,2.93,2.77,16.31,9.69,2.71,0.96,0,0,0,0,0,1.32,5.38,1.51,1.02,3.3,2.79,0.26,0,7.55,0,0.2,0,1.09,1.59,0.19,0,0,,,,,,,,
2711,8640,180,Central Slopes,rare,3.82,6.94,8.73,1.79,0,0,0.43,0.8,1.08,0.77,1.69,3.79,1.39,0.44,0.2,0,0.03,2.25,0.53,0.06,2.77,5.31,0.39,0.49,3.2,5.07,0.15,4.04,6.34,1.87,0.67,1.69,1.29,9.66,5.55,2.58,0,0.07,2.9,2.84,2.82,4.42,0.56,0.31,0.27,0,0,0,,,,,,,,
2721,8640,180,Central Slopes,rare,4.29,0,0,0,0,0.05,0.08,0.06,0.49,5,5.94,10.03,6.14,2.53,1.32,1.48,4.47,2.04,4.21,2.49,0.07,2.08,0.94,8.06,1.8,1.48,0.31,0.87,1.03,4.05,0.49,0.19,0,0.11,0.32,0.2,0.06,0.56,0.04,1.72,4.89,4.67,3.32,1.74,0.8,1.64,2.95,4.99,,,,,,,,
2734,8640,180,Central Slopes,rare,2.31,2.4,0.5,1.22,1.48,0.91,0.87,0.62,0.74,0.65,0.17,0.37,1.49,2.42,1.79,0.13,0.28,0.56,0.23,0.1,0.32,0.32,0.81,0.68,1.31,0.84,0.64,0.41,0.37,4.74,2.68,0.92,0.25,0.11,1.81,4.89,7.94,8.29,5.14,4.46,3.93,3.04,5.55,5.79,5.12,3.86,3.63,2.91,,,,,,,,
2757,8640,180,Central Slopes,rare,3.63,0.52,0.35,0,0,1.07,15.81,3.73,0,0,0,0.18,1.07,0.53,0,2.04,2.4,0.44,0,0,0,0,0,0,0,1.6,0,0.09,0.09,0.09,0,0,9.33,14.3,2.93,1.6,0.09,0.18,0,0.09,1.51,1.07,0.18,1.95,12.52,15.9,0.71,4,,,,,,,,
2762,8640,180,Central Slopes,rare,6.38,8.8,8.5,0.01,1.97,1.85,1.25,1.37,0.81,0,0.16,1.89,2.15,0.36,3.88,3.48,0.41,0.95,1.5,2.76,2.78,2.02,2.02,2.23,0.25,0,0.01,0.46,0.82,0.06,1.47,1.68,2.99,4.23,4.58,3.72,6.4,4.89,1.15,0.42,0.11,0.02,0.33,0.23,0.13,1.64,4.13,2.75,,,,,,,,
2780,8640,180,Central Slopes,rare,0.21,0,1.38,0,0.32,0.11,0,0.53,7.83,0,1.69,4.87,0.11,0,0,0,0,0,0.21,0.11,0,5.5,2.01,0.42,0.53,3.7,0.11,0,0,0,0,0.21,1.9,4.44,2.01,0.11,0,0,0,0.95,8.15,3.39,0.63,8.57,20.11,8.57,3.81,7.51,,,,,,,,
2786,8640,180,Central Slopes,rare,11.09,2.3,1.5,0.34,0,0,0,0.14,0,0.54,0,0.2,0.07,0,0,0,0,0.48,1.09,1.23,1.16,6.26,4.36,2.93,1.5,1.91,1.91,2.04,4.02,3.54,5.85,4.15,4.63,4.08,3.95,1.57,1.5,1.63,3.74,3,4.15,1.09,1.5,2.04,2.59,2.38,2.25,1.29,,,,,,,,
2795,8640,180,Central Slopes,rare,1.78,0.05,0.97,2.27,5.57,6.17,4.33,0.76,0.05,0.6,1.03,0.65,0.11,0.22,0,0.7,0.05,0,0.81,0,0.05,0,0,0.05,0.76,0.16,0.43,0.6,1.68,4.27,0.87,0.22,0.92,0.76,0.65,1.84,5.63,9.69,6.82,4.49,2.38,4.17,2.87,0.16,5.52,8.77,8.12,2,,,,,,,,
2770,10080,180,Central Slopes,frequent,2.06,0,0,0,0.18,7.88,0.17,0,0,0,0,0,0,0,0,0,0.17,1.2,0,0,0,0.68,0.17,4.28,2.4,0.68,3.94,3.94,1.88,4.97,7.71,8.39,1.71,0.34,3.25,0.17,0,0.34,9.93,0,0.17,0,0,0,0,0.17,0.86,1.54,1.71,3.77,10.45,0.68,0,0,0,14.21
2772,10080,180,Central Slopes,frequent,5.65,1.23,0,0,0,0,0,1.24,1.06,0.18,0.88,0.35,0.18,1.42,3.01,5.49,4.42,1.06,0.18,1.77,2.48,0.88,10.09,0.53,2.3,8.67,1.95,3.19,0.53,0.18,0,0.18,1.24,1.77,0.35,0.18,0.18,0,0.18,0,0,0,0,0,0,3.19,6.37,15.58,8.67,0,0,1.24,1.77,0.18,0,0
2820,10080,180,Central Slopes,frequent,0.44,0.44,0,0,0,0,0,0,7.8,0.99,0.28,0,0,0,0,0,1.99,0,0,0,0.14,0,0,6.81,9.5,0.28,0,0,0.14,0,10.78,1.7,0.28,4.68,4.96,0.71,0.14,0,0,0.43,0.28,0,0.85,2.27,0.99,0.85,11.63,21.7,0.85,0,1.28,0,0.14,0,6.67,0
2869,10080,180,Central Slopes,frequent,6.76,10.27,0.3,1.79,1.85,12.43,4.33,5.15,1.34,6.62,7.02,0,0,0,0,0,0,0,0,0,0,0,0,0,0,0,0,0,0,0,0,0,0,0,0,0,0,0,0,0,0,0,0,0,0,0,0,0.54,6.86,12.71,8.97,10.15,1.49,0.75,0.54,0.13
2870,10080,180,Central Slopes,frequent,22.42,0,0,0.22,0.01,0,0,0,0,0,0,0,0,0,0,0,0.09,0.38,7.8,0,0.52,14.45,15.62,8.55,2.52,0,0.19,0.01,0.22,0,0,0,0,0,0,0,0,0,0,0,0,0,0,0,0,0,0,0,0,0,0,0,1.06,0,0.35,25.59
2871,10080,180,Central Slopes,frequent,11.89,29.28,10.98,4.58,3.43,0.23,0,0,0,0,0.23,0,0,0,0,0,0,0,0,0,0,0,0,0,0,0,0,0,0,2.06,2.29,0,0,0,0,0,0,0,0,0.23,0.69,0.23,0.46,0.69,0.23,0.92,2.52,1.14,11.67,7.32,6.64,1.37,0.92,0,0,0
2872,10080,180,Central Slopes,frequent,7.9,0,0,0,0.14,0.14,9.76,0.14,0,0,0,0,0,0.14,0,0.14,0,0,0,0,0,0,0,0,0,0,0,2.44,10.62,7.6,1.29,1.15,0.72,0,1.15,0,2.15,2.01,2.3,0,0.14,1.15,1.15,9.61,12.34,3.01,2.44,0.14,3.16,5.88,4.59,1.15,4.73,0.43,0.29,0
2873,10080,180,Central Slopes,frequent,9.13,4.17,1.59,0,0,0,0,0,0,0,0,0,0,0,0,0,0,0,0,0,0,0,0,0,0,0,0,0,0,4.92,5.31,9.19,2.05,1.49,1.2,2.2,2.98,5.99,3.04,0.38,0.24,0.11,1.79,3.79,1.24,3.98,1.18,6.12,11.46,0,0,0.81,1.49,2.04,1.75,10.36
2874,10080,180,Central Slopes,frequent,5.36,0.65,0.35,27.69,0.32,0,0,0,0,0,0,0,0,0,0,0,0,0,0,0,0,0,0,0,0,0,0,0,0,0,0,0,0,0,0,0,0,0,0,0,0,0,9.8,5.32,5.43,18.2,10.75,0,0,0,7.51,5.64,0.08,0.07,0.02,2.81
2875,10080,180,Central Slopes,frequent,4.62,9.12,2.35,0.39,0,0,0,0,0,0,0,0,0,0,0,0,0,0,0,0,0,0,0,0,0,0,0,0,0,0,0,2.46,3.52,1.01,6.15,7.06,6.43,4.57,0,0.17,3.37,5.96,6.04,7.32,10.02,7.98,1.25,0,0,0,0,2.98,2.27,0,0.06,4.9
2400,10080,180,Central Slopes,intermediate,13.23,7.46,0.53,0,0,0,0,0,0,0,0,0,0,0,0,0,0,0,0,0,0,0,0,0,1.47,0.14,2.4,0,0,0.28,0.1,0,0,0,0,0,0,13.06,0,2.33,0,0,0,0,0,0,0.14,10.59,0,0,0,4.33,14.55,19.79,8.73,0.87
2754,10080,180,Central Slopes,intermediate,17.19,14.59,3.56,0.97,0.48,1.94,1.47,1.2,12.35,1.77,0,0,0,0,0,0,4.99,3.38,0.81,0.97,2.73,4.33,3.95,3.94,0,0,0,0.49,1.62,1.94,3.28,1.1,1.61,0.48,2.91,0.73,0.4,0.48,0.97,0,0,0,0,0,0,0,0,0,0,0,1.28,0.48,0.48,0.32,0.65,0.16
2779,10080,180,Central Slopes,intermediate,0.6,0,0,0,3.33,0.13,14.13,0,0,0,0,0,0,0,0,0,0,0,0,0,0,0,5.34,2.6,0,0,0.99,0.6,0,0,8.33,1.15,0,0,0,0,0,0,0,0.16,2.29,9.53,18.91,0,0,0,4.18,0.15,0,0,0,0,0,13.57,9.77,4.24
2804,10080,180,Central Slopes,intermediate,5.43,7.01,0.06,2.27,0.1,1.07,4.02,3.69,3.07,3.62,2.37,2.07,0,0,0,0,0,0,0,0,0,0,0,0,0,0.56,0.72,0.57,2.1,2.13,0.82,0.1,1.05,0.41,6.55,1.23,0,0,0.31,1.37,3.04,0.03,0.94,0,0,0,0,2.35,2.89,18.83,4.43,0.05,12.54,1.42,0.31,0.47
2808,10080,180,Central Slopes,intermediate,2.25,0.09,0.3,0.09,0.41,0.21,0.31,1.03,2.36,2.77,3.49,2.67,1.23,0.1,0.62,1.44,2.36,2.36,3.59,2.46,0.62,1.64,0.21,0,0,0,0.41,0.31,0.41,0.41,0,0,0,0,0,0,0.41,0,0,1.44,6.97,12.31,5.13,0.41,0.21,0.51,0.1,0,0.31,0.1,1.44,2.56,4.51,17.03,10.26,2.15
2811,10080,180,Central Slopes,intermediate,0.46,0,0,1.83,13.47,10.79,5.52,6.9,6.03,0.2,0,0,0,0,0,0,0,0,0,0,0,0,0,0,0,0,0,0,0,0,0,0,0,0,0,0,0,0,0,0,0.02,0.25,0,1.22,1,1.74,2.74,5.28,8.92,4.66,8.7,13.89,3.18,1.16,1.25,0.79
2858,10080,180,Central Slopes,intermediate,6.62,0.89,3.23,9.91,0.69,5.27,12.59,0,0,0,0,0,0,0,0,0,0,0,0,0,0,0,0,0,0,0,0,0,0,0,0,0,0,0.12,0.35,0.11,0,0,0.72,0.65,2.53,4.99,0.84,0.38,0.17,0.16,1.71,0,0,1.42,22.55,4.76,4.92,3.15,9.16,2.11
2861,10080,180,Central Slopes,intermediate,7.85,0,0.46,0,0,0,0,0,19.51,8.39,0,0,0,0,0,0,0,0,0,0,0,0,0,0,0,0,0,0,0,0,0,0,0,0,0,0,0,0,0,1.64,4.06,4.73,1.41,7.66,3.1,1.75,0,0,0,0.79,4.82,6.73,13.04,7.45,3.55,3.06
2865,10080,180,Central Slopes,intermediate,5.44,10.18,15.92,6.42,1.54,1.68,1.65,0.97,1.52,1.34,3.27,2.51,5.79,4.06,3.06,0.51,1.19,1.68,1.83,1.19,0.32,0,0,0,0,0,2.02,0.13,0.4,0,0,0,0,0,0,0,0,0.16,0.98,1.58,3.19,0.71,0,0,0,0,0,0,0,0.65,2.7,9.7,5.71,0,0,0
2867,10080,180,Central Slopes,intermediate,3.74,0,0,0,6.2,7.34,0,4.86,1.18,0.14,0,0,0,0,0,17.37,0.57,0.34,0,0,0,0,0,0,0,0,0,0,0,0,0,0,0,0,0,0,0,0,0,0,0,5.54,1.05,1.4,5.23,5.91,0,22.2,0.14,0.12,0,5.1,8.02,2.11,1.15,0.29
2610,10080,180,Central Slopes,rare,0,0.1,2.8,0.14,0,0,0,0.01,0.06,0,0,0.01,1.49,0,0,0,0,0,6.21,12.17,0,0,0,0,0,0.88,0,0.25,0.09,0.36,1.17,0.14,1.46,21.55,0,0,0,0,0,0,1.03,2.95,0.57,0.18,0.1,0,0.06,1.23,1.76,1.48,1.14,3.54,11.69,9.88,8.5,7
2722,10080,180,Central Slopes,rare,3.14,0.19,0.06,4.33,0,0,0,0,0.05,0.07,0.06,0.38,4.36,5.09,9.06,6.77,2.71,1.42,0.74,4.71,1.55,4.2,2.64,0.14,1.87,0.76,7.66,1.77,1.55,0.29,0.72,1.09,2.37,1.93,0.18,0,0.07,0.32,0.12,0.14,0.53,0.04,1.54,4.27,4.63,3.27,1.51,0.99,1.57,1.86,4.66,1.42,1.2,0,0,0
2735,10080,180,Central Slopes,rare,1.12,1.96,1.62,2.71,2.38,1.35,1.15,2.49,1.44,0.18,1.23,1.44,0.4,0.79,0.73,0.61,0.26,0.23,0.54,2.03,1.88,0.81,0.02,0.66,0.19,0.09,0.09,0.44,0.35,0.55,0.74,1.1,0.84,0.47,0.12,0.77,4.31,2.01,0.47,0.29,0.12,3.02,4.91,7.55,6.09,4.14,3.78,2.75,3.16,5.3,5.3,3.55,3.66,2.33,2.36,1.12
2787,10080,180,Central Slopes,rare,8.55,4.51,1.19,0.6,0,0,0,0.13,0,0.53,0,0.2,0,0.07,0,0,0,0.33,1.06,1.33,1,5.97,3.98,3.32,1.39,1.99,1.79,1.99,3.92,3.32,5.37,4.38,4.25,4.18,4.05,1.53,1.46,1.39,3.52,3.19,4.11,1.13,1.33,2.06,2.39,2.46,2.12,1.26,0.8,0.46,0.53,0.46,0.07,0.13,0.07,0.13
2796,10080,180,Central Slopes,rare,0,1.65,0.16,0.64,2.29,4.57,5.85,5.32,1.06,0,0.53,1.06,0.69,0.11,0.21,0,0.64,0.05,0.05,0.8,0,0.05,0,0,0.05,0.74,0.11,0.48,0.21,1.81,4.2,0.9,0.37,0.58,1.06,0.27,2.13,3.24,11.86,5.69,5.32,2.23,4.2,1.65,1.44,3.93,7.55,10.31,1.86,0.58,0.48,0.48,0.16,0.16,0.11,0.11
2825,10080,180,Central Slopes,rare,1.31,5.42,8.41,10.87,2.75,3.91,0,0.77,0,0,0,0,0,0,0,0,0,0,0,0,0,0,0,0.63,0,1.27,0.08,0,0,0,0,0,1.03,0,0,0,0,2.55,22.39,11.51,0.08,0,0,0,0,1.37,1.32,0.34,0.13,1.07,7.98,0,0,0,12.05,2.76
2829,10080,180,Central Slopes,rare,8.35,5.68,0.13,0.09,0.45,0.81,0.38,8.96,1.66,0.59,0,0.88,5.49,0,0,0.49,5.14,3.41,0.32,0.19,0.06,0,0,0,0.42,0.51,0,0,0,0,0,0,0,0,0,0,0,0,0,0,0,0,0,0,0,0,0.81,3.26,5.51,7.59,7.05,11.03,12.1,2.32,1.86,4.46
2834,10080,180,Central Slopes,rare,0.67,1.87,4.33,6.98,1.99,7.08,1.99,4.73,7.02,8.26,4.94,0.21,0.03,1.78,5.59,12.9,4.23,3.79,1.08,0,0,0,0,0,0,0,0.15,0.51,0,0,0,0,0.13,0,0,0,0,0,1.07,13.96,1.12,0.34,0.07,0,0,1.9,0.05,0.96,0,0,0,0,0.27,0,0,0
2839,10080,180,Central Slopes,rare,2.4,8.45,0.11,0.17,0.61,3.9,8.99,4.08,0.9,4.35,5.36,5.36,5.94,2.89,1.9,2.09,0.81,0.31,0.12,0.08,0.23,0.48,0.16,0.37,0.26,0.13,0.73,1.18,0.73,1.31,3.46,0.47,0.61,0.19,0.22,0.16,0.42,0.58,0.3,0.07,0.07,0.12,1.34,2.4,2.94,1.75,0.76,1.15,1.95,1.71,3.29,2.33,3.15,1.28,0.95,3.93
2854,10080,180,Central Slopes,rare,1.14,1.8,1.36,1.29,3.2,4.78,3.28,3.13,2.57,5.08,4.1,3.35,5.76,0.78,0.59,3.04,0.32,0.01,0,0.89,4.98,6.96,1.24,0.71,1.3,2.23,6.88,3.58,3.67,3.89,4.15,3.05,1.15,0.52,1.29,0.03,0.64,0.08,0,0.95,0.58,0.05,0.65,3.15,0.68,0.02,0.01,0.01,0.02,0.03,0.32,0.17,0.52,0,0.02,0
