EventID, Duration, TimeStep, Region, AEP, Increments,,,,,,,,,,,,,,,,,,,,,,,,,,,,,,,,,,,,,,,,,,,,,,,,,,,,,,,
3706,10,5,Murray Basin,frequent,57.72,42.28,,,,,,,,,,,,,,,,,,,,,,,,,,,,,,,,,,,,,,,,,,,,,,,,,,,,,,
3707,10,5,Murray Basin,frequent,51.77,48.23,,,,,,,,,,,,,,,,,,,,,,,,,,,,,,,,,,,,,,,,,,,,,,,,,,,,,,
3708,10,5,Murray Basin,frequent,54.17,45.83,,,,,,,,,,,,,,,,,,,,,,,,,,,,,,,,,,,,,,,,,,,,,,,,,,,,,,
3709,10,5,Murray Basin,frequent,54.29,45.71,,,,,,,,,,,,,,,,,,,,,,,,,,,,,,,,,,,,,,,,,,,,,,,,,,,,,,
3710,10,5,Murray Basin,frequent,49.43,50.57,,,,,,,,,,,,,,,,,,,,,,,,,,,,,,,,,,,,,,,,,,,,,,,,,,,,,,
3711,10,5,Murray Basin,frequent,46.02,53.98,,,,,,,,,,,,,,,,,,,,,,,,,,,,,,,,,,,,,,,,,,,,,,,,,,,,,,
3712,10,5,Murray Basin,frequent,40.25,59.75,,,,,,,,,,,,,,,,,,,,,,,,,,,,,,,,,,,,,,,,,,,,,,,,,,,,,,
3713,10,5,Murray Basin,frequent,36.22,63.78,,,,,,,,,,,,,,,,,,,,,,,,,,,,,,,,,,,,,,,,,,,,,,,,,,,,,,
3714,10,5,Murray Basin,frequent,42.19,57.81,,,,,,,,,,,,,,,,,,,,,,,,,,,,,,,,,,,,,,,,,,,,,,,,,,,,,,
3715,10,5,Murray Basin,frequent,41.25,58.75,,,,,,,,,,,,,,,,,,,,,,,,,,,,,,,,,,,,,,,,,,,,,,,,,,,,,,
3694,10,5,Murray Basin,intermediate,58.61,41.39,,,,,,,,,,,,,,,,,,,,,,,,,,,,,,,,,,,,,,,,,,,,,,,,,,,,,,
3695,10,5,Murray Basin,intermediate,50.55,49.45,,,,,,,,,,,,,,,,,,,,,,,,,,,,,,,,,,,,,,,,,,,,,,,,,,,,,,
3696,10,5,Murray Basin,intermediate,52.27,47.73,,,,,,,,,,,,,,,,,,,,,,,,,,,,,,,,,,,,,,,,,,,,,,,,,,,,,,
3697,10,5,Murray Basin,intermediate,46.11,53.89,,,,,,,,,,,,,,,,,,,,,,,,,,,,,,,,,,,,,,,,,,,,,,,,,,,,,,
3698,10,5,Murray Basin,intermediate,40.65,59.35,,,,,,,,,,,,,,,,,,,,,,,,,,,,,,,,,,,,,,,,,,,,,,,,,,,,,,
3699,10,5,Murray Basin,intermediate,39.34,60.66,,,,,,,,,,,,,,,,,,,,,,,,,,,,,,,,,,,,,,,,,,,,,,,,,,,,,,
3700,10,5,Murray Basin,intermediate,54.03,45.97,,,,,,,,,,,,,,,,,,,,,,,,,,,,,,,,,,,,,,,,,,,,,,,,,,,,,,
3701,10,5,Murray Basin,intermediate,45.28,54.72,,,,,,,,,,,,,,,,,,,,,,,,,,,,,,,,,,,,,,,,,,,,,,,,,,,,,,
3702,10,5,Murray Basin,intermediate,53.09,46.91,,,,,,,,,,,,,,,,,,,,,,,,,,,,,,,,,,,,,,,,,,,,,,,,,,,,,,
3705,10,5,Murray Basin,intermediate,45.07,54.93,,,,,,,,,,,,,,,,,,,,,,,,,,,,,,,,,,,,,,,,,,,,,,,,,,,,,,
3682,10,5,Murray Basin,rare,60.31,39.69,,,,,,,,,,,,,,,,,,,,,,,,,,,,,,,,,,,,,,,,,,,,,,,,,,,,,,
3684,10,5,Murray Basin,rare,50.47,49.53,,,,,,,,,,,,,,,,,,,,,,,,,,,,,,,,,,,,,,,,,,,,,,,,,,,,,,
3685,10,5,Murray Basin,rare,51.22,48.78,,,,,,,,,,,,,,,,,,,,,,,,,,,,,,,,,,,,,,,,,,,,,,,,,,,,,,
3686,10,5,Murray Basin,rare,37.38,62.62,,,,,,,,,,,,,,,,,,,,,,,,,,,,,,,,,,,,,,,,,,,,,,,,,,,,,,
3687,10,5,Murray Basin,rare,60.11,39.89,,,,,,,,,,,,,,,,,,,,,,,,,,,,,,,,,,,,,,,,,,,,,,,,,,,,,,
3688,10,5,Murray Basin,rare,38.85,61.15,,,,,,,,,,,,,,,,,,,,,,,,,,,,,,,,,,,,,,,,,,,,,,,,,,,,,,
3689,10,5,Murray Basin,rare,43.75,56.25,,,,,,,,,,,,,,,,,,,,,,,,,,,,,,,,,,,,,,,,,,,,,,,,,,,,,,
3690,10,5,Murray Basin,rare,54.49,45.51,,,,,,,,,,,,,,,,,,,,,,,,,,,,,,,,,,,,,,,,,,,,,,,,,,,,,,
3692,10,5,Murray Basin,rare,64.06,35.94,,,,,,,,,,,,,,,,,,,,,,,,,,,,,,,,,,,,,,,,,,,,,,,,,,,,,,
3693,10,5,Murray Basin,rare,49.57,50.43,,,,,,,,,,,,,,,,,,,,,,,,,,,,,,,,,,,,,,,,,,,,,,,,,,,,,,
3739,15,5,Murray Basin,frequent,45.98,33.15,20.87,,,,,,,,,,,,,,,,,,,,,,,,,,,,,,,,,,,,,,,,,,,,,,,,,,,,,
3740,15,5,Murray Basin,frequent,51.19,23.81,25,,,,,,,,,,,,,,,,,,,,,,,,,,,,,,,,,,,,,,,,,,,,,,,,,,,,,
3741,15,5,Murray Basin,frequent,46.38,29.93,23.69,,,,,,,,,,,,,,,,,,,,,,,,,,,,,,,,,,,,,,,,,,,,,,,,,,,,,
3742,15,5,Murray Basin,frequent,37.21,27.18,35.61,,,,,,,,,,,,,,,,,,,,,,,,,,,,,,,,,,,,,,,,,,,,,,,,,,,,,
3743,15,5,Murray Basin,frequent,32.92,44.3,22.78,,,,,,,,,,,,,,,,,,,,,,,,,,,,,,,,,,,,,,,,,,,,,,,,,,,,,
3744,15,5,Murray Basin,frequent,34.56,39.08,26.36,,,,,,,,,,,,,,,,,,,,,,,,,,,,,,,,,,,,,,,,,,,,,,,,,,,,,
3745,15,5,Murray Basin,frequent,34.41,33.74,31.85,,,,,,,,,,,,,,,,,,,,,,,,,,,,,,,,,,,,,,,,,,,,,,,,,,,,,
3746,15,5,Murray Basin,frequent,19.68,39.34,40.98,,,,,,,,,,,,,,,,,,,,,,,,,,,,,,,,,,,,,,,,,,,,,,,,,,,,,
3747,15,5,Murray Basin,frequent,21.53,22.96,55.51,,,,,,,,,,,,,,,,,,,,,,,,,,,,,,,,,,,,,,,,,,,,,,,,,,,,,
3748,15,5,Murray Basin,frequent,24.77,24.77,50.46,,,,,,,,,,,,,,,,,,,,,,,,,,,,,,,,,,,,,,,,,,,,,,,,,,,,,
3728,15,5,Murray Basin,intermediate,52.22,23.89,23.89,,,,,,,,,,,,,,,,,,,,,,,,,,,,,,,,,,,,,,,,,,,,,,,,,,,,,
3730,15,5,Murray Basin,intermediate,48.9,19.45,31.65,,,,,,,,,,,,,,,,,,,,,,,,,,,,,,,,,,,,,,,,,,,,,,,,,,,,,
3731,15,5,Murray Basin,intermediate,43.75,34.03,22.22,,,,,,,,,,,,,,,,,,,,,,,,,,,,,,,,,,,,,,,,,,,,,,,,,,,,,
3732,15,5,Murray Basin,intermediate,42.35,34.4,23.25,,,,,,,,,,,,,,,,,,,,,,,,,,,,,,,,,,,,,,,,,,,,,,,,,,,,,
3733,15,5,Murray Basin,intermediate,23.59,42.45,33.96,,,,,,,,,,,,,,,,,,,,,,,,,,,,,,,,,,,,,,,,,,,,,,,,,,,,,
3734,15,5,Murray Basin,intermediate,28.41,48.86,22.73,,,,,,,,,,,,,,,,,,,,,,,,,,,,,,,,,,,,,,,,,,,,,,,,,,,,,
3735,15,5,Murray Basin,intermediate,29.09,29.1,41.81,,,,,,,,,,,,,,,,,,,,,,,,,,,,,,,,,,,,,,,,,,,,,,,,,,,,,
3736,15,5,Murray Basin,intermediate,31.8,40.18,28.02,,,,,,,,,,,,,,,,,,,,,,,,,,,,,,,,,,,,,,,,,,,,,,,,,,,,,
3737,15,5,Murray Basin,intermediate,20.57,34.93,44.5,,,,,,,,,,,,,,,,,,,,,,,,,,,,,,,,,,,,,,,,,,,,,,,,,,,,,
3738,15,5,Murray Basin,intermediate,20.69,35.63,43.68,,,,,,,,,,,,,,,,,,,,,,,,,,,,,,,,,,,,,,,,,,,,,,,,,,,,,
3716,15,5,Murray Basin,rare,42.85,38.1,19.05,,,,,,,,,,,,,,,,,,,,,,,,,,,,,,,,,,,,,,,,,,,,,,,,,,,,,
3718,15,5,Murray Basin,rare,43.28,36.57,20.15,,,,,,,,,,,,,,,,,,,,,,,,,,,,,,,,,,,,,,,,,,,,,,,,,,,,,
3719,15,5,Murray Basin,rare,53.1,20.35,26.55,,,,,,,,,,,,,,,,,,,,,,,,,,,,,,,,,,,,,,,,,,,,,,,,,,,,,
3720,15,5,Murray Basin,rare,33.15,42.13,24.72,,,,,,,,,,,,,,,,,,,,,,,,,,,,,,,,,,,,,,,,,,,,,,,,,,,,,
3721,15,5,Murray Basin,rare,40.22,32.61,27.17,,,,,,,,,,,,,,,,,,,,,,,,,,,,,,,,,,,,,,,,,,,,,,,,,,,,,
3722,15,5,Murray Basin,rare,22.64,54.01,23.35,,,,,,,,,,,,,,,,,,,,,,,,,,,,,,,,,,,,,,,,,,,,,,,,,,,,,
3723,15,5,Murray Basin,rare,29.28,51.43,19.29,,,,,,,,,,,,,,,,,,,,,,,,,,,,,,,,,,,,,,,,,,,,,,,,,,,,,
3724,15,5,Murray Basin,rare,37.21,34.88,27.91,,,,,,,,,,,,,,,,,,,,,,,,,,,,,,,,,,,,,,,,,,,,,,,,,,,,,
3726,15,5,Murray Basin,rare,30.31,21.09,48.6,,,,,,,,,,,,,,,,,,,,,,,,,,,,,,,,,,,,,,,,,,,,,,,,,,,,,
3727,15,5,Murray Basin,rare,21.53,29.34,49.13,,,,,,,,,,,,,,,,,,,,,,,,,,,,,,,,,,,,,,,,,,,,,,,,,,,,,
3767,20,5,Murray Basin,frequent,46.07,18.63,18.63,16.67,,,,,,,,,,,,,,,,,,,,,,,,,,,,,,,,,,,,,,,,,,,,,,,,,,,,
3768,20,5,Murray Basin,frequent,29.68,37.87,19.27,13.18,,,,,,,,,,,,,,,,,,,,,,,,,,,,,,,,,,,,,,,,,,,,,,,,,,,,
3769,20,5,Murray Basin,frequent,30.02,33.52,23.61,12.85,,,,,,,,,,,,,,,,,,,,,,,,,,,,,,,,,,,,,,,,,,,,,,,,,,,,
3770,20,5,Murray Basin,frequent,15.29,28.4,29.38,26.93,,,,,,,,,,,,,,,,,,,,,,,,,,,,,,,,,,,,,,,,,,,,,,,,,,,,
3771,20,5,Murray Basin,frequent,29.7,25.56,25.17,19.57,,,,,,,,,,,,,,,,,,,,,,,,,,,,,,,,,,,,,,,,,,,,,,,,,,,,
3772,20,5,Murray Basin,frequent,20.35,29.35,33.78,16.52,,,,,,,,,,,,,,,,,,,,,,,,,,,,,,,,,,,,,,,,,,,,,,,,,,,,
3773,20,5,Murray Basin,frequent,23.85,35.78,19.76,20.61,,,,,,,,,,,,,,,,,,,,,,,,,,,,,,,,,,,,,,,,,,,,,,,,,,,,
3774,20,5,Murray Basin,frequent,12.43,25.85,34.88,26.84,,,,,,,,,,,,,,,,,,,,,,,,,,,,,,,,,,,,,,,,,,,,,,,,,,,,
3775,20,5,Murray Basin,frequent,18.08,19.15,26.6,36.17,,,,,,,,,,,,,,,,,,,,,,,,,,,,,,,,,,,,,,,,,,,,,,,,,,,,
3777,20,5,Murray Basin,frequent,12.13,21.21,38.38,28.28,,,,,,,,,,,,,,,,,,,,,,,,,,,,,,,,,,,,,,,,,,,,,,,,,,,,
3757,20,5,Murray Basin,intermediate,36.62,31.97,10.78,20.63,,,,,,,,,,,,,,,,,,,,,,,,,,,,,,,,,,,,,,,,,,,,,,,,,,,,
3758,20,5,Murray Basin,intermediate,29.73,40.94,16.5,12.83,,,,,,,,,,,,,,,,,,,,,,,,,,,,,,,,,,,,,,,,,,,,,,,,,,,,
3759,20,5,Murray Basin,intermediate,35.45,34.55,18.18,11.82,,,,,,,,,,,,,,,,,,,,,,,,,,,,,,,,,,,,,,,,,,,,,,,,,,,,
3760,20,5,Murray Basin,intermediate,20.19,32.11,34.86,12.84,,,,,,,,,,,,,,,,,,,,,,,,,,,,,,,,,,,,,,,,,,,,,,,,,,,,
3761,20,5,Murray Basin,intermediate,23.91,18.73,33.56,23.8,,,,,,,,,,,,,,,,,,,,,,,,,,,,,,,,,,,,,,,,,,,,,,,,,,,,
3762,20,5,Murray Basin,intermediate,15.23,27.31,30.11,27.35,,,,,,,,,,,,,,,,,,,,,,,,,,,,,,,,,,,,,,,,,,,,,,,,,,,,
3763,20,5,Murray Basin,intermediate,16.75,22.33,43.1,17.82,,,,,,,,,,,,,,,,,,,,,,,,,,,,,,,,,,,,,,,,,,,,,,,,,,,,
3764,20,5,Murray Basin,intermediate,19.86,18.26,33.5,28.38,,,,,,,,,,,,,,,,,,,,,,,,,,,,,,,,,,,,,,,,,,,,,,,,,,,,
3765,20,5,Murray Basin,intermediate,16.5,18.5,31.29,33.71,,,,,,,,,,,,,,,,,,,,,,,,,,,,,,,,,,,,,,,,,,,,,,,,,,,,
3766,20,5,Murray Basin,intermediate,41.94,0,18.28,39.78,,,,,,,,,,,,,,,,,,,,,,,,,,,,,,,,,,,,,,,,,,,,,,,,,,,,
3691,20,5,Murray Basin,rare,15.89,33.67,28.13,22.31,,,,,,,,,,,,,,,,,,,,,,,,,,,,,,,,,,,,,,,,,,,,,,,,,,,,
3703,20,5,Murray Basin,rare,27.81,24.58,20.01,27.6,,,,,,,,,,,,,,,,,,,,,,,,,,,,,,,,,,,,,,,,,,,,,,,,,,,,
3749,20,5,Murray Basin,rare,36.27,23.73,25.8,14.2,,,,,,,,,,,,,,,,,,,,,,,,,,,,,,,,,,,,,,,,,,,,,,,,,,,,
3750,20,5,Murray Basin,rare,46.42,13.74,13.74,26.1,,,,,,,,,,,,,,,,,,,,,,,,,,,,,,,,,,,,,,,,,,,,,,,,,,,,
3751,20,5,Murray Basin,rare,39.57,17.76,1.68,40.99,,,,,,,,,,,,,,,,,,,,,,,,,,,,,,,,,,,,,,,,,,,,,,,,,,,,
3752,20,5,Murray Basin,rare,28.55,30.45,23.44,17.56,,,,,,,,,,,,,,,,,,,,,,,,,,,,,,,,,,,,,,,,,,,,,,,,,,,,
3753,20,5,Murray Basin,rare,20.81,32.37,16.56,30.26,,,,,,,,,,,,,,,,,,,,,,,,,,,,,,,,,,,,,,,,,,,,,,,,,,,,
3754,20,5,Murray Basin,rare,24.32,36.85,20.13,18.7,,,,,,,,,,,,,,,,,,,,,,,,,,,,,,,,,,,,,,,,,,,,,,,,,,,,
3755,20,5,Murray Basin,rare,17.58,20.29,28.46,33.67,,,,,,,,,,,,,,,,,,,,,,,,,,,,,,,,,,,,,,,,,,,,,,,,,,,,
3756,20,5,Murray Basin,rare,24.42,15.15,14.39,46.04,,,,,,,,,,,,,,,,,,,,,,,,,,,,,,,,,,,,,,,,,,,,,,,,,,,,
3800,25,5,Murray Basin,frequent,29.71,20.79,12.87,9.9,26.73,,,,,,,,,,,,,,,,,,,,,,,,,,,,,,,,,,,,,,,,,,,,,,,,,,,
3803,25,5,Murray Basin,frequent,38.46,17.58,2.33,22.98,18.65,,,,,,,,,,,,,,,,,,,,,,,,,,,,,,,,,,,,,,,,,,,,,,,,,,,
3804,25,5,Murray Basin,frequent,24.03,28.14,18.74,18.7,10.39,,,,,,,,,,,,,,,,,,,,,,,,,,,,,,,,,,,,,,,,,,,,,,,,,,,
3805,25,5,Murray Basin,frequent,20.28,7.25,23.19,27.54,21.74,,,,,,,,,,,,,,,,,,,,,,,,,,,,,,,,,,,,,,,,,,,,,,,,,,,
3806,25,5,Murray Basin,frequent,16.78,25.63,15.33,25.05,17.21,,,,,,,,,,,,,,,,,,,,,,,,,,,,,,,,,,,,,,,,,,,,,,,,,,,
3808,25,5,Murray Basin,frequent,14.68,30.69,23.98,18.78,11.87,,,,,,,,,,,,,,,,,,,,,,,,,,,,,,,,,,,,,,,,,,,,,,,,,,,
3809,25,5,Murray Basin,frequent,24.56,15.11,17.14,27.36,15.83,,,,,,,,,,,,,,,,,,,,,,,,,,,,,,,,,,,,,,,,,,,,,,,,,,,
3810,25,5,Murray Basin,frequent,9.21,26.47,22.49,14.5,27.33,,,,,,,,,,,,,,,,,,,,,,,,,,,,,,,,,,,,,,,,,,,,,,,,,,,
3811,25,5,Murray Basin,frequent,16.33,14.85,14.56,28.43,25.83,,,,,,,,,,,,,,,,,,,,,,,,,,,,,,,,,,,,,,,,,,,,,,,,,,,
3813,25,5,Murray Basin,frequent,14.19,16.82,14.71,41.43,12.85,,,,,,,,,,,,,,,,,,,,,,,,,,,,,,,,,,,,,,,,,,,,,,,,,,,
3776,25,5,Murray Basin,intermediate,15.89,16.82,23.36,31.78,12.15,,,,,,,,,,,,,,,,,,,,,,,,,,,,,,,,,,,,,,,,,,,,,,,,,,,
3790,25,5,Murray Basin,intermediate,22.93,27.44,14.29,18.8,16.54,,,,,,,,,,,,,,,,,,,,,,,,,,,,,,,,,,,,,,,,,,,,,,,,,,,
3791,25,5,Murray Basin,intermediate,26.18,33.56,20.13,11.41,8.72,,,,,,,,,,,,,,,,,,,,,,,,,,,,,,,,,,,,,,,,,,,,,,,,,,,
3792,25,5,Murray Basin,intermediate,28.45,21.96,19.79,14.84,14.96,,,,,,,,,,,,,,,,,,,,,,,,,,,,,,,,,,,,,,,,,,,,,,,,,,,
3793,25,5,Murray Basin,intermediate,19.33,18.14,22.1,21.16,19.27,,,,,,,,,,,,,,,,,,,,,,,,,,,,,,,,,,,,,,,,,,,,,,,,,,,
3795,25,5,Murray Basin,intermediate,14.1,21.32,30.68,22.75,11.15,,,,,,,,,,,,,,,,,,,,,,,,,,,,,,,,,,,,,,,,,,,,,,,,,,,
3796,25,5,Murray Basin,intermediate,19.53,12.5,32.81,23.44,11.72,,,,,,,,,,,,,,,,,,,,,,,,,,,,,,,,,,,,,,,,,,,,,,,,,,,
3797,25,5,Murray Basin,intermediate,15.08,29.87,21.78,10.77,22.5,,,,,,,,,,,,,,,,,,,,,,,,,,,,,,,,,,,,,,,,,,,,,,,,,,,
3798,25,5,Murray Basin,intermediate,32.17,5.79,10.23,24.75,27.06,,,,,,,,,,,,,,,,,,,,,,,,,,,,,,,,,,,,,,,,,,,,,,,,,,,
3799,25,5,Murray Basin,intermediate,12.32,12.33,21.92,36.99,16.44,,,,,,,,,,,,,,,,,,,,,,,,,,,,,,,,,,,,,,,,,,,,,,,,,,,
3704,25,5,Murray Basin,rare,18.32,22.72,20.08,16.34,22.54,,,,,,,,,,,,,,,,,,,,,,,,,,,,,,,,,,,,,,,,,,,,,,,,,,,
3725,25,5,Murray Basin,rare,14.29,27.43,25.71,20.57,12,,,,,,,,,,,,,,,,,,,,,,,,,,,,,,,,,,,,,,,,,,,,,,,,,,,
3778,25,5,Murray Basin,rare,38.62,19.6,11.28,12.45,18.05,,,,,,,,,,,,,,,,,,,,,,,,,,,,,,,,,,,,,,,,,,,,,,,,,,,
3780,25,5,Murray Basin,rare,27.34,25.26,18.8,7.25,21.35,,,,,,,,,,,,,,,,,,,,,,,,,,,,,,,,,,,,,,,,,,,,,,,,,,,
3782,25,5,Murray Basin,rare,19.37,35.45,19.99,14.21,10.98,,,,,,,,,,,,,,,,,,,,,,,,,,,,,,,,,,,,,,,,,,,,,,,,,,,
3783,25,5,Murray Basin,rare,24.04,9.55,20.4,29.95,16.06,,,,,,,,,,,,,,,,,,,,,,,,,,,,,,,,,,,,,,,,,,,,,,,,,,,
3784,25,5,Murray Basin,rare,16.99,31.37,18.3,15.69,17.65,,,,,,,,,,,,,,,,,,,,,,,,,,,,,,,,,,,,,,,,,,,,,,,,,,,
3785,25,5,Murray Basin,rare,13.28,31.23,23.61,11.53,20.35,,,,,,,,,,,,,,,,,,,,,,,,,,,,,,,,,,,,,,,,,,,,,,,,,,,
3786,25,5,Murray Basin,rare,17.75,10.75,17.74,27.42,26.34,,,,,,,,,,,,,,,,,,,,,,,,,,,,,,,,,,,,,,,,,,,,,,,,,,,
3788,25,5,Murray Basin,rare,18.63,6.37,12.31,37.38,25.31,,,,,,,,,,,,,,,,,,,,,,,,,,,,,,,,,,,,,,,,,,,,,,,,,,,
3807,30,5,Murray Basin,frequent,6.59,15.67,23.94,14.32,23.4,16.08,,,,,,,,,,,,,,,,,,,,,,,,,,,,,,,,,,,,,,,,,,,,,,,,,,
3832,30,5,Murray Basin,frequent,12.87,32.51,19.13,12.77,11.9,10.82,,,,,,,,,,,,,,,,,,,,,,,,,,,,,,,,,,,,,,,,,,,,,,,,,,
3833,30,5,Murray Basin,frequent,20.23,26.01,17.18,12.7,12.4,11.48,,,,,,,,,,,,,,,,,,,,,,,,,,,,,,,,,,,,,,,,,,,,,,,,,,
3834,30,5,Murray Basin,frequent,14.01,31.59,20.51,13.55,12.61,7.73,,,,,,,,,,,,,,,,,,,,,,,,,,,,,,,,,,,,,,,,,,,,,,,,,,
3835,30,5,Murray Basin,frequent,9.3,16.29,25.75,25.02,14.53,9.11,,,,,,,,,,,,,,,,,,,,,,,,,,,,,,,,,,,,,,,,,,,,,,,,,,
3836,30,5,Murray Basin,frequent,7.77,19.8,10.35,24.89,26.62,10.57,,,,,,,,,,,,,,,,,,,,,,,,,,,,,,,,,,,,,,,,,,,,,,,,,,
3837,30,5,Murray Basin,frequent,23.06,18.82,17.41,14.79,12.35,13.57,,,,,,,,,,,,,,,,,,,,,,,,,,,,,,,,,,,,,,,,,,,,,,,,,,
3838,30,5,Murray Basin,frequent,9.45,16.19,11.33,22.99,20.07,19.97,,,,,,,,,,,,,,,,,,,,,,,,,,,,,,,,,,,,,,,,,,,,,,,,,,
3839,30,5,Murray Basin,frequent,8.01,12.05,12.05,12.05,26.52,29.32,,,,,,,,,,,,,,,,,,,,,,,,,,,,,,,,,,,,,,,,,,,,,,,,,,
3840,30,5,Murray Basin,frequent,14.6,15.47,8.87,9.22,36.66,15.18,,,,,,,,,,,,,,,,,,,,,,,,,,,,,,,,,,,,,,,,,,,,,,,,,,
3821,30,5,Murray Basin,intermediate,24.59,23.38,12.31,14.65,14.89,10.18,,,,,,,,,,,,,,,,,,,,,,,,,,,,,,,,,,,,,,,,,,,,,,,,,,
3822,30,5,Murray Basin,intermediate,10.3,36.76,22.06,11.03,8.09,11.76,,,,,,,,,,,,,,,,,,,,,,,,,,,,,,,,,,,,,,,,,,,,,,,,,,
3823,30,5,Murray Basin,intermediate,25,32.61,15.77,7.04,5.5,14.08,,,,,,,,,,,,,,,,,,,,,,,,,,,,,,,,,,,,,,,,,,,,,,,,,,
3824,30,5,Murray Basin,intermediate,12.17,18.59,12.18,17.31,23.08,16.67,,,,,,,,,,,,,,,,,,,,,,,,,,,,,,,,,,,,,,,,,,,,,,,,,,
3825,30,5,Murray Basin,intermediate,11.15,10.71,10.93,33.27,23.3,10.64,,,,,,,,,,,,,,,,,,,,,,,,,,,,,,,,,,,,,,,,,,,,,,,,,,
3827,30,5,Murray Basin,intermediate,12.94,19.29,9.03,26.57,25.31,6.86,,,,,,,,,,,,,,,,,,,,,,,,,,,,,,,,,,,,,,,,,,,,,,,,,,
3828,30,5,Murray Basin,intermediate,15.39,11.54,15.38,19.23,24.36,14.1,,,,,,,,,,,,,,,,,,,,,,,,,,,,,,,,,,,,,,,,,,,,,,,,,,
3829,30,5,Murray Basin,intermediate,16.47,16.47,16.46,16.46,13.2,20.94,,,,,,,,,,,,,,,,,,,,,,,,,,,,,,,,,,,,,,,,,,,,,,,,,,
3830,30,5,Murray Basin,intermediate,9.33,18.67,12,16,24,20,,,,,,,,,,,,,,,,,,,,,,,,,,,,,,,,,,,,,,,,,,,,,,,,,,
3831,30,5,Murray Basin,intermediate,7.76,7.64,20.14,6.03,17.8,40.63,,,,,,,,,,,,,,,,,,,,,,,,,,,,,,,,,,,,,,,,,,,,,,,,,,
3779,30,5,Murray Basin,rare,11.35,34.24,17.37,10,11.04,16,,,,,,,,,,,,,,,,,,,,,,,,,,,,,,,,,,,,,,,,,,,,,,,,,,
3781,30,5,Murray Basin,rare,25.14,23.24,17.3,6.67,19.64,8.01,,,,,,,,,,,,,,,,,,,,,,,,,,,,,,,,,,,,,,,,,,,,,,,,,,
3787,30,5,Murray Basin,rare,15.46,15,9.09,15,23.18,22.27,,,,,,,,,,,,,,,,,,,,,,,,,,,,,,,,,,,,,,,,,,,,,,,,,,
3789,30,5,Murray Basin,rare,16.75,5.73,11.07,33.6,22.75,10.1,,,,,,,,,,,,,,,,,,,,,,,,,,,,,,,,,,,,,,,,,,,,,,,,,,
3814,30,5,Murray Basin,rare,26.59,32.37,6.36,13.87,10.98,9.83,,,,,,,,,,,,,,,,,,,,,,,,,,,,,,,,,,,,,,,,,,,,,,,,,,
3815,30,5,Murray Basin,rare,9.35,27.73,20.98,13.36,21.27,7.31,,,,,,,,,,,,,,,,,,,,,,,,,,,,,,,,,,,,,,,,,,,,,,,,,,
3816,30,5,Murray Basin,rare,15.21,25,21.74,11.96,13.59,12.5,,,,,,,,,,,,,,,,,,,,,,,,,,,,,,,,,,,,,,,,,,,,,,,,,,
3817,30,5,Murray Basin,rare,19.29,16.67,24.99,17.36,12.73,8.96,,,,,,,,,,,,,,,,,,,,,,,,,,,,,,,,,,,,,,,,,,,,,,,,,,
3818,30,5,Murray Basin,rare,10.64,14.01,18.54,14.56,19.15,23.1,,,,,,,,,,,,,,,,,,,,,,,,,,,,,,,,,,,,,,,,,,,,,,,,,,
3820,30,5,Murray Basin,rare,8.23,25,1.64,21.38,19.08,24.67,,,,,,,,,,,,,,,,,,,,,,,,,,,,,,,,,,,,,,,,,,,,,,,,,,
3860,45,5,Murray Basin,frequent,11.47,26.97,22.15,11.55,4.23,3.52,3.95,8.57,7.59,,,,,,,,,,,,,,,,,,,,,,,,,,,,,,,,,,,,,,,,,,,,,,,
3861,45,5,Murray Basin,frequent,13.57,21.27,14.84,4.92,10.67,11.15,10.36,9.13,4.09,,,,,,,,,,,,,,,,,,,,,,,,,,,,,,,,,,,,,,,,,,,,,,,
3863,45,5,Murray Basin,frequent,15.92,14.32,10.34,18.53,2.39,18.61,11.14,5.57,3.18,,,,,,,,,,,,,,,,,,,,,,,,,,,,,,,,,,,,,,,,,,,,,,,
3864,45,5,Murray Basin,frequent,19,15.26,10.35,2.46,3.58,4.79,7.89,17.23,19.44,,,,,,,,,,,,,,,,,,,,,,,,,,,,,,,,,,,,,,,,,,,,,,,
3865,45,5,Murray Basin,frequent,18.82,14.28,8.12,4.85,9.12,9.29,16.04,10.36,9.12,,,,,,,,,,,,,,,,,,,,,,,,,,,,,,,,,,,,,,,,,,,,,,,
3866,45,5,Murray Basin,frequent,6.18,6.18,6.19,10.51,27.89,19.83,7.74,7.74,7.74,,,,,,,,,,,,,,,,,,,,,,,,,,,,,,,,,,,,,,,,,,,,,,,
3867,45,5,Murray Basin,frequent,6.9,3.45,6.03,17.24,25,18.1,11.21,7.76,4.31,,,,,,,,,,,,,,,,,,,,,,,,,,,,,,,,,,,,,,,,,,,,,,,
3868,45,5,Murray Basin,frequent,5.33,7.11,18,15.57,12.51,15.91,10.68,9.15,5.74,,,,,,,,,,,,,,,,,,,,,,,,,,,,,,,,,,,,,,,,,,,,,,,
3869,45,5,Murray Basin,frequent,2.58,8.19,6.58,4.15,4.15,17.85,27,17.96,11.54,,,,,,,,,,,,,,,,,,,,,,,,,,,,,,,,,,,,,,,,,,,,,,,
3870,45,5,Murray Basin,frequent,4.84,6.45,4.84,8.06,10.48,16.94,17.74,16.13,14.52,,,,,,,,,,,,,,,,,,,,,,,,,,,,,,,,,,,,,,,,,,,,,,,
3812,45,5,Murray Basin,intermediate,5.6,12.5,11.38,11.15,21.78,19.79,5.33,8.3,4.17,,,,,,,,,,,,,,,,,,,,,,,,,,,,,,,,,,,,,,,,,,,,,,,
3850,45,5,Murray Basin,intermediate,29.82,19.88,17.39,1.24,2.48,12.42,4.97,4.97,6.83,,,,,,,,,,,,,,,,,,,,,,,,,,,,,,,,,,,,,,,,,,,,,,,
3851,45,5,Murray Basin,intermediate,8.81,9.7,23.89,17.28,7.41,10,5.27,6.83,10.81,,,,,,,,,,,,,,,,,,,,,,,,,,,,,,,,,,,,,,,,,,,,,,,
3852,45,5,Murray Basin,intermediate,14.16,14.12,13.3,18.02,11.53,4.6,2.52,5.9,15.85,,,,,,,,,,,,,,,,,,,,,,,,,,,,,,,,,,,,,,,,,,,,,,,
3853,45,5,Murray Basin,intermediate,12.85,11.01,11.93,13.76,10.09,4.59,9.17,9.17,17.43,,,,,,,,,,,,,,,,,,,,,,,,,,,,,,,,,,,,,,,,,,,,,,,
3854,45,5,Murray Basin,intermediate,11.75,11.15,4.98,16.17,11.37,18.48,7.17,13.71,5.22,,,,,,,,,,,,,,,,,,,,,,,,,,,,,,,,,,,,,,,,,,,,,,,
3855,45,5,Murray Basin,intermediate,16.51,10.58,5.47,7.73,5.88,9.68,18.55,8.5,17.1,,,,,,,,,,,,,,,,,,,,,,,,,,,,,,,,,,,,,,,,,,,,,,,
3857,45,5,Murray Basin,intermediate,8.69,12.32,10.87,18.12,16.67,10.14,10.87,7.25,5.07,,,,,,,,,,,,,,,,,,,,,,,,,,,,,,,,,,,,,,,,,,,,,,,
3858,45,5,Murray Basin,intermediate,7.29,5.96,5.3,9.27,12.58,11.92,20.53,15.89,11.26,,,,,,,,,,,,,,,,,,,,,,,,,,,,,,,,,,,,,,,,,,,,,,,
3859,45,5,Murray Basin,intermediate,4.32,5.41,7.93,13.61,11.73,12.48,16.73,20.99,6.8,,,,,,,,,,,,,,,,,,,,,,,,,,,,,,,,,,,,,,,,,,,,,,,
3717,45,5,Murray Basin,rare,12.17,11.11,13.23,14.81,13.76,12.17,9.52,6.88,6.35,,,,,,,,,,,,,,,,,,,,,,,,,,,,,,,,,,,,,,,,,,,,,,,
3826,45,5,Murray Basin,rare,8.05,8.21,25.03,17.53,8.01,7.69,6.68,8.48,10.32,,,,,,,,,,,,,,,,,,,,,,,,,,,,,,,,,,,,,,,,,,,,,,,
3841,45,5,Murray Basin,rare,11.54,24.93,16.41,7.57,2.08,12.41,13.68,6.02,5.36,,,,,,,,,,,,,,,,,,,,,,,,,,,,,,,,,,,,,,,,,,,,,,,
3842,45,5,Murray Basin,rare,16.62,16.63,17.24,23.17,6.57,2.89,2.67,1.24,12.97,,,,,,,,,,,,,,,,,,,,,,,,,,,,,,,,,,,,,,,,,,,,,,,
3843,45,5,Murray Basin,rare,7.6,10.85,4.34,5.42,18.68,27.05,11.96,9.76,4.34,,,,,,,,,,,,,,,,,,,,,,,,,,,,,,,,,,,,,,,,,,,,,,,
3844,45,5,Murray Basin,rare,6.39,7.85,7.82,16.37,16.48,8.76,13.88,13.25,9.2,,,,,,,,,,,,,,,,,,,,,,,,,,,,,,,,,,,,,,,,,,,,,,,
3845,45,5,Murray Basin,rare,10.32,10.51,15.25,11.95,15.46,8.39,6.96,11.06,10.1,,,,,,,,,,,,,,,,,,,,,,,,,,,,,,,,,,,,,,,,,,,,,,,
3846,45,5,Murray Basin,rare,13.53,17.53,11.28,11.73,7.57,9.34,9.12,9.73,10.17,,,,,,,,,,,,,,,,,,,,,,,,,,,,,,,,,,,,,,,,,,,,,,,
3848,45,5,Murray Basin,rare,5.06,5.06,6.77,11.87,11.87,10.54,20.41,12.18,16.24,,,,,,,,,,,,,,,,,,,,,,,,,,,,,,,,,,,,,,,,,,,,,,,
3849,45,5,Murray Basin,rare,7.32,17.07,10.98,0,3.05,18.29,13.41,28.05,1.83,,,,,,,,,,,,,,,,,,,,,,,,,,,,,,,,,,,,,,,,,,,,,,,
2632,60,5,Murray Basin,frequent,6.04,15.33,15.77,7.28,2.28,0.59,1.04,0.79,1.55,7.39,22.92,19.02,,,,,,,,,,,,,,,,,,,,,,,,,,,,,,,,,,,,,,,,,,,,
3891,60,5,Murray Basin,frequent,6.88,10.63,20.71,14.22,6.94,5.52,3.1,1.6,7.01,8.84,6.12,8.43,,,,,,,,,,,,,,,,,,,,,,,,,,,,,,,,,,,,,,,,,,,,
3892,60,5,Murray Basin,frequent,18.35,11.51,15.79,8.15,5.28,2.49,3.63,8.64,9.37,9.37,1.91,5.51,,,,,,,,,,,,,,,,,,,,,,,,,,,,,,,,,,,,,,,,,,,,
3893,60,5,Murray Basin,frequent,6.39,11.91,28.96,8.69,5.98,3.13,2.38,10.74,6.31,3.01,7.61,4.89,,,,,,,,,,,,,,,,,,,,,,,,,,,,,,,,,,,,,,,,,,,,
3894,60,5,Murray Basin,frequent,4.01,7.17,10.29,12.08,11.92,16.5,4.83,5.83,12.75,8.79,3.75,2.08,,,,,,,,,,,,,,,,,,,,,,,,,,,,,,,,,,,,,,,,,,,,
3895,60,5,Murray Basin,frequent,3.73,10.45,7.47,6.72,14.15,8.21,10.45,8.96,5.97,7.47,10.45,5.97,,,,,,,,,,,,,,,,,,,,,,,,,,,,,,,,,,,,,,,,,,,,
3896,60,5,Murray Basin,frequent,2.08,3.09,9.66,13.91,11.63,9.36,7.46,6.64,8.61,11.3,11.56,4.7,,,,,,,,,,,,,,,,,,,,,,,,,,,,,,,,,,,,,,,,,,,,
3898,60,5,Murray Basin,frequent,4.23,7.58,5.64,5.64,6.82,4.74,22.32,12.32,9.72,3.79,8.67,8.53,,,,,,,,,,,,,,,,,,,,,,,,,,,,,,,,,,,,,,,,,,,,
3899,60,5,Murray Basin,frequent,7.54,3.66,7.32,12.76,14.49,15.79,9.83,7.32,6.8,6.54,4.76,3.19,,,,,,,,,,,,,,,,,,,,,,,,,,,,,,,,,,,,,,,,,,,,
3900,60,5,Murray Basin,frequent,5.24,4.83,3.39,2.8,3.3,7.72,7.41,13.82,10.48,24.98,6.64,9.39,,,,,,,,,,,,,,,,,,,,,,,,,,,,,,,,,,,,,,,,,,,,
3879,60,5,Murray Basin,intermediate,6.09,18.29,11.59,5.49,16.46,2.44,0,4.27,8.54,14.02,10.98,1.83,,,,,,,,,,,,,,,,,,,,,,,,,,,,,,,,,,,,,,,,,,,,
3880,60,5,Murray Basin,intermediate,6.63,13.56,19.3,15.67,8.93,7.76,5.07,4.13,1.67,8.55,3.93,4.8,,,,,,,,,,,,,,,,,,,,,,,,,,,,,,,,,,,,,,,,,,,,
3881,60,5,Murray Basin,intermediate,5.38,8.8,17.63,10.77,10.14,15.56,7.43,4.05,4.01,6.09,6.76,3.38,,,,,,,,,,,,,,,,,,,,,,,,,,,,,,,,,,,,,,,,,,,,
3882,60,5,Murray Basin,intermediate,5.18,4.98,4.09,3.46,9.26,12.58,9.54,8.74,8.6,10.48,10.95,12.14,,,,,,,,,,,,,,,,,,,,,,,,,,,,,,,,,,,,,,,,,,,,
3883,60,5,Murray Basin,intermediate,5.71,8.84,7.55,10.11,10.41,9.11,6.92,5.49,4.86,13.67,11.91,5.42,,,,,,,,,,,,,,,,,,,,,,,,,,,,,,,,,,,,,,,,,,,,
3884,60,5,Murray Basin,intermediate,7.15,19.11,4.86,5.2,5.34,21.32,11.05,9.92,7.09,4.17,2.62,2.17,,,,,,,,,,,,,,,,,,,,,,,,,,,,,,,,,,,,,,,,,,,,
3885,60,5,Murray Basin,intermediate,13.84,4.61,4.44,10.19,10.4,7.04,1.91,1.94,3.33,10.26,18.34,13.7,,,,,,,,,,,,,,,,,,,,,,,,,,,,,,,,,,,,,,,,,,,,
3887,60,5,Murray Basin,intermediate,4.19,6.12,10.56,9.77,5.12,6.34,9.24,7.05,6.12,8.06,14.61,12.82,,,,,,,,,,,,,,,,,,,,,,,,,,,,,,,,,,,,,,,,,,,,
3888,60,5,Murray Basin,intermediate,6.53,13.6,7.69,3.56,0.83,2.38,8.61,16.03,14.55,4.93,9.68,11.61,,,,,,,,,,,,,,,,,,,,,,,,,,,,,,,,,,,,,,,,,,,,
3889,60,5,Murray Basin,intermediate,5.48,10.12,3.62,2.82,5.91,7,3.82,10.32,15.44,15.71,13.88,5.88,,,,,,,,,,,,,,,,,,,,,,,,,,,,,,,,,,,,,,,,,,,,
3729,60,5,Murray Basin,rare,20.67,9.45,9.46,9.46,8.13,7.25,7.25,5.81,3.85,6.42,6.42,5.83,,,,,,,,,,,,,,,,,,,,,,,,,,,,,,,,,,,,,,,,,,,,
3819,60,5,Murray Basin,rare,10.5,11.43,8.4,5.69,7.5,9.92,7.79,10.25,12.36,4.48,4.18,7.5,,,,,,,,,,,,,,,,,,,,,,,,,,,,,,,,,,,,,,,,,,,,
3847,60,5,Murray Basin,rare,7.29,5.36,10.82,14.02,9.02,9.39,6.06,7.47,7.29,7.79,8.13,7.36,,,,,,,,,,,,,,,,,,,,,,,,,,,,,,,,,,,,,,,,,,,,
3871,60,5,Murray Basin,rare,7.96,9.09,21.02,18.18,5.11,10.23,8.52,2.84,6.25,8.52,1.14,1.14,,,,,,,,,,,,,,,,,,,,,,,,,,,,,,,,,,,,,,,,,,,,
3872,60,5,Murray Basin,rare,6.83,13.77,13.92,12.58,8.57,6.69,10.15,2.03,0.63,0.48,3.41,20.94,,,,,,,,,,,,,,,,,,,,,,,,,,,,,,,,,,,,,,,,,,,,
3873,60,5,Murray Basin,rare,13.96,11.42,9.9,8.76,4.3,1.57,2.44,9.58,13.69,10.89,8.98,4.51,,,,,,,,,,,,,,,,,,,,,,,,,,,,,,,,,,,,,,,,,,,,
3875,60,5,Murray Basin,rare,9.28,10.19,6.7,5.83,5.83,8.14,5.94,4.48,4.48,4.48,10.58,24.07,,,,,,,,,,,,,,,,,,,,,,,,,,,,,,,,,,,,,,,,,,,,
3876,60,5,Murray Basin,rare,4.44,5.44,4.45,4.45,13.19,25.62,14.26,8.4,4.45,4.45,5.44,5.41,,,,,,,,,,,,,,,,,,,,,,,,,,,,,,,,,,,,,,,,,,,,
3877,60,5,Murray Basin,rare,13.2,10.47,6.83,5.62,2.44,1.21,2.57,5.44,22.3,12.29,12.08,5.55,,,,,,,,,,,,,,,,,,,,,,,,,,,,,,,,,,,,,,,,,,,,
3878,60,5,Murray Basin,rare,4.65,6.13,2.98,3.16,3.89,7.52,15.51,11.14,12.95,10.63,13.01,8.43,,,,,,,,,,,,,,,,,,,,,,,,,,,,,,,,,,,,,,,,,,,,
2862,90,5,Murray Basin,frequent,4.13,8.31,11.8,6.82,3.29,2.99,7.51,18.85,1.3,0.13,0.13,1.06,0.53,4.39,8.84,6.32,6.32,7.28,,,,,,,,,,,,,,,,,,,,,,,,,,,,,,,,,,,,,,
3920,90,5,Murray Basin,frequent,4.35,13.47,22.13,12.61,2.84,3.23,2.52,5.43,3.99,4.02,2.87,1.22,1.37,2.12,2.55,2.73,4.64,7.91,,,,,,,,,,,,,,,,,,,,,,,,,,,,,,,,,,,,,,
3922,90,5,Murray Basin,frequent,5.04,14.03,8.02,15.65,7.21,3.44,1.56,1.53,3.93,3.31,5.49,4.87,7.5,4.9,8.48,1.27,1.66,2.11,,,,,,,,,,,,,,,,,,,,,,,,,,,,,,,,,,,,,,
3923,90,5,Murray Basin,frequent,7.33,4.77,3.17,18.9,13.87,2.5,3.87,2.47,2.71,0.91,0.27,0.27,0.15,0.15,0.15,9.85,17.68,10.98,,,,,,,,,,,,,,,,,,,,,,,,,,,,,,,,,,,,,,
3924,90,5,Murray Basin,frequent,0.62,2.14,4.05,3.75,6.59,9.19,8.4,6.52,5.89,4.48,8.17,6.98,5.33,4.97,5.6,6.65,6.72,3.95,,,,,,,,,,,,,,,,,,,,,,,,,,,,,,,,,,,,,,
3925,90,5,Murray Basin,frequent,2.97,5.35,12.5,5.36,5.36,9.52,5.36,4.17,3.57,8.33,2.98,2.98,1.19,3.57,4.17,3.57,6.55,12.5,,,,,,,,,,,,,,,,,,,,,,,,,,,,,,,,,,,,,,
3926,90,5,Murray Basin,frequent,1.79,5.98,4.19,0.6,4.19,11.38,16.17,10.78,3.59,1.2,0.6,1.8,2.4,11.98,6.59,9.58,4.19,2.99,,,,,,,,,,,,,,,,,,,,,,,,,,,,,,,,,,,,,,
3927,90,5,Murray Basin,frequent,2.95,3.48,1.12,1.25,2.24,5.02,15.71,12.28,5.55,7.23,5.84,2.11,4.16,9.34,11.42,3.07,4.23,3,,,,,,,,,,,,,,,,,,,,,,,,,,,,,,,,,,,,,,
3928,90,5,Murray Basin,frequent,2.55,3.82,5.1,1.91,1.91,2.55,2.55,6.37,7.64,6.37,9.55,25.48,7.01,6.37,3.82,1.91,3.18,1.91,,,,,,,,,,,,,,,,,,,,,,,,,,,,,,,,,,,,,,
3929,90,5,Murray Basin,frequent,2.73,3.97,7.12,9.88,0.95,0.27,0.33,0.39,4.12,0.56,3.05,16.9,8.39,13.85,11.57,5.34,5.75,4.83,,,,,,,,,,,,,,,,,,,,,,,,,,,,,,,,,,,,,,
3856,90,5,Murray Basin,intermediate,1.5,1.18,1.45,3.85,5.68,3.78,3.53,5.28,11.41,7.31,3.78,5.34,4.06,6.69,12.82,5.88,11.82,4.64,,,,,,,,,,,,,,,,,,,,,,,,,,,,,,,,,,,,,,
3886,90,5,Murray Basin,intermediate,2.71,7.72,10.37,3.46,3.33,7.64,7.79,5.27,1.43,1.45,2.49,7.69,13.74,10.26,7.35,4.91,1.58,0.81,,,,,,,,,,,,,,,,,,,,,,,,,,,,,,,,,,,,,,
3897,90,5,Murray Basin,intermediate,2.59,8.07,11.62,9.72,7.81,6.23,5.54,7.19,9.43,9.65,3.92,1.53,0.62,0.93,2.21,3.92,5.32,3.7,,,,,,,,,,,,,,,,,,,,,,,,,,,,,,,,,,,,,,
3910,90,5,Murray Basin,intermediate,4.02,4.76,6.15,7.9,23.99,9.28,1.84,1.87,1.93,2.08,2.38,2.65,9.04,6.96,5.67,3.16,3.16,3.16,,,,,,,,,,,,,,,,,,,,,,,,,,,,,,,,,,,,,,
3911,90,5,Murray Basin,intermediate,15.94,23.84,10.76,3.65,1.83,0.23,0.23,2.08,1.54,0.46,0.23,0.23,1.14,6.36,14.47,2.03,10.36,4.62,,,,,,,,,,,,,,,,,,,,,,,,,,,,,,,,,,,,,,
3912,90,5,Murray Basin,intermediate,4.15,5.23,5.11,5.36,5.76,5.98,6.07,6.35,6.63,6.35,6.04,5.95,5.73,5.57,5.51,5.11,4.83,4.27,,,,,,,,,,,,,,,,,,,,,,,,,,,,,,,,,,,,,,
3914,90,5,Murray Basin,intermediate,6.27,6.99,4.37,3.79,3.41,3.2,2.91,2.96,3.01,7.78,7.61,4.56,12.96,9.97,6.49,5.27,4.56,3.89,,,,,,,,,,,,,,,,,,,,,,,,,,,,,,,,,,,,,,
3915,90,5,Murray Basin,intermediate,2.6,1.68,5.86,8.86,8.36,6.68,6,6.13,8.86,9.52,10.2,6.92,4.65,4.02,3.87,2.55,1.58,1.66,,,,,,,,,,,,,,,,,,,,,,,,,,,,,,,,,,,,,,
3918,90,5,Murray Basin,intermediate,1.39,2.75,4.59,3.21,7.34,9.17,9.17,7.8,11.93,11.47,5.96,2.75,4.59,4.59,2.75,6.42,2.29,1.83,,,,,,,,,,,,,,,,,,,,,,,,,,,,,,,,,,,,,,
3919,90,5,Murray Basin,intermediate,6.53,7.46,8.44,4.25,1.2,0,0,0.51,0.34,0.83,1.17,1.05,5.06,4.4,15.31,19.22,13.03,11.2,,,,,,,,,,,,,,,,,,,,,,,,,,,,,,,,,,,,,,
3794,90,5,Murray Basin,rare,3.77,4.36,3.21,5.99,6.55,7.07,6.8,7.43,6.97,8.49,8.13,7.4,6.47,4.33,2.83,2.44,4.38,3.38,,,,,,,,,,,,,,,,,,,,,,,,,,,,,,,,,,,,,,
3874,90,5,Murray Basin,rare,10.1,8.28,7.17,6.35,3.11,1.14,1.77,6.95,9.92,7.89,6.51,3.27,0.16,0.16,0.54,7.72,10.62,8.34,,,,,,,,,,,,,,,,,,,,,,,,,,,,,,,,,,,,,,
3890,90,5,Murray Basin,rare,6.86,5.4,12.23,6.15,2.83,1.71,2.72,3.61,6.68,2.39,1.86,3.9,4.62,2.52,6.81,10.19,10.36,9.16,,,,,,,,,,,,,,,,,,,,,,,,,,,,,,,,,,,,,,
3902,90,5,Murray Basin,rare,6.98,12.61,9.82,7.95,7.95,8.88,7.95,7.48,6.08,1.4,0,0,0.93,4.21,5.61,5.14,4.67,2.34,,,,,,,,,,,,,,,,,,,,,,,,,,,,,,,,,,,,,,
3903,90,5,Murray Basin,rare,3.91,9.61,4.9,7.81,14.07,7.43,5.57,4.06,2.32,4.46,7.02,5.57,4.42,3.35,3.71,4.1,4.36,3.33,,,,,,,,,,,,,,,,,,,,,,,,,,,,,,,,,,,,,,
3904,90,5,Murray Basin,rare,3.1,11.51,9.02,6.2,5.27,10.89,7.48,4.65,4.67,1.84,2.78,2.48,8.39,3.72,4.03,3.4,2.48,8.09,,,,,,,,,,,,,,,,,,,,,,,,,,,,,,,,,,,,,,
3905,90,5,Murray Basin,rare,5.3,4.76,3.7,5.29,3.17,3.7,2.65,5.29,7.41,8.47,4.23,2.65,4.76,12.7,6.35,8.99,4.23,6.35,,,,,,,,,,,,,,,,,,,,,,,,,,,,,,,,,,,,,,
3907,90,5,Murray Basin,rare,6.54,9.04,5.38,4.5,5.75,2.67,4.46,2.49,11.81,9.54,3.43,3.85,6.34,3.25,6.19,5.11,6.04,3.61,,,,,,,,,,,,,,,,,,,,,,,,,,,,,,,,,,,,,,
3908,90,5,Murray Basin,rare,6.05,3.32,1.59,4.34,2.54,1.35,0.39,1.55,1.93,3.39,13.47,7.16,3.12,12.42,9.93,9.93,10.36,7.16,,,,,,,,,,,,,,,,,,,,,,,,,,,,,,,,,,,,,,
3909,90,5,Murray Basin,rare,4.74,3.88,2.59,3.45,3.88,2.59,1.29,3.88,4.74,6.03,9.05,9.48,7.33,6.9,3.88,12.5,7.76,6.03,,,,,,,,,,,,,,,,,,,,,,,,,,,,,,,,,,,,,,
3949,120,5,Murray Basin,frequent,5.99,6.88,14.46,4.77,0.28,0.28,4.8,8.98,6.37,3.38,5.08,7.69,5.44,4.15,3.91,0.98,0.89,2.74,5.17,2.65,1.63,1.91,1.23,0.34,,,,,,,,,,,,,,,,,,,,,,,,,,,,,,,,
3950,120,5,Murray Basin,frequent,1.86,6.76,7.4,8.19,9.61,11.09,11.98,6.51,2.53,0.76,1.23,1.55,2.28,3.16,3.7,3.57,2.15,1.64,1.93,2.15,2.21,2.47,3.03,2.24,,,,,,,,,,,,,,,,,,,,,,,,,,,,,,,,
3951,120,5,Murray Basin,frequent,8.75,5.84,2.19,5.84,5.11,2.19,2.19,6.57,11.68,7.3,1.46,1.46,0.73,2.19,1.46,1.46,2.19,2.92,4.38,2.19,2.19,2.19,5.84,11.68,,,,,,,,,,,,,,,,,,,,,,,,,,,,,,,,
3952,120,5,Murray Basin,frequent,3.81,16.91,5.44,2.31,2.59,2.31,2.03,1.72,1.22,1.84,2.19,4.31,6,4.41,4.34,7.66,3.91,13.09,4.72,1.19,1.19,2.22,2.5,2.09,,,,,,,,,,,,,,,,,,,,,,,,,,,,,,,,
3953,120,5,Murray Basin,frequent,2.84,1.62,0.9,3.13,2.08,14.1,3.64,4,1.44,6.52,11.45,6.97,7.51,0.9,0.32,3.32,1.89,2.43,1.53,1.89,1.47,7.8,7.26,4.99,,,,,,,,,,,,,,,,,,,,,,,,,,,,,,,,
3954,120,5,Murray Basin,frequent,4.36,5.44,5.43,3.26,3.26,4.35,4.35,4.89,4.89,4.35,4.89,3.26,2.72,2.72,3.26,3.26,3.8,3.8,3.8,3.8,4.35,4.89,4.89,5.98,,,,,,,,,,,,,,,,,,,,,,,,,,,,,,,,
3955,120,5,Murray Basin,frequent,4.69,2.93,1.18,3.52,2.92,4.68,4.09,5.26,5.26,1.17,1.75,4.09,4.09,14.62,4.09,2.92,3.51,3.51,5.26,6.43,4.68,3.51,2.92,2.92,,,,,,,,,,,,,,,,,,,,,,,,,,,,,,,,
3956,120,5,Murray Basin,frequent,3.36,4.34,4.16,10.2,6.93,7.18,3.73,1.73,2,2.31,2.53,1.26,0.99,2.34,2.59,3.97,4.93,1.63,5.73,5.91,7.52,8.75,3.51,2.4,,,,,,,,,,,,,,,,,,,,,,,,,,,,,,,,
3957,120,5,Murray Basin,frequent,1.22,3,7.73,11.6,8.15,3.53,1.97,1.34,1.89,1.22,0.72,0.42,0.14,0.14,0.14,0.14,3.59,1.34,12.88,20.03,10.13,2.67,3.34,2.67,,,,,,,,,,,,,,,,,,,,,,,,,,,,,,,,
3958,120,5,Murray Basin,frequent,0.84,1.04,2.84,1.23,1.83,2.53,1.8,3.1,3.47,1.3,0.7,0.83,0.73,1.73,8.33,9.5,11.73,11.63,15.4,9.67,1.7,4.37,2.1,1.6,,,,,,,,,,,,,,,,,,,,,,,,,,,,,,,,
2568,120,5,Murray Basin,intermediate,5.88,19.37,6.87,7.31,4.7,3.38,1.08,0.51,0.44,1.35,0.58,2.64,13.84,10.15,5.99,2.37,1.12,0.58,2.74,2,1.35,1.69,2.13,1.93,,,,,,,,,,,,,,,,,,,,,,,,,,,,,,,,
3901,120,5,Murray Basin,intermediate,1.46,3.83,3.53,2.47,2.04,2.4,5.63,5.4,10.08,7.64,18.21,4.84,6.85,2.27,2.11,1.84,2.11,4.45,4.94,1.58,1.58,1.58,1.58,1.58,,,,,,,,,,,,,,,,,,,,,,,,,,,,,,,,
3913,120,5,Murray Basin,intermediate,0.86,1.71,2.59,3.78,4.78,4.67,4.89,5.26,5.46,5.55,5.8,6.06,5.8,5.52,5.43,5.23,5.09,5.04,4.67,4.41,3.9,2.42,0.8,0.28,,,,,,,,,,,,,,,,,,,,,,,,,,,,,,,,
3921,120,5,Murray Basin,intermediate,2.71,4.25,3.52,10.92,17.94,10.22,2.3,2.62,2.04,4.4,3.23,3.26,2.33,0.99,1.11,1.72,2.07,2.21,3.76,6.41,2.82,4.54,2.77,1.86,,,,,,,,,,,,,,,,,,,,,,,,,,,,,,,,
3943,120,5,Murray Basin,intermediate,7.67,3.32,4.04,5.23,8.16,9.4,15.54,2.32,0.69,0.5,0.22,1.96,0.66,1.55,7.44,14.46,5.81,2.77,1.66,1.3,0.66,0.88,2.13,1.63,,,,,,,,,,,,,,,,,,,,,,,,,,,,,,,,
3944,120,5,Murray Basin,intermediate,3.53,9.1,8.85,3.18,0.17,0.11,0.2,1.49,2.14,2.96,4.45,3.89,1.89,4.34,25.89,3.32,4.73,4.79,2.45,2.09,2.14,2.17,3.61,2.51,,,,,,,,,,,,,,,,,,,,,,,,,,,,,,,,
3945,120,5,Murray Basin,intermediate,6.43,7.6,2.56,2.93,5.31,0.71,1.8,2.71,2.16,2.75,2.26,2.43,3.32,4.77,17.31,6.37,5.12,7.58,8.41,2.14,1.67,1.13,1.13,1.4,,,,,,,,,,,,,,,,,,,,,,,,,,,,,,,,
3946,120,5,Murray Basin,intermediate,3.42,6.82,8.52,10.23,5.11,1.7,1.14,1.7,2.27,2.27,6.82,3.41,6.82,6.82,6.82,6.25,3.98,3.41,2.27,1.14,2.27,1.7,2.27,2.84,,,,,,,,,,,,,,,,,,,,,,,,,,,,,,,,
3947,120,5,Murray Basin,intermediate,9.08,6.98,4.89,3.49,3.5,4.2,1.4,2.1,4.2,0.7,2.1,1.4,1.4,0,0.7,0,4.9,11.89,13.29,6.29,6.29,4.9,4.2,2.1,,,,,,,,,,,,,,,,,,,,,,,,,,,,,,,,
3948,120,5,Murray Basin,intermediate,1.16,4.61,7.47,3.45,1.15,0.57,0.57,0.57,4.6,1.72,1.72,0.57,1.72,4.02,5.75,8.05,2.87,6.9,1.72,12.07,15.52,8.05,4.02,1.15,,,,,,,,,,,,,,,,,,,,,,,,,,,,,,,,
3930,120,5,Murray Basin,rare,4.45,6.08,6.32,7.94,7.71,7.24,4.91,5.37,4.44,2.8,3.27,3.97,2.8,4.91,3.04,3.5,3.5,2.57,1.4,2.1,3.27,3.74,2.8,1.87,,,,,,,,,,,,,,,,,,,,,,,,,,,,,,,,
3931,120,5,Murray Basin,rare,2.93,3.33,5.19,8.64,13.28,22,5.58,1.41,1.3,2.32,3.14,3.78,2.92,3.87,2.94,1.03,1.03,1.03,1.03,1.9,2.71,3.18,3.39,2.07,,,,,,,,,,,,,,,,,,,,,,,,,,,,,,,,
3933,120,5,Murray Basin,rare,5.17,9.99,7.09,15.82,10.95,1.94,0.96,1.31,1.82,2.48,2.85,4.99,2.95,1.28,1.5,3.19,5.76,6.1,5.43,3.64,2.11,1.38,0.78,0.51,,,,,,,,,,,,,,,,,,,,,,,,,,,,,,,,
3934,120,5,Murray Basin,rare,8.51,8.54,0.84,3.74,5.56,8.61,7.65,3.62,2.25,0.96,1.8,5.06,6.52,8.16,4.51,2.88,3,4.92,3.36,3.24,2.4,1.25,1.61,1.01,,,,,,,,,,,,,,,,,,,,,,,,,,,,,,,,
3935,120,5,Murray Basin,rare,1.88,1.88,2.45,2.45,1.7,1.7,4.53,4.53,4.72,4.72,2.64,2.64,9.25,9.25,7.36,7.36,5.66,5.66,4.15,4.15,2.26,2.26,3.4,3.4,,,,,,,,,,,,,,,,,,,,,,,,,,,,,,,,
3936,120,5,Murray Basin,rare,1.76,6.7,5.12,2.52,2.71,2.28,6.47,7.05,7.62,3.12,2.41,3.04,3.06,2.23,5.55,5.71,6.88,1.91,2.08,6.4,4.49,6.79,2.17,1.93,,,,,,,,,,,,,,,,,,,,,,,,,,,,,,,,
3937,120,5,Murray Basin,rare,5.52,8.3,0.4,0,4.35,8.3,2.77,6.32,7.11,9.49,3.95,7.51,4.74,7.51,2.77,0.79,0.79,1.98,1.98,6.32,4.35,1.19,0.4,3.16,,,,,,,,,,,,,,,,,,,,,,,,,,,,,,,,
3938,120,5,Murray Basin,rare,3.5,7.96,7.53,11.33,16.9,0.66,0.26,0.08,0.09,0.23,0.23,0.81,2.17,2.38,1.63,1.1,2.1,2.02,2.65,3.89,5.45,13.61,9.11,4.31,,,,,,,,,,,,,,,,,,,,,,,,,,,,,,,,
3939,120,5,Murray Basin,rare,2.99,1.65,2.73,1.37,1.34,2.39,2.58,2.42,3.52,2.85,3.09,3.95,5.16,1.69,6.4,7.1,2.42,2.74,4.22,5.35,4.33,0.91,21.46,7.34,,,,,,,,,,,,,,,,,,,,,,,,,,,,,,,,
3942,120,5,Murray Basin,rare,3.2,9.42,11.64,2.62,0.11,0.11,0.11,0.11,0.11,2.09,4.11,1.15,0.5,1.19,3.73,3.59,6.03,6.14,2.36,4.96,6.32,9.66,13.07,7.67,,,,,,,,,,,,,,,,,,,,,,,,,,,,,,,,
3979,180,15,Murray Basin,frequent,20.65,6.41,16.51,11.45,13.36,4.15,0,0,0.3,2.15,17.83,7.19,,,,,,,,,,,,,,,,,,,,,,,,,,,,,,,,,,,,,,,,,,,,
3980,180,15,Murray Basin,frequent,30.36,18.35,3.92,4.12,2.16,1.05,0.93,8.32,10.92,6.93,7.61,5.33,,,,,,,,,,,,,,,,,,,,,,,,,,,,,,,,,,,,,,,,,,,,
3982,180,15,Murray Basin,frequent,21.36,6.31,16.5,8.74,0.49,0,0,2.91,15.53,10.68,16.02,1.46,,,,,,,,,,,,,,,,,,,,,,,,,,,,,,,,,,,,,,,,,,,,
3983,180,15,Murray Basin,frequent,3.48,2.66,9.08,15.17,14.45,9,5.21,4.94,2.58,27.62,2.97,2.84,,,,,,,,,,,,,,,,,,,,,,,,,,,,,,,,,,,,,,,,,,,,
3984,180,15,Murray Basin,frequent,9.47,15.79,4.82,4.39,14.95,6.71,4.03,13.95,3.24,9.95,9.97,2.73,,,,,,,,,,,,,,,,,,,,,,,,,,,,,,,,,,,,,,,,,,,,
3985,180,15,Murray Basin,frequent,2.46,17.66,12.69,4.84,13.61,7.83,6.52,6.17,9.35,14.08,3.89,0.9,,,,,,,,,,,,,,,,,,,,,,,,,,,,,,,,,,,,,,,,,,,,
3986,180,15,Murray Basin,frequent,14.7,7.63,6.11,6.04,6.61,9.74,6.61,9.65,8.11,8.22,11.78,4.8,,,,,,,,,,,,,,,,,,,,,,,,,,,,,,,,,,,,,,,,,,,,
3987,180,15,Murray Basin,frequent,3.26,7.27,9.14,5.46,8.36,13.88,16.54,16.62,9.6,3.47,3.42,2.98,,,,,,,,,,,,,,,,,,,,,,,,,,,,,,,,,,,,,,,,,,,,
3988,180,15,Murray Basin,frequent,10.92,5.23,3.35,3.26,1.96,2.22,5.03,15.33,8.98,15.85,10.51,17.36,,,,,,,,,,,,,,,,,,,,,,,,,,,,,,,,,,,,,,,,,,,,
3989,180,15,Murray Basin,frequent,4.57,5.58,3.55,2.54,3.55,4.57,12.18,12.18,11.17,13.2,11.68,15.23,,,,,,,,,,,,,,,,,,,,,,,,,,,,,,,,,,,,,,,,,,,,
3968,180,15,Murray Basin,intermediate,4.06,11.48,28.59,6.72,2.37,3.09,6.13,14.86,11.05,5.43,3.09,3.13,,,,,,,,,,,,,,,,,,,,,,,,,,,,,,,,,,,,,,,,,,,,
3969,180,15,Murray Basin,intermediate,9.68,4.05,27.68,9.87,0.93,12.4,5.77,2.53,12.13,12.8,0.67,1.49,,,,,,,,,,,,,,,,,,,,,,,,,,,,,,,,,,,,,,,,,,,,
3970,180,15,Murray Basin,intermediate,22.93,4.13,0,4.59,25.69,0,2.75,6.42,6.88,8.72,5.05,12.84,,,,,,,,,,,,,,,,,,,,,,,,,,,,,,,,,,,,,,,,,,,,
3971,180,15,Murray Basin,intermediate,7.98,11.05,9.99,3.3,0.5,18.72,11.34,18.17,7.36,2.86,3.32,5.41,,,,,,,,,,,,,,,,,,,,,,,,,,,,,,,,,,,,,,,,,,,,
3973,180,15,Murray Basin,intermediate,15.38,10.26,6.84,6.84,1.28,5.13,9.83,8.55,8.97,13.25,2.56,11.11,,,,,,,,,,,,,,,,,,,,,,,,,,,,,,,,,,,,,,,,,,,,
3974,180,15,Murray Basin,intermediate,7.68,4.38,10.51,20.56,6.86,11,12.45,1.97,0.74,1.39,4.94,17.52,,,,,,,,,,,,,,,,,,,,,,,,,,,,,,,,,,,,,,,,,,,,
3975,180,15,Murray Basin,intermediate,15.12,3.22,1.79,14.33,15.11,8.68,8.46,4.53,6.43,12.64,4.99,4.7,,,,,,,,,,,,,,,,,,,,,,,,,,,,,,,,,,,,,,,,,,,,
3976,180,15,Murray Basin,intermediate,4.62,5.08,6.81,16.2,14.96,12.41,1.16,0.23,2.24,12.84,12.82,10.63,,,,,,,,,,,,,,,,,,,,,,,,,,,,,,,,,,,,,,,,,,,,
3977,180,15,Murray Basin,intermediate,3.47,10.1,3.86,4.07,5,4.59,10.57,17.02,16.84,8.24,8.34,7.9,,,,,,,,,,,,,,,,,,,,,,,,,,,,,,,,,,,,,,,,,,,,
3978,180,15,Murray Basin,intermediate,5.82,8.25,8.25,13.11,9.71,0.97,0.49,11.17,18.93,12.62,7.77,2.91,,,,,,,,,,,,,,,,,,,,,,,,,,,,,,,,,,,,,,,,,,,,
3932,180,15,Murray Basin,rare,9.96,1.85,2.93,3.56,6.53,22.23,23.77,5.54,8.66,4.1,3.26,7.61,,,,,,,,,,,,,,,,,,,,,,,,,,,,,,,,,,,,,,,,,,,,
3940,180,15,Murray Basin,rare,3.46,4.67,3.33,4.8,6.15,4.28,7.14,8.28,11.1,10.27,11.64,24.88,,,,,,,,,,,,,,,,,,,,,,,,,,,,,,,,,,,,,,,,,,,,
3959,180,15,Murray Basin,rare,16.62,19.42,8.3,14.77,6.53,2.38,2.89,4.37,2.45,6.16,10.4,5.71,,,,,,,,,,,,,,,,,,,,,,,,,,,,,,,,,,,,,,,,,,,,
3960,180,15,Murray Basin,rare,23.72,15.27,17.02,15.76,6.43,2.12,3.18,5.88,4.11,6.3,0.16,0.05,,,,,,,,,,,,,,,,,,,,,,,,,,,,,,,,,,,,,,,,,,,,
3961,180,15,Murray Basin,rare,11.12,6.6,8.29,18.5,6.86,1.6,2.12,2.85,8.81,1.76,6.93,24.56,,,,,,,,,,,,,,,,,,,,,,,,,,,,,,,,,,,,,,,,,,,,
3963,180,15,Murray Basin,rare,6.41,10.68,9.32,8.68,3.36,14.56,9.45,7.39,9.16,6.76,7.54,6.69,,,,,,,,,,,,,,,,,,,,,,,,,,,,,,,,,,,,,,,,,,,,
3964,180,15,Murray Basin,rare,4.12,1.92,2.24,11.28,15.31,10.73,5.62,6.39,10.35,13.24,12.04,6.76,,,,,,,,,,,,,,,,,,,,,,,,,,,,,,,,,,,,,,,,,,,,
3965,180,15,Murray Basin,rare,0.28,28.75,3.15,0.82,0.26,7.9,13,0.82,10.44,11.39,12.76,10.43,,,,,,,,,,,,,,,,,,,,,,,,,,,,,,,,,,,,,,,,,,,,
3966,180,15,Murray Basin,rare,14.36,6.01,4.59,4.64,14.77,7.42,5.91,3.86,3.37,8.76,21.11,5.2,,,,,,,,,,,,,,,,,,,,,,,,,,,,,,,,,,,,,,,,,,,,
3967,180,15,Murray Basin,rare,22.98,7.61,5.56,0.23,0.23,0.23,0.23,8.1,17.6,1.48,6.83,28.92,,,,,,,,,,,,,,,,,,,,,,,,,,,,,,,,,,,,,,,,,,,,
4011,270,15,Murray Basin,frequent,12.57,6.68,10.58,13.45,2.9,8.84,0.86,0.43,2.92,13.85,6.37,5.19,3,1.64,1.28,1.71,4.41,3.32,,,,,,,,,,,,,,,,,,,,,,,,,,,,,,,,,,,,,,
4012,270,15,Murray Basin,frequent,11.16,14.78,4.63,13.6,10.04,9.62,2.27,5.93,1.87,1.66,1.96,9.26,6.45,0.7,1.51,2.65,0.31,1.6,,,,,,,,,,,,,,,,,,,,,,,,,,,,,,,,,,,,,,
4013,270,15,Murray Basin,frequent,16.81,12.58,8.23,13.02,1.93,2.47,2.29,1.73,0.88,1.55,5.56,5.89,5.13,3.69,4.9,4.79,2.36,6.19,,,,,,,,,,,,,,,,,,,,,,,,,,,,,,,,,,,,,,
4014,270,15,Murray Basin,frequent,13.77,0.89,0.02,4.12,15.98,8.57,1.99,0.38,0.89,6.05,3.06,10.31,2.99,10.27,10.59,1.42,3.61,5.09,,,,,,,,,,,,,,,,,,,,,,,,,,,,,,,,,,,,,,
4015,270,15,Murray Basin,frequent,5.55,4.21,9.33,14.69,4,2.1,1.4,3.67,10.28,12.44,6.74,4.64,4.8,4.02,2.42,1.56,4.95,3.2,,,,,,,,,,,,,,,,,,,,,,,,,,,,,,,,,,,,,,
4016,270,15,Murray Basin,frequent,9.35,3.51,1.17,3.51,5.26,5.85,11.7,12.87,10.53,11.11,3.51,4.68,2.34,2.92,4.68,1.75,0.58,4.68,,,,,,,,,,,,,,,,,,,,,,,,,,,,,,,,,,,,,,
4017,270,15,Murray Basin,frequent,3.05,1.85,6.16,3.91,3.33,2.54,3.14,1.75,4.5,9.6,11.97,6.33,3.85,3.94,9.16,15.18,7.39,2.35,,,,,,,,,,,,,,,,,,,,,,,,,,,,,,,,,,,,,,
4018,270,15,Murray Basin,frequent,10.87,0.6,3.5,3.06,0.19,6.74,6.91,8.66,0.58,7.97,21.23,3.39,3.41,9.7,2.81,4.81,5.45,0.12,,,,,,,,,,,,,,,,,,,,,,,,,,,,,,,,,,,,,,
4019,270,15,Murray Basin,frequent,1.74,7.36,3.46,3.9,3.03,3.46,1.73,4.76,2.16,0.87,0.87,9.09,7.79,18.18,11.69,13.85,2.6,3.46,,,,,,,,,,,,,,,,,,,,,,,,,,,,,,,,,,,,,,
4021,270,15,Murray Basin,frequent,2.78,5.23,4.12,2.6,2.71,4.16,3.51,4.37,5.52,4.03,6.15,5.42,8.48,11,5.58,9.2,12.03,3.11,,,,,,,,,,,,,,,,,,,,,,,,,,,,,,,,,,,,,,
3972,270,15,Murray Basin,intermediate,6.01,8.32,7.52,2.48,0.38,14.1,8.54,13.68,5.54,2.16,2.5,4.07,3.31,7.07,5.64,2.24,3.52,2.92,,,,,,,,,,,,,,,,,,,,,,,,,,,,,,,,,,,,,,
3998,270,15,Murray Basin,intermediate,5.12,12.27,8.76,25.04,6.47,1.97,2.22,2.96,2.73,3.2,3.28,3.51,4.35,5.13,4.74,3.76,2.75,1.74,,,,,,,,,,,,,,,,,,,,,,,,,,,,,,,,,,,,,,
3999,270,15,Murray Basin,intermediate,6.75,5.67,12.13,20.02,7.1,7.99,4.49,1.66,3.06,0.56,4.69,4.18,5.21,4.06,2.06,3.62,2.8,3.95,,,,,,,,,,,,,,,,,,,,,,,,,,,,,,,,,,,,,,
4000,270,15,Murray Basin,intermediate,3.04,10.18,11.03,14.19,11.43,6.23,4.42,8.55,1.66,1.88,1.59,5.64,1.46,1.44,2.21,7.54,4.64,2.87,,,,,,,,,,,,,,,,,,,,,,,,,,,,,,,,,,,,,,
4001,270,15,Murray Basin,intermediate,6.19,3.52,4.79,6.66,14.52,3.45,2.57,5.16,5.36,5,5.43,8.63,0.21,3.82,7.29,6.38,5.77,5.25,,,,,,,,,,,,,,,,,,,,,,,,,,,,,,,,,,,,,,
4002,270,15,Murray Basin,intermediate,1.39,3.51,3.59,8.65,6.74,2.78,8.06,11.8,6.39,4.5,4.44,0.51,3.53,7.68,8.68,6.39,7.5,3.86,,,,,,,,,,,,,,,,,,,,,,,,,,,,,,,,,,,,,,
4003,270,15,Murray Basin,intermediate,9.3,9.12,16.89,3.04,1.81,1.91,1.23,1.81,5.91,0.76,4.48,20.27,1.94,1.01,3.8,2.87,8.61,5.24,,,,,,,,,,,,,,,,,,,,,,,,,,,,,,,,,,,,,,
4004,270,15,Murray Basin,intermediate,21.1,0.36,0.14,0.14,2.19,13.26,2.74,0.29,10.83,1.86,0.29,15.52,13.54,3.43,3.33,5.12,3.38,2.48,,,,,,,,,,,,,,,,,,,,,,,,,,,,,,,,,,,,,,
4005,270,15,Murray Basin,intermediate,12.45,0.71,1.07,0.71,1.78,1.78,3.91,0.71,12.46,3.56,14.95,7.83,10.32,2.49,2.49,7.47,7.12,8.19,,,,,,,,,,,,,,,,,,,,,,,,,,,,,,,,,,,,,,
4010,270,15,Murray Basin,intermediate,2.04,2.41,2.67,5.65,6.09,7.01,12.11,4.47,2.26,2.76,1.75,5.96,5.76,8.06,6.86,3.05,13.16,7.93,,,,,,,,,,,,,,,,,,,,,,,,,,,,,,,,,,,,,,
3683,270,15,Murray Basin,rare,1.27,7.12,8.6,29.39,9.53,1.44,0.51,0.51,1.1,2.23,0.32,0.74,4.83,5.46,14.88,5.47,3.97,2.63,,,,,,,,,,,,,,,,,,,,,,,,,,,,,,,,,,,,,,
3801,270,15,Murray Basin,rare,2.61,5.86,2.28,4.56,2.61,4.23,3.58,2.61,1.63,0.98,3.26,8.14,2.93,1.3,17.59,16.29,11.4,8.14,,,,,,,,,,,,,,,,,,,,,,,,,,,,,,,,,,,,,,
3916,270,15,Murray Basin,rare,4.08,7.73,6.82,3.76,2.32,1.26,0.34,0.41,1.99,4.76,2.45,2.29,3.32,14.35,11.69,17.77,9.69,4.97,,,,,,,,,,,,,,,,,,,,,,,,,,,,,,,,,,,,,,
3990,270,15,Murray Basin,rare,4.81,12.72,12.51,4.72,9.08,12.35,4.76,5.8,4.87,5.64,4.31,3.49,1.18,1.03,1.44,5.57,3.73,1.99,,,,,,,,,,,,,,,,,,,,,,,,,,,,,,,,,,,,,,
3991,270,15,Murray Basin,rare,5.33,4.16,4.39,12.8,11.8,16.81,13.43,2.64,0.9,1.92,1.45,1.26,1.96,1.7,2.14,2.69,10.61,4.01,,,,,,,,,,,,,,,,,,,,,,,,,,,,,,,,,,,,,,
3992,270,15,Murray Basin,rare,1.55,0.45,4.08,6.7,9.38,8.7,4.16,5.98,8.71,7.21,2.23,9.06,6.62,4.45,7.58,9.28,1.84,2.02,,,,,,,,,,,,,,,,,,,,,,,,,,,,,,,,,,,,,,
3993,270,15,Murray Basin,rare,3.41,3.12,3.77,4.74,8.14,10.66,8.65,7.46,6.49,3.21,3.81,8.71,6.13,3.89,6.19,7.3,2.5,1.82,,,,,,,,,,,,,,,,,,,,,,,,,,,,,,,,,,,,,,
3994,270,15,Murray Basin,rare,1.14,2.21,9.91,6.12,4.8,8.16,7.87,5.31,9.31,11.54,4.8,5.89,3.17,1.52,4.74,1.12,2.55,9.84,,,,,,,,,,,,,,,,,,,,,,,,,,,,,,,,,,,,,,
3996,270,15,Murray Basin,rare,1.81,3.31,2.11,3,4.2,9.61,13.21,4.2,7.51,4.5,6.91,3.6,3.3,3.6,9.01,2.4,10.51,7.21,,,,,,,,,,,,,,,,,,,,,,,,,,,,,,,,,,,,,,
3997,270,15,Murray Basin,rare,3.87,8.6,14.13,2.36,0.94,0.45,9.64,0.39,0.83,9.96,25.72,6.5,1.82,1.9,5.9,0.61,0.55,5.83,,,,,,,,,,,,,,,,,,,,,,,,,,,,,,,,,,,,,,
3981,360,15,Murray Basin,frequent,14.99,18.74,4.54,2.52,2.42,0.88,0.57,4.74,6.46,7.08,4.02,5.79,2.27,1.5,2.27,2.4,2.19,1.6,1.74,1.65,3.01,3.57,3.31,1.74,,,,,,,,,,,,,,,,,,,,,,,,,,,,,,,,
4043,360,15,Murray Basin,frequent,5.23,14.77,19.86,5.24,4.02,4.86,7.7,3.35,2.77,1.14,1.05,1.29,2.25,7.52,3.28,1.2,1.16,2.03,0,2.34,2.7,3.7,0,2.54,,,,,,,,,,,,,,,,,,,,,,,,,,,,,,,,
4044,360,15,Murray Basin,frequent,7.7,4.83,9.89,2.59,2.33,1.05,9.12,20.37,5.54,2,1.82,7.89,6.29,2.53,0.87,0,0.83,3.22,3.18,2.93,0.61,0,1.17,3.24,,,,,,,,,,,,,,,,,,,,,,,,,,,,,,,,
4045,360,15,Murray Basin,frequent,2.77,1.97,2.5,1.86,1.65,0.56,0.31,1.72,7.85,6.24,3.29,12.43,11.38,10.08,5.5,4.29,3.13,8.27,2.44,1.74,2.3,0.65,2.26,4.81,,,,,,,,,,,,,,,,,,,,,,,,,,,,,,,,
4046,360,15,Murray Basin,frequent,0.05,2.39,5.94,6.52,6.82,3.69,3.42,2.57,3.62,9.04,5.69,2.69,3.91,2.42,1.64,3.89,4.42,3.47,4.74,8.58,5.23,5.6,3.15,0.51,,,,,,,,,,,,,,,,,,,,,,,,,,,,,,,,
4047,360,15,Murray Basin,frequent,3.15,3.81,3.59,4.59,6.53,4.71,4.28,4.79,5.02,4.46,4.44,3.81,3.68,5.44,5.17,5.47,3.3,3.06,4.7,2.88,2.97,4.71,2.59,2.85,,,,,,,,,,,,,,,,,,,,,,,,,,,,,,,,
4048,360,15,Murray Basin,frequent,6.31,5.79,3.68,1.05,4.74,6.84,6.84,4.74,2.63,3.68,2.63,2.11,1.58,2.11,5.79,3.16,2.11,2.63,2.63,2.63,4.74,5.79,10.53,5.26,,,,,,,,,,,,,,,,,,,,,,,,,,,,,,,,
4049,360,15,Murray Basin,frequent,3.9,5.25,5.61,4.93,5.63,5.25,4.93,3.18,3.87,3.55,4.93,3.89,4.97,3.18,4.6,4.56,2.8,1.76,2.8,2.11,4.21,4.24,4.58,5.27,,,,,,,,,,,,,,,,,,,,,,,,,,,,,,,,
4050,360,15,Murray Basin,frequent,0,2.12,10.05,5.29,1.06,1.59,0.53,0,0,1.06,0,3.7,14.81,2.12,1.06,0.53,10.05,7.94,19.05,8.99,4.76,3.7,1.06,0.53,,,,,,,,,,,,,,,,,,,,,,,,,,,,,,,,
4051,360,15,Murray Basin,frequent,2.22,2.24,7.13,6.08,1.31,0.36,0.21,0.26,0.52,0.86,0.98,1.81,5.94,4.43,8.37,5.36,3.98,3.22,7.49,9.59,8.92,6.08,8.25,4.39,,,,,,,,,,,,,,,,,,,,,,,,,,,,,,,,
4020,360,15,Murray Basin,intermediate,6.57,3.09,3.47,2.7,3.09,1.54,4.25,1.93,0.77,0.77,8.11,6.95,16.22,10.42,12.36,2.32,3.09,0.39,0.77,0.77,2.7,3.47,1.93,2.32,,,,,,,,,,,,,,,,,,,,,,,,,,,,,,,,
4031,360,15,Murray Basin,intermediate,9.07,4.72,5.5,2.6,4.33,8,8.67,2.25,6.99,3.82,3.22,3.43,2.95,2.09,2.35,3.38,3.01,3.2,2.21,1.22,1.63,5.43,2.46,7.47,,,,,,,,,,,,,,,,,,,,,,,,,,,,,,,,
4033,360,15,Murray Basin,intermediate,1.6,5.07,0.95,1.26,0,0.53,16.8,10.11,9.16,8.79,4.01,5.11,6.18,3.81,3.95,2.09,3.18,3.87,1.28,0,1.62,6.44,2.51,1.68,,,,,,,,,,,,,,,,,,,,,,,,,,,,,,,,
4034,360,15,Murray Basin,intermediate,22.35,10.98,20,1.57,1.96,12.16,2.75,0.39,0.78,1.57,1.18,0,0,0,0,0,0,14.51,1.57,0.78,0.78,0.39,1.57,4.71,,,,,,,,,,,,,,,,,,,,,,,,,,,,,,,,
4037,360,15,Murray Basin,intermediate,7.16,6.52,2.85,8.49,4.82,4.44,4.06,2.74,4.08,3.38,3.07,11.33,3.88,2.42,2.47,7.32,3.77,7.01,2.83,1.68,1.39,0.82,2.01,1.46,,,,,,,,,,,,,,,,,,,,,,,,,,,,,,,,
4038,360,15,Murray Basin,intermediate,2.22,1.09,2.83,3.12,4.89,5.55,6.9,6.84,4.64,3.61,2.21,2.31,3.07,5.83,3.3,7.47,6.79,4.64,4.94,5.16,3.13,2.74,4.61,2.11,,,,,,,,,,,,,,,,,,,,,,,,,,,,,,,,
4039,360,15,Murray Basin,intermediate,9.74,2.58,0.21,0,0,0,0,0.87,15.7,13.67,4.89,0.72,4,2.39,1.66,4.61,3.84,2.5,0.61,3.72,5.22,6.06,7.98,9.03,,,,,,,,,,,,,,,,,,,,,,,,,,,,,,,,
4040,360,15,Murray Basin,intermediate,0.24,0.26,1.22,3.61,4.59,6.14,6.22,3.91,2.07,3.93,5.54,5.66,4.27,6.76,6.16,1.18,4.61,8.56,4.21,4.47,5.82,4.41,3.39,2.77,,,,,,,,,,,,,,,,,,,,,,,,,,,,,,,,
4041,360,15,Murray Basin,intermediate,4.51,15.15,0.5,4.68,15.97,0.83,4.34,1.9,0.4,0.57,1.58,17.61,5.74,2.36,1.11,1.55,1.39,0.69,1.72,2.4,8.3,3.43,2.89,0.38,,,,,,,,,,,,,,,,,,,,,,,,,,,,,,,,
4042,360,15,Murray Basin,intermediate,2.27,1.51,3.79,2.2,2.89,0.17,0,0,0.02,3.1,4.51,2.03,6.87,3.73,4.49,1.53,4.67,8.95,5.3,6.26,5.12,1.21,25.48,3.9,,,,,,,,,,,,,,,,,,,,,,,,,,,,,,,,
3802,360,15,Murray Basin,rare,2.43,5.45,2.12,4.24,2.42,3.94,3.33,2.42,1.52,0.91,3.03,7.58,2.73,1.21,16.36,15.15,10.61,7.58,1.21,0.61,1.52,1.21,1.21,1.21,,,,,,,,,,,,,,,,,,,,,,,,,,,,,,,,
3862,360,15,Murray Basin,rare,1.64,4.43,5.28,3.95,5.35,3.09,2.94,3.69,5.99,5.52,3.96,2.47,4.99,15.16,8.16,7.19,1.78,2.07,3.67,3.46,0.91,1.13,1.68,1.49,,,,,,,,,,,,,,,,,,,,,,,,,,,,,,,,
3941,360,15,Murray Basin,rare,0.43,1.34,2.47,3.43,2.92,2.3,5.09,3.46,4.72,6.04,6.9,10.15,7.86,17.03,4.85,0,0,1.05,5.35,4.24,3.1,3.43,2.95,0.89,,,,,,,,,,,,,,,,,,,,,,,,,,,,,,,,
4022,360,15,Murray Basin,rare,19.17,5,17.86,0.52,2.89,1.31,1.31,2.36,0,10.76,11.29,6.56,1.57,1.05,0.52,0.52,2.89,2.62,2.89,3.15,0.52,1.57,2.1,1.57,,,,,,,,,,,,,,,,,,,,,,,,,,,,,,,,
4023,360,15,Murray Basin,rare,0.79,1.38,4.08,7.47,9.08,19.71,4.89,1.77,4.25,3.55,4.89,2.42,0.46,0.24,0.5,4.71,6.81,7.98,5.17,1.53,3.16,2.5,2.17,0.49,,,,,,,,,,,,,,,,,,,,,,,,,,,,,,,,
4024,360,15,Murray Basin,rare,1.03,3.29,11.97,30.25,4.15,3.8,1.31,2.46,0.56,0.58,0.39,0.25,1.29,0.68,0.24,0.11,0.03,0.03,0.03,0.03,0.03,9.43,25.77,2.29,,,,,,,,,,,,,,,,,,,,,,,,,,,,,,,,
4025,360,15,Murray Basin,rare,2.1,1.84,1.05,3.15,3.67,3.67,7.09,4.2,4.99,3.94,4.2,3.41,3.67,4.2,2.89,3.41,3.94,4.99,7.61,9.71,6.56,3.94,2.62,3.15,,,,,,,,,,,,,,,,,,,,,,,,,,,,,,,,
4026,360,15,Murray Basin,rare,9.85,6.31,3.28,3.28,6.06,5.3,3.28,3.28,3.03,4.55,3.79,2.27,3.54,2.27,1.52,2.53,2.27,3.54,6.31,7.07,4.8,5.05,3.28,3.54,,,,,,,,,,,,,,,,,,,,,,,,,,,,,,,,
4028,360,15,Murray Basin,rare,5.26,3.03,2.54,2.1,5.86,6.39,2.38,1.22,1.96,0.18,10.16,11.06,5.92,4.48,2.32,1.04,0.21,0.04,0,0.15,13.67,12.01,3.08,4.94,,,,,,,,,,,,,,,,,,,,,,,,,,,,,,,,
4029,360,15,Murray Basin,rare,6.11,5.89,3.38,2.98,1.36,0.79,1.14,0.24,0,0,1.17,4.92,1.42,7.99,7.5,5.62,0.93,13.23,14.58,9.85,6.06,2.02,1.17,1.65,,,,,,,,,,,,,,,,,,,,,,,,,,,,,,,,
2530,540,30,Murray Basin,frequent,5.31,6.68,6.85,9.52,8.71,7.33,7.39,7.39,7.76,4.79,3.95,3.04,3.19,3.75,2.73,3.48,2.86,5.27,,,,,,,,,,,,,,,,,,,,,,,,,,,,,,,,,,,,,,
4068,540,30,Murray Basin,frequent,23.1,2.31,0.21,4.03,25.99,10.56,6.53,1.84,1.95,2.17,0.3,0.1,0.1,0.1,4.93,2,7.28,6.5,,,,,,,,,,,,,,,,,,,,,,,,,,,,,,,,,,,,,,
4069,540,30,Murray Basin,frequent,17.12,1.04,2.45,5.94,7.69,13.29,9.79,11.19,8.39,3.5,1.75,2.1,3.15,2.8,4.55,4.2,0.7,0.35,,,,,,,,,,,,,,,,,,,,,,,,,,,,,,,,,,,,,,
4070,540,30,Murray Basin,frequent,6.89,9.82,13.67,6.81,2.71,4.2,4.44,2.14,5.64,4.6,2.93,7.38,4.89,3.18,2.16,5.4,8.84,4.3,,,,,,,,,,,,,,,,,,,,,,,,,,,,,,,,,,,,,,
4072,540,30,Murray Basin,frequent,1.4,3.7,4.17,6.94,11.11,8.8,9.72,6.94,5.09,4.17,2.78,3.24,4.63,5.09,8.8,8.33,2.31,2.78,,,,,,,,,,,,,,,,,,,,,,,,,,,,,,,,,,,,,,
4073,540,30,Murray Basin,frequent,5.12,1.72,8.95,4.86,9.34,5.05,5.51,9.83,6.63,8.54,6.63,3.42,4.32,4.1,3.82,3.83,2.78,5.55,,,,,,,,,,,,,,,,,,,,,,,,,,,,,,,,,,,,,,
4075,540,30,Murray Basin,frequent,7.19,6.39,6.24,6.69,8.9,1.43,1.21,4.5,0.58,4.17,6.58,11.08,10.86,6.09,6.22,3.09,5.39,3.39,,,,,,,,,,,,,,,,,,,,,,,,,,,,,,,,,,,,,,
4076,540,30,Murray Basin,frequent,3.39,2.06,3.59,2.2,3.59,2.26,5.27,7.13,5.91,8.08,5.33,4.41,4.39,5.56,7.57,11.06,11.67,6.53,,,,,,,,,,,,,,,,,,,,,,,,,,,,,,,,,,,,,,
4077,540,30,Murray Basin,frequent,9.59,4.14,6.57,8.14,2.54,1.11,0.82,0.69,4.65,3.34,7.23,7.31,11.32,4.8,5.47,5.05,8.64,8.59,,,,,,,,,,,,,,,,,,,,,,,,,,,,,,,,,,,,,,
4079,540,30,Murray Basin,frequent,4.77,11.4,7.32,1.87,1.21,0.24,0.47,6.48,5.22,4.26,0.1,0.77,1.46,9.49,34.12,7.27,2.79,0.76,,,,,,,,,,,,,,,,,,,,,,,,,,,,,,,,,,,,,,
4032,540,30,Murray Basin,intermediate,11.19,6.57,9.99,8.85,8.76,5.39,4.09,4.65,5.03,2.78,5.72,8.04,2.75,3.77,4.11,4.2,3.94,0.17,,,,,,,,,,,,,,,,,,,,,,,,,,,,,,,,,,,,,,
4059,540,30,Murray Basin,intermediate,2.87,6.12,8.57,7.35,8.98,10.61,8.57,4.08,9.39,12.65,4.08,2.86,2.45,0,5.71,0,0,5.71,,,,,,,,,,,,,,,,,,,,,,,,,,,,,,,,,,,,,,
4060,540,30,Murray Basin,intermediate,3.19,7.8,8.96,1.73,6.36,8.67,13.87,11.27,4.05,1.45,0,0,0,0,0,7.8,16.47,8.38,,,,,,,,,,,,,,,,,,,,,,,,,,,,,,,,,,,,,,
4061,540,30,Murray Basin,intermediate,2.46,5.22,3.54,2.17,6.47,6.93,13.94,24.99,6.42,1.87,1.66,0.11,0.11,3.4,1.22,16.95,0.44,2.1,,,,,,,,,,,,,,,,,,,,,,,,,,,,,,,,,,,,,,
4062,540,30,Murray Basin,intermediate,1.64,6.21,6.29,6.89,7.9,6.22,5.48,2.65,4.85,5.86,8.17,12.64,1.85,0.94,3.59,8.97,5.9,3.95,,,,,,,,,,,,,,,,,,,,,,,,,,,,,,,,,,,,,,
4063,540,30,Murray Basin,intermediate,2.47,0.71,3.53,2.12,4.24,7.07,19.08,13.07,5.3,0.71,3.89,2.12,4.95,16.96,3.18,2.47,6.01,2.12,,,,,,,,,,,,,,,,,,,,,,,,,,,,,,,,,,,,,,
4064,540,30,Murray Basin,intermediate,3.45,6.17,4.9,5.01,5.94,5.17,3.37,3.66,5.47,7.39,8.98,13.16,14.58,3.47,2.03,1.83,2.66,2.76,,,,,,,,,,,,,,,,,,,,,,,,,,,,,,,,,,,,,,
4065,540,30,Murray Basin,intermediate,3.58,2.09,3.31,4.22,2.68,1.5,4.77,11.42,5.77,3.75,1.79,3.84,10.13,11.03,3.5,9.44,6.13,11.05,,,,,,,,,,,,,,,,,,,,,,,,,,,,,,,,,,,,,,
4066,540,30,Murray Basin,intermediate,0,0,18,20.82,7.04,0.85,0.24,0.42,0.42,0.24,0.24,2.04,4.9,3.2,6.84,29.04,5.1,0.61,,,,,,,,,,,,,,,,,,,,,,,,,,,,,,,,,,,,,,
4067,540,30,Murray Basin,intermediate,3.02,4.56,5.54,2.84,1.21,2.03,6.44,2.56,4.26,6.01,4.05,9.62,19.03,6.89,9.25,7.94,3.01,1.74,,,,,,,,,,,,,,,,,,,,,,,,,,,,,,,,,,,,,,
4006,540,30,Murray Basin,rare,5.8,2.33,4.88,1.63,2.56,3.95,4.42,6.51,6.98,1.86,1.4,4.19,10.23,14.42,7.91,9.07,8.6,3.26,,,,,,,,,,,,,,,,,,,,,,,,,,,,,,,,,,,,,,
4027,540,30,Murray Basin,rare,11.82,6.56,8.53,7,5.25,7.22,5.03,3.28,4.81,9.63,9.85,6.13,4.38,2.41,1.97,5.47,0.44,0.22,,,,,,,,,,,,,,,,,,,,,,,,,,,,,,,,,,,,,,
4030,540,30,Murray Basin,rare,1.27,3.16,1.7,1.93,3.3,10.4,4.32,1.92,0.5,0.27,6.05,12.4,7.31,19.41,17.7,3.87,2.47,2.02,,,,,,,,,,,,,,,,,,,,,,,,,,,,,,,,,,,,,,
4035,540,30,Murray Basin,rare,23.03,14.9,9.76,2.17,1.63,0.81,0,0,10.03,1.63,0.81,4.34,0,0,0.54,23.58,3.79,2.98,,,,,,,,,,,,,,,,,,,,,,,,,,,,,,,,,,,,,,
4052,540,30,Murray Basin,rare,14.25,7.7,6.49,11.37,9.05,4.84,4.74,4.17,4.33,2.15,3.04,9.54,5.02,4.18,2.94,3.28,2.18,0.73,,,,,,,,,,,,,,,,,,,,,,,,,,,,,,,,,,,,,,
4053,540,30,Murray Basin,rare,3.5,4.25,6,5.25,6.25,5,5.25,7.5,6.25,5.75,10.25,6.75,5.5,6.25,5.25,4.25,2.5,4.25,,,,,,,,,,,,,,,,,,,,,,,,,,,,,,,,,,,,,,
4054,540,30,Murray Basin,rare,4.91,3.45,3.56,3.92,4.05,4.16,5.63,4.17,6.27,6.14,6.14,7.74,8.21,8.58,7.12,6.01,5.28,4.66,,,,,,,,,,,,,,,,,,,,,,,,,,,,,,,,,,,,,,
4055,540,30,Murray Basin,rare,2.33,3.89,7.25,8.81,6.99,4.15,4.66,3.11,5.44,5.96,6.48,5.7,9.33,6.99,12.69,5.18,1.04,0,,,,,,,,,,,,,,,,,,,,,,,,,,,,,,,,,,,,,,
4056,540,30,Murray Basin,rare,4.88,2.64,2.9,3.99,4.52,6.79,6.61,5.34,6.23,6.42,7.7,2.08,1.45,2.07,4.43,10.87,9.23,11.85,,,,,,,,,,,,,,,,,,,,,,,,,,,,,,,,,,,,,,
4058,540,30,Murray Basin,rare,7.11,6.55,7.17,5.3,6.26,1.92,1.79,1.56,1.31,5.02,6.39,4.51,7.68,4.43,5.75,6.31,4.63,16.31,,,,,,,,,,,,,,,,,,,,,,,,,,,,,,,,,,,,,,
4092,720,30,Murray Basin,frequent,2.04,5.85,6.7,3.86,4.2,2.01,13.11,5.53,4.57,4.83,1.59,1.57,6.72,6.82,5.45,4.55,3.06,4.49,3.36,1.95,2.53,1.59,1.91,1.71,,,,,,,,,,,,,,,,,,,,,,,,,,,,,,,,
4093,720,30,Murray Basin,frequent,6.86,5.79,6.53,17.91,12.42,7.84,1.35,5.65,2.35,0.45,0.08,0.23,0,0.09,1,0.69,0.06,0.75,15.44,0.08,6.58,4.92,0.64,2.29,,,,,,,,,,,,,,,,,,,,,,,,,,,,,,,,
4094,720,30,Murray Basin,frequent,0.43,0.24,4.99,0.32,0.24,10.7,9.98,15.21,7.86,4.75,0.62,1.42,1.92,1.48,10.48,3.77,4.23,2.42,1.18,4.47,2.32,3.59,4.01,3.37,,,,,,,,,,,,,,,,,,,,,,,,,,,,,,,,
4095,720,30,Murray Basin,frequent,3.1,4.28,5.55,3.74,2.29,5.31,5.93,4.21,6.21,4.27,3.46,3.69,4.77,4.7,5.45,3.36,3.38,4.72,3.81,3.95,3.9,3.42,2.5,4,,,,,,,,,,,,,,,,,,,,,,,,,,,,,,,,
4096,720,30,Murray Basin,frequent,7.2,1.25,5.2,1.93,3.09,4.08,0,2.54,1.04,1.2,0,0,2.4,5.99,16.13,18.52,4.91,7.78,4.79,1.2,2.7,5.71,2.34,0,,,,,,,,,,,,,,,,,,,,,,,,,,,,,,,,
4097,720,30,Murray Basin,frequent,12.86,9.83,7.55,2.38,1.4,0,0.16,0.26,0,0.42,0.4,1.85,4.25,12.63,11.55,10.59,3.51,5.68,2.75,0.47,3.38,2.08,0.64,5.36,,,,,,,,,,,,,,,,,,,,,,,,,,,,,,,,
4098,720,30,Murray Basin,frequent,4.86,2.99,0,0.81,8.13,10.52,4.22,5.26,1.75,4.38,8.22,0.68,1.82,2.72,7.77,6.13,3.53,9.53,4.79,2.45,2.67,2.29,2.23,2.25,,,,,,,,,,,,,,,,,,,,,,,,,,,,,,,,
4100,720,30,Murray Basin,frequent,1,2.52,3.74,2.02,1.43,1.2,1.49,2.96,4.16,3.36,4.18,3.09,6.47,5.52,4.01,4.87,5.12,5.06,11.01,9.35,7.02,6.17,3.47,0.78,,,,,,,,,,,,,,,,,,,,,,,,,,,,,,,,
4101,720,30,Murray Basin,frequent,3.43,2.17,5.96,3.67,0,0,0,0,0,2.13,2.09,2.85,2.89,4.53,5.98,8.53,11.84,0.48,0,0,2.82,21.66,12.88,6.09,,,,,,,,,,,,,,,,,,,,,,,,,,,,,,,,
4102,720,30,Murray Basin,frequent,8.41,3.46,0.72,1.12,1.87,3.23,4.39,4.01,2.17,2.17,2.12,2.12,3.79,5.46,6.46,5.08,3.01,2.9,2.5,4.01,3.33,14.28,6.1,7.29,,,,,,,,,,,,,,,,,,,,,,,,,,,,,,,,
4082,720,30,Murray Basin,intermediate,1.58,1.8,1.6,4.78,5.14,7,8.9,11.6,9.44,10.66,5.62,3.4,1.61,0.56,0.09,0.09,0.09,0.5,6.25,6.31,2.13,1.92,5.62,3.31,,,,,,,,,,,,,,,,,,,,,,,,,,,,,,,,
4083,720,30,Murray Basin,intermediate,2.13,0.99,2.52,21.53,3.7,12.65,2.58,1.78,0.79,1.5,0.25,4.65,28.53,0.23,0.08,0.08,2.99,0.5,4.09,0.16,0.55,0.62,1.33,5.77,,,,,,,,,,,,,,,,,,,,,,,,,,,,,,,,
4084,720,30,Murray Basin,intermediate,6.18,9.04,9.25,7.71,6.39,5.95,4.63,1.32,1.54,1.76,2.86,3.08,3.52,3.52,3.52,2.42,1.1,2.42,2.2,3.96,4.63,4.85,3.3,4.85,,,,,,,,,,,,,,,,,,,,,,,,,,,,,,,,
4085,720,30,Murray Basin,intermediate,2.36,2.34,3.52,2.58,4.7,3.05,3.05,2.81,2.82,2.35,5.85,6.58,6.81,6.58,5.39,4.46,3.74,4.22,4.22,2.82,3.53,5.17,6.12,4.93,,,,,,,,,,,,,,,,,,,,,,,,,,,,,,,,
4086,720,30,Murray Basin,intermediate,4.41,13.13,2.77,5.3,4.06,7.86,4.7,0.73,0.06,3.63,3.04,8.34,6.93,8.7,5.04,6.2,1.17,1.23,1.94,1.06,1.97,0.31,1.99,5.43,,,,,,,,,,,,,,,,,,,,,,,,,,,,,,,,
4087,720,30,Murray Basin,intermediate,2.09,2.86,3.1,3.03,2.12,2.67,2.01,2.1,5.48,5.83,6.28,7.17,4.91,2.31,4.92,8.13,7.04,8.37,1.92,4.75,6.93,1.96,2,2.02,,,,,,,,,,,,,,,,,,,,,,,,,,,,,,,,
4088,720,30,Murray Basin,intermediate,1.11,1.89,5.96,12.81,8.22,0.69,3.13,5.19,5.18,6.16,2.58,3.78,1.34,5.73,7.02,3.2,1.66,1.34,3.06,3.1,2.95,9.16,1.11,3.63,,,,,,,,,,,,,,,,,,,,,,,,,,,,,,,,
4089,720,30,Murray Basin,intermediate,4.99,12.7,5.22,3.17,4.54,1.81,4.08,1.59,0.68,0.91,0,2.95,2.27,0.68,3.85,3.17,4.08,0.68,0.23,8.39,17.69,7.48,5.44,3.4,,,,,,,,,,,,,,,,,,,,,,,,,,,,,,,,
4090,720,30,Murray Basin,intermediate,6.95,13.48,1.09,5.87,1.09,0.22,0.22,0.65,0,0.22,1.3,0.43,0.22,0,1.09,10,4.35,5.43,5,12.39,5.87,8.91,9.57,5.65,,,,,,,,,,,,,,,,,,,,,,,,,,,,,,,,
4091,720,30,Murray Basin,intermediate,0.53,2.2,3.95,0.86,2.79,1.35,2.31,1.79,3.01,3.33,4.44,0.72,0.7,1.1,1.47,1.37,1.28,1.06,2.97,16.92,25.2,5.86,8.81,5.98,,,,,,,,,,,,,,,,,,,,,,,,,,,,,,,,
2565,720,30,Murray Basin,rare,1.3,0.25,2.94,4.07,3.56,6.04,6.44,6.51,9.59,4.56,9.86,3.37,3.74,2.15,4.43,7.25,4.8,3.21,3.69,2.13,3.63,2.88,2.83,0.77,,,,,,,,,,,,,,,,,,,,,,,,,,,,,,,,
2569,720,30,Murray Basin,rare,15.27,3.73,3.12,3.52,0.92,1.53,1.15,0.63,0.09,0.07,0.07,11.47,5.98,11.85,3.48,5.22,10.45,1.97,2.56,11.37,2.12,1.59,0.84,1,,,,,,,,,,,,,,,,,,,,,,,,,,,,,,,,
3906,720,30,Murray Basin,rare,1.7,2.69,1.47,2.2,1.71,1.22,3.42,0.73,0,3.67,4.16,2.2,4.16,11.74,14.18,18.34,9.29,4.16,0.49,3.91,2.2,1.47,0.98,3.91,,,,,,,,,,,,,,,,,,,,,,,,,,,,,,,,
3962,720,30,Murray Basin,rare,7.25,4.24,9.3,5.83,15.09,1.6,4.39,4.69,15.79,2.16,0.45,0.44,0.98,0.64,2.06,1.93,0.15,0.1,0.06,1.5,8.56,5.78,5.32,1.69,,,,,,,,,,,,,,,,,,,,,,,,,,,,,,,,
3995,720,30,Murray Basin,rare,0.79,3.99,4.8,8.35,1.23,2.98,0.83,2.09,10,8.08,8.22,13.01,6.67,2.93,3.66,7.73,0.27,0.99,1.94,3.39,2.37,2.1,1.01,2.57,,,,,,,,,,,,,,,,,,,,,,,,,,,,,,,,
4007,720,30,Murray Basin,rare,3,3.2,1.21,1.2,3.79,2.59,3.99,2.59,1.8,2.99,4.39,3.99,7.39,1,2,2.59,8.98,12.77,7.19,5.59,8.58,3.59,2.79,2.79,,,,,,,,,,,,,,,,,,,,,,,,,,,,,,,,
4036,720,30,Murray Basin,rare,19.1,12.36,8.09,1.8,1.35,0.67,0,0,8.31,1.35,0.67,3.6,0,0,0.45,19.55,3.15,2.47,2.7,10.79,2.7,0,0.22,0.67,,,,,,,,,,,,,,,,,,,,,,,,,,,,,,,,
4057,720,30,Murray Basin,rare,2.26,1.64,1.88,2.12,2.35,3.29,4.22,2.28,2.5,3.45,3.91,5.87,5.71,4.62,5.39,5.55,6.66,1.8,1.25,1.79,3.83,9.4,7.98,10.25,,,,,,,,,,,,,,,,,,,,,,,,,,,,,,,,
4080,720,30,Murray Basin,rare,3.12,0.63,31.32,12.73,4.59,2.09,0.63,2.71,2.09,0.21,0,0,23.8,1.25,0.21,0,0,0.21,0.63,0,0,0.21,0.63,12.94,,,,,,,,,,,,,,,,,,,,,,,,,,,,,,,,
4081,720,30,Murray Basin,rare,3.11,3.56,4.15,5.32,6.46,8.04,8.36,3.77,2.55,1.81,1.78,4.36,2.28,2.75,2.97,5.92,4.92,2.74,7.19,6.4,3.23,1.87,3.1,3.36,,,,,,,,,,,,,,,,,,,,,,,,,,,,,,,,
2624,1080,60,Murray Basin,frequent,18.81,6.28,5.41,11.97,3.42,0.57,3.7,1.99,1.42,0.57,0.28,0,0.57,2.85,4.56,8.26,19.37,9.97,,,,,,,,,,,,,,,,,,,,,,,,,,,,,,,,,,,,,,
4120,1080,60,Murray Basin,frequent,8.16,10.28,4.7,4.49,11.33,8.52,6.66,1.04,1.79,6.15,2.18,5.69,3.76,7.52,6.07,0.31,4.81,6.54,,,,,,,,,,,,,,,,,,,,,,,,,,,,,,,,,,,,,,
4121,1080,60,Murray Basin,frequent,8.55,7.61,9.04,6.49,8.15,5.12,6.77,4.39,7.47,5.65,4.24,3.67,3.39,5.36,4.85,4.17,2.82,2.26,,,,,,,,,,,,,,,,,,,,,,,,,,,,,,,,,,,,,,
4122,1080,60,Murray Basin,frequent,0,6.03,5.56,3.89,2.84,5.01,1.33,2.89,8.56,16.53,4.06,0.86,1.65,10.83,6.69,6.92,11.18,5.17,,,,,,,,,,,,,,,,,,,,,,,,,,,,,,,,,,,,,,
4123,1080,60,Murray Basin,frequent,24.91,0.4,0.23,0,0,6.3,5.81,13.56,6.75,5.03,0,9.89,0,10.89,5.57,0,7.18,3.48,,,,,,,,,,,,,,,,,,,,,,,,,,,,,,,,,,,,,,
4124,1080,60,Murray Basin,frequent,13.89,6.32,10.61,3.02,1.93,2.19,2.78,12.46,11.58,12.9,5.57,0.24,0.16,0.59,0.88,14.55,0.2,0.13,,,,,,,,,,,,,,,,,,,,,,,,,,,,,,,,,,,,,,
4125,1080,60,Murray Basin,frequent,2.58,4.91,6.67,5.77,5.13,6.14,6.54,7.64,7.44,16.81,11.27,2.98,3.49,2.31,3.26,2.75,3.18,1.13,,,,,,,,,,,,,,,,,,,,,,,,,,,,,,,,,,,,,,
4126,1080,60,Murray Basin,frequent,1.82,2.23,1.57,3.16,3.58,3.1,3.72,5.35,4.14,8.6,10.43,11.25,10.39,9.25,6.76,5.31,6.3,3.04,,,,,,,,,,,,,,,,,,,,,,,,,,,,,,,,,,,,,,
4127,1080,60,Murray Basin,frequent,15.43,2.31,5.1,2.54,1.43,8.67,0,3.55,9.87,0.08,0.04,0.19,0,1.3,9.38,30.28,7.56,2.27,,,,,,,,,,,,,,,,,,,,,,,,,,,,,,,,,,,,,,
4128,1080,60,Murray Basin,frequent,1.62,2.01,2.84,5.08,4.7,6.96,9.57,4.35,5.8,6.34,8.64,7.21,8.94,11.93,5.81,3.13,4.9,0.17,,,,,,,,,,,,,,,,,,,,,,,,,,,,,,,,,,,,,,
2618,1080,60,Murray Basin,intermediate,27.75,2.14,0.92,1.22,5.18,0.3,1.22,8.23,10.98,0.91,0.3,0,1.52,3.96,3.96,11.59,7.32,12.5,,,,,,,,,,,,,,,,,,,,,,,,,,,,,,,,,,,,,,
4110,1080,60,Murray Basin,intermediate,1.87,6.12,10.11,8.78,7.71,5.32,8.51,12.23,2.93,0.53,2.39,4.26,2.39,0,6.91,9.57,7.18,3.19,,,,,,,,,,,,,,,,,,,,,,,,,,,,,,,,,,,,,,
4111,1080,60,Murray Basin,intermediate,2.37,5.1,9.69,12.97,13.85,7.68,4.91,3.74,4.03,0.29,0.42,2.54,2.57,1.36,4.2,19.78,3.64,0.86,,,,,,,,,,,,,,,,,,,,,,,,,,,,,,,,,,,,,,
4112,1080,60,Murray Basin,intermediate,8.56,7.13,7.31,7.87,16.81,7.86,5.59,2.72,1.27,0.13,0.13,0.96,4.66,2.87,2.92,6.96,9.14,7.11,,,,,,,,,,,,,,,,,,,,,,,,,,,,,,,,,,,,,,
4114,1080,60,Murray Basin,intermediate,3.75,6.43,3.82,5.31,9.22,8.12,6.34,2.85,1.93,1.94,8.37,4.6,0.78,2.62,23.95,1.56,3.31,5.1,,,,,,,,,,,,,,,,,,,,,,,,,,,,,,,,,,,,,,
4115,1080,60,Murray Basin,intermediate,2.41,3.04,5.54,6.06,6.76,6.81,9.42,5.4,2.86,2.83,2.09,7.87,8.43,8.62,5.96,2.11,9.06,4.73,,,,,,,,,,,,,,,,,,,,,,,,,,,,,,,,,,,,,,
4116,1080,60,Murray Basin,intermediate,3.32,4.25,7.14,6.71,4.65,6.47,4.8,3.02,4.48,3.36,1.66,7.32,4.15,4.48,9.41,9.11,8.98,6.69,,,,,,,,,,,,,,,,,,,,,,,,,,,,,,,,,,,,,,
4117,1080,60,Murray Basin,intermediate,2.02,3.25,1.4,2.31,2.71,3.13,2.05,2.12,2.12,6.15,9.27,12.2,10.75,9.5,8.99,12.87,5.82,3.34,,,,,,,,,,,,,,,,,,,,,,,,,,,,,,,,,,,,,,
4118,1080,60,Murray Basin,intermediate,7.05,8.82,9.79,0.73,0.85,1.37,0.75,4.53,6.11,4.58,4.08,8.03,6.67,7.93,7.21,7.23,6.5,7.77,,,,,,,,,,,,,,,,,,,,,,,,,,,,,,,,,,,,,,
4119,1080,60,Murray Basin,intermediate,6.44,9.33,9.34,0.57,2.99,5.51,1.98,1.33,0.16,0.16,0.16,11.41,13.63,5,2.78,3.78,2.36,23.07,,,,,,,,,,,,,,,,,,,,,,,,,,,,,,,,,,,,,,
2519,1080,60,Murray Basin,rare,5.07,4.06,6.31,4.19,4.92,7.37,4.74,5.78,5.59,7.32,7.68,7.22,4,2.61,5.46,5.35,3.26,9.07,,,,,,,,,,,,,,,,,,,,,,,,,,,,,,,,,,,,,,
2683,1080,60,Murray Basin,rare,11.16,5.32,2.35,10.93,15.26,15.23,5.86,5.96,2.55,4.93,2.79,2.07,1.59,3.37,6.97,1.79,0.65,1.22,,,,,,,,,,,,,,,,,,,,,,,,,,,,,,,,,,,,,,
3917,1080,60,Murray Basin,rare,3.45,1.16,6.47,2.84,0.34,0.21,2.85,5.7,11.91,2.3,6.11,25.06,10.16,1.22,0.78,3.14,15.13,1.17,,,,,,,,,,,,,,,,,,,,,,,,,,,,,,,,,,,,,,
4008,1080,60,Murray Basin,rare,5.04,3.56,4.75,4.3,3.41,5.34,3.86,3.71,2.97,4.6,5.04,2.23,5.49,8.46,3.26,10.39,12.02,11.57,,,,,,,,,,,,,,,,,,,,,,,,,,,,,,,,,,,,,,
4103,1080,60,Murray Basin,rare,21.12,1.21,17.52,7.17,4.65,0,0,0,0,0,14.62,4.59,5.98,4.93,6.17,7.4,2.78,1.86,,,,,,,,,,,,,,,,,,,,,,,,,,,,,,,,,,,,,,
4104,1080,60,Murray Basin,rare,4.19,2.46,2.84,6.57,6.79,7.37,10.65,6.41,9.57,5.34,7.05,5.39,2.5,3.91,4.84,5.87,3.03,5.22,,,,,,,,,,,,,,,,,,,,,,,,,,,,,,,,,,,,,,
4106,1080,60,Murray Basin,rare,9.27,5.89,1.46,0.26,0,3.78,0.13,0,23.63,5,4.59,13.23,8.62,18.04,2.3,0.32,1.14,2.34,,,,,,,,,,,,,,,,,,,,,,,,,,,,,,,,,,,,,,
4107,1080,60,Murray Basin,rare,4.57,6.95,7.96,7.55,5.2,5.82,7.53,9.58,6.75,4.96,0.94,0.52,1.9,1.83,7.46,12.56,4.94,2.98,,,,,,,,,,,,,,,,,,,,,,,,,,,,,,,,,,,,,,
4108,1080,60,Murray Basin,rare,4.5,5.25,5.66,2.86,3.55,4.1,6.44,6.99,6.8,7.55,6.9,3.38,4.76,5.4,3.19,3.97,12.88,5.82,,,,,,,,,,,,,,,,,,,,,,,,,,,,,,,,,,,,,,
4109,1080,60,Murray Basin,rare,3.42,3.56,2.85,4.78,5.48,8.76,4.4,4.92,4.86,6.99,15.77,9.31,4.75,5.35,5.38,5.01,2.33,2.08,,,,,,,,,,,,,,,,,,,,,,,,,,,,,,,,,,,,,,
4149,1440,60,Murray Basin,frequent,3.14,2.21,6.12,6.87,7.6,8.36,11.21,6.07,8.48,1.09,0.4,0,0,0,1.1,2.09,3.53,6.75,7.03,6.27,3.1,2.55,2.87,3.16,,,,,,,,,,,,,,,,,,,,,,,,,,,,,,,,
4150,1440,60,Murray Basin,frequent,2.25,0,1.8,4.49,2.47,2.7,9.44,10.34,14.38,6.52,2.7,3.15,0.67,0.9,1.12,4.49,0.67,1.35,1.8,1.57,1.57,17.53,5.62,2.47,,,,,,,,,,,,,,,,,,,,,,,,,,,,,,,,
4151,1440,60,Murray Basin,frequent,6.49,14.77,0.67,0.22,8.72,12.98,4.92,5.82,2.24,2.68,4.47,8.05,6.04,0.89,0.67,0.89,1.57,1.57,3.13,6.94,1.12,2.01,1.57,1.57,,,,,,,,,,,,,,,,,,,,,,,,,,,,,,,,
4153,1440,60,Murray Basin,frequent,27.36,0,0,0,0,0.05,12.67,0.95,0,0,0,0.4,3.6,14.58,5.09,0.79,0,1.2,21.73,8.01,0,0,0.98,2.59,,,,,,,,,,,,,,,,,,,,,,,,,,,,,,,,
4154,1440,60,Murray Basin,frequent,0.67,2.62,3.95,6.87,5.83,5.11,1.35,1.69,4.22,3.13,1.57,5.49,8.72,8.3,0,0,0,0,8.34,16.17,4.55,7.18,0.79,3.45,,,,,,,,,,,,,,,,,,,,,,,,,,,,,,,,
4155,1440,60,Murray Basin,frequent,3.09,0.69,8.57,23.29,0.68,7.19,0.34,0,1.37,3.08,2.4,2.4,0.68,1.71,0,17.12,0,0,1.71,3.08,6.51,8.9,5.82,1.37,,,,,,,,,,,,,,,,,,,,,,,,,,,,,,,,
4156,1440,60,Murray Basin,frequent,3.75,3.67,1.92,1.74,4.11,5.23,4.93,3.63,6.23,3.96,2.26,5.3,4.18,9.01,7.91,4.06,1.14,0.64,3.24,0.52,2.17,10.08,5.06,5.26,,,,,,,,,,,,,,,,,,,,,,,,,,,,,,,,
4157,1440,60,Murray Basin,frequent,2.82,1.52,0.91,2.32,2.4,7.76,3.23,2.1,3.37,1.24,0,0,0,2.3,4.75,6.93,1.06,0.43,7.3,1.97,1.26,8.3,6.42,31.61,,,,,,,,,,,,,,,,,,,,,,,,,,,,,,,,
4158,1440,60,Murray Basin,frequent,4.23,3.02,6.57,7.09,6.15,6.38,3.07,4.37,1.63,0.56,0.87,2.53,1.04,1.12,0.48,0.4,0.4,4.02,2.34,7.79,11.35,12.17,9.81,2.61,,,,,,,,,,,,,,,,,,,,,,,,,,,,,,,,
4159,1440,60,Murray Basin,frequent,4.48,3.35,3.98,2.31,3.06,2.65,1.73,3.97,2.68,1.46,2.68,2.64,5,3.98,3.89,3.38,3.74,8.35,9.93,8.39,4.33,0.35,6.69,6.98,,,,,,,,,,,,,,,,,,,,,,,,,,,,,,,,
2625,1440,60,Murray Basin,intermediate,13.78,1.74,5.25,1.97,0.88,0.44,3.72,14.44,3.94,8.1,4.38,1.53,1.53,2.41,1.53,0.66,0,0.22,0.22,1.53,2.63,5.47,6.78,16.85,,,,,,,,,,,,,,,,,,,,,,,,,,,,,,,,
4113,1440,60,Murray Basin,intermediate,3.22,6.67,5.8,6.2,6.12,9.36,13.7,3.22,3.45,0.92,0.66,0.11,0.11,2.95,3.74,1.87,4.34,7.08,6.57,4.66,2.09,1.82,2.13,3.21,,,,,,,,,,,,,,,,,,,,,,,,,,,,,,,,
4137,1440,60,Murray Basin,intermediate,3.3,2.55,3.07,10.97,12.8,9.19,4.6,1.53,4.93,0.39,3.56,6.67,1.9,3.63,2.82,1.49,0.51,0,0,1.64,8.55,4.12,6.01,5.77,,,,,,,,,,,,,,,,,,,,,,,,,,,,,,,,
4139,1440,60,Murray Basin,intermediate,5.36,6.63,8.78,5.98,7.49,7.74,6.96,5.13,4.21,3.66,3.31,1.99,2.37,1.15,2.06,1.68,3.07,2.63,3.23,4.02,0.65,1.72,1.35,8.83,,,,,,,,,,,,,,,,,,,,,,,,,,,,,,,,
4141,1440,60,Murray Basin,intermediate,2.3,0.69,1.34,5.72,2.6,5.18,2.23,12.64,2.57,3.77,11.63,10.28,10.73,0.95,0.18,0.45,0.18,0,0,0,9.32,15.57,0.34,1.33,,,,,,,,,,,,,,,,,,,,,,,,,,,,,,,,
4143,1440,60,Murray Basin,intermediate,21.31,5.84,12.71,0.69,0,0,0,1.37,0.34,13.4,15.12,1.72,1.72,0,0,0.69,0.69,2.75,3.78,6.19,1.37,2.75,3.44,4.12,,,,,,,,,,,,,,,,,,,,,,,,,,,,,,,,
4145,1440,60,Murray Basin,intermediate,10.36,0.19,18.26,29.91,3.38,0.08,0,0,0.78,1.33,2.22,0.99,1.02,0.82,0.39,0.75,0.34,0.23,0.37,0.64,0.19,11.64,15.72,0.39,,,,,,,,,,,,,,,,,,,,,,,,,,,,,,,,
4146,1440,60,Murray Basin,intermediate,1.47,1.38,2.26,3.39,3.1,1.71,3.88,8.74,0.87,0.96,3.19,3.32,4.23,4.2,6.48,6.52,6.47,5.07,2.71,4.9,11.85,8.8,2.04,2.46,,,,,,,,,,,,,,,,,,,,,,,,,,,,,,,,
4147,1440,60,Murray Basin,intermediate,1.5,1.77,2.09,2.84,3.01,2.52,4.01,3.5,4.76,4.83,3.96,2.38,2.52,4.19,3.77,2.88,0.72,3.47,6.06,3.62,11.59,8.45,8.5,7.06,,,,,,,,,,,,,,,,,,,,,,,,,,,,,,,,
4148,1440,60,Murray Basin,intermediate,5.27,5.44,3.39,1.54,3.17,2.73,3.82,3.8,0.51,1.21,2.96,3.89,4.25,4.31,5.13,5.16,4.42,4.79,6.43,5.66,5.1,4.48,6.98,5.56,,,,,,,,,,,,,,,,,,,,,,,,,,,,,,,,
2520,1440,60,Murray Basin,rare,5.38,7.07,5.48,4.87,3.32,1.97,2.55,2.29,3.83,3.1,4.33,4.3,2.59,5.13,4.69,3.99,4.24,4.95,5.88,5.54,4.7,2,3.59,4.21,,,,,,,,,,,,,,,,,,,,,,,,,,,,,,,,
4009,1440,60,Murray Basin,rare,1.5,2.1,3.09,2.48,4.08,4.08,3.09,4.33,3.09,3.84,3.34,3.09,3.47,1.86,3.96,4.08,2.23,5.69,5.32,2.97,12.87,6.19,9.41,3.84,,,,,,,,,,,,,,,,,,,,,,,,,,,,,,,,
4071,1440,60,Murray Basin,rare,4.12,5.92,8.47,7.59,6.47,3.7,2.61,2.82,0.79,0.3,0.44,0,0,0.64,4.76,4.67,12.34,4.96,4.17,4.17,4.4,6.18,2.66,7.82,,,,,,,,,,,,,,,,,,,,,,,,,,,,,,,,
4105,1440,60,Murray Basin,rare,3.21,1.64,1.43,1.16,2.72,3.14,3.19,1.3,5.16,6.43,5.93,7.94,7.33,7.35,6.09,6.1,5.56,2.76,1.95,3.42,5.83,3.69,4.22,2.45,,,,,,,,,,,,,,,,,,,,,,,,,,,,,,,,
4129,1440,60,Murray Basin,rare,29.99,23.88,7.19,0.85,1,0.7,0,0,1.16,0.46,1.85,2.01,1.62,2.55,2.4,4.17,2.94,1.39,1.16,3.48,4.25,2.47,2.86,1.62,,,,,,,,,,,,,,,,,,,,,,,,,,,,,,,,
4130,1440,60,Murray Basin,rare,5.34,5.35,3.82,2.29,5.16,6.3,11.4,7.05,5.72,4.39,3.44,1.92,3.06,4,2.67,4.78,3.25,0.38,1.15,4.2,3.63,5.73,1.91,3.06,,,,,,,,,,,,,,,,,,,,,,,,,,,,,,,,
4131,1440,60,Murray Basin,rare,8.37,0.56,8.02,8.32,5.61,4.66,3.42,3.68,6.7,5.67,1.77,2.47,1.21,8.68,2.21,3.35,3.23,4.42,5.91,3.33,4.15,2.31,1.68,0.27,,,,,,,,,,,,,,,,,,,,,,,,,,,,,,,,
4132,1440,60,Murray Basin,rare,1.22,4.26,5.84,3.81,2.8,3.96,8.72,4.53,3.87,3.4,2.89,2.1,9.81,10.02,12.76,2.29,0.84,1.09,3.88,2.31,0.57,0.99,6.78,1.26,,,,,,,,,,,,,,,,,,,,,,,,,,,,,,,,
4133,1440,60,Murray Basin,rare,1.04,7.02,7.26,7.43,5.69,5.53,5.2,4.74,2.4,2.52,1.6,1.72,10.94,5.9,2.28,3.54,1.96,1.77,0.59,0,0.12,0,6.71,14.04,,,,,,,,,,,,,,,,,,,,,,,,,,,,,,,,
4134,1440,60,Murray Basin,rare,4.14,0.74,6.27,9.82,0,0,0,0,0,0,0,3.52,9.43,11.43,3.22,2.81,7.73,7.26,4.17,8.08,4.04,5.36,2.98,9,,,,,,,,,,,,,,,,,,,,,,,,,,,,,,,,
2646,1800,120,Murray Basin,frequent,5.09,2.41,3.48,5.35,1.6,22.19,8.82,3.74,2.41,2.94,1.34,0.53,14.17,17.91,8.02,,,,,,,,,,,,,,,,,,,,,,,,,,,,,,,,,,,,,,,,,
4167,1800,120,Murray Basin,frequent,8.68,13.48,5.4,8.65,11.46,6.49,2.17,1.38,3.04,1.74,1.91,6.28,12.19,15.87,1.26,,,,,,,,,,,,,,,,,,,,,,,,,,,,,,,,,,,,,,,,,
4168,1800,120,Murray Basin,frequent,19.01,0.74,0,0,29.88,2.96,1.48,1.98,5.68,4.69,5.93,6.91,0.25,10.37,10.12,,,,,,,,,,,,,,,,,,,,,,,,,,,,,,,,,,,,,,,,,
4170,1800,120,Murray Basin,frequent,7.5,5.75,5.95,8.27,11.29,12.64,16.72,12.08,0.98,0.88,0.69,1.33,0.24,7.83,7.85,,,,,,,,,,,,,,,,,,,,,,,,,,,,,,,,,,,,,,,,,
4172,1800,120,Murray Basin,frequent,11.35,32.16,4.61,0.69,0,0,0,2.6,5.18,10.51,3.78,0,6.12,5.59,17.41,,,,,,,,,,,,,,,,,,,,,,,,,,,,,,,,,,,,,,,,,
4174,1800,120,Murray Basin,frequent,4.27,7.22,7.18,9.31,9.18,5.19,3.22,7.9,6.09,5.03,9.18,6.83,6,7.32,6.08,,,,,,,,,,,,,,,,,,,,,,,,,,,,,,,,,,,,,,,,,
4175,1800,120,Murray Basin,frequent,8.15,4.64,13.92,12.43,2.97,1.09,8.62,8.15,4.73,2.96,4.61,0.72,2.13,8.97,15.91,,,,,,,,,,,,,,,,,,,,,,,,,,,,,,,,,,,,,,,,,
4176,1800,120,Murray Basin,frequent,0.32,11.56,20.1,10.37,1.05,0.68,0.24,0.98,1.81,0.24,0.43,5.84,40.1,5.43,0.85,,,,,,,,,,,,,,,,,,,,,,,,,,,,,,,,,,,,,,,,,
4178,1800,120,Murray Basin,frequent,0,0.98,6.94,5.01,1.7,0.25,0.25,2.99,14.13,6.67,11.91,34.54,0,1.68,12.95,,,,,,,,,,,,,,,,,,,,,,,,,,,,,,,,,,,,,,,,,
4181,1800,120,Murray Basin,frequent,8.44,15.89,3.44,3.33,1.36,0.92,0.63,0.75,10.29,14.37,13.88,8.09,7.39,7.07,4.15,,,,,,,,,,,,,,,,,,,,,,,,,,,,,,,,,,,,,,,,,
2626,1800,120,Murray Basin,intermediate,0.2,0.2,14.23,6.71,1.22,16.26,8.74,8.94,3.25,2.24,0.41,1.22,6.5,22.36,7.52,,,,,,,,,,,,,,,,,,,,,,,,,,,,,,,,,,,,,,,,,
2633,1800,120,Murray Basin,intermediate,6.85,6.69,13.42,7.55,2.85,3.44,2.03,7.3,16.49,3.8,0.79,1.76,19.55,5.9,1.58,,,,,,,,,,,,,,,,,,,,,,,,,,,,,,,,,,,,,,,,,
4074,1800,120,Murray Basin,intermediate,8.46,15.93,3.42,3.3,1.24,0.92,0.53,0.66,10.32,14.45,13.95,8.14,7.44,7.08,4.16,,,,,,,,,,,,,,,,,,,,,,,,,,,,,,,,,,,,,,,,,
4144,1800,120,Murray Basin,intermediate,21.71,13.79,0.29,0.88,2.05,22.87,2.93,0.29,2.35,6.45,4.69,5.87,7.33,3.81,4.69,,,,,,,,,,,,,,,,,,,,,,,,,,,,,,,,,,,,,,,,,
4160,1800,120,Murray Basin,intermediate,6.75,7.24,14.13,11.77,13.49,6.32,0.08,0,0,0,0.54,7.75,10.62,11.68,9.63,,,,,,,,,,,,,,,,,,,,,,,,,,,,,,,,,,,,,,,,,
4161,1800,120,Murray Basin,intermediate,5,6.2,3.79,9.34,17.61,15.57,7.19,6.36,4.81,4.9,2.4,4.1,5.53,5.7,1.5,,,,,,,,,,,,,,,,,,,,,,,,,,,,,,,,,,,,,,,,,
4162,1800,120,Murray Basin,intermediate,5.69,3.05,2.43,6.11,9.96,19.76,8.55,8.35,4.63,4.37,5.85,1.22,0,12.82,7.21,,,,,,,,,,,,,,,,,,,,,,,,,,,,,,,,,,,,,,,,,
4164,1800,120,Murray Basin,intermediate,4.65,10.06,13.97,3.72,3.91,0.56,0.19,0,15.08,13.78,10.99,8.94,8.19,1.12,4.84,,,,,,,,,,,,,,,,,,,,,,,,,,,,,,,,,,,,,,,,,
4165,1800,120,Murray Basin,intermediate,3.04,10.01,1.53,0,0,0.83,4.21,5.07,8.7,4.3,9,1.38,19.88,17.08,14.97,,,,,,,,,,,,,,,,,,,,,,,,,,,,,,,,,,,,,,,,,
4166,1800,120,Murray Basin,intermediate,6.87,5.23,2.09,19.79,0.5,0.04,0.11,3.52,2.69,6.48,7.37,11.67,9.97,13.31,10.36,,,,,,,,,,,,,,,,,,,,,,,,,,,,,,,,,,,,,,,,,
2290,1800,120,Murray Basin,rare,7.41,8.07,5.72,1.44,4.08,4.12,5.9,6.08,4.98,1.74,4.48,10.3,10.08,9.68,15.92,,,,,,,,,,,,,,,,,,,,,,,,,,,,,,,,,,,,,,,,,
2326,1800,120,Murray Basin,rare,18.88,9.76,20.33,9.35,0.99,0,4.6,6.14,0,0,21.93,0.23,0,7.49,0.3,,,,,,,,,,,,,,,,,,,,,,,,,,,,,,,,,,,,,,,,,
2359,1800,120,Murray Basin,rare,10.24,13.13,22.77,5.42,7.95,2.29,2.77,3.13,1.45,1.81,2.41,3.73,9.04,6.99,6.87,,,,,,,,,,,,,,,,,,,,,,,,,,,,,,,,,,,,,,,,,
2422,1800,120,Murray Basin,rare,10.73,4.14,5.1,11.8,3.08,2.02,2.02,2.02,0.43,1.91,5.1,10.41,18.07,16.05,7.12,,,,,,,,,,,,,,,,,,,,,,,,,,,,,,,,,,,,,,,,,
2498,1800,120,Murray Basin,rare,1.68,2.76,17.94,3.59,1.79,2.03,1.56,2.63,12.92,6.82,11.36,14.11,10.89,4.78,5.14,,,,,,,,,,,,,,,,,,,,,,,,,,,,,,,,,,,,,,,,,
2521,1800,120,Murray Basin,rare,2.69,5.48,10.73,7.78,4.18,4.7,5.83,6.25,8.49,6.78,8.45,9.98,3.89,6.69,8.08,,,,,,,,,,,,,,,,,,,,,,,,,,,,,,,,,,,,,,,,,
2532,1800,120,Murray Basin,rare,21.41,0.16,0,0.16,12.25,9.8,12.75,2.78,4.9,1.63,8.5,8.01,5.72,7.68,4.25,,,,,,,,,,,,,,,,,,,,,,,,,,,,,,,,,,,,,,,,,
2694,1800,120,Murray Basin,rare,8.6,6.42,5.42,4.06,9.71,7.51,6.23,1.26,2.17,1.71,0.35,3,20.96,16.77,5.83,,,,,,,,,,,,,,,,,,,,,,,,,,,,,,,,,,,,,,,,,
4135,1800,120,Murray Basin,rare,1.42,0.15,6.43,4.12,14.83,0,0,0,3.24,19.22,5.88,13.98,10.82,8.62,11.29,,,,,,,,,,,,,,,,,,,,,,,,,,,,,,,,,,,,,,,,,
4138,1800,120,Murray Basin,rare,7.62,3.36,1.73,5.12,12.25,19.19,5.35,4.65,8.93,4.82,3.77,0.44,1.43,11.06,10.28,,,,,,,,,,,,,,,,,,,,,,,,,,,,,,,,,,,,,,,,,
4171,2160,120,Murray Basin,frequent,6.44,4.58,6.02,7.01,10.15,11.07,14.13,14.71,2.65,1.14,0.28,1.66,0.22,3.59,9.15,2.14,0.57,4.49,,,,,,,,,,,,,,,,,,,,,,,,,,,,,,,,,,,,,,
4173,2160,120,Murray Basin,frequent,0,0,4.95,10.52,32.26,2.71,0.66,0,0,0.2,2.28,4.92,10,3.59,0,6.47,4.67,16.77,,,,,,,,,,,,,,,,,,,,,,,,,,,,,,,,,,,,,,
4177,2160,120,Murray Basin,frequent,2.71,3.93,0.76,0,0,4.14,9.94,20.29,5.91,0.88,0.79,0,1.67,1.12,0.07,1.37,12.87,33.55,,,,,,,,,,,,,,,,,,,,,,,,,,,,,,,,,,,,,,
4179,2160,120,Murray Basin,frequent,2.47,9.24,6.94,0,0,0,0,0,5.69,6.38,1.24,0.61,0.48,2.35,8.06,9.36,8.7,38.48,,,,,,,,,,,,,,,,,,,,,,,,,,,,,,,,,,,,,,
4191,2160,120,Murray Basin,frequent,7.64,3.88,0.62,2.14,7.28,17.66,9.43,9.45,6.52,6.11,2.52,2.79,3.15,7.47,3.8,1.32,3.51,4.71,,,,,,,,,,,,,,,,,,,,,,,,,,,,,,,,,,,,,,
4192,2160,120,Murray Basin,frequent,6.12,3.9,5.85,5.85,7.52,8.36,5.57,15.04,2.51,0,0.28,10.31,0,0,13.37,6.41,7.8,1.11,,,,,,,,,,,,,,,,,,,,,,,,,,,,,,,,,,,,,,
4193,2160,120,Murray Basin,frequent,7.65,0,0,2.55,11.56,11.1,0,0,22.72,2.37,13.23,10.76,2.88,0.83,3.23,2.54,2.99,5.59,,,,,,,,,,,,,,,,,,,,,,,,,,,,,,,,,,,,,,
4194,2160,120,Murray Basin,frequent,4.47,2.05,5.14,7.62,6.17,2.7,1.94,5.14,14.8,11.31,1.08,0.17,1.85,0,3.39,9.52,12.34,10.31,,,,,,,,,,,,,,,,,,,,,,,,,,,,,,,,,,,,,,
4195,2160,120,Murray Basin,frequent,3.49,3.15,1.11,12.2,5.13,4.92,10.59,7.76,11.36,5.25,5.46,3.71,5.15,10.73,1.57,0.2,6.72,1.5,,,,,,,,,,,,,,,,,,,,,,,,,,,,,,,,,,,,,,
4196,2160,120,Murray Basin,frequent,0,30.47,0,0,0,0.39,0,0.78,0,0.39,0,7.03,10.94,11.72,13.28,4.3,7.03,13.67,,,,,,,,,,,,,,,,,,,,,,,,,,,,,,,,,,,,,,
2639,2160,120,Murray Basin,intermediate,9,1.81,3.47,12.69,5.87,0.24,1.11,2.52,2.44,1.64,5.78,3.24,9.83,10.84,10.52,6.11,4.4,8.49,,,,,,,,,,,,,,,,,,,,,,,,,,,,,,,,,,,,,,
4099,2160,120,Murray Basin,intermediate,5.67,18.63,12.73,11.68,15.41,6.89,5.01,2.94,0.61,0.94,0,0,1.13,1.45,0,0,5.78,11.13,,,,,,,,,,,,,,,,,,,,,,,,,,,,,,,,,,,,,,
4140,2160,120,Murray Basin,intermediate,3.08,9.36,11.53,11.9,9.45,6.15,4.15,2.75,2.92,4.45,5.66,1.85,7.96,4.96,5.26,0.21,0.62,7.74,,,,,,,,,,,,,,,,,,,,,,,,,,,,,,,,,,,,,,
4163,2160,120,Murray Basin,intermediate,3.68,0.77,0.77,5.47,2.44,2.31,6.37,9.71,18.25,8.15,7.54,4.43,4.44,5.21,1.16,0,12.54,6.76,,,,,,,,,,,,,,,,,,,,,,,,,,,,,,,,,,,,,,
4184,2160,120,Murray Basin,intermediate,10.23,17.18,4.97,3.47,1.68,6.14,30.11,0.99,0,0,0,0,0,0,0.15,6.16,18.4,0.52,,,,,,,,,,,,,,,,,,,,,,,,,,,,,,,,,,,,,,
4185,2160,120,Murray Basin,intermediate,5.48,13.72,18.2,3.24,1.5,0.25,5.74,6.73,0.5,0.25,0.5,2.24,0,4.49,3.74,9.73,2.74,20.95,,,,,,,,,,,,,,,,,,,,,,,,,,,,,,,,,,,,,,
4186,2160,120,Murray Basin,intermediate,7.74,2.09,3.97,0.61,5.44,7.07,4.37,6.54,9.02,8,5.88,2.34,6.41,9.02,7.23,5.05,5.86,3.36,,,,,,,,,,,,,,,,,,,,,,,,,,,,,,,,,,,,,,
4187,2160,120,Murray Basin,intermediate,6.98,9.57,7.24,3.69,4.79,5.5,5.55,5.42,8.74,1.63,1.85,0.66,0.55,5.83,6.94,0.51,9.82,14.73,,,,,,,,,,,,,,,,,,,,,,,,,,,,,,,,,,,,,,
4189,2160,120,Murray Basin,intermediate,8.67,17.08,0,2.13,0.11,1.95,18.79,0.32,0,0,0.28,14.25,6.97,0.43,6.7,12.36,4.75,5.21,,,,,,,,,,,,,,,,,,,,,,,,,,,,,,,,,,,,,,
4190,2160,120,Murray Basin,intermediate,10.31,1.35,0.61,2.31,8.24,9.2,2.35,0.26,0.26,0.26,5.42,8.17,16.03,1.32,15.6,18.15,0.16,0,,,,,,,,,,,,,,,,,,,,,,,,,,,,,,,,,,,,,,
2327,2160,120,Murray Basin,rare,24.3,15.99,9.47,1.71,0,0,9.48,0,0,18.6,0.97,0,5.36,1.42,0.21,0.31,4.79,7.39,,,,,,,,,,,,,,,,,,,,,,,,,,,,,,,,,,,,,,
2360,2160,120,Murray Basin,rare,4.09,10.25,15.86,15.32,3.99,6.36,2.59,2.27,2.91,0.97,2.05,1.83,6.15,6.26,6.69,5.07,4.64,2.7,,,,,,,,,,,,,,,,,,,,,,,,,,,,,,,,,,,,,,
2423,2160,120,Murray Basin,rare,9.85,3.8,4.69,10.84,2.83,1.86,1.86,1.86,0.39,1.76,4.69,9.57,16.6,14.75,6.54,5.47,2.44,0.2,,,,,,,,,,,,,,,,,,,,,,,,,,,,,,,,,,,,,,
2461,2160,120,Murray Basin,rare,1.53,2.5,7.82,1.18,0.18,0.12,1.43,6.09,8.55,9.11,11.01,6.39,2.59,9.9,14.35,2.99,9.5,4.76,,,,,,,,,,,,,,,,,,,,,,,,,,,,,,,,,,,,,,
2499,2160,120,Murray Basin,rare,2.78,3.11,1.44,1.33,3.99,16.85,1.55,1.77,1.66,1.33,6.54,9.65,8.54,9.65,14.3,8.2,2.88,4.43,,,,,,,,,,,,,,,,,,,,,,,,,,,,,,,,,,,,,,
2522,2160,120,Murray Basin,rare,6.68,9.41,5.85,5.18,4.1,3.14,2.06,4.7,8.63,6.19,3.25,3.91,4.77,4.79,7.02,5.48,6.87,7.97,,,,,,,,,,,,,,,,,,,,,,,,,,,,,,,,,,,,,,
2566,2160,120,Murray Basin,rare,14.68,6.43,0.76,0,0,0,0,0,1.67,6.98,0.7,1.59,10.2,18.81,12.61,13.43,8.62,3.52,,,,,,,,,,,,,,,,,,,,,,,,,,,,,,,,,,,,,,
2570,2160,120,Murray Basin,rare,8.34,2.72,0.88,0.34,6.77,12.76,5.11,0,0,0.9,0.76,15.06,3.22,0.52,21.05,16.39,4.9,0.28,,,,,,,,,,,,,,,,,,,,,,,,,,,,,,,,,,,,,,
4136,2160,120,Murray Basin,rare,7.02,1.6,0.04,1.38,0.05,5.65,4.11,13.56,0,0,0,2.96,17.58,5.08,12.63,10.32,7.92,10.1,,,,,,,,,,,,,,,,,,,,,,,,,,,,,,,,,,,,,,
4182,2160,120,Murray Basin,rare,10.37,2.43,4.81,4.94,3.56,0,0,1.14,1.43,8.57,3.54,2.7,4.95,9.52,3.45,13.43,12.62,12.54,,,,,,,,,,,,,,,,,,,,,,,,,,,,,,,,,,,,,,
2723,2880,120,Murray Basin,frequent,5.11,5.13,7.13,9.84,12.95,5.61,4.62,0.45,2.13,0.07,7.5,2.25,1.26,4.75,4.62,4.28,0.35,0.12,2.89,0.65,1.21,10.94,3.25,2.89,,,,,,,,,,,,,,,,,,,,,,,,,,,,,,,,
4180,2880,120,Murray Basin,frequent,0.84,1.7,0.35,5.16,8.53,1.9,0,0,0,0,0.79,5.66,4.08,1.39,0.2,0.2,2.44,11.52,5.44,9.71,28.16,0,1.37,10.56,,,,,,,,,,,,,,,,,,,,,,,,,,,,,,,,
4204,2880,120,Murray Basin,frequent,6.19,10.02,8.87,5.05,4.71,5.03,5.37,0.34,1.43,7.27,8.97,2.34,1.08,0.4,3.33,3.5,2.76,0.95,1.62,1.01,5.31,5.31,5.05,4.09,,,,,,,,,,,,,,,,,,,,,,,,,,,,,,,,
4205,2880,120,Murray Basin,frequent,6.8,4.81,14.16,7.11,6.84,3.24,3.16,7.46,1.03,3.12,4.25,5.05,6.11,6.84,6.22,0.46,0.53,1.39,4.48,4.22,0.57,1.67,0.48,0,,,,,,,,,,,,,,,,,,,,,,,,,,,,,,,,
4206,2880,120,Murray Basin,frequent,5.05,4.88,2.13,4.68,15.18,4.41,3.22,1.29,3.04,2.31,0.42,0.66,1.75,1.85,0.8,3.11,1.39,4.08,5.77,8.14,8.8,6.47,5.05,5.52,,,,,,,,,,,,,,,,,,,,,,,,,,,,,,,,
4207,2880,120,Murray Basin,frequent,0,12.54,16.58,0.69,2.47,0.39,0,0,4.2,5.71,12.09,2.53,0.27,0.32,1.19,2.02,7.01,0.09,0,0,0.69,3.57,20.55,7.09,,,,,,,,,,,,,,,,,,,,,,,,,,,,,,,,
4208,2880,120,Murray Basin,frequent,3.28,0,1.92,3.25,0.16,1.46,12.93,0,0,8.35,12.24,9.55,0,0,15.35,3.92,11.26,5.19,1.77,1.12,2.49,1.84,1.32,2.6,,,,,,,,,,,,,,,,,,,,,,,,,,,,,,,,
4209,2880,120,Murray Basin,frequent,3.14,8.82,0.47,0,2.21,3.79,4.42,10.09,3.79,5.05,5.84,5.05,3.31,3,3.79,2.68,3.31,9.78,9.15,9.15,2.37,0.47,0.16,0.16,,,,,,,,,,,,,,,,,,,,,,,,,,,,,,,,
4212,2880,120,Murray Basin,frequent,1.1,0.26,1.16,4.12,13.65,6.37,1.04,0.05,2.31,1.3,0.63,0.3,1.99,0.88,1.78,5.88,10.19,11.74,6.91,1.46,3.89,4.46,9.94,8.59,,,,,,,,,,,,,,,,,,,,,,,,,,,,,,,,
4213,2880,120,Murray Basin,frequent,22.96,1.69,15.94,6.52,0,0,0,0,0,0,0,0,0,0.24,0,0,0,0,1.21,15.46,0.72,3.86,8.45,22.95,,,,,,,,,,,,,,,,,,,,,,,,,,,,,,,,
2634,2880,120,Murray Basin,intermediate,2.68,1.58,5.69,12.87,2.97,0.62,1.38,15.26,4.6,1.23,1.1,0.17,0.47,0.32,2.06,3.17,3.02,6.8,0.32,0,2.36,12.23,12.92,6.18,,,,,,,,,,,,,,,,,,,,,,,,,,,,,,,,
2712,2880,120,Murray Basin,intermediate,1.94,6.09,7.77,0.72,0.2,0.85,0.66,8.29,7.23,0.2,0.2,6.79,11.83,2.45,2.6,0.89,0.8,2.98,1.04,2.64,16.67,3.27,12.86,1.03,,,,,,,,,,,,,,,,,,,,,,,,,,,,,,,,
4142,2880,120,Murray Basin,intermediate,2.12,4.6,5.73,10.24,4.73,15.13,8.77,0.45,0.15,0,17.57,1.14,0.09,0,0.07,0.34,0.24,0.01,0,1.78,0.25,0.65,15.89,10.05,,,,,,,,,,,,,,,,,,,,,,,,,,,,,,,,
4152,2880,120,Murray Basin,intermediate,13.52,0.43,13.8,7.11,3.27,7.97,4.13,0.85,2.13,6.26,1.99,1.99,3.56,3.13,6.4,5.55,5.97,2.42,2.56,1.42,1.99,0,1.42,2.13,,,,,,,,,,,,,,,,,,,,,,,,,,,,,,,,
4188,2880,120,Murray Basin,intermediate,3.1,0,0.04,0.14,0.11,6.23,6.35,8.13,7.23,3.15,4.27,5.05,5.2,4.9,7.87,1.51,0.85,1.42,0.22,5.43,6.39,0.47,8.56,13.38,,,,,,,,,,,,,,,,,,,,,,,,,,,,,,,,
4199,2880,120,Murray Basin,intermediate,4.01,5.79,16.92,5.61,1.74,3.05,3.21,14.58,5.02,1.52,0,5.34,12.46,0.59,0,2.49,1.79,2.49,6.34,1.33,0.18,0.72,2.07,2.75,,,,,,,,,,,,,,,,,,,,,,,,,,,,,,,,
4200,2880,120,Murray Basin,intermediate,2.25,4.51,1.21,10.05,3.64,0.53,7.96,9.85,8.8,3.28,4.5,1.39,2.94,7.12,2.95,2.43,3.47,0,0,3.13,2.96,7.13,8.51,1.39,,,,,,,,,,,,,,,,,,,,,,,,,,,,,,,,
4201,2880,120,Murray Basin,intermediate,10.98,3.76,0,6.5,0,0,0,0,0,5.53,6.83,16.43,0,5.96,4.97,1.61,8.26,8.08,9.3,5.08,3.12,1.09,0.94,1.56,,,,,,,,,,,,,,,,,,,,,,,,,,,,,,,,
4202,2880,120,Murray Basin,intermediate,0.48,4.47,2.12,10.09,1.64,7.51,5.87,0.7,0.23,0,0.7,1.64,0.23,0,0.47,0.7,17.84,8.22,11.03,0,5.16,13.38,3.76,3.76,,,,,,,,,,,,,,,,,,,,,,,,,,,,,,,,
4203,2880,120,Murray Basin,intermediate,6.72,2.59,4.41,1.07,0.14,4.47,0.87,5.22,0.26,0.81,1.94,2.12,4.02,5.57,12.47,9.93,9.67,3.24,3.46,3.3,1.81,3.13,7.47,5.31,,,,,,,,,,,,,,,,,,,,,,,,,,,,,,,,
2192,2880,120,Murray Basin,rare,23.41,1.79,2.69,0,0,1.01,0.67,0,0,0,21.5,0.11,0.11,0,0,1.79,1.01,0.11,3.92,3.02,0.11,1.46,30.68,6.61,,,,,,,,,,,,,,,,,,,,,,,,,,,,,,,,
2406,2880,120,Murray Basin,rare,1.55,2.76,2.88,0.24,0,0.72,1.92,0.96,1.32,7.91,17.03,8.99,7.67,2.04,2.4,0.12,0.24,2.16,7.31,8.63,3.72,2.52,11.51,5.4,,,,,,,,,,,,,,,,,,,,,,,,,,,,,,,,
2466,2880,120,Murray Basin,rare,1.93,10.22,9.76,9.88,3.32,7.12,0,3.16,7.64,1.12,0.62,1.69,2.34,3,2.68,2.19,3.52,1.6,2.96,2.75,0.94,0.14,15.4,6.02,,,,,,,,,,,,,,,,,,,,,,,,,,,,,,,,
2523,2880,120,Murray Basin,rare,2.01,2.3,3.06,5.35,7.4,4.85,4.26,3.28,2.63,1.74,3.55,6.96,5.05,2.71,3.05,3.78,4.05,5.51,4.4,5.48,6.48,2.52,4.34,5.24,,,,,,,,,,,,,,,,,,,,,,,,,,,,,,,,
2575,2880,120,Murray Basin,rare,3.07,6.58,2.32,3.32,2.67,9.83,4.44,4.35,10.92,1.46,0,0,0,0,0,7.39,3.24,0.35,11.05,14.94,6.39,6.21,0.35,1.12,,,,,,,,,,,,,,,,,,,,,,,,,,,,,,,,
2594,2880,120,Murray Basin,rare,1.75,26.02,2.21,0.27,0,0.11,1.5,7.07,0.45,5.8,3.8,4.07,6.17,6.05,1.04,0.85,0.27,2.71,2.71,10.16,2.28,4.36,5.43,4.92,,,,,,,,,,,,,,,,,,,,,,,,,,,,,,,,
2627,2880,120,Murray Basin,rare,1.87,10.33,0,14.49,2.3,0,0,0.29,0.14,0.14,0.14,10.04,4.73,0.86,11.48,6.17,6.31,2.3,1.58,0.29,0.86,4.59,15.78,5.31,,,,,,,,,,,,,,,,,,,,,,,,,,,,,,,,
4183,2880,120,Murray Basin,rare,3.5,3.36,3.21,9.02,1.99,3.86,4.91,2.21,0,0,0.97,1.2,7.47,3.1,2.1,4.76,7.81,3.89,10.76,10.95,9.71,3.28,1.19,0.75,,,,,,,,,,,,,,,,,,,,,,,,,,,,,,,,
4197,2880,120,Murray Basin,rare,6.31,2.63,12.61,0.18,0,0,0,0,3.5,0,0,0,0,0,0,4.55,13.13,4.03,3.85,20.14,19.61,4.55,4.38,0.53,,,,,,,,,,,,,,,,,,,,,,,,,,,,,,,,
4198,2880,120,Murray Basin,rare,1.55,2.76,2.88,0.24,0,0.72,1.92,0.96,1.32,7.91,17.03,8.99,7.67,2.04,2.4,0.12,0.24,2.16,7.31,8.63,3.72,2.52,11.51,5.4,,,,,,,,,,,,,,,,,,,,,,,,,,,,,,,,
4250,4320,180,Murray Basin,frequent,0,9.65,10.31,11.59,9.19,3.7,2.9,2.91,6.11,12.57,10.94,0,0,0.97,0,3.38,3.22,2.89,1.78,2.58,4.18,0.97,0,0.16,,,,,,,,,,,,,,,,,,,,,,,,,,,,,,,,
4251,4320,180,Murray Basin,frequent,4.02,8.23,11.24,12.14,16.61,8.18,2.98,2.13,0.81,2.48,0.27,0,0,3.38,6.86,5.16,1.09,0.67,0.41,0,0,0,7.59,5.75,,,,,,,,,,,,,,,,,,,,,,,,,,,,,,,,
4252,4320,180,Murray Basin,frequent,9.9,9.6,9.91,13,1.24,0,0,1.86,8.67,1.55,0,0,0.62,1.24,0.31,2.79,8.67,4.64,19.5,0,0.62,0,5.57,0.31,,,,,,,,,,,,,,,,,,,,,,,,,,,,,,,,
4253,4320,180,Murray Basin,frequent,7.1,8.91,5.72,2.74,0.27,0.4,0,0,0.86,4.61,6.44,6.5,4.57,4.72,5.03,4.8,2.19,2.44,6.11,6.16,6.11,4.62,5.19,4.51,,,,,,,,,,,,,,,,,,,,,,,,,,,,,,,,
4254,4320,180,Murray Basin,frequent,0,0,0,3.54,3.76,0.52,6.78,14.85,13.55,6.8,5.84,0.98,2.39,1.82,0.45,0.96,0.48,0.48,0.33,2.73,8.89,11.46,4.4,8.99,,,,,,,,,,,,,,,,,,,,,,,,,,,,,,,,
4255,4320,180,Murray Basin,frequent,4.12,1.43,0.96,0.63,3.32,7.12,4.59,3.32,4.91,4.27,0.95,0,2.69,9.49,20.41,14.87,2.37,3.32,1.58,0.63,0.63,0,1.9,6.49,,,,,,,,,,,,,,,,,,,,,,,,,,,,,,,,
4256,4320,180,Murray Basin,frequent,2.26,6.46,4.84,3.9,6.11,14.53,0.31,0.01,6.68,6.9,7.04,0.4,4.77,1.22,8.62,2.29,4.86,2.08,1.84,9.32,2.77,0.69,1.52,0.58,,,,,,,,,,,,,,,,,,,,,,,,,,,,,,,,
4257,4320,180,Murray Basin,frequent,0.59,1.8,9.58,2.4,8.98,2.69,0,8.38,0,0,2.69,0.9,0.3,1.5,2.1,2.1,9.28,11.08,2.69,8.68,12.28,4.49,2.4,5.09,,,,,,,,,,,,,,,,,,,,,,,,,,,,,,,,
4260,4320,180,Murray Basin,frequent,3.42,10.68,8.28,6.09,0.68,0,0,0,0,0,0,0,0,0,0,5.95,20.92,10.43,4.06,9.02,1.38,4.97,7.89,6.23,,,,,,,,,,,,,,,,,,,,,,,,,,,,,,,,
4261,4320,180,Murray Basin,frequent,0.81,0.82,0.19,1.72,3.69,10.07,6.11,8.42,3.4,6.85,4.46,1.53,0.21,0.72,3.15,7.09,5.95,5.22,3.35,1.84,11.38,7.26,3.89,1.87,,,,,,,,,,,,,,,,,,,,,,,,,,,,,,,,
2713,4320,180,Murray Basin,intermediate,4.26,8.41,0.32,0.75,5.19,7.53,0.24,6.65,9.43,2.85,0.97,2.69,1.91,15.2,8.37,3.77,0,0.87,4.1,4.21,4.52,6.44,0.82,0.5,,,,,,,,,,,,,,,,,,,,,,,,,,,,,,,,
4078,4320,180,Murray Basin,intermediate,12.38,5.7,16.06,10.78,9.43,4.39,1.17,0,0.17,0,0,0.26,4.85,9.07,1.41,2.77,0.36,6.48,7.26,2.27,0.22,0,0,4.97,,,,,,,,,,,,,,,,,,,,,,,,,,,,,,,,
4240,4320,180,Murray Basin,intermediate,8.39,10.81,8.51,7.72,4.62,8.84,0.18,2.44,12.91,0.05,0,0.58,0.19,0.34,1.92,0.61,0,2.31,9.33,1.83,0,0.56,2.47,15.39,,,,,,,,,,,,,,,,,,,,,,,,,,,,,,,,
4241,4320,180,Murray Basin,intermediate,2.23,3.12,5.39,5.73,9.16,8.44,11.3,9.27,4.35,0.11,0.39,8.59,6.24,3.99,0.63,2.78,4.75,2.93,1.62,0.96,0.96,1.96,3.11,1.99,,,,,,,,,,,,,,,,,,,,,,,,,,,,,,,,
4242,4320,180,Murray Basin,intermediate,0.75,0.76,0.38,2.11,5.16,6.69,5.93,4.97,4.98,5.16,7.46,6.88,3.06,4.59,3.83,3.06,1.73,0,2.67,4.39,4.21,6.11,9.38,5.74,,,,,,,,,,,,,,,,,,,,,,,,,,,,,,,,
4243,4320,180,Murray Basin,intermediate,5.17,13.22,8.62,2.3,0,2.59,0.29,2.01,9.77,11.78,0.29,6.03,0.86,0.29,4.6,0,0,0,0.57,0.57,0.29,29.31,1.44,0,,,,,,,,,,,,,,,,,,,,,,,,,,,,,,,,
4244,4320,180,Murray Basin,intermediate,2.51,2.62,11.83,0.62,2.6,0.87,0,5.43,13.82,8.08,4.58,0.76,0.65,0.33,0.4,0.16,2.45,1.08,0.18,0,0.14,8.33,14.05,18.51,,,,,,,,,,,,,,,,,,,,,,,,,,,,,,,,
4245,4320,180,Murray Basin,intermediate,4.19,1.4,3.67,5.42,0.52,5.77,9.27,1.05,2.8,2.45,0,0,0,0,0,6.29,1.4,16.78,13.99,1.92,1.75,0,7.34,13.99,,,,,,,,,,,,,,,,,,,,,,,,,,,,,,,,
4247,4320,180,Murray Basin,intermediate,7.3,12.44,2,21.22,2.01,0,0,0,0,0,0,0,0,0,0,0,2.07,10.64,6.28,0.48,7.6,13.34,7.59,7.03,,,,,,,,,,,,,,,,,,,,,,,,,,,,,,,,
4248,4320,180,Murray Basin,intermediate,5.41,2.9,0,7.34,0,0,0.19,8.69,0.58,0,0.19,0,5.98,0,0.19,0,0,19.69,6.18,23.36,14.67,2.12,2.32,0.19,,,,,,,,,,,,,,,,,,,,,,,,,,,,,,,,
2473,4320,180,Murray Basin,rare,10.04,2.32,3.81,8.54,2.04,0.56,0.37,0.09,1.95,0,2.69,6.78,0.46,2.69,2.41,1.86,1.49,7.52,9.19,9.38,2.04,0.37,1.86,21.54,,,,,,,,,,,,,,,,,,,,,,,,,,,,,,,,
2611,4320,180,Murray Basin,rare,1.97,29.08,0,0,0,0,0,0,1.39,3.98,0.77,0.24,0.13,0,0.08,1.65,2.37,2,1.54,4.77,15.77,13.34,11.47,9.45,,,,,,,,,,,,,,,,,,,,,,,,,,,,,,,,
2619,4320,180,Murray Basin,rare,6.16,10.11,3.7,2.47,1.6,8.01,3.95,3.21,2.22,0.74,0,0,0,0,0,4.81,12.7,2.84,4.81,4.07,2.34,9.49,11.47,5.3,,,,,,,,,,,,,,,,,,,,,,,,,,,,,,,,
2630,4320,180,Murray Basin,rare,0.88,0.29,0.29,0.86,5.52,7.47,6.94,4.56,5.62,6.59,7.2,7.14,2.78,5.13,4.07,2,0.41,0.84,2.1,4.1,3.44,5.73,9.35,6.69,,,,,,,,,,,,,,,,,,,,,,,,,,,,,,,,
2635,4320,180,Murray Basin,rare,5.91,10.52,3.01,1.88,4.56,11.5,0.62,4.24,10.35,1.21,0.89,0.56,1.42,3.92,5.24,0.22,1.55,17.67,4.35,0.22,0.33,0.11,2.03,7.69,,,,,,,,,,,,,,,,,,,,,,,,,,,,,,,,
2640,4320,180,Murray Basin,rare,3.31,3.01,5.13,6.46,3.2,9.98,1.49,2.04,1.82,2.06,4.96,9.56,10.8,4.64,7.28,0.77,3.3,1.8,10.14,5.17,0.46,1.6,0.39,0.63,,,,,,,,,,,,,,,,,,,,,,,,,,,,,,,,
2650,4320,180,Murray Basin,rare,22.58,0.87,1.66,3.02,3.13,4.03,11.98,18.38,4.52,1.73,0.11,0,0,0,0,0.82,3.37,5,1.77,1.6,5.98,0.31,0,9.14,,,,,,,,,,,,,,,,,,,,,,,,,,,,,,,,
4214,4320,180,Murray Basin,rare,1.47,1.47,3.83,9.23,9.52,6.07,7.31,9.02,7.03,2.61,3,2.22,2.67,3.75,4.97,3.76,0.96,1.99,2.64,3.35,3.58,3.63,3.42,2.5,,,,,,,,,,,,,,,,,,,,,,,,,,,,,,,,
4225,4320,180,Murray Basin,rare,1.96,1.63,0.55,9.1,6.62,5.84,7.62,5.58,9.22,5.84,4.71,1.7,3.99,5.16,7.65,3.81,1.17,1.94,3.41,3.27,3.03,2.46,1.99,1.75,,,,,,,,,,,,,,,,,,,,,,,,,,,,,,,,
4227,4320,180,Murray Basin,rare,4.21,5.44,4.46,4.32,7.16,5.22,12.72,13.96,7.96,5.51,3.55,5.39,2.28,2.57,2.8,1.87,1.14,1.16,0.24,1.02,1.74,1.3,1.62,2.36,,,,,,,,,,,,,,,,,,,,,,,,,,,,,,,,
4275,5760,180,Murray Basin,frequent,2.94,5.83,11.35,8.78,16.24,12.2,0.22,2.1,0,0.74,4.74,2.33,4.27,2.43,3.28,0.84,2.48,1.86,0.19,0.47,0,0.84,0.69,3.56,4.55,0,0,1.62,0.16,2.13,1.45,1.71,,,,,,,,,,,,,,,,,,,,,,,,
4279,5760,180,Murray Basin,frequent,0,0,0.22,4.97,3.31,4.76,17.39,9.94,8.28,8.9,4.14,1.66,1.24,0.41,0.21,0,0.41,0,0,0,0,0,0,0.21,0,0,0,0,3.73,11.8,15.11,3.31,,,,,,,,,,,,,,,,,,,,,,,,
4280,5760,180,Murray Basin,frequent,2.54,14.09,1.44,3.64,5.67,4.36,8,9.84,8.56,2.54,1.27,1.64,0.91,1.45,1.07,0.37,3.46,8.03,4.55,2.89,1.49,1.09,0.73,0,0.18,0.18,1.44,0.37,0.55,0.53,3.65,3.47,,,,,,,,,,,,,,,,,,,,,,,,
4281,5760,180,Murray Basin,frequent,4.63,2.19,3.59,4.28,4.46,4.98,0.37,1.09,3.65,5.13,5.47,4.66,3.92,3.31,3.83,6.51,4.23,3.19,3.64,4.24,5.3,2.06,0.36,0.07,0,1.27,2.68,2.95,1.68,2.76,2.91,0.59,,,,,,,,,,,,,,,,,,,,,,,,
4282,5760,180,Murray Basin,frequent,3.08,0.98,5.16,0,0,0,0,0,0,2.33,0.25,0.98,4.3,11.3,8.72,9.71,6.51,3.07,2.83,3.69,7.49,12.65,2.21,0.37,0,0.12,0,2.46,3.19,3.07,2.83,2.7,,,,,,,,,,,,,,,,,,,,,,,,
4283,5760,180,Murray Basin,frequent,10.38,10.95,0,1.38,1.91,8.91,4.69,0.33,0,0,0,0.26,0,0,0,12.94,5.78,1.34,0.63,5.84,7.61,1.34,6.82,6.75,5.92,0.49,0.52,0,1.34,1.38,1.1,1.39,,,,,,,,,,,,,,,,,,,,,,,,
4284,5760,180,Murray Basin,frequent,3.5,2.3,1.83,0.91,0.12,6.58,1.07,0.23,6.75,8.35,2.76,4.1,7.26,0,0,0,0,0,0,0,8.48,26.95,2.8,2.45,3.6,4.81,0.91,3.09,1.09,0.06,0,0,,,,,,,,,,,,,,,,,,,,,,,,
4285,5760,180,Murray Basin,frequent,7.08,0.96,0.32,0.32,0,0,0,4.82,5.47,1.61,0.64,0.32,6.75,8.36,0,0.64,0.64,1.29,0,0,8.68,4.18,0.32,5.79,3.54,3.22,1.29,9,12.86,1.29,5.47,5.14,,,,,,,,,,,,,,,,,,,,,,,,
4286,5760,180,Murray Basin,frequent,9.57,3.2,6.68,4.94,3.94,2.94,2.23,1.4,1.15,1.28,2.23,0.32,3.51,0,0.64,0,0,0,3.21,0.64,1.7,3.74,4.39,7.26,10.18,5.67,7.98,0.32,6.4,3.11,1.37,0,,,,,,,,,,,,,,,,,,,,,,,,
4287,5760,180,Murray Basin,frequent,0.43,7.2,8.13,6.64,0.65,0,0,0.18,0,0,0,0,0,0,0,0,2.52,6.25,13.09,11.61,3.94,17.32,4.62,0,3.75,3.41,0.18,1.06,2.4,5.58,0.86,0.18,,,,,,,,,,,,,,,,,,,,,,,,
2714,5760,180,Murray Basin,intermediate,2.2,5.85,1.15,0.52,0.24,0,0.37,2.84,0.57,0.17,4.6,6.43,0.25,0.65,5.11,5.97,0.21,8.66,5.54,2.35,0.8,2.67,1.48,13.14,8.1,2.38,0,1.17,3.31,3.66,4.06,5.55,,,,,,,,,,,,,,,,,,,,,,,,
4169,5760,180,Murray Basin,intermediate,7.91,7.25,9.07,2.97,0,0.17,0,0,0,0,0,0,0,0,8.25,4.95,0,20.3,2.15,2.15,3.63,6.93,4.62,7.1,7.76,0.66,0.66,0.99,2.48,0,0,0,,,,,,,,,,,,,,,,,,,,,,,,
4246,5760,180,Murray Basin,intermediate,7.67,3.76,0,0.15,1.95,0,0,0.6,3.45,2.85,1.8,4.5,0.3,11.11,1.8,0.9,3.15,1.35,0,0,0,0,0.6,5.11,0.9,16.67,9.91,1.95,1.05,0.3,6.76,11.41,,,,,,,,,,,,,,,,,,,,,,,,
4249,5760,180,Murray Basin,intermediate,5.48,0,0,0,0,0,0,0,2.93,4.94,0,6.95,0,0,0.18,7.86,0.91,0,0.18,0,5.67,0,0.18,0,0,14.99,5.85,20.48,17,3.66,2.01,0.73,,,,,,,,,,,,,,,,,,,,,,,,
4258,5760,180,Murray Basin,intermediate,0,0,1.95,3.6,0.55,0.55,6.65,5.26,4.43,5.26,1.66,7.76,0,0,1.66,1.39,0.55,1.39,1.66,1.11,8.03,9.7,4.16,2.49,15.24,6.09,0.55,4.71,1.94,0,0,1.66,,,,,,,,,,,,,,,,,,,,,,,,
4262,5760,180,Murray Basin,intermediate,3.64,1.58,0.95,2.08,0.81,1.62,0.72,0.72,1.08,0.72,0.72,0.17,1.57,3.57,8.53,5.88,6.94,3.29,6.29,3.39,1.35,0.18,0.63,3.21,6.03,5.17,4.74,2.7,1.62,10.05,6.51,3.54,,,,,,,,,,,,,,,,,,,,,,,,
4269,5760,180,Murray Basin,intermediate,7.78,7.77,4.55,1.54,1.72,3.04,5.42,4.56,7.7,4.3,2.29,2.42,0.25,0.46,0.09,3.53,6.12,4.48,4.8,3.41,0.71,0,0,0,0,0,0,0,3.73,12.17,6.01,1.15,,,,,,,,,,,,,,,,,,,,,,,,
4271,5760,180,Murray Basin,intermediate,1.82,4.08,4.68,12.23,0.39,0.96,0.98,0.06,9.98,11.33,7.63,2.84,0.49,0.23,1.05,1.62,2.04,0.57,1.39,0.51,0.06,1.21,7.91,7.03,2.81,0,0,0,0,0.27,4.48,11.35,,,,,,,,,,,,,,,,,,,,,,,,
4272,5760,180,Murray Basin,intermediate,6.32,2.21,4.86,5.59,5.14,4.11,0.15,8.37,8.52,0.88,0.29,0.88,4.55,0.88,0,1.76,0.73,0.29,0.15,0.29,0.44,1.17,0.88,0.88,0.44,5.58,5.58,11.01,0.29,0.29,7.34,10.13,,,,,,,,,,,,,,,,,,,,,,,,
4274,5760,180,Murray Basin,intermediate,10.52,0,0,0,0,0,0,0,0,4.47,5.81,4.57,13.19,9.87,2.19,2.29,0.45,3.55,19.59,3.89,0.21,0,0,0,1.07,1.72,1.03,2.44,7.55,5.23,0.36,0,,,,,,,,,,,,,,,,,,,,,,,,
2291,5760,180,Murray Basin,rare,1.34,2.12,3.37,2.88,3.46,1.65,1.31,3.73,2.43,0.63,0.06,0.04,0.12,0.18,0.78,1.49,0.79,1.75,0.85,1.19,1.6,6.25,7.51,2.51,4.81,4.32,5.65,2.81,4.62,11.41,12.13,6.21,,,,,,,,,,,,,,,,,,,,,,,,
2450,5760,180,Murray Basin,rare,1.5,2.06,3.53,1.93,2.61,3.73,3.09,1.98,5.99,3.97,4.04,7.72,14.73,5.83,0.94,0.06,0,4.76,4.96,0.75,0.08,0.07,0.1,0.17,0.91,1.44,1.24,1.14,3.63,5.27,5.66,6.11,,,,,,,,,,,,,,,,,,,,,,,,
2595,5760,180,Murray Basin,rare,3.4,10.52,0,0,0,0,0,0,0,0,0,0,0,0,0,0.09,21.28,4.49,0.23,0.09,4.8,2.96,6.15,5.6,8.36,3.05,0.96,2.33,7.14,5.89,6.12,6.54,,,,,,,,,,,,,,,,,,,,,,,,
2620,5760,180,Murray Basin,rare,8.15,2.71,0,0.11,0,0,0.44,1.85,0.33,10.23,4.79,3.16,1.52,4.57,5.77,2.5,2.07,1.63,0.65,0,0,0,0,0,14.15,1.85,2.29,7.18,0.54,5.77,10.45,7.29,,,,,,,,,,,,,,,,,,,,,,,,
2641,5760,180,Murray Basin,rare,1.96,3.25,7.12,8.63,6.45,4.58,3.22,0.82,2.46,6.55,7.54,0.19,0.83,1.13,0.41,0.12,0,0.2,0.17,0,0,0,0,0.75,0.58,0,8.28,6.09,9.87,4.29,3.5,11.01,,,,,,,,,,,,,,,,,,,,,,,,
2684,5760,180,Murray Basin,rare,13.2,1.01,7.3,0.17,0.55,0,0,0,0,3.84,0,0,0,0,0,0,0,0,0,0.05,0.72,1.48,8.14,11.94,23.02,8.55,4.18,7.65,3.64,2.35,2.21,0,,,,,,,,,,,,,,,,,,,,,,,,
2695,5760,180,Murray Basin,rare,13.37,0,0,0,0,0,0,0,0,3.08,7.29,4.79,9.08,8.09,2.84,2.43,0.6,4.82,23.77,5.06,0.13,0,0,0.1,1.25,1.91,0.69,0.5,5.02,4.72,0.46,0,,,,,,,,,,,,,,,,,,,,,,,,
4266,5760,180,Murray Basin,rare,6.68,5.25,5.21,2.74,6.01,7.54,8.7,7.48,7.5,3.5,1.69,2.58,0.15,0,0,1.73,3.83,5.47,2.48,2.72,0,0,0,0,0,0,0,0,2.8,10.51,5.14,0.29,,,,,,,,,,,,,,,,,,,,,,,,
4267,5760,180,Murray Basin,rare,0.11,0,0.68,8.31,16.07,1.62,0,0.12,0,0,0,2.31,0.12,0,0,0,0,6.13,0,2.2,9.83,27.63,3.7,1.39,4.86,5.09,1.97,2.89,0.35,2.43,1.27,0.92,,,,,,,,,,,,,,,,,,,,,,,,
4268,5760,180,Murray Basin,rare,1.73,0.26,0,0.66,3.43,1.45,0.13,1.58,0,0,0,1.06,0.92,4.62,3.56,8.44,1.06,1.19,0.92,0.13,0,0,0,0.79,1.32,0.53,8.18,14.51,12.66,4.88,18.6,7.39,,,,,,,,,,,,,,,,,,,,,,,,
4276,7200,180,Murray Basin,frequent,1.65,4.28,9.71,6.7,15.85,9.6,4.93,1.92,0,0.26,3.54,3.37,3.22,2.57,0.76,3.36,1.94,1.67,0.55,0,0.43,0.34,0.94,1.67,4.77,1.11,0,0.82,0.66,0.7,2.34,1.33,1.57,0,0.3,1.17,1.31,1.64,2.33,0.69,,,,,,,,,,,,,,,,
4288,7200,180,Murray Basin,frequent,3.67,6.31,0,1.26,0,0.32,0,0,0.37,6.36,7.19,5.87,0.58,0,0,0.16,0,0,0,0,0,0,0,0,2.23,5.52,11.58,10.27,3.49,15.32,4.08,0,3.32,3.02,0.16,0.94,2.12,4.94,0.76,0.16,,,,,,,,,,,,,,,,
4294,7200,180,Murray Basin,frequent,0,0,1.87,0.12,1.06,6.1,7.85,3.75,5.86,3.17,3.87,2.93,8.32,6.68,4.69,0.82,0.59,0,1.52,0.59,0.23,1.17,2.7,2.34,1.41,1.88,0.82,0.35,0.35,0.12,0,0,0.82,13.13,5.04,1.17,0,0,0,8.68,,,,,,,,,,,,,,,,
4296,7200,180,Murray Basin,frequent,0.81,6.55,1.81,5.08,11.4,6.2,4.26,3.39,5.26,2.89,2.08,0.37,0.38,0.26,0.61,0.34,0.22,0,0.37,0,0.58,8.58,0.12,0.33,0.51,2.81,0,0.07,0.38,0,0.48,1.23,0.37,0.82,13.27,10.02,6.02,1.26,0.16,0.71,,,,,,,,,,,,,,,,
4297,7200,180,Murray Basin,frequent,0.47,0,9.85,1.83,5.72,0.23,0.46,0.23,0,0,1.83,0,0,0.46,3.89,2.52,13.27,2.75,3.2,3.2,1.14,2.97,2.97,11.21,2.75,3.89,1.83,3.2,1.14,0.69,5.26,1.83,2.29,0.69,1.37,1.6,2.29,1.14,0.69,1.14,,,,,,,,,,,,,,,,
4298,7200,180,Murray Basin,frequent,2.74,5.08,3.24,0.09,0.08,0.88,1.7,12.29,28.78,0.5,1.22,0.85,0.51,3.09,0.07,0,0,0,0,0,0,1.37,2.36,6.19,5.52,0.58,2.41,6.83,1.54,5.33,0.73,0,0,0,0,0,0,2.51,1.27,2.24,,,,,,,,,,,,,,,,
4299,7200,180,Murray Basin,frequent,0,0,0,2.46,0.33,5.86,0,0,0,0,0,3.68,5,1.82,0.29,3.15,0.57,1.97,5.25,5.7,13.73,10.29,0,0,0.89,0.25,0,0,0,0,9.75,10.99,2.19,0.34,2.43,3.59,4.69,2.39,0.11,2.28,,,,,,,,,,,,,,,,
4300,7200,180,Murray Basin,frequent,1.35,2.13,1.54,1.36,0.59,0.78,0,0,0.39,0,0,0.39,0.39,2.53,7.57,7.95,1.56,3.5,0.97,2.52,4.27,5.84,6.8,14.73,6.99,2.52,1.95,1.95,0.97,1.56,5.04,2.52,2.92,0.78,2.53,0,0,0.39,1.36,1.36,,,,,,,,,,,,,,,,
4301,7200,180,Murray Basin,frequent,3.32,0,2.43,2.21,6.4,4.64,0.22,0,0.44,0.44,0.88,0.22,0,0,0,1.32,0,0,0,0,0.22,3.97,7.28,1.55,0.88,0,0,1.77,20.31,11.48,1.1,0,0.22,0.66,1.77,1.99,5.08,9.93,0.22,9.05,,,,,,,,,,,,,,,,
4302,7200,180,Murray Basin,frequent,11.59,6.84,0.49,0.07,1.16,7.78,14.31,1.03,0,0,0.26,0,0,0,0,4.78,0,0,0,0,0,0,0,0,0,0,0,0,0,0,0,0,0,1.94,13.03,9.79,7.47,9.5,6.26,3.7,,,,,,,,,,,,,,,,
2755,7200,180,Murray Basin,intermediate,17.8,15.11,3.69,1.01,0.5,2.01,1.52,1.25,12.78,1.83,0,0,0,0,0,0,5.17,3.5,0.84,1,2.82,4.48,4.08,4.08,0,0,0,0.5,1.67,2.01,3.39,1.14,1.66,0.49,3.01,0.75,0.42,0.49,1,0,,,,,,,,,,,,,,,,
2758,7200,180,Murray Basin,intermediate,16.72,5.35,0,0,0,0,1.39,0.59,0,1.68,3.27,0.5,0,0,0,0,0,0,0,1.78,0,0.1,0.1,0.1,0,0,10.3,15.54,3.37,2.18,0.1,0.2,0,0.1,1.68,1.19,0,1.98,14.16,17.62,,,,,,,,,,,,,,,,
2763,7200,180,Murray Basin,intermediate,7.05,9.71,9.38,0.01,2.17,2.04,1.38,1.51,0.9,0,0.18,2.08,2.37,0.39,4.28,3.84,0.45,1.04,1.65,3.05,3.07,2.23,2.23,2.46,0.27,0,0.01,0.5,0.91,0.06,1.63,1.86,3.3,4.66,5.05,4.1,7.06,5.39,1.27,0.46,,,,,,,,,,,,,,,,
4210,7200,180,Murray Basin,intermediate,7.64,0,0,0,0,0,0,6.24,2.26,0.75,3.55,8.07,4.74,5.71,5.71,2.48,3.66,3.55,7.53,11.09,2.48,0.32,0.11,0,0,0.54,0.54,3.12,2.48,2.58,2.48,1.72,1.4,1.18,0.97,0.43,0.43,0.32,1.72,4.2,,,,,,,,,,,,,,,,
4259,7200,180,Murray Basin,intermediate,4.87,1.02,1.53,0,0.26,0,0,0,0,0,3.58,1.79,0.51,1.53,9.21,1.28,7.42,2.3,2.81,4.35,0,0.51,1.79,0.77,0.26,1.79,1.53,3.32,8.18,7.42,2.56,10.74,7.67,3.32,1.79,4.35,0,0,0.26,1.28,,,,,,,,,,,,,,,,
4263,7200,180,Murray Basin,intermediate,4.42,0.45,1.41,2.06,0.32,1.7,0.77,0.41,1.53,0.68,0,0.79,1.44,5.29,5.92,8.7,3.71,4.22,5.25,2.4,0.94,0.6,0.44,5.1,4.64,4.75,4.58,1.31,3.88,7.58,7.08,1.92,1.35,0.96,0.32,0,0,0.93,0.69,1.46,,,,,,,,,,,,,,,,
4273,7200,180,Murray Basin,intermediate,1.92,0,0.39,1.79,5.22,2.42,3.82,5.22,4.08,3.06,1.15,4.84,9.55,0.89,0.13,0.89,4.08,0.51,0.25,1.4,0.76,0.25,0.13,0.25,0,1.4,0.76,0.76,0.38,4.46,3.82,10.83,0.38,0.25,5.48,7.9,3.06,1.66,1.27,4.59,,,,,,,,,,,,,,,,
4289,7200,180,Murray Basin,intermediate,1.39,0.74,0.74,0.85,0,4.89,0.2,12.54,1.64,0,0,0,0,0,0.31,0.1,12.45,4.09,0.52,3.87,2.41,2.68,2.72,7.78,5.25,4.51,0,0,0,0,0,0.68,3.25,5.04,2.08,0.51,6.83,0.04,0,11.89,,,,,,,,,,,,,,,,
4291,7200,180,Murray Basin,intermediate,33.57,0,0,0,0,0,0,0,0,0,0,0,0,0,0,0,0,0,0,0,0,0,0,6.28,9.73,6.27,8.03,10.73,6.55,3.83,2.41,5.19,3.58,0,0,0.46,1.16,0.92,0.5,0.79,,,,,,,,,,,,,,,,
4292,7200,180,Murray Basin,intermediate,1.62,3.97,4.21,4.89,5.3,3.66,0.92,1.36,4.34,0.73,1.97,1.6,3.34,0.62,1.12,2.82,0.69,0,0,1.28,1.03,2.22,1.27,0.89,0.58,0,0.9,1,2.58,3.04,0.22,0.11,1.64,2.56,6.6,7.12,3.39,9.98,7.76,2.67,,,,,,,,,,,,,,,,
2292,7200,180,Murray Basin,rare,2.61,1.6,1.16,1.55,3.21,2.24,1.89,1.89,1.63,0.62,1.98,3.7,3.28,1.45,1.09,1,4.17,1.04,0.39,0.04,0.04,0.13,0.15,0.65,1.24,0.95,1.25,0.77,1.11,2.31,5.83,5.86,1.12,4.14,4.5,4.84,1.71,6.86,7.95,12.05,,,,,,,,,,,,,,,,
2451,7200,180,Murray Basin,rare,1.73,3.04,2.09,2.39,3.07,3.23,1.56,5.75,3.53,3.66,6.37,13.49,6.14,0.97,0.08,0,4.33,4.59,0.68,0.09,0.05,0.09,0.14,0.75,1.4,1.13,0.96,3.03,5.08,5.15,5.79,1.16,0,0,0.87,0.47,0.06,0.74,0.75,5.59,,,,,,,,,,,,,,,,
2612,7200,180,Murray Basin,rare,0,0,6.53,12.76,0,0,0,0,0,0.93,0,0.26,0.09,0.38,1.23,0.14,1.53,22.59,0,0,0,0,0,0,1.08,3.09,0.6,0.18,0.1,0,0.06,1.29,1.84,1.55,1.2,3.71,12.25,10.36,8.91,7.34,,,,,,,,,,,,,,,,
2642,7200,180,Murray Basin,rare,1.94,2.82,3.89,2.87,5.93,3.47,0.51,1.19,1.52,2.58,4.41,6.43,6.13,2.8,3.56,0.05,2.45,4.27,6.7,0.11,0.4,1.17,0.32,0.09,0,0.14,0.15,0,0,0,0,0.58,0.45,0,3.06,7.32,8.1,2.92,3.11,8.56,,,,,,,,,,,,,,,,
2651,7200,180,Murray Basin,rare,1.58,0.7,0.96,0,0.19,3.78,3.41,3.93,0,0.29,0,0,0,0,0,0.45,19.04,0.62,1.62,3.08,3.02,2.86,16.83,10,2.8,0.99,0,0,0,0,0,1.36,5.55,1.56,1.05,3.4,2.87,0.27,0,7.79,,,,,,,,,,,,,,,,
2688,7200,180,Murray Basin,rare,2.66,0,0.72,0.51,0.42,0.63,0.11,0,0,11.15,0,4.04,0.11,0.11,0,0,3.36,5.57,0.1,0,0,0,0,0.12,0,0,0,0.35,4.62,7.75,7.05,9.55,17.4,11.87,7.74,1.87,1.57,0.62,0,0,,,,,,,,,,,,,,,,
2715,7200,180,Murray Basin,rare,5.45,10.09,5.67,0,0,0.16,0.82,0.72,1.52,1.65,3.06,2.23,1.12,0.23,0.05,0,1.82,1.23,0.03,1.13,6.01,2.09,0.53,0.56,6.75,1.88,0.87,9.71,2.23,1,0.63,2.05,4.76,8.02,7.21,0.32,0,1.45,3.43,3.52,,,,,,,,,,,,,,,,
2724,7200,180,Murray Basin,rare,2.54,5.29,8.1,11.02,4.23,0.76,0.87,5.09,1.29,3.7,4.47,0.75,1.57,0.66,6.46,3.52,2.15,0.98,0.21,1.13,1.25,4.16,0.2,0,0,0.31,0.16,0.25,0.46,0.12,0.05,3.52,6.69,2.92,2.24,1.99,0.84,1.57,4.06,4.42,,,,,,,,,,,,,,,,
2781,7200,180,Murray Basin,rare,8.53,0,0.43,6.27,0.11,0,0,0,0,0,0.22,0.11,0,5.41,2.16,0.54,0.54,3.78,0.11,0,0,0,0,0.11,2.05,4,2.49,0.22,0,0,0,0.97,5.84,5.95,0.65,8.32,19.57,9.84,3.35,8.43,,,,,,,,,,,,,,,,
4228,7200,180,Murray Basin,rare,0.23,0.46,1.94,3.95,5.11,4.2,4.07,6.74,4.91,11.98,13.14,7.5,5.19,3.35,5.08,2.14,2.42,2.64,1.77,1.07,1.09,0.23,0.96,1.64,1.23,1.52,2.22,1.08,0.53,0.21,0,0,0,0.28,0.99,0.07,0.03,0,0,0.03,,,,,,,,,,,,,,,,
4295,8640,180,Murray Basin,frequent,0,0.23,2.47,1.68,0,0,0,0,0,0,1.79,0.11,1.01,5.83,7.51,3.59,5.61,3.03,3.7,2.8,7.96,6.39,4.48,0.78,0.56,0,1.46,0.56,0.22,1.12,2.58,2.24,1.35,1.79,0.78,0.34,0.34,0.11,0,0,0.78,12.56,4.82,1.12,0,0,0,8.3,,,,,,,,
4309,8640,180,Murray Basin,frequent,14.85,13.1,11.35,3.52,6.26,2.74,0,0,0.98,1.76,0.2,0.2,0,0,0,0,0,0,0,0,0,0.2,0,0,0,0,0,0,0,3.72,3.72,0.39,0.2,11.94,7.83,0,0,0.39,0,4.31,0,7.44,1.57,0.2,2.54,0.39,0,0.2,,,,,,,,
4310,8640,180,Murray Basin,frequent,1.62,0,0,2.26,0.04,0.68,7.52,9.54,6.32,1.51,1.66,4.8,0.17,0,0.04,0.72,0,0,19.74,3.89,11,4.79,0,0,0,0,0,0,0.22,5.33,0.17,0,0,0.34,0.34,0,0,0,0,0,0,0,0,0,0,8.67,1.05,7.58,,,,,,,,
4312,8640,180,Murray Basin,frequent,2.75,3.77,3.5,11.83,7.5,3.75,5.81,0.13,0,0,0,0,0.13,0,0.14,0,2.02,6.91,3.5,0.67,0,0,0,0,0,0,0,0,0,0,0,0,0,0,0,0,0,0,0,0,0.11,2.07,4.44,6.55,8.75,12.58,11.2,1.89,,,,,,,,
4314,8640,180,Murray Basin,frequent,2.74,0,0,0,0,18.35,4.61,0,0,0,0,0,0,0,0,0,0,0,0,0,0,0,0,0,0,0,0,0,0,0,14.3,20.06,4.01,1.5,5.62,0,10.21,1.59,7.35,0,0,0,2.09,0.97,4.64,0.79,1.16,0.01,,,,,,,,
4315,8640,180,Murray Basin,frequent,1.58,0,0.73,0,11.11,0,0.12,0,3.91,0,1.95,3.3,4.4,0.37,9.16,3.79,0,0,0,0,0,0,12.45,3.54,2.44,0.85,0,0,0,0,0.37,2.08,0.73,0,0,0.12,0,0.37,12.21,0.61,10.26,0.12,3.17,0.12,0.61,1.95,1.47,6.11,,,,,,,,
4316,8640,180,Murray Basin,frequent,1.48,0.49,3.31,7.83,6.14,0.34,5.72,1.38,0,0.46,1.82,4.46,0.26,3.41,1.72,2.73,0.32,0.07,0.41,1.76,0.66,4.14,1.03,0,0.57,0.55,0,0.91,0.49,1.23,0.11,0,0,0.36,4.29,17.72,7.87,3.48,0.14,0.45,1.08,1.14,2.65,0.6,0.35,2.88,2.62,0.57,,,,,,,,
4317,8640,180,Murray Basin,frequent,6.22,2.66,0,0,1.6,1.06,5.67,6.56,9.04,1.77,0,0,0,0,0,0,0,0,0,0,0,0,0,0,0,0,0.39,3.87,3.9,0.71,0.35,8.38,3.73,5.7,4.24,1.77,6.38,0.71,9.79,4.27,0,0,0,0,0,1.41,9.11,0.71,,,,,,,,
4318,8640,180,Murray Basin,frequent,0,8.46,16.62,18.82,0.63,3.08,0,0,0,0,0,0,0,0,0,0,0,0,0,0,0,0,0,0,0,0,0,0,0,0,0,0,0,0,8.65,0,23.97,1.5,0,2.03,0.41,0.17,0.23,0.85,0,2.34,7.44,4.8,,,,,,,,
4320,8640,180,Murray Basin,frequent,19.99,8.24,9.47,6.32,0.13,0,0,0,0,0,0,0,0,0,0,0,0,0,0,0,0,0,0,0,0,0,0,0,0,0,0,0,0,0,4.51,6.8,3.79,6.32,11.84,6.45,5.48,1.71,0.04,0.03,0.22,2.39,4.49,1.78,,,,,,,,
2806,8640,180,Murray Basin,intermediate,11.22,0.3,0.2,4.73,3.35,0.2,1.28,0.39,0,0.49,2.46,1.38,3.25,0,0,0.2,0,0.39,0.2,0.1,0.2,0,0.1,0,0.2,0,3.94,0.2,1.58,0.3,1.97,0,0.1,0,0.39,1.87,2.56,15.76,9.16,1.97,2.86,2.46,0.69,0.89,8.18,5.42,4.33,4.73,,,,,,,,
2809,8640,180,Murray Basin,intermediate,2.57,2.9,3.55,2.91,1.29,0.11,0.54,1.61,2.37,2.48,3.66,2.8,0.65,1.72,0.22,0,0,0,0.43,0.32,0.43,0.43,0,0,0,0,0,0,0.43,0,0,1.51,7.21,12.7,5.71,0.43,0.22,0.54,0.11,0,0.32,0.11,1.51,2.69,4.63,17.44,11.19,2.26,,,,,,,,
2813,8640,180,Murray Basin,intermediate,1.62,1.08,0.76,0.68,0.76,1.81,5.95,1.41,0,0,0,0.37,0.51,0,0,3.24,5.72,0.67,1.29,1.48,4.78,3.98,8.82,3.88,0.48,0,0,0,0,0,0,0.84,2.98,2.86,2.81,0.82,3.77,0,0,6.55,0,0,1.56,20.97,3.09,0.35,1.02,3.09,,,,,,,,
2863,8640,180,Murray Basin,intermediate,30.15,0,0,0,0,0,0,0,0,0,0,0,0,0,0,0,0,0,0,0,0,0,0,0,0,0,0,0,0,0,0,3.71,4.73,3.25,2.66,6.98,4.59,0.39,0,0,0,2.25,4.62,8.3,14.71,6.83,3.99,2.84,,,,,,,,
4211,8640,180,Murray Basin,intermediate,0.1,0.3,0.1,7.11,0,0,0,0,0,2.03,5.99,0,2.64,4.06,7.72,4.47,4.97,4.16,3.35,2.74,5.69,8.63,7.21,0.51,0.1,0.1,0,0,0.61,2.13,2.54,2.44,2.64,1.93,1.12,1.42,0.91,0.61,0.2,0.41,0.2,2.23,3.35,0,0,0,0.2,5.08,,,,,,,,
4264,8640,180,Murray Basin,intermediate,0.63,0,0.57,0,0.36,0.29,0.14,4.05,0.71,1.36,1.89,0.25,1.82,0.49,0.66,1.49,0.66,0,0.74,1.27,4.38,6.67,7.8,4.25,3.56,4.98,2.98,0.91,0.58,0.34,4.27,5.02,4.35,4.88,1.31,2.44,8.72,6.87,1.86,1.31,0.78,0.47,0,0,0.53,1.04,1.15,1.17,,,,,,,,
4270,8640,180,Murray Basin,intermediate,7.1,7.1,4.15,1.41,1.57,2.77,4.95,4.17,7.03,3.92,2.09,2.21,0.23,0.42,0.08,3.22,5.59,4.09,4.38,3.11,0.65,0,0,0,0,0,0,0,3.41,11.11,5.49,1.05,0.81,0.99,0.22,0.08,0.29,0.49,0.12,0.43,0,0.2,0.74,1.04,0.05,1.43,1.01,0.8,,,,,,,,
4277,8640,180,Murray Basin,intermediate,0.72,1.49,2.08,0.9,0.9,0.96,2.76,1.15,3.09,2.02,0,0,0,0,0,3.13,0,0.47,0,0,2.42,4.85,9.6,7.31,13.76,10.63,0.33,1.78,0,0.55,3.88,2.21,3.31,2.38,2.54,0.96,2.11,1.58,0.16,0.4,0,0.64,0.55,2.94,4.01,0.05,0,1.38,,,,,,,,
4293,8640,180,Murray Basin,intermediate,1.3,0.18,0,0.31,2.34,4.06,4.68,4.13,5.12,1.66,1.06,2.03,3.25,1.09,1.64,2.17,2.39,0.37,2.22,1.85,0.1,0,0.66,1.43,0.41,2.28,1.03,0.43,0.54,0,1.05,1.22,3.69,1.24,0,0.24,1.47,5,7.39,4.17,5.07,9.71,4.96,0.92,0,2.38,1.84,0.92,,,,,,,,
4308,8640,180,Murray Basin,intermediate,5.7,7.6,0.34,0.34,0,0.68,1.46,0,1,4.24,4.24,5.8,1,2.68,3.12,0.89,0.22,0.33,0,0.11,0,0.22,0,0,2.01,7.14,9.49,0.89,0.11,2.79,2.79,2.79,0.56,0.11,0.78,0.33,0.11,0.56,2.68,0.33,3.35,8.59,4.91,1.23,1.34,1.56,4.35,1.23,,,,,,,,
2293,8640,180,Murray Basin,rare,0.18,1.27,1.32,0.73,1.32,2.77,2.22,1.5,1.1,1.32,3.07,2.04,1.77,1.65,1.36,0.94,1.44,3.45,2.93,1.38,0.85,1.16,3.67,0.89,0.28,0.04,0.04,0.12,0.18,0.74,0.96,1.52,0.46,0.74,1,2.11,5.38,5.24,1.2,3.62,4.38,4.11,1.86,6.4,7.19,10.68,1.09,0.33,,,,,,,,
2452,8640,180,Murray Basin,rare,1.54,1.45,0.75,1.66,1.33,0.99,2.01,3.37,0.78,2.69,3.48,2.58,4.41,2.87,4.09,3.69,10.92,10.11,1.08,0.4,0,0.07,6.6,2.22,0.05,0.08,0.07,0.06,0.28,1.63,0.44,1.08,1.84,4.61,4.61,4.11,3.55,0.65,0,0.22,1,0.04,0.08,0.8,4.94,0.77,0,0,,,,,,,,
2652,8640,180,Murray Basin,rare,1.52,0.67,0.93,0,0.19,3.67,3.3,3.81,0,0.28,0,0,0,0,0,0.44,18.46,0.6,1.57,2.99,2.93,2.77,16.31,9.69,2.71,0.96,0,0,0,0,0,1.32,5.38,1.51,1.02,3.3,2.79,0.26,0,7.55,0,0.2,0,1.09,1.59,0.19,0,0,,,,,,,,
2716,8640,180,Murray Basin,rare,3.82,6.94,8.73,1.79,0,0,0.43,0.8,1.08,0.77,1.69,3.79,1.39,0.44,0.2,0,0.03,2.25,0.53,0.06,2.77,5.31,0.39,0.49,3.2,5.07,0.15,4.04,6.34,1.87,0.67,1.69,1.29,9.66,5.55,2.58,0,0.07,2.9,2.84,2.82,4.42,0.56,0.31,0.27,0,0,0,,,,,,,,
2725,8640,180,Murray Basin,rare,4.29,0,0,0,0,0.05,0.08,0.06,0.49,5,5.94,10.03,6.14,2.53,1.32,1.48,4.47,2.04,4.21,2.49,0.07,2.08,0.94,8.06,1.8,1.48,0.31,0.87,1.03,4.05,0.49,0.19,0,0.11,0.32,0.2,0.06,0.56,0.04,1.72,4.89,4.67,3.32,1.74,0.8,1.64,2.95,4.99,,,,,,,,
2759,8640,180,Murray Basin,rare,3.63,0.52,0.35,0,0,1.07,15.81,3.73,0,0,0,0.18,1.07,0.53,0,2.04,2.4,0.44,0,0,0,0,0,0,0,1.6,0,0.09,0.09,0.09,0,0,9.33,14.3,2.93,1.6,0.09,0.18,0,0.09,1.51,1.07,0.18,1.95,12.52,15.9,0.71,4,,,,,,,,
2764,8640,180,Murray Basin,rare,6.38,8.8,8.5,0.01,1.97,1.85,1.25,1.37,0.81,0,0.16,1.89,2.15,0.36,3.88,3.48,0.41,0.95,1.5,2.76,2.78,2.02,2.02,2.23,0.25,0,0.01,0.46,0.82,0.06,1.47,1.68,2.99,4.23,4.58,3.72,6.4,4.89,1.15,0.42,0.11,0.02,0.33,0.23,0.13,1.64,4.13,2.75,,,,,,,,
2782,8640,180,Murray Basin,rare,0.21,0,1.38,0,0.32,0.11,0,0.53,7.83,0,1.69,4.87,0.11,0,0,0,0,0,0.21,0.11,0,5.5,2.01,0.42,0.53,3.7,0.11,0,0,0,0,0.21,1.9,4.44,2.01,0.11,0,0,0,0.95,8.15,3.39,0.63,8.57,20.11,8.57,3.81,7.51,,,,,,,,
4229,8640,180,Murray Basin,rare,0.21,0.42,1.82,3.69,4.95,3.97,3.9,6.44,4.68,11.28,12.56,7.41,4.84,3.36,4.74,2.23,2.28,2.54,1.72,1.05,1.06,0.21,0.85,1.62,1.17,1.46,2.09,1.09,0.5,0.22,0,0,0,0.24,0.98,0.07,0.03,0,0,0,0.06,0,1.68,0.93,1.21,0.44,0,0,,,,,,,,
4303,8640,180,Murray Basin,rare,0.64,0.95,2.84,0.94,2.02,1,0.73,0.52,1.08,2.46,1.2,3.26,3.13,4.74,7.52,5.13,3.7,1.4,2.13,0.29,2.25,2.58,1.21,0.12,1.08,0.23,0.74,0.53,1.46,2.91,1.05,1.96,3.91,4.93,3.44,4.3,2.16,1.99,2.62,0.26,2.13,5.58,3.96,2.82,0.1,0,0,0,,,,,,,,
4313,10080,180,Murray Basin,frequent,2.49,3.47,2.78,9.95,8.18,2.11,6.63,0.15,0,0,0,0,0.12,0,0.13,0,1.73,6.06,3.01,1.19,0,0,0,0,0,0,0,0,0,0,0,0,0,0,0,0,0,0,0,0,0.09,1.74,3.89,5.8,7.91,11.51,10.73,1.88,0.01,0,0,0.13,2,3.28,0.55,2.48
4319,10080,180,Murray Basin,frequent,2,0.09,0.67,0.34,0,0,0,5.51,16.73,19.37,1.08,3.44,0,0,0,0,0,0,0,0,0,0,0,0,0,0,0,0,0,0,0,0,0,0,0,0,0,0,0,0,8.38,0,21.89,2.79,0,1.28,1.08,0.12,0.19,0.91,0,1.49,6.59,5.66,0.39,0
4346,10080,180,Murray Basin,frequent,1.1,4.7,5.6,11.4,3.98,4.89,3.83,0.43,10.45,0.22,2.95,0.11,1.48,2.65,0.43,0.78,0.05,3.75,1.87,0.52,0,0.02,0.68,0.82,0.08,0,0,0,0,0,0,0,0,0,0,0,0,0,0,0,0,0,0,0,0,3.29,8.35,8.65,6.78,0.58,3.01,0,0,0.28,0.1,6.17
4347,10080,180,Murray Basin,frequent,6.32,6.17,5.43,0.59,4.99,0.15,3.38,9.25,3.82,0.73,0.59,2.2,1.17,0.44,2.5,2.06,1.62,4.7,1.76,0,0.44,2.06,0,0,1.47,3.67,0,0.29,2.64,0.44,2.64,0.15,0,0,0.29,0.15,0,0.59,0,0,0.15,0,0,0.88,4.11,3.38,11.01,3.08,1.17,0.29,0.88,0.44,0.73,1.03,0,0.15
4348,10080,180,Murray Basin,frequent,6.67,8.85,8.19,2.68,2.51,9.9,2.12,2.25,8.17,0,0.77,0.38,0.08,0.3,0.24,0.26,0,0.38,6.68,0.21,0.19,0.32,0.34,0,0,0,0,0,0,0.58,0.36,0.32,0.57,0.12,0.43,0,0.25,0.13,0.8,0.1,0,7.62,0.27,0.31,4.94,1.86,0.31,0,0,0,0,0,2.08,3.91,9.74,3.81
4349,10080,180,Murray Basin,frequent,13,12.61,3.3,0,0,0,0,0,0,7.08,0.07,5.01,0.6,1.56,6.33,2.32,1.4,0,0,0,0,0,0,0,0,0,0,0,0,0,0,0,0,0,0,0,0,0,0,0,4.69,6.86,4.52,0,0.11,0.27,1.42,0.78,3.94,14.75,7.71,0.91,0.76,0,0,0
4350,10080,180,Murray Basin,frequent,5.71,10.69,1.71,0,0,0,0,0,0,0,0,0,0,0,0,0,0,0,0,0,0,0,0,0,0,0,0,0,0,0,0,0,0,0,0,0,0,0,0.23,2.24,15.04,10.42,5.44,5.04,0.13,26.49,3.56,1.93,0,0.61,3.01,2.84,4.91,0,0,0
4351,10080,180,Murray Basin,frequent,4.51,4.09,7.98,4.9,6.76,3.11,4.52,10.35,0.39,8.3,0.1,0,0.22,0.37,0,0,0,0,0,0,0,0,0,0,0,0,0,0,0,0,0,0,0,0,0,0,0,0,0,0,0,0,0,0,0,0,0,0,0,0.3,1.58,12.17,10.13,11.87,7.72,0.63
4352,10080,180,Murray Basin,frequent,0.83,0.83,0.62,2.92,6.46,14.17,1.04,0,0.42,0.21,0,0,0,0,0,0,0,0,0.21,0,0,0,0,0,0,0,0,0,0,0,0,0,0,0,0,0,0,0,0,0,3.12,2.08,10.21,16.67,12.71,6.67,9.58,5,0,0,0.21,0.42,5,0.62,0,0
4353,10080,180,Murray Basin,frequent,0,9.92,5.84,0.14,0,0,0,0,0,0.09,6.61,3.36,8.22,0,0,0,0,0,0,4.28,0,0,0,0,0,0,0,0,0,0,0,0,0,0,0,0,0,0,0,0,0,0,0,0,0,0,0.25,2.32,0,8.41,6.92,9.93,10.45,0.06,14.75,8.45
2859,10080,180,Murray Basin,intermediate,6.62,0.89,3.23,9.91,0.69,5.27,12.59,0,0,0,0,0,0,0,0,0,0,0,0,0,0,0,0,0,0,0,0,0,0,0,0,0,0,0.12,0.35,0.11,0,0,0.72,0.65,2.53,4.99,0.84,0.38,0.17,0.16,1.71,0,0,1.42,22.55,4.76,4.92,3.15,9.16,2.11
2864,10080,180,Murray Basin,intermediate,7.85,0,0.46,0,0,0,0,0,19.51,8.39,0,0,0,0,0,0,0,0,0,0,0,0,0,0,0,0,0,0,0,0,0,0,0,0,0,0,0,0,0,1.64,4.06,4.73,1.41,7.66,3.1,1.75,0,0,0,0.79,4.82,6.73,13.04,7.45,3.55,3.06
2866,10080,180,Murray Basin,intermediate,5.44,10.18,15.92,6.42,1.54,1.68,1.65,0.97,1.52,1.34,3.27,2.51,5.79,4.06,3.06,0.51,1.19,1.68,1.83,1.19,0.32,0,0,0,0,0,2.02,0.13,0.4,0,0,0,0,0,0,0,0,0.16,0.98,1.58,3.19,0.71,0,0,0,0,0,0,0,0.65,2.7,9.7,5.71,0,0,0
2868,10080,180,Murray Basin,intermediate,3.74,0,0,0,6.2,7.34,0,4.86,1.18,0.14,0,0,0,0,0,17.37,0.57,0.34,0,0,0,0,0,0,0,0,0,0,0,0,0,0,0,0,0,0,0,0,0,0,0,5.54,1.05,1.4,5.23,5.91,0,22.2,0.14,0.12,0,5.1,8.02,2.11,1.15,0.29
4265,10080,180,Murray Basin,intermediate,0.64,0,0.58,0,0.36,0.28,0.14,3.99,0.7,1.34,1.86,0.25,1.79,0.48,0.65,1.46,0.65,0,0.73,1.25,4.31,6.56,7.67,4.18,3.5,4.9,2.94,0.9,0.57,0.33,4.2,4.94,4.28,4.81,1.29,2.4,8.58,6.76,1.83,1.29,0.77,0.46,0,0,0.52,1.02,1.13,1.15,0,0,0,0,0,1.32,0.24,0
4278,10080,180,Murray Basin,intermediate,1.74,1.05,0.82,1,2.13,1.31,2.32,2.53,0,0,0,0,0,2.45,0.43,0.44,0,0,1.8,4.1,8.86,6.11,13.02,8.36,2.74,1.64,0,0.22,3.53,2.37,3.01,2.08,1.51,1.86,1.88,1.37,0.3,0.22,0.15,0.44,0.66,2.04,3.95,0.45,0,0.95,0.45,1.38,1.42,1.07,1.07,0,0.46,0.93,0.99,2.39
4311,10080,180,Murray Basin,intermediate,3.13,0.25,1.32,3.59,0.54,1.49,0,0,2.04,0.03,0.5,6.5,8.37,6.2,1.45,1.3,4.52,0.15,0,0.01,0.67,0,0,17.78,3.28,9.85,4.59,0,0,0,0,0,0,0.13,4.86,0.15,0,0,0.27,0.35,0,0,0,0,0,0,0,0,0,0,7.81,0.91,6.77,1.19,0,0
4343,10080,180,Murray Basin,intermediate,14.75,7.29,0,0,0,0,0,0,0,0,0,0,0,0,0,0,0,0,0,0,0.65,0.79,0.22,0,4.59,0,0,11.21,1.66,0,0,0,1,0.56,3.29,0.5,0,0,0,0,0,0,0,0,0,0,0,0,11.09,25.16,0.34,0,2.79,0,0.03,14.08
4344,10080,180,Murray Basin,intermediate,1.18,0.97,8.63,14.12,7.98,5.48,1.78,0.18,0,0.18,1.75,0,0,0.11,0,0,0,0,0,0,0,0,0,0,0,0,0,0,0,0,0,0,0,0,0,0,0,0,0,0,3.08,0.42,1.91,1.13,0,0,1.14,4.54,6.01,3.38,8.66,14.89,2.46,0.88,4.24,4.9
4345,10080,180,Murray Basin,intermediate,12.83,0,0,0,0,0.16,0,0,0,0,0,0,0,0,0,0,0,0,0,0,0,0,0,0,0,0,0,0,0,2.7,6.84,8.92,6.78,6.43,3.71,7.26,0.15,2.23,10.42,0,0,0.47,0.16,0.31,1.68,0.37,0,1.9,7.96,1.21,0,0.46,2.14,12.66,2.09,0.16
2613,10080,180,Murray Basin,rare,0,0.1,2.8,0.14,0,0,0,0.01,0.06,0,0,0.01,1.49,0,0,0,0,0,6.21,12.17,0,0,0,0,0,0.88,0,0.25,0.09,0.36,1.17,0.14,1.46,21.55,0,0,0,0,0,0,1.03,2.95,0.57,0.18,0.1,0,0.06,1.23,1.76,1.48,1.14,3.54,11.69,9.88,8.5,7
2726,10080,180,Murray Basin,rare,3.14,0.19,0.06,4.33,0,0,0,0,0.05,0.07,0.06,0.38,4.36,5.09,9.06,6.77,2.71,1.42,0.74,4.71,1.55,4.2,2.64,0.14,1.87,0.76,7.66,1.77,1.55,0.29,0.72,1.09,2.37,1.93,0.18,0,0.07,0.32,0.12,0.14,0.53,0.04,1.54,4.27,4.63,3.27,1.51,0.99,1.57,1.86,4.66,1.42,1.2,0,0,0
2736,10080,180,Murray Basin,rare,1.12,1.96,1.62,2.71,2.38,1.35,1.15,2.49,1.44,0.18,1.23,1.44,0.4,0.79,0.73,0.61,0.26,0.23,0.54,2.03,1.88,0.81,0.02,0.66,0.19,0.09,0.09,0.44,0.35,0.55,0.74,1.1,0.84,0.47,0.12,0.77,4.31,2.01,0.47,0.29,0.12,3.02,4.91,7.55,6.09,4.14,3.78,2.75,3.16,5.3,5.3,3.55,3.66,2.33,2.36,1.12
2783,10080,180,Murray Basin,rare,1.74,1.93,0,0.1,0,0,0.2,0,1.22,0.1,0.31,0,0.1,0,8.04,0,0,6.31,0.1,0,0,0,0,0,0.2,0,0.1,2.44,4.17,1.02,0.51,2.85,0.71,0.1,0,0,0,0.1,1.53,2.85,3.56,0.31,0,0,0,0.61,2.54,8.85,0.61,5.19,20.14,9.46,3.76,6.31,1.83,0.1
2788,10080,180,Murray Basin,rare,8.55,4.51,1.19,0.6,0,0,0,0.13,0,0.53,0,0.2,0,0.07,0,0,0,0.33,1.06,1.33,1,5.97,3.98,3.32,1.39,1.99,1.79,1.99,3.92,3.32,5.37,4.38,4.25,4.18,4.05,1.53,1.46,1.39,3.52,3.19,4.11,1.13,1.33,2.06,2.39,2.46,2.12,1.26,0.8,0.46,0.53,0.46,0.07,0.13,0.07,0.13
2826,10080,180,Murray Basin,rare,1.31,5.42,8.41,10.87,2.75,3.91,0,0.77,0,0,0,0,0,0,0,0,0,0,0,0,0,0,0,0.63,0,1.27,0.08,0,0,0,0,0,1.03,0,0,0,0,2.55,22.39,11.51,0.08,0,0,0,0,1.37,1.32,0.34,0.13,1.07,7.98,0,0,0,12.05,2.76
2830,10080,180,Murray Basin,rare,8.35,5.68,0.13,0.09,0.45,0.81,0.38,8.96,1.66,0.59,0,0.88,5.49,0,0,0.49,5.14,3.41,0.32,0.19,0.06,0,0,0,0.42,0.51,0,0,0,0,0,0,0,0,0,0,0,0,0,0,0,0,0,0,0,0,0.81,3.26,5.51,7.59,7.05,11.03,12.1,2.32,1.86,4.46
4321,10080,180,Murray Basin,rare,3.43,0.2,2.9,5.64,7.1,6.94,12.22,1.46,2.07,1.03,3.6,1.39,0,0,0,0,1.41,0,0.22,0.66,0,0,0,0,0,0,0,0,0,0,1.27,0.27,0,1.11,6.14,2.66,0.56,0,0,0,0,0,3.03,6.52,0,3.25,3.34,0.52,1.43,2.28,3.68,5.04,2.79,1.63,1.35,2.86
4327,10080,180,Murray Basin,rare,0.86,0.04,6.7,7.73,1,3.17,0,0,0,0,0,0,0,0,0,0,0,0,0,0,0,0,0,0,0,0,0,0,0,0,0,0,0,0,0,0,0.14,2.4,0.54,1.84,3.87,1.55,3.02,2.46,11.14,0.72,0.57,6.94,0.78,0.05,5.05,1.93,4.97,12.46,14.87,5.2
4331,10080,180,Murray Basin,rare,2.73,5.49,5.04,1.88,0.29,0,0,0,0,0,0,0,0,0,0,0,0,0,0,0,0,0,5.81,0.23,0.63,0,1.54,0.81,0.07,0.86,0,0.14,1.08,1.48,0.09,0.15,5.38,7.89,5.64,8.47,1.37,11.77,9.17,4.77,3.46,1.85,2.24,0.85,0.72,0.39,1.97,0.88,0.32,0.47,2.5,1.57
