EventID,Duration,TimeStep,Region,Area,Increments
7129,720,30,Southern Slopes (Tasmania),100,6.43,6.89,5.02,4.24,3.13,2.81,2.59,2.59,3,4.5,4.96,4.27,3.99,4.65,4.48,4.07,4.53,4.49,3.41,2.96,2.78,5.74,4.44,4.03
7130,720,30,Southern Slopes (Tasmania),100,2.16,0.35,1.01,4.8,10.33,6.86,2.46,3,1.25,3.74,3.05,5.73,6.07,8.26,7.49,6.99,5.77,7.68,3.41,3.23,2.91,2.04,0.86,0.55
7131,720,30,Southern Slopes (Tasmania),100,6.29,7.53,6.63,6.16,6.62,4.61,5.05,5.06,6.22,4.65,3.17,2.2,2.86,2.35,2.42,2.34,3.99,5.1,3.19,3.19,2.98,2.94,2.43,2.02
7132,720,30,Southern Slopes (Tasmania),100,2.39,3.66,3.83,3.39,3.85,5.35,4.09,4.03,5.01,5.82,5.79,5.11,4.69,6.67,5.21,5.39,4.08,3.46,4.9,3.01,1.68,1.86,3.41,3.32
7133,720,30,Southern Slopes (Tasmania),100,3.3,6.01,8.17,5.12,3.37,9.24,8.3,4.76,2.99,3.54,3.09,3.14,3.35,1.54,2.25,3.15,4.06,3.68,4.92,5.09,3.56,3.23,2.89,1.25
7134,720,30,Southern Slopes (Tasmania),100,4.08,6.24,4.87,2.11,2.41,2.54,2.36,2.2,1.87,4.98,6.08,5.18,6.22,4.38,4.78,2.2,4.79,3.79,5.69,3.86,4.8,4.05,4.8,5.72
7135,720,30,Southern Slopes (Tasmania),100,2.5,1.88,2.29,2.2,2,2.97,2.22,4.19,5.28,3.5,1.24,1.72,2.16,4.9,2.91,2.28,2.25,3.76,5.02,8.13,11.33,11.97,8.44,4.86
7136,720,30,Southern Slopes (Tasmania),100,2.13,1.68,2.49,2.81,3.08,2.53,2.09,1.98,2,1.9,3.53,3.28,2.81,4.24,5.57,5.84,9.25,9.45,5.55,5.81,4.8,3.36,5.77,8.05
7137,720,30,Southern Slopes (Tasmania),100,4.08,2.81,2.35,3.38,2.99,1.3,1.45,2.98,3.28,3.81,3.42,3.29,4.22,5.59,6.58,5.83,5.34,8.7,5.18,3.73,4.58,5.41,4.86,4.84
7138,720,30,Southern Slopes (Tasmania),100,3.26,3.87,6.89,2.97,3.32,2.17,1.84,2.17,1.55,2.91,3.98,5.48,5.57,4.71,5.44,5.19,7.95,3.56,2.62,4.19,7.32,9.35,2.29,1.4
7139,720,30,Southern Slopes (Tasmania),200,3.79,4.21,4.87,5.84,5.6,5.44,6.35,3.33,0.87,2.02,3.4,2.6,4.09,4.56,2.33,4.6,5.68,6.79,2.64,3.11,3.24,2.85,4.16,7.63
7140,720,30,Southern Slopes (Tasmania),200,1.03,4.7,3.58,10.85,7.59,6.24,9.03,4.15,4.2,1.76,2.23,5.34,4.61,5.85,2.51,1.2,1.62,2.18,2.48,2.9,4.46,7.14,3.83,0.52
7141,720,30,Southern Slopes (Tasmania),200,1.94,4.25,5.57,1.42,1.64,2.69,3.66,3.61,4.24,4.2,4.31,4.14,4.04,4.29,4.79,4.64,7.25,7.17,8.45,5.17,2.25,4.91,2.94,2.43
7142,720,30,Southern Slopes (Tasmania),200,7.18,9.01,7.23,6.34,8.56,4.89,3.01,3.5,3.63,3.83,0.6,2.06,1.28,3.21,2.67,1.64,1.25,2.77,5.75,4.75,5.9,4.63,2.89,3.42
7143,720,30,Southern Slopes (Tasmania),200,2.94,1.41,4.14,6.15,4.09,2.83,2.09,4.83,4.51,3.84,1.95,3.25,3.37,5.07,4.37,6.49,6.2,5.71,5.14,3.5,2.84,4.32,5.58,5.38
7144,720,30,Southern Slopes (Tasmania),200,2.78,4.85,7.43,4.42,4.71,6.15,5.17,3.62,3.7,3.46,4.21,3.84,4.59,7.08,8.62,8.57,4.77,2.84,0.62,0,0.27,2.56,4.44,1.3
7145,720,30,Southern Slopes (Tasmania),200,1.53,1.54,3.29,5.16,4.45,6.64,5.11,4.97,5.77,5.43,6.55,6.36,6.78,4.65,6.21,5.89,4.72,4.29,2.36,2.09,1.9,1.52,1.25,1.54
7146,720,30,Southern Slopes (Tasmania),200,3.66,6.12,3.98,1.96,3.09,2.98,3.78,3.03,3.65,3.67,3.48,2.42,4.19,3.6,5.32,7.32,8.26,8.49,5.74,5.18,5.58,2.17,1.84,0.49
7147,720,30,Southern Slopes (Tasmania),200,3.81,3.98,3.23,3.7,4.04,3.96,4.23,3.57,4.25,3.97,8.57,7.77,3.68,3.72,5.43,5.92,5.41,3.12,2.19,1.9,2.15,3.72,3.96,3.72
7148,720,30,Southern Slopes (Tasmania),200,2.59,2.95,1.24,3.24,4.8,3.41,3,5.38,4.62,4.91,2.59,3.42,4.8,4.89,6.88,2.16,3.56,5.7,6.23,6.48,5.94,4.67,3.13,3.41
7149,720,30,Southern Slopes (Tasmania),500,1.34,4.92,3.57,11.07,6.45,6.02,7.45,4.3,5.12,1.75,2.21,5.47,5.11,5.75,2.64,1.14,1.62,2.18,2.53,3.06,4.55,7.21,3.5,1.04
7150,720,30,Southern Slopes (Tasmania),500,3.54,3.86,4.54,5.46,5.02,5.32,6.35,3.32,0.94,2.01,3.31,2.92,4.12,4.94,2.81,4.91,5.95,6.86,2.91,3.08,3.14,2.99,4.17,7.53
7151,720,30,Southern Slopes (Tasmania),500,5.28,7.3,4.34,5.39,5.99,6.53,6.94,3.24,2.76,1.89,3.79,2.36,3.66,1.79,1.1,7.32,7.05,3.87,2.74,3.3,0.4,4.25,5.79,2.92
7152,720,30,Southern Slopes (Tasmania),500,5.19,7.44,8.52,6.18,3.26,4.02,3.94,4,3.8,2.55,3.34,4.15,3.76,1.9,4.19,4.88,3.55,4.46,4.46,2.56,3.61,3.36,3.24,3.64
7153,720,30,Southern Slopes (Tasmania),500,3.59,3.42,2.45,2.74,3.86,5.23,2.49,4.62,5.61,5.47,4.96,7.05,3.24,1.49,1.56,2.42,2.09,3.97,5.01,1.78,4.81,3.04,8.63,10.47
7154,720,30,Southern Slopes (Tasmania),500,2.74,2.51,0.95,0.97,3.43,5.19,4.14,2.55,4.86,1.95,3.89,11.12,7.44,5.85,4.69,6.7,6.97,5.93,3.96,2.75,3.39,2.47,3.8,1.75
7155,720,30,Southern Slopes (Tasmania),500,3.84,5.18,4.75,2.79,2.79,2.85,2.91,2.4,1.71,4.03,5.21,4.53,5.3,4.36,3.74,3.28,5.09,4.04,5.18,5.3,5.63,4.86,4.95,5.28
7156,720,30,Southern Slopes (Tasmania),500,2.11,2.52,2.77,2.43,2.16,2.07,2.05,1.63,2.85,2.91,2.65,3.6,4.89,4.93,7.84,9.22,5.82,6.31,5.45,4.77,7.54,7.64,2.79,3.05
7157,720,30,Southern Slopes (Tasmania),500,4.25,2.74,2.74,3.85,4.17,4.12,4.08,5.14,5.91,5.07,5.52,5.55,4.99,4.83,4.5,4.05,4.08,3.86,3.83,3.69,3.61,3.93,3.04,2.45
7158,720,30,Southern Slopes (Tasmania),500,2.54,2.15,2.66,3.3,3.31,2.69,2.53,2.5,3.44,5.55,5.43,4.83,5,4.68,6.31,5.55,4,4.92,4.25,3.98,7.81,4.22,4.53,3.82
7159,720,30,Southern Slopes (Tasmania),1000,3.3,3.5,4.57,5.91,4.79,4.9,5.95,3.31,1.02,2.02,3.11,2.81,3.79,4.84,2.95,5.36,5.85,6.81,3.77,3.52,3.31,3.44,3.87,7.3
7160,720,30,Southern Slopes (Tasmania),1000,2.45,4.05,2.47,3.96,2.58,2.44,2.3,3.7,2.76,2.11,2.26,2.82,3.7,5.55,5.73,6.59,7.43,7.77,6.54,4.1,4.27,5.63,4.53,4.26
7161,720,30,Southern Slopes (Tasmania),1000,5.84,5.42,6.38,6.2,7.91,5.83,5.05,5.36,2.99,2.79,3.29,2.91,3.91,6.51,3.6,1.81,2.26,1.39,1.26,2.92,5.18,5.51,4.13,1.55
7162,720,30,Southern Slopes (Tasmania),1000,2.47,2.36,3.73,4.44,1.57,2.11,2.65,4.07,3.76,4.39,4.12,4.3,4.46,4.13,4.2,4.57,4.3,7.64,7.17,6.75,4.59,4.41,4.41,3.4
7163,720,30,Southern Slopes (Tasmania),1000,3.73,6.47,6.22,3.51,4.59,2.34,1.69,0.8,0.61,1.61,7.1,2.93,3.56,6.46,7.19,11.42,5.66,4.19,3.42,2.49,3.49,3.12,4.15,3.25
7164,720,30,Southern Slopes (Tasmania),1000,1.53,1.9,1.16,1.4,3.52,2.97,3.01,5.14,3.91,3.38,2.24,7.36,10.03,7.05,7.33,8.15,6.4,3.45,3.43,3.01,3.02,3.77,4.18,2.66
7165,720,30,Southern Slopes (Tasmania),1000,6.26,8.62,11.18,3.82,4.22,4.69,3.32,3.55,4.05,3.58,5.69,1.99,2.46,2.28,2.23,3.13,4.64,0.22,0.61,0.73,0.93,7.82,8.36,5.62
7166,720,30,Southern Slopes (Tasmania),1000,1.45,2.41,3.6,3.08,2.83,3.4,2.73,3.22,5.29,5.9,6.38,5.13,4.74,5.61,5.29,4.86,3.15,5.47,6.48,5.17,5.49,3.88,2.64,1.8
7167,720,30,Southern Slopes (Tasmania),1000,4.16,6.49,6.24,7.49,5.93,7.11,8.06,6.33,5.63,4.5,2.9,3.57,4.41,5.51,5.18,5.4,3.1,2.24,2.01,1.11,0.88,0.62,0.62,0.51
7168,720,30,Southern Slopes (Tasmania),1000,2.67,3.02,1.3,3.27,4.75,3.14,2.8,4.73,4.47,5.05,2.85,3.79,4.71,4.92,6.69,2.33,3.74,5.82,6.35,6.37,5.9,4.64,3.12,3.57
7169,720,30,Southern Slopes (Tasmania),2500,1.49,0.63,7.42,1.97,1.65,5.29,3.31,4.09,3.74,6.38,5.54,5.82,1.49,1.56,4.78,24.87,5.27,1.61,1.99,2.29,2.63,3.08,2.88,0.22
7170,720,30,Southern Slopes (Tasmania),2500,4.67,4.33,4.34,4.88,2.75,3.56,3.97,4.46,2.52,4.33,5.92,4.21,4.73,3.89,3.03,3.17,3.68,4.05,4.3,4.26,5.07,4.63,5.28,3.97
7171,720,30,Southern Slopes (Tasmania),2500,5.49,7.38,4.37,5.3,6.01,7.05,7.69,3.77,3,2.18,3.39,2.29,3.4,1.74,1.1,7.64,6.99,3.74,2.53,2.81,0.56,3.69,5.22,2.66
7172,720,30,Southern Slopes (Tasmania),2500,3.36,4.35,6.06,3.95,2.06,2.78,3.38,4.11,5.43,6.06,5.03,7.45,7.04,8.49,3.47,3.02,3.04,2.94,4.19,7.27,2.75,2.82,0.5,0.45
7173,720,30,Southern Slopes (Tasmania),2500,5.69,5.71,6.67,6.33,7.95,5.62,4.97,5.43,2.81,2.78,3.28,3.16,3.76,6.47,3.23,1.45,2.12,1.41,1.52,3.59,5.23,5.48,3.79,1.55
7174,720,30,Southern Slopes (Tasmania),2500,7.89,8.73,5.87,6.74,4.03,4.26,2.22,1.49,2.34,6.26,2.24,3.58,4.61,4.33,6.48,3.25,3.73,1.35,1.88,0.99,1.7,1.17,5.85,9.01
7175,720,30,Southern Slopes (Tasmania),2500,4.96,3.58,3.99,4.44,4.37,4.54,4.81,5.8,5.65,5.66,4.6,1.26,2.36,2.5,4.37,3.83,2.67,3.2,5.02,4.2,4.56,3.64,4.54,5.45
7176,720,30,Southern Slopes (Tasmania),2500,2.61,3.85,2.33,3.62,2.47,2.37,2.12,3.45,2.62,2.12,2.52,2.88,3.94,5.48,6.07,6.85,7.59,8.02,6.18,4.19,4.99,5.46,4.44,3.83
7177,720,30,Southern Slopes (Tasmania),2500,0,0,0.18,1.48,4.16,6.35,6.37,6.43,6.5,5.92,8.11,6.43,5.81,4.66,2.94,4.07,4.63,5.96,5.41,5.73,3.05,2.42,1.87,1.52
7178,720,30,Southern Slopes (Tasmania),2500,1.99,3.02,3.52,5.34,5.44,9.51,6.58,4.33,5.65,3.31,2.13,1.5,1.92,2.97,2.41,3.97,5.08,2.45,1.94,6.29,17.03,0.95,1.05,1.62
7179,720,30,Southern Slopes (Tasmania),5000,2.09,2.11,3.78,5.11,3.48,5,7.45,4.43,2.62,2.45,2.96,3.83,3.64,5.32,4.23,7.17,5.55,5.02,3.15,3.13,4.48,4.27,3.87,4.86
7180,720,30,Southern Slopes (Tasmania),5000,2.96,2.18,3.24,2.29,5.27,6.88,3.4,4.81,4.81,5.85,5.8,3.86,3.59,2.36,2.63,2.54,3.71,3.49,3.49,6.71,4.87,3.71,5.71,5.84
7181,720,30,Southern Slopes (Tasmania),5000,4.19,3.33,6.75,3.41,2.8,1.24,3.69,5.68,8.32,6.98,11.25,8.13,3.35,2.62,2.58,2.14,3.63,5.93,4.72,3.03,1.24,1.19,1.88,1.92
7182,720,30,Southern Slopes (Tasmania),5000,3.5,2.76,1.18,1.61,2.98,4.17,6.06,6.37,6.27,8.07,4.49,2.33,4.02,2.68,3.04,3.25,5.76,3.51,2.84,6.45,7.11,4.23,3.19,4.13
7183,720,30,Southern Slopes (Tasmania),5000,2.01,3,4.22,3.51,2.54,2.54,3.9,5.85,5.14,6.5,6.72,0.81,1.79,3.76,4.14,3.55,3.41,2.92,6.19,7.55,8.3,6.09,3.31,2.25
7184,720,30,Southern Slopes (Tasmania),5000,3.14,4.97,4.63,3.09,2.17,2.77,3.17,5.21,5.19,3.55,3.7,2.1,1.68,1.7,2.48,3.32,7.34,4.41,5.87,5.82,5.65,8.41,5.15,4.48
7185,720,30,Southern Slopes (Tasmania),5000,6.2,5.96,7.05,4.75,7.28,7.54,1.85,1.88,2.38,2.19,2.54,5.63,2.62,0.86,1.24,1.07,2.45,3.4,7.47,6.66,4.64,3.45,6.87,4.02
7186,720,30,Southern Slopes (Tasmania),5000,5.69,3.43,3.57,5,6.23,6.32,5.51,3.73,3.32,3.69,3.96,5.44,4.96,3.82,1.84,2.48,3.3,6.67,6.07,3.69,1.89,2.75,3.16,3.48
7187,720,30,Southern Slopes (Tasmania),5000,0.2,2.1,1.87,2.81,3.29,5.11,5.39,9.03,7.05,4.63,6.15,4.31,2.6,2.05,2.49,4.22,3.18,3.73,4.52,2.26,1.89,5.48,14.6,1.04
7188,720,30,Southern Slopes (Tasmania),5000,2.51,2.42,2.09,2.52,3.55,3.93,2.91,2.99,2.05,2.7,3.74,4.98,4.7,5.62,6.16,5.81,5.99,5.2,4.33,4.51,4.91,4.77,5.59,6.02
7189,720,30,Southern Slopes (Tasmania),10000,2.4,1.01,1.16,1.62,1.81,3.52,4.46,4.19,5.11,4.9,2.25,2.48,4.31,3.14,3.54,6.46,5.66,5.62,7.14,5.83,7.43,8.02,7.54,0.4
7190,720,30,Southern Slopes (Tasmania),10000,1.91,1.95,3.98,5.3,3.4,4.85,7.73,4.44,2.67,2.49,2.9,3.63,3.55,4.77,4.14,7.16,5.4,5.12,3.26,3.36,4.55,4.57,3.96,4.91
7191,720,30,Southern Slopes (Tasmania),10000,1.93,5.29,4.98,5.65,6.52,5.51,7.6,7.54,5.76,5.96,3.3,3.91,5,6.39,5.74,5.14,4.28,3.03,2.48,1.45,0.9,0.76,0.43,0.45
7192,720,30,Southern Slopes (Tasmania),10000,3.51,2.47,0.83,1.51,2.85,4.02,6.45,6.66,6.53,8.55,4.11,1.83,3.87,2.32,2.68,2.91,5.23,3.3,2.98,7.32,7.87,4.7,3.42,4.08
7193,720,30,Southern Slopes (Tasmania),10000,4.9,6.23,3.09,3.99,3.86,4.43,4.79,3.59,3.44,2.35,2.79,2.75,3.65,3.97,3.78,5.56,4.68,3.72,5.27,6.24,3.72,5.5,5.5,2.2
7194,720,30,Southern Slopes (Tasmania),10000,6.17,7.58,5.18,4.52,4.89,4.43,4.18,4.47,2.74,3.21,3.52,3.92,2.55,3.83,5.67,4.16,4.47,3.81,2.66,2.99,3.67,3.65,3.92,3.81
7195,720,30,Southern Slopes (Tasmania),10000,4.06,5.04,3.77,7.34,6.86,5.09,3.55,1.97,1.81,1.45,4.02,4.36,4.92,3.49,2.46,1.99,5.63,1.79,12.13,2.84,3.22,6.64,2.84,2.73
7196,720,30,Southern Slopes (Tasmania),10000,2.58,3.76,5.23,4.18,9.42,5.29,5.05,5.69,3.3,3.94,2.5,2.88,4.67,4.81,5.92,4.65,2.19,2.45,2.05,2.36,3.3,4.37,6.7,2.71
7197,720,30,Southern Slopes (Tasmania),10000,4.04,3.66,4.92,2.67,2.3,2.05,2.03,3.41,4.8,3.96,6.65,5.59,4.75,6.82,5.86,5.02,3.91,3.68,3.04,4.1,4.1,3.86,4.08,4.7
7198,720,30,Southern Slopes (Tasmania),10000,3.87,3.54,3.27,4.18,3.46,3.51,6.2,7.85,6.28,3.54,2.53,3.14,2.47,2.05,3.78,3.83,4.36,7.07,4.57,5.08,5.53,3.64,3.24,3.01
7199,720,30,Southern Slopes (Tasmania),20000,3.14,2.58,5.2,6.4,3.33,4.22,4.42,4.99,5.51,3.7,3.42,2.41,2.61,2.61,3.53,3.47,3.44,6.2,5.2,4.39,4.36,5.51,4.08,5.28
7200,720,30,Southern Slopes (Tasmania),20000,3.49,4.48,6.89,4.6,2.87,3.21,2.87,3.42,3.84,4.63,4.41,7.41,5.84,6.29,4.2,3.84,4.38,5.11,4.2,5.44,4.69,2.84,0.45,0.6
7201,720,30,Southern Slopes (Tasmania),20000,2.51,2.01,2.43,2.64,3.11,2.85,2.9,3.7,3.59,2.39,3.03,3.88,3.14,3.85,4.5,5.55,6.22,6.93,6.11,5.82,7.58,4.8,6.82,3.64
7202,720,30,Southern Slopes (Tasmania),20000,4.06,2.72,2.41,2.8,2.51,4.64,6.75,5.53,5.28,4.94,5.06,4.67,4.48,4.53,3.85,4.71,4.03,3.7,3.84,4.24,4.24,3.7,3.73,3.58
7203,720,30,Southern Slopes (Tasmania),20000,2.48,2.54,2.52,2.62,2.97,3.27,3.83,3.69,3.7,3.83,4.2,3.81,3.61,3.38,3.95,3.5,5.06,7.51,6.93,6.6,5.9,5.55,5.23,3.32
7204,720,30,Southern Slopes (Tasmania),20000,3.22,3.55,2.99,2.55,3.1,3.42,4.2,5.88,5.96,5.67,5.46,4.85,4.36,3.73,3.66,3.65,4.19,6.79,4.73,4.2,3.84,2.67,3.18,4.15
7205,720,30,Southern Slopes (Tasmania),20000,1.32,1.18,0.96,1.19,1.44,1.5,1.85,1.99,2.5,2.85,3.13,3.71,6.62,6,7.56,7.66,7.58,5.32,5.5,5.25,5.45,7.03,6.89,5.52
7206,720,30,Southern Slopes (Tasmania),20000,6.02,5.6,3.25,4.39,3.71,4.88,4.46,5.87,5.01,4.99,4.36,6.78,5.21,3.81,3.48,2.79,2.37,4.73,4.07,2.95,2.23,2.69,3.75,2.6
7207,720,30,Southern Slopes (Tasmania),20000,4.76,4.75,5.65,4.16,6.07,13.18,4.75,5.19,6.15,2.68,3.54,3.12,3.18,3.98,3.86,2.94,3.71,2.94,2.98,2.65,2.06,2.42,2.33,2.95
7208,720,30,Southern Slopes (Tasmania),20000,3.23,3.13,3.23,3.66,4.53,4.38,5.15,4.83,5.38,7.44,5.15,6.54,5.28,5.55,4.96,4.51,4.61,4.28,3.11,2.29,1.55,3.08,2.17,1.96
7209,720,30,Southern Slopes (Tasmania),40000,2.68,2.2,2.25,2.57,2.91,2.59,2.79,3.13,3.31,2.94,3.54,4.51,3.83,5.19,5.78,6.25,6.73,7.37,5.63,4.81,5.85,3.87,5.85,3.42
7210,720,30,Southern Slopes (Tasmania),40000,3.9,2.71,2.4,3.18,2.91,4.16,6,5.63,5.24,4.77,5.06,4.88,5.2,4.96,3.94,4.64,4.04,3.94,4.04,4.11,3.83,3.54,3.51,3.41
7211,720,30,Southern Slopes (Tasmania),40000,3.34,3.29,3.14,2.7,3.02,4,4.42,4.17,3.97,4.87,5.16,4.65,4.2,4.18,4.43,4.07,4.52,5.95,5.3,5.13,4.53,4.18,3.7,3.08
7212,720,30,Southern Slopes (Tasmania),40000,0.32,0.63,0.84,0.98,1.66,2.91,3.66,1.7,5.26,2.48,3.01,2.19,6.3,12.34,9.76,8.1,8.21,6.61,5.4,6.82,4.48,3.66,1.64,1.04
7213,720,30,Southern Slopes (Tasmania),40000,2.3,2.18,3.36,4.02,4.21,3.6,3.64,3.95,3.27,2.92,3.9,3.64,4.21,5.33,5.79,5.98,5.58,4.93,4.46,3.79,3.76,3.69,4.32,7.17
7214,720,30,Southern Slopes (Tasmania),40000,1.22,1.47,1.68,2.21,2.65,3.25,5.2,4.57,6.5,6.57,6.95,5.34,5.94,5.97,6.13,8.32,9.33,7.17,3.18,1.35,1.3,0.89,0.67,2.14
7215,720,30,Southern Slopes (Tasmania),40000,2.31,1.57,3.14,4.14,2.8,4.74,1.29,0.63,1.31,2.37,0.37,0.83,3.49,2.14,6.46,9.69,9.83,10.11,7.69,6.23,7.06,4.74,3.46,3.6
7216,720,30,Southern Slopes (Tasmania),40000,5,4.17,4.05,4.46,4.38,3.84,3.86,4.49,4.6,6.18,6.37,4.83,4.07,4.02,4.17,4.2,2.94,4.46,3.72,3.31,2.51,3.15,4.05,3.17
7217,720,30,Southern Slopes (Tasmania),40000,3.46,3.15,3.64,3.61,4.27,3.99,3.94,3.97,4.49,4.51,5.63,5.82,4.59,4.82,4.89,4.41,5.53,6.87,3.28,3.89,4.48,1.92,2.43,2.41
7218,720,30,Southern Slopes (Tasmania),40000,2.95,2.94,2.9,3.24,4.51,2.99,3.95,5.09,4.86,6.26,5.8,7.41,3.99,5.43,6.24,7.49,4.74,2.74,5.01,4.4,1.86,1.71,1.84,1.65
7219,1080,60,Southern Slopes (Tasmania),100,1.46,4.43,5.6,5.46,5.37,6.78,5.66,6.5,6.59,5.86,7.31,7.05,6.39,6.53,5.35,5.13,5.29,3.24
7220,1080,60,Southern Slopes (Tasmania),100,4.22,2.19,3.79,4.98,7.56,5.28,7.04,5.8,5.21,3,5.96,5.6,5.41,5.59,9.24,7.45,5.33,6.35
7221,1080,60,Southern Slopes (Tasmania),100,6.56,6.45,4.36,3.64,3.11,2.91,4.42,5.27,6.72,5.92,7.91,7.95,8.29,7.73,5.5,5.77,2.58,4.91
7222,1080,60,Southern Slopes (Tasmania),100,5.02,5.33,5.42,7.16,4.31,3.65,7.4,4.29,3.46,3.26,4.86,7.51,7.52,4.42,5.81,7.06,5.63,7.89
7223,1080,60,Southern Slopes (Tasmania),100,5.58,5.89,5.43,5.59,2.34,3.71,4.92,4.1,3.07,3.17,5.06,4.79,7.01,8.86,10.04,6.37,7.14,6.93
7224,1080,60,Southern Slopes (Tasmania),100,1.65,4.21,2.09,2.56,2.01,3.22,3.54,5.02,3.94,3.39,4.62,5.18,8.36,12.84,12.77,9.03,7.77,7.8
7225,1080,60,Southern Slopes (Tasmania),100,3.37,4.84,3.88,5.27,6.63,7.31,5.9,6.44,6.3,6,5.81,5.54,7.15,8.45,6.88,5.9,1.84,2.49
7226,1080,60,Southern Slopes (Tasmania),100,4.2,6.75,1.59,4.5,5.02,4.61,6.88,5.69,3.73,2.53,4.28,5.28,4.26,4.38,8.2,10.57,3.46,14.07
7227,1080,60,Southern Slopes (Tasmania),100,1.82,1.66,6.04,8.36,4.65,3.4,3.78,8.01,8.71,8.99,9.75,5.77,14.12,3.13,1.81,3.35,2.97,3.68
7228,1080,60,Southern Slopes (Tasmania),100,7.28,5.14,2.99,5.08,5.44,8.86,5.69,4.82,5.68,3.68,5.43,5.44,3.77,5.58,10.26,3.87,3.58,7.41
7229,1080,60,Southern Slopes (Tasmania),200,2.9,4.54,5.59,5.67,9.55,8.91,9.06,8.48,3.99,2.65,5.12,5.8,8,4.54,1.51,1.31,3.96,8.42
7230,1080,60,Southern Slopes (Tasmania),200,6.76,4.78,5.79,6.9,9.36,8.55,4.25,7.19,5.63,0.2,4.73,3.87,5.52,1.52,4.27,7.75,6.22,6.71
7231,1080,60,Southern Slopes (Tasmania),200,4.58,5.13,4.88,4.82,5.19,5.21,7.72,7.22,7.32,9.16,4.87,3.43,6,4.06,1.25,7.67,6.88,4.61
7232,1080,60,Southern Slopes (Tasmania),200,2.42,6.7,7.02,5.26,5.58,4.95,9.23,9.76,3.24,3.42,5.38,5.53,6.04,14.82,1.49,2.38,3.66,3.12
7233,1080,60,Southern Slopes (Tasmania),200,3.85,6.15,5.45,4.13,1.23,2.23,4.27,3.45,6.31,6.45,7.33,4.62,7.46,6.96,7.12,9.79,8.17,5.03
7234,1080,60,Southern Slopes (Tasmania),200,2.41,4.58,2.89,5.4,5.23,4.3,6.89,6.57,5.59,4.12,3.66,1.56,5.77,9.57,9.16,9.06,6.69,6.55
7235,1080,60,Southern Slopes (Tasmania),200,3.68,9.18,6.23,10.91,2.27,1.35,5.03,5.4,5.19,7.01,6.78,4.8,4.63,8.27,7.86,4.75,4.83,1.83
7236,1080,60,Southern Slopes (Tasmania),200,5.97,2.64,7.51,13.69,7.37,3.04,3.29,1.2,0.55,3.53,1.46,6.25,10.85,5.74,5.83,8.6,10,2.48
7237,1080,60,Southern Slopes (Tasmania),200,4.4,5.45,5.89,6.4,6.63,8.66,8.77,7.79,4.6,6.18,6.66,7.55,2.99,2.03,3.79,7.77,3.67,0.77
7238,1080,60,Southern Slopes (Tasmania),200,1.72,5.24,4.24,3.99,7.14,5.97,2.78,1.11,7.78,9.26,11.6,11.22,7.35,5.05,5.69,5.05,3.5,1.31
7239,1080,60,Southern Slopes (Tasmania),500,4.65,4.23,7.85,8.79,4.88,4.98,4.17,4.79,3.96,6,5.6,5.17,5.15,5.23,6.4,6.68,6.17,5.3
7240,1080,60,Southern Slopes (Tasmania),500,2.66,9.43,7.28,9.37,7.63,3.48,4.61,4.08,6.3,8.18,4.52,3.48,6.53,2.88,1.23,9.14,6.22,2.98
7241,1080,60,Southern Slopes (Tasmania),500,4.66,2.25,10.13,10.27,6.38,4.51,5.35,5.21,2.76,3.35,3.03,0.32,5.92,10.27,9.38,5.87,7.91,2.43
7242,1080,60,Southern Slopes (Tasmania),500,8.07,7.52,3.16,3.01,2.05,2.58,1.64,1.98,1.4,6.91,8.03,5.07,8.73,14.03,10.45,6.69,4.38,4.3
7243,1080,60,Southern Slopes (Tasmania),500,3.24,7.35,1.57,2.19,3.73,4.29,4.47,4.98,7.29,1.47,1.41,7.01,6.66,7.4,9.83,7.8,11.57,7.74
7244,1080,60,Southern Slopes (Tasmania),500,4.46,5.1,4.88,4.86,5.16,5.05,7.55,7.02,7.18,9.4,5.25,3.85,6.16,4.42,1.38,7.57,6.32,4.39
7245,1080,60,Southern Slopes (Tasmania),500,6.9,4.56,5.66,6.94,9.06,8.23,4.44,7.3,5.83,0.28,4.57,3.8,5.49,1.47,4.16,8.04,6.56,6.71
7246,1080,60,Southern Slopes (Tasmania),500,1.86,5.74,5.69,4.21,7.37,5.76,8.96,9.72,3.83,3.22,4.9,5.5,6.35,15.45,2.39,1.93,3.72,3.4
7247,1080,60,Southern Slopes (Tasmania),500,5.92,2.88,7.13,12.97,6.94,2.9,3.42,1.49,0.82,3.69,1.58,6.24,11.04,5.45,6.43,8.92,9.88,2.3
7248,1080,60,Southern Slopes (Tasmania),500,5.25,4.79,6.54,5.05,4.1,5.43,3.66,9.05,9.33,6.52,5.04,4.9,5.03,5.77,5.05,5.5,4.8,4.19
7249,1080,60,Southern Slopes (Tasmania),1000,2.53,9.62,7.26,9.18,8.5,3.54,4.39,4.3,6.27,8.8,3.64,2.78,6.16,3.03,1.08,9.92,5.84,3.16
7250,1080,60,Southern Slopes (Tasmania),1000,2.95,6.7,4.92,4.88,2.42,0.44,0.77,0.78,4.56,5.94,7.32,8.24,8.99,3.01,6.56,9.63,9.04,12.85
7251,1080,60,Southern Slopes (Tasmania),1000,9.79,7.1,2.7,3.18,2.31,3.02,1.37,2.15,1.55,7.23,6.73,4.31,7.28,10.68,11.23,8.78,6.04,4.55
7252,1080,60,Southern Slopes (Tasmania),1000,2.19,2.47,3.06,4.84,4.23,4.1,6.31,3.7,7.65,9.12,5.72,3.18,5.49,4.85,12.85,13.25,4.91,2.08
7253,1080,60,Southern Slopes (Tasmania),1000,3.06,3.78,5.02,4.47,3.96,5.19,5.14,4.47,5.19,5.24,8.39,4.14,9.48,9.28,4.82,5.84,7.34,5.19
7254,1080,60,Southern Slopes (Tasmania),1000,7.27,5.52,5.03,4,5.37,5.07,5.67,5.42,4.77,4.79,7.06,4.91,3.93,3.64,5.48,10.77,5.52,5.78
7255,1080,60,Southern Slopes (Tasmania),1000,4.16,6.24,5.56,4.3,1.64,2.25,4.21,3.47,5.92,6,7.7,5.56,7.21,6.67,6.98,9.19,7.63,5.31
7256,1080,60,Southern Slopes (Tasmania),1000,2.25,2.87,3.58,4.58,6.73,6.09,9.63,6.64,5.69,3.41,4.76,7.76,5.64,3.51,2.27,3.62,10.97,10
7257,1080,60,Southern Slopes (Tasmania),1000,5.31,6.47,7.49,11.83,10.21,9.38,7.4,2.91,2.51,2.56,1.51,1.46,3.22,3.64,6.87,8.03,5.07,4.13
7258,1080,60,Southern Slopes (Tasmania),1000,3.12,3.09,2.59,4.14,1.85,4.68,7.37,5.52,6.86,5.42,2.45,4.67,6.66,9.74,8.17,7.07,10.19,6.41
7259,1080,60,Southern Slopes (Tasmania),2500,4.18,4.56,4.82,9.82,6.28,5.83,5.97,4.09,5.46,4.43,6.57,5.59,4.01,5.01,5.55,6.28,5.99,5.56
7260,1080,60,Southern Slopes (Tasmania),2500,3.03,10,7.27,9.62,8.44,3.96,4.3,3.83,6.35,7.85,4.46,3.5,6.05,2.69,1.36,8.54,5.85,2.9
7261,1080,60,Southern Slopes (Tasmania),2500,3.85,5.85,3.64,3.85,6.08,5.99,6.34,7.54,8.03,4.16,3.46,5.83,4.17,6.55,5.82,7.11,6.52,5.21
7262,1080,60,Southern Slopes (Tasmania),2500,4.17,4.35,8.95,6.31,7.27,2.54,4.12,6.48,7.96,10.64,7.1,6.35,9.14,5.42,0.78,2.31,3.13,2.98
7263,1080,60,Southern Slopes (Tasmania),2500,3.61,8.57,2.13,2.93,4.97,5.48,4.34,5.43,7.55,1.09,2.7,7.47,7.77,9.16,8.9,5.69,7.31,4.9
7264,1080,60,Southern Slopes (Tasmania),2500,13.44,10.43,4.83,9.08,9.62,3.35,4.5,6.37,10.92,2.72,0.99,1.75,1.17,0.06,0.95,3.62,6.75,9.45
7265,1080,60,Southern Slopes (Tasmania),2500,4.43,2.49,9.76,9.87,6.26,4.76,6.3,4.88,2.77,3.11,3.16,0.71,6.31,10.04,9.2,5.53,7.81,2.61
7266,1080,60,Southern Slopes (Tasmania),2500,9.46,6.92,2.99,3.81,2.62,3.35,1.74,2.79,2.22,5.02,4.87,5.46,5.66,9.15,12.85,9.75,6.29,5.05
7267,1080,60,Southern Slopes (Tasmania),2500,6.46,5.45,9.47,5.77,2.56,6.87,5.94,2.35,3.34,7.54,10.17,8.7,7.19,5.84,1.56,2.18,5.49,3.12
7268,1080,60,Southern Slopes (Tasmania),2500,4.86,4.74,4.98,4.86,4.56,6.24,6.16,6.68,9.56,6.89,5.04,6.2,4.8,2.24,5.75,7.63,4.16,4.65
7269,1080,60,Southern Slopes (Tasmania),5000,10.18,7.36,9.76,8.14,4.05,4.47,3.75,6.29,7.92,5.16,4.6,6.44,2.69,1.53,8.02,6.04,2.89,0.71
7270,1080,60,Southern Slopes (Tasmania),5000,4.06,4.28,5.21,5.05,5.08,5.46,5.08,7.84,6.12,7.86,9.43,5.64,5.19,6.73,5.31,1.69,5.16,4.81
7271,1080,60,Southern Slopes (Tasmania),5000,3.1,2.28,6.23,5.95,3.81,6.47,6.74,4.47,2.61,4.47,9.06,9.01,10.84,7.42,3.61,3.81,6.04,4.08
7272,1080,60,Southern Slopes (Tasmania),5000,4.39,4.03,5.15,2.29,5.89,10.24,11.81,5.62,5.52,5.18,7.63,7.65,9.35,6.04,3.67,1.83,1.9,1.81
7273,1080,60,Southern Slopes (Tasmania),5000,2.15,2.86,4.71,4.74,4.1,6.42,4.16,7.79,9.26,6.03,4.06,5.39,5.21,11.29,12.12,5.22,2.59,1.9
7274,1080,60,Southern Slopes (Tasmania),5000,5.03,7.53,5.48,5.64,4.3,5.27,5.71,5.88,5.67,5.69,5.65,7.11,4.38,3.91,4.27,5.54,8.24,4.7
7275,1080,60,Southern Slopes (Tasmania),5000,9.2,7.46,4.61,5.01,3.33,3.34,1.43,3.02,1.98,3.78,3.67,4.06,5.19,8.37,12.36,10.61,7.27,5.31
7276,1080,60,Southern Slopes (Tasmania),5000,2.04,3.91,3.4,5.21,8.84,10.19,8.86,9.64,10.71,2.69,1.39,0.17,0.93,3.82,7.26,6.62,6.31,8.01
7277,1080,60,Southern Slopes (Tasmania),5000,5.54,8.48,9.44,9.27,11.19,2.6,3.59,5.49,1.88,1.8,6.45,11.15,5.69,8.99,1.84,1.82,1.94,2.84
7278,1080,60,Southern Slopes (Tasmania),5000,2.76,8.19,5.41,4.61,6.01,6.43,7.08,7.96,3.63,3.97,7.62,5.8,9.56,10.26,0.97,4.53,4.01,1.2
7279,1080,60,Southern Slopes (Tasmania),10000,3.03,3.81,5.27,4.46,8.92,5.71,6.85,6.35,4.46,4.19,5.89,7.74,6.55,9.37,7.18,6.06,2.95,1.21
7280,1080,60,Southern Slopes (Tasmania),10000,4.67,4.05,4.87,1.91,5.61,10.69,12.31,4.84,5.05,4.57,6.96,8.4,10.25,6.12,3.91,2.19,2.14,1.46
7281,1080,60,Southern Slopes (Tasmania),10000,3.46,3.83,4.67,4.43,4.86,5.14,4.73,7.02,5.85,7.15,8.94,6.15,5.67,7.39,6.43,2.74,5.94,5.6
7282,1080,60,Southern Slopes (Tasmania),10000,4.65,5.17,4.4,5.25,5.94,5.92,5.71,5.66,5.88,7.16,5.08,4.21,4.72,5.55,8,5.38,5.42,5.9
7283,1080,60,Southern Slopes (Tasmania),10000,1.77,1.98,4.01,2,4.47,6.73,5.12,6.09,8.82,11.08,3.54,3.27,9.49,9.75,6,5.89,6.78,3.21
7284,1080,60,Southern Slopes (Tasmania),10000,3.38,4.83,5.02,5.59,5.88,5.8,3.33,4.16,6.68,9.35,8.84,8.31,5.79,5.46,6.09,6.71,2.99,1.79
7285,1080,60,Southern Slopes (Tasmania),10000,2.16,7.24,1.46,3.17,6.74,9.35,10.86,8.55,5.17,3.15,7.5,8.58,2.87,4.07,6.74,7.64,3.29,1.46
7286,1080,60,Southern Slopes (Tasmania),10000,9.95,7.19,4.77,5.18,3.69,3.26,1.27,3.05,2.25,3.24,3.42,4.44,6.04,7.76,11.54,10.55,7.5,4.9
7287,1080,60,Southern Slopes (Tasmania),10000,3.81,4.85,6.24,11.51,7.36,5.21,3.61,5.9,3.88,5.3,6.59,5.1,2.87,3.31,11.4,7.82,3.54,1.7
7288,1080,60,Southern Slopes (Tasmania),10000,2.17,4.28,3.57,5.12,8.82,9.91,9.16,9.78,11.89,2.8,1.7,0.14,0.84,3.32,6.23,6.27,6.53,7.47
7289,1080,60,Southern Slopes (Tasmania),20000,4.45,9.04,5.88,7.33,7.17,4.54,4.06,5.46,7.51,7.47,7.69,7.28,6.82,3.2,1.46,5.1,3.84,1.7
7290,1080,60,Southern Slopes (Tasmania),20000,3.33,2.84,7.48,6.22,8.99,4.76,4.92,6.62,9.24,9.48,6.29,7.43,7.55,5.89,0.82,2.72,2.98,2.44
7291,1080,60,Southern Slopes (Tasmania),20000,5.34,4.95,5.07,6.39,7.6,3.48,2.99,8.1,8.75,6.32,5.72,7.13,5.47,5.22,3.61,3.53,4.74,5.59
7292,1080,60,Southern Slopes (Tasmania),20000,2.15,2.6,1.73,1.73,3.69,5.34,3.73,4.2,4.93,5.46,4.95,5.72,5.79,8.32,10.88,9.88,10.24,8.66
7293,1080,60,Southern Slopes (Tasmania),20000,5.72,5.47,6.12,5.92,6.29,7.35,6.28,6.58,10.4,7.08,5.93,4.08,4.74,4.38,4.1,3.53,2.76,3.27
7294,1080,60,Southern Slopes (Tasmania),20000,2.92,5.42,6.08,5.09,4.18,4.92,7.6,8.76,7.77,6.1,5.51,8.28,6.73,4.91,5.53,3.73,4.54,1.93
7295,1080,60,Southern Slopes (Tasmania),20000,8,5.26,5.92,7.11,6.89,7.67,6.21,4.32,4.89,4.83,3.39,4.38,4.09,6.02,4.72,4.05,5.99,6.26
7296,1080,60,Southern Slopes (Tasmania),20000,1.88,2.68,3.39,5.25,4.03,5.55,9.51,7.92,7.54,6.98,6.63,5.98,6.26,6.15,5.66,4.93,5.87,3.79
7297,1080,60,Southern Slopes (Tasmania),20000,2.7,3.48,3.89,4.09,4.17,4.73,5.41,5.7,5.91,5.52,5.47,7.78,10.16,10,7.53,4.97,4.42,4.07
7298,1080,60,Southern Slopes (Tasmania),20000,5.31,5.69,6.5,7.15,8,7.36,6.91,6.66,6.41,5.72,4.35,5.44,5.24,4.7,3.49,3.95,3.77,3.35
7299,1080,60,Southern Slopes (Tasmania),40000,5.26,4.51,5.48,9.32,7.65,7.55,7.78,6.62,6.24,6.26,5.78,5.42,5.42,5.67,3.76,2.88,2.64,1.76
7300,1080,60,Southern Slopes (Tasmania),40000,3.92,3.79,4.27,5,5.44,6,5.91,5.81,6.58,7.18,6.53,5.88,5.39,5.74,5.9,6.05,5.63,4.98
7301,1080,60,Southern Slopes (Tasmania),40000,4.54,5.04,4.77,5.99,6.41,7.06,6.64,6,6.14,6.09,5.37,4.38,6.01,4.89,4.03,5.4,6.01,5.23
7302,1080,60,Southern Slopes (Tasmania),40000,3.16,5.14,5.41,5.29,4.32,5.24,6.65,8.23,7.34,5.75,5.19,8.07,7.56,6.03,5.7,4.14,4.48,2.3
7303,1080,60,Southern Slopes (Tasmania),40000,0.91,2.06,3.4,8.2,8.4,4.91,2.81,5.09,5.65,5.99,6.92,6.44,7.59,7.2,9.23,7.42,5.01,2.77
7304,1080,60,Southern Slopes (Tasmania),40000,3.86,2.64,2.9,3.03,2.49,5.45,4.67,6.42,9.59,8.95,10.07,7.75,6.58,7.33,7.58,4.47,2.95,3.27
7305,1080,60,Southern Slopes (Tasmania),40000,2.5,3.48,6.33,7.07,6.07,6.45,6.83,7.65,6.95,6.31,6.56,6.82,5.61,3.85,4.89,5.09,4.28,3.26
7306,1080,60,Southern Slopes (Tasmania),40000,2.37,2.96,3.84,4.53,4.95,4.86,5.59,5.42,6.19,6.4,5.38,7.22,9.68,10.12,9.57,6.3,2.81,1.81
7307,1080,60,Southern Slopes (Tasmania),40000,5.36,4.05,3.11,5.43,4.77,4.22,3.23,4.84,7.56,9.78,7.75,8.17,7.3,5.95,4.74,5.04,4.79,3.91
7308,1080,60,Southern Slopes (Tasmania),40000,2.1,5.37,9.4,9.83,10.21,8.03,5.46,5.65,5.41,4.33,5.05,5.76,4.9,4.24,2.81,3.62,4.84,2.99
7309,1440,60,Southern Slopes (Tasmania),100,6.88,3.82,3.01,1.9,1.81,0.09,0.28,4.29,9.39,6.55,4.19,3.66,5.3,6.52,6.1,6.05,6.37,4.5,6.03,5.99,1.41,1.71,2.42,1.73
7310,1440,60,Southern Slopes (Tasmania),100,3.27,4.79,8.14,6.41,0.51,0.61,1.23,0.05,0.57,7.98,5.21,9.86,4.28,0.77,3.44,4.22,3.45,5.3,5.65,4.45,2.76,4.47,7.1,5.48
7311,1440,60,Southern Slopes (Tasmania),100,2.15,2.23,2.75,2.34,2.15,5.66,5.59,3.77,3.16,2.69,2.52,3.84,4.56,5.81,5.13,6.85,6.89,7.18,6.69,4.77,5,2.23,4.26,1.78
7312,1440,60,Southern Slopes (Tasmania),100,10.27,7.15,1.77,4.28,7.18,6.31,5.88,4.23,9.33,0.08,0,0.2,1.11,1.77,2.37,2.11,3.11,3.87,5.12,4.98,6.09,4.62,4.97,3.2
7313,1440,60,Southern Slopes (Tasmania),100,0.61,1.02,2.31,3.74,4.96,5.25,5.47,5.7,3.35,4.71,6.82,2.61,3.22,2.76,6.55,7.47,5.76,4.39,6.5,5.23,5.65,5.03,0.55,0.34
7314,1440,60,Southern Slopes (Tasmania),100,3.64,2.97,3.19,4.53,4.77,4.39,4.53,1.9,3.01,3.99,3.32,2.48,2.56,4.1,3.88,5.67,7.18,8.12,5.16,5.78,5.61,2.84,2.39,3.99
7315,1440,60,Southern Slopes (Tasmania),100,5.21,7.22,4.02,2.93,3.26,6.92,7.53,7.78,8.42,4.99,12.21,2.7,1.56,2.89,2.57,3.18,0.27,2.37,2.53,1.92,2.56,1.87,2.97,2.12
7316,1440,60,Southern Slopes (Tasmania),100,1.97,3.77,2.17,1.9,1.3,1.51,3.66,5.9,1.39,3.93,4.39,4.03,6.01,4.98,3.26,2.21,3.74,4.61,3.72,3.82,7.16,9.24,3.03,12.3
7317,1440,60,Southern Slopes (Tasmania),100,2.53,2.29,2.5,4.96,5.38,3.16,4.34,2.84,6.52,6.14,4.93,5.36,3.27,3.92,5.3,3.29,4.33,6.65,6.19,3.15,6.13,3.2,1.18,2.44
7318,1440,60,Southern Slopes (Tasmania),100,0.32,0,0.94,0,3.12,4.5,3.61,4.89,6.16,6.79,5.48,5.98,5.85,5.56,5.39,5.14,6.64,7.84,6.38,5.47,1.7,2.31,2.19,3.74
7319,1440,60,Southern Slopes (Tasmania),200,5.29,11.05,7.46,5.83,2.3,7.13,4.89,1.69,2.97,5.1,6.47,0.78,0.02,1.04,0.6,0,0.78,2.17,4.66,5.25,5.8,4.81,6.67,7.24
7320,1440,60,Southern Slopes (Tasmania),200,2.84,3.36,6,2.92,5.56,3.5,4.14,5.62,7.47,6.55,3.79,5.96,4.76,0.16,3.48,3.18,4.45,1.17,3.31,6.34,4.86,5.16,2.94,2.48
7321,1440,60,Southern Slopes (Tasmania),200,2.76,3.55,3.14,4.35,4.17,3.86,3.83,4.05,4.31,7.49,5.01,7.57,6.43,3.44,4.36,4.76,1.89,3.01,7.78,3.92,4.6,0.81,0.93,3.98
7322,1440,60,Southern Slopes (Tasmania),200,4.29,5.22,8.95,6.29,0.75,0.95,1.89,0.09,0.73,6.72,5.42,8.59,3.8,0.28,2.01,5,3.56,5.21,5.98,4.53,2.91,4.62,6.61,5.6
7323,1440,60,Southern Slopes (Tasmania),200,2.41,3.74,3.84,4.02,4.22,2.6,0.83,3.19,2.73,5.21,4.16,6.49,4.87,5.34,7.63,3.71,7.74,8.06,5.06,3.61,2.82,2.48,2.35,2.89
7324,1440,60,Southern Slopes (Tasmania),200,2.08,2.35,2.93,2.27,3.37,3.81,4.05,4.41,4.75,4.27,4.35,4.32,5.99,6.1,4.36,3.38,4.66,7.05,5.27,5.67,5.21,4.4,3.11,1.84
7325,1440,60,Southern Slopes (Tasmania),200,2.3,2.29,2.74,2.4,2.13,5.29,5.13,3.7,3.05,2.61,2.83,4.21,4.78,5.77,5.08,6.8,6.96,7.39,6.62,4.83,4.73,2.16,4.21,1.99
7326,1440,60,Southern Slopes (Tasmania),200,5.45,5.08,5.39,5.84,10.19,5.22,9.81,6.35,1.44,1.8,1.11,4.65,7.35,5.22,1.97,0.64,0.77,1.01,2.99,2.17,1.09,3.7,3.83,6.93
7327,1440,60,Southern Slopes (Tasmania),200,3.68,3.28,3.64,2.36,1.91,3.17,2.6,4.48,4.88,3.28,3.89,4.28,2.53,5.08,8.04,6.57,5.84,4.15,4.3,4.44,4.71,4.57,4.49,3.83
7328,1440,60,Southern Slopes (Tasmania),200,0.85,1.26,2.35,3.66,5.21,5.33,5.63,5.71,3.89,4.93,6.13,2.98,3.14,2.7,6.03,6.99,5.94,4.32,5.82,5.07,5.58,4.87,1.04,0.57
7329,1440,60,Southern Slopes (Tasmania),500,4.79,4.47,5.26,2.94,4.17,3.47,2.68,2.56,3.73,3.23,6.33,7.14,3.85,3.98,3.29,3.82,3.08,4.72,4.36,4,3.98,3.99,5,5.16
7330,1440,60,Southern Slopes (Tasmania),500,2.95,3.42,5.72,2.83,5.47,3.62,4.5,5.52,7.18,6.53,3.52,5.79,4.63,0.23,3.62,3.03,4.36,1.17,3.3,6.38,5.2,5.33,3.11,2.59
7331,1440,60,Southern Slopes (Tasmania),500,1.83,4.73,5.7,4.6,4.91,3.41,4.84,4.27,4.76,4.12,4.21,4.1,5.93,3.31,2.72,2.63,4.31,8.68,3.62,4.72,4.08,4.01,2.38,2.13
7332,1440,60,Southern Slopes (Tasmania),500,2.96,3.72,3.04,4.29,4.15,3.96,3.84,4,4.25,7.32,4.76,7.53,6.83,3.84,4.45,5.04,2.11,2.96,7.32,3.5,4.42,1.03,0.9,3.78
7333,1440,60,Southern Slopes (Tasmania),500,2.26,3.73,4.12,4.31,4.51,2.46,0.97,2.99,2.6,4.93,4.15,6.48,5.5,5.47,7.1,3.72,7.13,7.43,5.05,3.95,2.89,2.84,2.53,2.88
7334,1440,60,Southern Slopes (Tasmania),500,4.36,3.24,3.42,2,1.82,3,2.62,4.89,4.97,3.93,4.28,4.43,2.89,5.97,7.61,5.85,5.22,3.73,4.5,4.17,4.51,4.26,4.18,4.15
7335,1440,60,Southern Slopes (Tasmania),500,0.76,1.33,2.06,3.91,4.75,5.39,5.96,5.72,3.72,4.45,5.95,3.32,3.47,2.61,5.76,6.37,5.02,4.69,5.33,6.17,5.79,4.62,2.14,0.71
7336,1440,60,Southern Slopes (Tasmania),500,3.16,4.6,4.8,4.42,4.34,2.23,2.77,3.97,3.86,2.72,2.74,3.79,3.73,5.45,6.51,7.4,5.33,5.61,5.49,3.31,3,3.96,2.97,3.84
7337,1440,60,Southern Slopes (Tasmania),500,2.35,3.38,2.9,3.81,4.38,4.06,4.21,5.07,4.22,3.58,3.55,3.99,5.8,6.14,5.55,5.54,3.03,4.13,5,4.85,4.03,3.65,3.4,3.38
7338,1440,60,Southern Slopes (Tasmania),500,3.06,3.95,5,6.77,6.85,6.89,6.39,5.93,5.65,4.49,2.94,5.08,4.66,1.38,1.35,3.02,4.32,3.99,3.45,3.06,2.28,2.9,3.19,3.4
7339,1440,60,Southern Slopes (Tasmania),1000,5.13,3.67,3.9,3.81,2.93,3.06,2.95,3.55,4.23,7.84,4.54,4.18,4.19,3.01,4.15,3.33,4.58,4.96,3.42,3.86,4.31,4.99,5.04,4.37
7340,1440,60,Southern Slopes (Tasmania),1000,1.29,4.56,5.79,4.39,4.01,3.18,4.27,4.04,4.52,4.32,3.8,3.82,5.63,3.91,3.12,2.9,4.36,8.59,4.4,4.61,4.89,4.06,2.92,2.62
7341,1440,60,Southern Slopes (Tasmania),1000,3,3.51,3.74,3.78,4.36,4.17,3.8,4.25,3.97,6.12,4.77,6.92,8.55,5.02,4.25,5.64,4.63,1.17,5.26,4.54,3.54,2.26,0.31,2.44
7342,1440,60,Southern Slopes (Tasmania),1000,3.35,6.84,7.55,6.25,10.8,1.55,3.12,3.71,1.01,0.86,4.73,8.92,4.02,7.47,0.95,1.84,1.9,2.96,3.68,5.07,4.84,3.14,1.99,3.45
7343,1440,60,Southern Slopes (Tasmania),1000,2.27,3.52,5.26,4.68,3.62,1.39,1.89,3.55,2.92,4.98,5.05,6.49,4.68,6.07,5.62,5.89,7.73,6.43,4.48,3.05,2.57,2.85,2.97,2.04
7344,1440,60,Southern Slopes (Tasmania),1000,3.07,2.67,3.85,4.85,4.17,3.09,2.46,2.42,2.03,3.24,1.45,3.66,5.77,4.32,5.37,4.25,1.92,3.65,5.22,7.62,6.4,5.53,7.97,5.02
7345,1440,60,Southern Slopes (Tasmania),1000,1.6,8.49,3.91,1.09,0.58,3.15,3.55,1.97,1.03,1.65,2.49,4.68,6.28,8.03,5.5,6.68,5.21,3.64,3.53,4.66,5.35,5.19,8.32,3.42
7346,1440,60,Southern Slopes (Tasmania),1000,2.61,3.35,3.85,4.72,4.67,5.56,4.72,6.15,16.82,5.76,5.39,1.87,2.83,6.72,2.78,1.64,5.42,4.47,2.63,1.91,1.28,1.76,1.16,1.93
7347,1440,60,Southern Slopes (Tasmania),1000,2.19,3,2.3,2.27,2.92,2.28,4.65,4.74,3.93,3.26,2.9,3.27,4.73,5.11,5.64,5.17,6.76,6.87,6.99,6.28,4.76,3.89,1.97,4.12
7348,1440,60,Southern Slopes (Tasmania),1000,3.71,3.61,2.54,2.34,3.45,3.53,3.12,4.16,5.83,5.23,2.53,2.15,3.74,5.17,3.25,3.42,1.51,7.48,4.72,4.73,6.03,5.12,10.2,2.43
7349,1440,60,Southern Slopes (Tasmania),2500,4.72,3.64,3.85,3.74,3.35,2.78,3.25,3.55,3.76,7.65,4.89,4.54,4.65,3.19,4.25,3.45,5.12,4.36,3.13,3.91,4.32,4.9,4.67,4.33
7350,1440,60,Southern Slopes (Tasmania),2500,10.58,6.88,4.21,2.51,7.28,5.81,1.66,3.12,6.03,5.37,0.9,0.2,1.2,0.74,0.1,0.97,2.52,4.98,5.71,6.38,4.74,6.63,6.97,4.51
7351,1440,60,Southern Slopes (Tasmania),2500,4.3,3.21,4.86,3.03,3.2,5.05,4.97,5.26,6.27,6.67,3.45,2.87,4.84,3.47,5.44,4.84,5.9,5.41,4.32,2.83,2.84,2.41,1.14,3.42
7352,1440,60,Southern Slopes (Tasmania),2500,1.24,2.17,3.53,2.75,1.18,1.78,4.36,3.92,5.25,10.03,3.64,2.54,5.77,0.97,2.4,2.77,2.05,5.9,3.23,2.68,8.81,14.34,4.07,4.62
7353,1440,60,Southern Slopes (Tasmania),2500,1.15,4.38,5.76,4.48,3.95,3.24,4.1,4.28,4.71,4.58,4.07,4.17,5.83,3.97,3.29,3.11,4.42,7.4,4.46,4.29,4.67,4.01,2.79,2.89
7354,1440,60,Southern Slopes (Tasmania),2500,3.26,3.61,3.63,4.09,3.99,4.18,4.09,3.83,5.25,5.18,5.61,8.04,5.78,4.23,5.21,4.04,1.89,4.83,6.41,3.5,3.9,0.86,2.04,2.55
7355,1440,60,Southern Slopes (Tasmania),2500,2.9,2.51,3.8,6.53,7.54,6.62,7.15,8.03,2.26,0.94,0.09,0.6,2.99,5.76,4.8,4.61,6.05,4.21,1.57,1.78,0.97,6.21,7.19,4.89
7356,1440,60,Southern Slopes (Tasmania),2500,4.92,7.14,8.12,6.89,10.09,2.11,3.95,3.72,1.01,1.3,5.8,8.01,3.52,6.7,0.93,1.8,1.72,2.59,3.07,4.73,4.32,2.73,1.8,3.03
7357,1440,60,Southern Slopes (Tasmania),2500,3.21,2.79,3.89,4.82,4.29,3.13,2.3,2.44,1.71,3.79,1.67,3.18,5.42,4.41,5.31,4.5,2.15,3.93,4.92,7.32,6.15,5.69,7.73,5.25
7358,1440,60,Southern Slopes (Tasmania),2500,2.1,2.36,3.74,4.66,4.34,4.17,1.9,2.14,3.85,3.02,4.51,4.3,6.37,5.09,5.9,5.61,6.18,7.71,6.2,4.1,3.04,2.68,3.15,2.88
7359,1440,60,Southern Slopes (Tasmania),5000,2.13,1.99,3.11,3.52,3.41,3.6,4.39,4.27,4.29,4.6,4.29,6.62,5.17,6.63,7.96,4.76,4.38,5.68,4.48,1.42,4.35,4.06,2.58,2.31
7360,1440,60,Southern Slopes (Tasmania),5000,3.78,5.18,4.13,3.69,3.32,4.16,4.49,4.89,4.7,4.1,4.54,6.14,4.44,3.54,3.47,4.41,6.87,4.74,4.36,4.94,4.15,2.92,2.95,0.09
7361,1440,60,Southern Slopes (Tasmania),5000,1.57,3.04,2.63,4.04,6.86,7.9,6.87,7.48,8.31,2.08,1.08,0.14,0.72,2.97,5.63,5.13,4.9,6.21,4.28,1.59,1.8,1.01,6.24,7.52
7362,1440,60,Southern Slopes (Tasmania),5000,7.81,4.83,4.78,6.62,6.87,5.31,5.75,7.05,8.22,2.67,1.96,2.13,1.46,1.43,0.96,0.64,0.6,0.6,1.12,2.65,2.17,8.35,8.37,7.65
7363,1440,60,Southern Slopes (Tasmania),5000,5.19,7.13,8.03,7.26,9.68,2.17,3.67,3.59,1.1,1.49,5.89,7.67,3.57,6.56,1.17,1.73,1.83,2.62,2.81,4.69,4.42,2.66,1.93,3.14
7364,1440,60,Southern Slopes (Tasmania),5000,4.15,5.04,4.17,9.32,7,3.69,3.1,4.42,6.88,6.2,6.54,4.97,2.72,4.56,5.64,4.14,3.02,3.69,1.86,1.19,1.21,1.9,2.52,2.07
7365,1440,60,Southern Slopes (Tasmania),5000,0.65,4.17,8.13,6.59,4.07,4.43,2.94,2.94,1.26,2.67,1.74,3.34,3.24,3.59,4.58,7.39,10.91,9.37,6.42,4.7,4.17,1.55,1.01,0.14
7366,1440,60,Southern Slopes (Tasmania),5000,3.65,3.63,4.51,4.58,4.7,3.59,2.01,2.76,1.82,3.97,1.61,3.2,5.67,4.7,5.55,4.41,2.17,3.71,4.39,6.86,5.49,5.68,6.83,4.51
7367,1440,60,Southern Slopes (Tasmania),5000,1.58,3.9,4.68,5.16,5.91,8.72,5.37,5.06,5.43,4.63,6.23,7.14,4.37,5.28,4.02,3.23,3.36,1.95,2.89,1.9,2.69,2.46,1.59,2.45
7368,1440,60,Southern Slopes (Tasmania),5000,4.54,4.12,4.92,7.67,5.05,7.23,6.63,7.07,2.4,3.69,3.56,3.01,7.4,3.25,1.86,0.77,0.8,2.84,3.98,3.63,2.42,2.65,5.88,4.63
7369,1440,60,Southern Slopes (Tasmania),10000,3.88,4.21,3.78,4.12,4.2,3.47,2.88,3.28,3.34,3.49,6.9,5.07,5.69,5.58,4.34,3.77,3.09,5.01,4.28,3.09,3.66,4.2,4.57,4.1
7370,1440,60,Southern Slopes (Tasmania),10000,3.97,5.87,9.18,6.7,4.52,3.36,5.92,6.6,2.9,2.75,4.78,5.87,2.8,1.44,1.87,1.17,0.67,0.87,2.42,4.5,6.79,6.03,3.89,5.13
7371,1440,60,Southern Slopes (Tasmania),10000,2.02,1.83,2.81,3.52,2.9,3.22,3.92,3.73,4.08,4.32,3.98,5.91,4.92,6.01,7.52,5.18,4.78,6.22,5.41,2.31,5,4.71,2.4,3.3
7372,1440,60,Southern Slopes (Tasmania),10000,3.15,5.5,3.79,4.22,3.58,4.27,4.84,4.83,4.65,4.61,4.79,5.84,4.14,3.44,3.85,4.52,6.52,4.38,4.41,4.81,4.12,2.62,3.02,0.1
7373,1440,60,Southern Slopes (Tasmania),10000,2.6,3.9,6.48,7.62,6.77,7.5,8.46,2.08,1.15,0.15,0.7,2.68,5.23,4.98,4.91,6.07,4.31,1.63,1.77,1,5.62,6.96,4.8,2.63
7374,1440,60,Southern Slopes (Tasmania),10000,3.18,1.85,3.73,5.26,4.11,4.8,7.21,9.1,3.08,2.7,7.46,7.58,5.06,4.64,5.2,3.01,2.81,1.9,2.47,3.77,4.82,1.87,3,1.39
7375,1440,60,Southern Slopes (Tasmania),10000,2.02,3.06,2.22,2.05,3.77,4.93,4.53,5.4,2.83,2.2,5.72,5.96,5.21,4.48,3.72,8.1,5,4.84,2.9,4.05,5.69,4.62,4.12,2.58
7376,1440,60,Southern Slopes (Tasmania),10000,5.79,4.46,3.84,2.58,2.22,3.04,7.17,5.7,4.79,9.29,6.24,4.12,4,3.56,1.42,2.88,6.92,2.42,3.8,4.17,4.51,6.66,0.42,0
7377,1440,60,Southern Slopes (Tasmania),10000,0.74,0.48,1.65,3.01,2.15,3.41,3.38,4.29,5.52,10.2,6.51,4.62,3.2,5.23,3.44,4.69,5.83,4.51,2.54,2.94,10.09,6.93,3.13,1.51
7378,1440,60,Southern Slopes (Tasmania),10000,3.72,3.36,4,4.49,4.56,3.25,1.39,2.25,1.5,3.39,1.37,2.9,5.17,4.9,5.52,5.6,3.38,4.54,4.56,6.54,5.49,7.06,6.34,4.72
7379,1440,60,Southern Slopes (Tasmania),20000,0.43,1.62,1.67,2.05,3,4.07,3.87,7.88,5.12,6.39,6.25,3.96,3.54,4.76,6.55,6.51,6.7,6.36,5.94,2.79,1.27,4.44,3.35,1.48
7380,1440,60,Southern Slopes (Tasmania),20000,1.89,2.27,4.53,3.85,3.25,1.77,0.58,0.46,1.5,2.9,2.46,6.51,5.42,7.82,4.13,4.28,5.76,8.04,8.25,5.47,6.46,6.56,5.12,0.72
7381,1440,60,Southern Slopes (Tasmania),20000,3.46,1.66,1.96,3.29,2.04,2.81,4.53,4.2,4.3,5.42,6.45,2.95,2.53,6.87,7.42,5.35,4.84,6.04,4.64,4.43,3.06,2.99,4.02,4.74
7382,1440,60,Southern Slopes (Tasmania),20000,1.49,2.27,6.68,8.49,6.72,5,5.53,3.18,2.72,1.03,2.4,1.76,2.29,2.92,3.86,4.91,5.95,8.6,8.57,5.97,3.8,3.61,1.49,0.76
7383,1440,60,Southern Slopes (Tasmania),20000,2.79,4.51,3.49,6.19,4.07,4.58,5.49,5.32,5.93,4.8,3.34,3.78,3.74,2.62,3.39,3.16,4.66,3.66,3.14,4.63,4.84,2.93,4.1,4.84
7384,1440,60,Southern Slopes (Tasmania),20000,2.97,4.15,4.41,4.82,4.61,5.17,5,5.32,6.2,5.3,5.55,8.78,5.98,5.01,3.44,4.01,3.7,3.46,2.98,2.33,2.76,1.4,1.18,1.47
7385,1440,60,Southern Slopes (Tasmania),20000,0.46,1.27,0.92,1.98,2.38,1.58,1.58,3.38,4.9,3.41,3.84,4.52,5,4.53,5.24,5.3,7.61,9.96,9.04,9.37,7.92,3.48,2.19,0.14
7386,1440,60,Southern Slopes (Tasmania),20000,2.43,4.55,5.12,4.28,3.52,4.14,6.39,7.37,6.53,5.14,4.63,6.96,5.66,4.12,4.65,3.13,3.82,1.63,3.17,2.64,2.95,3.43,1.91,1.83
7387,1440,60,Southern Slopes (Tasmania),20000,1.62,2.1,2.4,1.64,2.35,2.97,4.61,3.53,4.85,8.33,6.95,6.61,6.11,5.81,5.25,5.49,5.39,4.96,4.32,5.15,3.32,2.44,2.31,1.49
7388,1440,60,Southern Slopes (Tasmania),20000,2.83,3.4,4.2,3.58,3.55,3.27,4.27,4.39,4.74,4.57,4.46,5.5,5.63,4.56,3.79,5.01,3.67,3.24,4.54,5.23,5,3.61,3.39,3.57
7389,1440,60,Southern Slopes (Tasmania),40000,3.3,4.63,3.51,5.23,3.44,4.19,4.72,4.64,5.01,4.41,3.46,3.49,3.76,2.81,3.61,2.78,3.74,3.45,3.66,4.97,4.78,3.82,5.58,7.01
7390,1440,60,Southern Slopes (Tasmania),40000,1.77,1.96,2.17,2.48,2.98,3.17,3.19,3.01,3.47,4.24,4.83,5.31,5.2,5.02,5.64,6.59,6.55,5.81,4.75,4.86,5,4.71,4.03,3.26
7391,1440,60,Southern Slopes (Tasmania),40000,1.83,2.51,3.42,4.64,3.98,4.85,8.25,6.77,6.69,6.89,5.86,5.53,5.55,5.11,4.8,4.81,5.02,3.33,2.56,2.34,1.56,1.61,1.06,1.03
7392,1440,60,Southern Slopes (Tasmania),40000,4.87,5.16,5.61,5.31,4.85,5.16,5.15,4.67,3.76,5.05,4.09,3.36,4.39,4.96,4.47,3.01,2.87,2.79,3.38,3.26,3.96,3.21,3.45,3.21
7393,1440,60,Southern Slopes (Tasmania),40000,3.93,4.18,3.47,3.25,4.2,3.57,2.97,2.79,2.79,2.53,1.71,1.79,2.81,4.63,4.9,4.77,3.88,4.74,5.99,7.4,6.61,5.18,4.68,7.23
7394,1440,60,Southern Slopes (Tasmania),40000,6.02,5.16,5.49,5.82,6.5,5.92,5.37,5.58,5.8,4.77,3.27,4.16,4.34,3.64,2.77,3.22,3.04,2.84,3.23,2.96,2.89,2.94,2.2,2.07
7395,1440,60,Southern Slopes (Tasmania),40000,1.83,5.38,7.69,1.68,0.78,0.42,0.85,0.7,0.85,1.12,1.97,3.25,7.81,7.03,4.37,2.79,5,5.36,5.48,6.75,6.18,7.33,6.77,8.61
7396,1440,60,Southern Slopes (Tasmania),40000,2.08,2.05,2.06,3.56,2.42,2.66,2.78,2.28,5,4.29,5.89,8.8,8.2,9.23,7.11,6.03,6.72,6.95,4.09,2.7,3,1.54,0.56,0
7397,1440,60,Southern Slopes (Tasmania),40000,3.8,4.15,4.33,4.28,4.59,4.56,5.93,6.4,6.66,8,7.67,5.95,4.15,2.88,2.43,2.13,1.59,2.41,3.05,3.03,2.96,3.21,3.3,2.54
7398,1440,60,Southern Slopes (Tasmania),40000,2,2.26,2,1.95,2.19,1.81,2.09,2.6,3.38,3.98,4.35,4.27,4.91,4.75,5.42,5.62,4.72,6.34,8.5,8.89,8.4,5.53,2.46,1.58
7399,2160,120,Southern Slopes (Tasmania),100,3.28,4.03,3.95,4.83,5.11,2.59,2.23,2.11,1.82,6.25,9.11,9.01,9.88,9.99,9.54,7.81,4.53,3.93
7400,2160,120,Southern Slopes (Tasmania),100,6.57,4.71,14.29,1.2,1.33,3.2,11,9.88,4.88,6.73,8.9,6.14,10.86,5.89,1.35,0.15,0.91,2.01
7401,2160,120,Southern Slopes (Tasmania),100,6.23,5.14,3.01,2.82,1.63,2.77,2.88,3.72,3.97,7.8,6.29,4.23,6.05,8.35,10.34,10.86,8.92,4.99
7402,2160,120,Southern Slopes (Tasmania),100,2.32,16.85,6.3,3.25,3.64,1.54,4.96,8.31,1.36,1.94,6.5,1.62,3.64,7.49,12.95,12.86,3.1,1.37
7403,2160,120,Southern Slopes (Tasmania),100,9.36,2.42,3.53,3.86,6.4,4.04,5.31,3.61,5.59,4.73,4.19,4.14,6.38,9.52,7.14,4.42,9.09,6.27
7404,2160,120,Southern Slopes (Tasmania),100,1.64,3.13,4.62,4.08,3.78,5.24,6.07,7.23,5.08,5.51,4.56,5.26,7.53,12.07,8.62,6.67,5.04,3.87
7405,2160,120,Southern Slopes (Tasmania),100,6.61,5.21,7.14,8.99,6.71,5.76,5.86,10.1,5.22,6.03,2.41,2.02,5.33,2.42,2.38,4.68,6.72,6.41
7406,2160,120,Southern Slopes (Tasmania),100,1.27,2.25,1.08,3.45,1.74,5.73,9.68,5.35,12.44,13.95,14.8,3.67,4.7,2.97,4.21,3.87,4.16,4.68
7407,2160,120,Southern Slopes (Tasmania),100,0,0.3,7.24,2.37,2.59,5.18,2.81,4.51,6.36,7.27,8.76,7.19,5.2,7.28,9.6,10.71,12.12,0.51
7408,2160,120,Southern Slopes (Tasmania),100,5.32,9.44,7.14,5.76,4.14,5.73,6.2,6.36,6.5,5.24,6.65,6.7,6.53,5.57,5.15,3.29,2.72,1.56
7409,2160,120,Southern Slopes (Tasmania),200,13.05,8.25,9.29,3.56,8.99,1.95,1.28,0.42,3.75,7.83,8.95,10.34,2.99,3.28,2.04,2.86,2.12,9.05
7410,2160,120,Southern Slopes (Tasmania),200,9.16,5.47,2.39,3.37,3.8,5.97,2.85,4.33,6.48,6.48,6.87,10.06,6.95,3.45,4.72,4,6.78,6.87
7411,2160,120,Southern Slopes (Tasmania),200,10.91,8.16,4.7,3.1,4.57,6.37,2.16,0.63,0.35,0.51,1.25,6.24,16.25,7.84,4.05,4.57,10.01,8.33
7412,2160,120,Southern Slopes (Tasmania),200,5.95,5.99,15.13,1.38,2.04,2.33,10.67,8.56,3.84,7.25,9.16,6,10.85,6.6,1.82,0.2,0.81,1.42
7413,2160,120,Southern Slopes (Tasmania),200,6.1,5.36,2.95,3.04,1.66,2.75,3.02,3.89,4.13,7.35,6.17,4.12,6.53,8.29,10.25,10.86,8.88,4.65
7414,2160,120,Southern Slopes (Tasmania),200,9.03,3.24,6.2,3.36,3.13,6.34,6.61,1.9,3.88,7.46,5.95,4.76,8.29,8.28,5.18,6.27,5.51,4.61
7415,2160,120,Southern Slopes (Tasmania),200,0.84,7.19,7.67,10.64,11.32,8.51,2.86,7.01,7.67,0.95,2.24,2.88,5.02,8.56,6.23,2.68,4.36,3.37
7416,2160,120,Southern Slopes (Tasmania),200,3.91,15.85,1.33,6.29,13.77,6.44,0.17,0.06,2.14,1.82,1.5,2.2,9.68,13.75,9.2,2.07,0.06,9.76
7417,2160,120,Southern Slopes (Tasmania),200,1.72,3.02,4.46,3.86,3.84,5.27,6.19,7.33,5.05,5.39,4.85,5.23,7.45,11.43,8.62,6.8,5.17,4.32
7418,2160,120,Southern Slopes (Tasmania),200,6.56,5.47,6.73,8.41,6.5,5.64,5.85,9.59,5.91,6.47,3.21,2.44,5.16,2.57,2.51,4.61,6.29,6.08
7419,2160,120,Southern Slopes (Tasmania),500,4.74,6.91,6.52,5.62,4.62,4.95,9.69,7.1,5.58,5.71,7.08,5.21,6.89,6.52,4.55,2.16,2.69,3.46
7420,2160,120,Southern Slopes (Tasmania),500,9.03,5.3,2.55,3.13,3.73,5.62,3.07,4.57,6.13,6.52,7.17,9.83,6.67,3.47,4.76,3.95,6.95,7.55
7421,2160,120,Southern Slopes (Tasmania),500,1.07,1.52,3.84,6.95,3.76,0.98,5.58,12.47,8.73,6.32,9.95,10.55,10.24,2.51,3.95,3.3,4.53,3.75
7422,2160,120,Southern Slopes (Tasmania),500,8.78,3.09,5.65,3.38,2.94,5.63,6.01,2.39,3.8,6.57,6.61,5.47,7.9,8.92,5.69,6.17,5.95,5.05
7423,2160,120,Southern Slopes (Tasmania),500,5.48,0.57,6.27,6.19,3.42,3.75,1.45,3.46,3.35,4.21,4.6,6.51,7.65,5.11,6.41,9.2,10.22,12.15
7424,2160,120,Southern Slopes (Tasmania),500,1,4.6,3.36,3.69,2.48,0.84,1.66,4.76,8.09,9.36,6.62,7.96,5.07,9.8,8.45,10.34,9.08,2.84
7425,2160,120,Southern Slopes (Tasmania),500,1.71,2.7,3.95,3.34,3.89,5.08,6.16,7.31,5.22,5.35,5.23,5.18,7.28,11.03,8.67,6.98,5.52,5.4
7426,2160,120,Southern Slopes (Tasmania),500,5.87,5.65,6.34,7.04,5.8,5.28,5.61,8.29,7.69,6.45,3.3,3.31,5.58,3.73,3.27,5.38,5.95,5.46
7427,2160,120,Southern Slopes (Tasmania),500,1.08,2.72,5.5,3.51,5.13,6.69,6.75,7.6,5.81,8.01,9.57,7,7.46,7.27,5.75,3.52,2.55,4.08
7428,2160,120,Southern Slopes (Tasmania),500,6.53,7.09,7.49,7.96,11.47,19.95,6.66,1.85,2.1,4.57,4.33,2.14,0.65,0.1,0.07,2.22,6.66,8.16
7429,2160,120,Southern Slopes (Tasmania),1000,8.64,5.15,2.36,3.45,3.7,5.33,3.15,4.4,5.67,6.31,6.89,9.34,7.11,4.38,4.7,3.95,7.53,7.94
7430,2160,120,Southern Slopes (Tasmania),1000,1.16,2.99,2.35,2.2,3.57,7.92,7.46,2.95,5.56,8.8,10.44,9.95,11.23,9.34,4.95,5.29,2.75,1.09
7431,2160,120,Southern Slopes (Tasmania),1000,1.18,1.22,6.24,7.57,10.27,11.16,6.11,7.65,8.26,5.29,1.01,6.75,7.01,6.54,4.64,3.19,2.62,3.29
7432,2160,120,Southern Slopes (Tasmania),1000,5.55,4.95,2.98,2.95,2.66,2.74,4.06,3.56,4.06,7.34,5.62,4.82,7.69,8.46,10.66,10.38,6.76,4.76
7433,2160,120,Southern Slopes (Tasmania),1000,1.04,2.92,5.31,4.35,3.46,3.8,5.57,8.74,4.58,6.27,5.13,8.47,7.98,7.5,12.92,5.71,2.53,3.72
7434,2160,120,Southern Slopes (Tasmania),1000,3.47,13.13,7.03,3.09,2.45,5.55,1.47,7.28,13.43,9.68,6.55,1.54,1.85,5.35,5.31,4.92,5.48,2.42
7435,2160,120,Southern Slopes (Tasmania),1000,6.75,6.23,4.48,3.97,13.51,11.55,7.73,0,0,0,0.16,0.47,0.32,2.55,6.67,11.46,11.02,13.13
7436,2160,120,Southern Slopes (Tasmania),1000,9.53,6.08,4.92,2.76,3.29,4.78,5.82,3.3,5.14,6.44,3.62,2.69,3.89,11.34,13.82,4.86,4.56,3.16
7437,2160,120,Southern Slopes (Tasmania),1000,3.67,3.5,12.65,6.44,6.61,0.7,1.7,2.41,1.85,0.37,1.67,10.28,4.59,11.76,12.49,10.55,3.66,5.1
7438,2160,120,Southern Slopes (Tasmania),1000,9.22,6.19,6.16,4.52,1.47,2.86,3.57,1.15,0.38,2.81,5.53,8.53,11.23,10.46,7.63,4.28,2.75,11.26
7439,2160,120,Southern Slopes (Tasmania),2500,3.81,5.78,6.44,5.72,5.52,4.62,5.47,9.43,7.27,5.77,6.6,5.54,6.3,7.27,5.78,2.38,3.02,3.28
7440,2160,120,Southern Slopes (Tasmania),2500,4.14,4.24,14.33,3.99,7.2,11.57,6.62,2.56,2.3,3.82,2.21,1.19,1.1,6.23,7.82,9.23,5.31,6.14
7441,2160,120,Southern Slopes (Tasmania),2500,1.76,3.04,13.85,9.15,8.07,6.16,7.54,5.17,1.15,0.69,2.89,8.82,9.17,11.22,4.02,3.09,2.4,1.81
7442,2160,120,Southern Slopes (Tasmania),2500,3.42,5.69,5.98,6.25,7.76,9.81,4.8,6.3,7.79,8.58,5.42,3.98,3.46,3.78,3.41,4.19,4.67,4.71
7443,2160,120,Southern Slopes (Tasmania),2500,10.27,8.46,5.99,4.08,5.56,6.14,3.05,1.28,0.62,0.6,1.78,7.07,14.6,7.5,4.37,3.93,6.84,7.86
7444,2160,120,Southern Slopes (Tasmania),2500,3.5,3.22,6.58,2.83,3.31,4.71,6.8,5.79,3.69,4.3,3.79,7.69,7.66,4.73,9.56,9.25,10.13,2.46
7445,2160,120,Southern Slopes (Tasmania),2500,5.71,7.68,8.47,9.92,8.49,8.39,8.18,4.38,3.03,2.72,2.8,4.3,6.4,3.91,2.67,4,4.15,4.8
7446,2160,120,Southern Slopes (Tasmania),2500,7.37,9.05,6.38,5.47,4.47,7.84,7.85,5.98,4.62,2.19,5.33,1.63,5.51,5,6.56,7.3,3.91,3.54
7447,2160,120,Southern Slopes (Tasmania),2500,1.59,7.2,7.4,10.34,11.48,7.65,6.14,7.77,4.74,1.06,5.39,5.41,6.4,5.98,3.55,2.51,4,1.39
7448,2160,120,Southern Slopes (Tasmania),2500,5.18,3.78,3.29,3.26,3.71,7.2,6.35,4.62,5.38,5.63,9.01,7.61,11.96,9.55,3.13,3.55,3.16,3.63
7449,2160,120,Southern Slopes (Tasmania),5000,3.9,2.84,3.89,6,6.21,5.73,5.43,4.72,5.44,9.72,7.21,5.98,6.35,5.59,5.95,6.98,5.46,2.6
7450,2160,120,Southern Slopes (Tasmania),5000,9.96,8.48,6.53,4.56,5.79,6.09,2.89,1.4,0.72,0.63,1.92,7.24,13.99,7.3,4.66,3.71,6.47,7.66
7451,2160,120,Southern Slopes (Tasmania),5000,1,1.66,2.71,8.33,4.66,0.7,3.51,8.57,8.93,4.79,10.41,12.87,10.42,4.79,3.79,4.29,3.38,5.19
7452,2160,120,Southern Slopes (Tasmania),5000,3.75,3.43,6.64,3.36,4.02,5.55,6.95,6.35,3.65,4.45,3.69,7.94,7.63,4.51,8.62,8.55,8.69,2.22
7453,2160,120,Southern Slopes (Tasmania),5000,1.07,1.35,4.98,5.05,1.55,4.75,8.03,10.92,8.23,7.41,11.27,7.63,4.72,6.06,5.11,2.85,4.33,4.69
7454,2160,120,Southern Slopes (Tasmania),5000,1.58,4.69,6.62,9.59,9.35,10.43,4.63,5.01,8.1,2,2.77,5.79,3.86,8.01,5.57,2.1,5.54,4.36
7455,2160,120,Southern Slopes (Tasmania),5000,1.6,4.18,6.02,7.34,7.78,16.88,11.4,5.56,7.4,4.8,4.46,2.19,1.88,2.73,2.47,2.33,5.79,5.19
7456,2160,120,Southern Slopes (Tasmania),5000,1.69,2.03,3.19,2.52,4.82,5.56,7.32,5.5,5.43,6.55,8.01,9.09,10.17,11.62,5.62,5.33,4.08,1.47
7457,2160,120,Southern Slopes (Tasmania),5000,2.5,7.7,8.7,7.25,3.67,4.43,7.16,4.32,2.17,1.85,4.08,4.85,10.94,14.41,13.17,1.42,0.68,0.7
7458,2160,120,Southern Slopes (Tasmania),5000,4.69,6.21,5.46,3.35,3.4,3.86,5.86,7.98,4.31,6.51,5.95,5.98,10.39,5.38,6.51,7.23,4.63,2.3
7459,2160,120,Southern Slopes (Tasmania),10000,3.29,4.09,6.46,6.18,5.97,5.81,4.67,5.23,9.19,8.44,6.09,6.22,5.65,5.99,6.67,5.2,2.03,2.82
7460,2160,120,Southern Slopes (Tasmania),10000,6.67,12.22,4.34,11.26,7.27,6.15,3.53,4.67,5.01,3.29,1.28,0.53,0.38,1.37,4.8,12.48,9.43,5.32
7461,2160,120,Southern Slopes (Tasmania),10000,6.81,7.35,3,0.61,0.86,4.72,7.85,4.92,4.03,9.87,10.79,7.94,5.79,3.3,7.15,6.12,8.57,0.32
7462,2160,120,Southern Slopes (Tasmania),10000,0.93,1.16,4.71,4.96,1.4,4.51,8.1,11.16,8.4,6.9,11.88,8.48,4.65,6,5.1,2.81,4.1,4.75
7463,2160,120,Southern Slopes (Tasmania),10000,3.29,3.84,6.92,3.33,3.41,5.37,6.48,5.96,2.78,3.72,3.26,7.69,8.49,6.05,8.48,9.58,8.44,2.91
7464,2160,120,Southern Slopes (Tasmania),10000,4,7.09,10.81,7.62,6.82,9.61,6.75,5.14,3.92,3.42,3.73,3,6.36,4.65,2.02,3.95,4.45,6.66
7465,2160,120,Southern Slopes (Tasmania),10000,1.49,3.07,4.21,3.99,3.66,3.53,2.9,5.23,5.63,4.08,4.97,4.69,5.86,6.77,11.01,10.3,13.43,5.18
7466,2160,120,Southern Slopes (Tasmania),10000,8.31,17.14,6.83,2.95,3.79,1.76,7.59,6.26,2.7,4.01,4.65,4.47,4.67,6.06,7.37,6.47,3.12,1.85
7467,2160,120,Southern Slopes (Tasmania),10000,4.36,3.47,1.76,8.85,7.65,2.94,2.12,3.56,3.12,3.18,1.62,3.95,4.71,12.38,11.35,9.02,10.03,5.93
7468,2160,120,Southern Slopes (Tasmania),10000,9.43,14.5,4.51,1.47,1.49,1.82,2.82,4.11,5.03,5.45,6.91,5.91,7.93,9.67,5.97,4.04,5.64,3.3
7469,2160,120,Southern Slopes (Tasmania),20000,6.44,7.19,6.96,6.96,9.45,8.07,6.7,4.47,6.49,3.51,1.83,1.12,0.62,0.83,3.02,9.66,10.04,6.64
7470,2160,120,Southern Slopes (Tasmania),20000,1.43,2.88,5.67,5.92,1.96,1.62,4.48,9.93,9.97,8.37,13.58,9.95,9.74,2.57,3.92,2.49,4.44,1.08
7471,2160,120,Southern Slopes (Tasmania),20000,17.42,12.54,3.45,4.19,2.75,4.32,8.48,3,3.53,4.52,4.57,5.01,3.39,7.27,6.91,3.92,2.82,1.91
7472,2160,120,Southern Slopes (Tasmania),20000,3.06,3.83,4.06,4.83,4.69,6.13,5.9,6.55,6.44,5.75,5.14,4.24,4.44,5.51,7.14,6.84,10.06,5.39
7473,2160,120,Southern Slopes (Tasmania),20000,6.23,7.74,8.12,7.33,9.05,14.46,8.79,6.72,6.64,5.03,3.83,1.8,3.4,1.1,0.53,1.49,0.52,7.22
7474,2160,120,Southern Slopes (Tasmania),20000,2.38,3.95,4.96,4.65,6.07,5.43,6.32,6.69,7,6.94,6.69,5.17,7.29,6.06,5.16,5.36,5.4,4.48
7475,2160,120,Southern Slopes (Tasmania),20000,4.83,6.77,5.15,3.24,4.95,5.66,5.77,5.18,3.89,4.89,5.9,5.52,5.42,7.74,7.04,9.3,4.76,3.99
7476,2160,120,Southern Slopes (Tasmania),20000,1.4,1.23,0.92,2.7,2.94,4.02,3.57,6.76,7.48,13.63,11.34,9.86,9.7,8.28,7.55,4.23,2.47,1.92
7477,2160,120,Southern Slopes (Tasmania),20000,4.1,1.89,2.22,3.05,2.5,4.56,4.96,4.7,6.3,4.72,4.6,3.1,6.37,8.66,7.39,11.65,9.59,9.64
7478,2160,120,Southern Slopes (Tasmania),20000,0.95,0.65,0.86,2.28,3.13,3.71,4.72,5.41,5.14,7.2,8.54,7.69,9.67,9.84,10.86,9.6,6.56,3.19
7479,2160,120,Southern Slopes (Tasmania),40000,2.67,3.33,3.81,4.91,4.71,5.98,6.36,6.55,7.08,5.78,5.33,4.72,4.79,5.23,7.16,6.9,8.91,5.78
7480,2160,120,Southern Slopes (Tasmania),40000,3.7,4.31,5.44,5.86,6.41,7.82,7.37,7.47,6.1,6.62,5.6,6.84,4.26,4.47,5.25,4.82,4.41,3.25
7481,2160,120,Southern Slopes (Tasmania),40000,3.31,5.42,5.15,5.05,4.62,3.96,2.81,3.1,6.42,6.15,8,9.64,6.95,9.02,6.85,5.69,3.66,4.2
7482,2160,120,Southern Slopes (Tasmania),40000,2.17,2.96,3.48,4.51,5.09,5.1,6.99,7.82,7.35,9.46,10.09,10.23,10.5,6.66,3.64,1.8,1,1.15
7483,2160,120,Southern Slopes (Tasmania),40000,1.35,1.26,1.84,3.79,4.34,10.02,1.98,0.85,1,2.29,8.67,9.45,6.01,8.63,10.07,11.09,12.17,5.19
7484,2160,120,Southern Slopes (Tasmania),40000,4.41,5.08,5.67,7.39,8.64,8.88,9.28,6.16,4.89,6.37,5.76,4.66,4.27,3.6,3.47,2.58,4.78,4.11
7485,2160,120,Southern Slopes (Tasmania),40000,4.01,5.44,6.14,6.88,7.03,7.48,9.76,11.61,10.68,5.4,3.26,2.86,4.57,4.67,4.57,3.52,1.86,0.26
7486,2160,120,Southern Slopes (Tasmania),40000,1.34,3.53,3.07,4.71,5.86,3.13,3.11,4.33,4.59,4.45,7.47,9.3,12.56,12.81,10.8,5.31,3.22,0.41
7487,2160,120,Southern Slopes (Tasmania),40000,2.6,5.77,7.93,7.57,7.73,8.86,7.69,7.34,4.58,4.95,3.19,4.38,6.14,7.6,4.93,3.64,1.95,3.15
7488,2160,120,Southern Slopes (Tasmania),40000,4.75,6.9,4.38,5.61,6.81,5.6,7.31,10.81,10.08,10.84,2.84,7.14,3.84,2.73,1.47,4.17,1.86,2.86
7489,2880,120,Southern Slopes (Tasmania),100,7.46,7.11,6.88,2.04,3.79,3.28,1.76,2.36,4.55,2.9,2.37,1.69,2.03,2.05,2.23,3.12,2.83,6.83,4.19,3.02,4.9,6.44,8.09,8.08
7490,2880,120,Southern Slopes (Tasmania),100,2.53,1.84,1.58,2.93,6.99,7.65,7.86,8.58,8.17,7.54,5.81,3.28,1.38,0.13,0.08,0.06,0.07,0.33,1.07,6.37,6.3,6.96,8.09,4.4
7491,2880,120,Southern Slopes (Tasmania),100,4.06,12.74,3.42,2.75,3.06,2.23,6.81,5.99,1.9,4.05,2.56,3.35,3.62,6.3,13.53,3.86,2.2,0.6,2.62,3.59,3.73,3.56,1.75,1.72
7492,2880,120,Southern Slopes (Tasmania),100,0.78,0.51,0.09,0.26,1.41,1.13,2.25,3.78,4.64,3.06,5.05,4.69,7.06,6.78,3.73,5.55,3.83,6.06,9.76,10.1,8.66,3.98,4.23,2.61
7493,2880,120,Southern Slopes (Tasmania),100,2.16,2.09,1.83,3.16,4.88,5.59,4.69,8.29,6.73,4.7,5.62,7.2,6.1,6.1,2.36,1.51,4.71,1.28,2.39,4.51,4.58,6.01,1.65,1.86
7494,2880,120,Southern Slopes (Tasmania),100,0.72,1.34,2.51,2.09,5.82,6.68,10.45,7.89,8.15,22.23,5.07,1.22,1.88,4.04,2.6,0.74,0.26,0.04,0.03,0.85,4.79,7.95,2.52,0.13
7495,2880,120,Southern Slopes (Tasmania),100,3.68,6.18,9.44,7.74,5.11,5.05,6.44,7.64,6.61,6.23,2.88,2.74,2.78,1.8,1.77,2.83,3.78,3.51,4.61,3.05,2.64,0.23,0.5,2.76
7496,2880,120,Southern Slopes (Tasmania),100,3.11,6.77,6.63,5.35,4.39,4.12,6.16,6.08,5.59,5.17,5.69,6.4,6.27,5.32,4.78,3.75,2.73,1.87,2.57,2.24,0.16,1.99,2.25,0.61
7497,2880,120,Southern Slopes (Tasmania),100,3.79,1.63,2.33,5.23,6.64,6.19,5.64,4.28,1.3,3.18,4.13,3.5,5.14,5.31,4.94,7.08,4.15,5.41,1.59,2.13,2.32,3.29,4.62,6.18
7498,2880,120,Southern Slopes (Tasmania),100,1.37,0.87,2.86,6.62,14.07,1,3.88,4.96,9.46,9.3,6.9,6.77,7.29,1.68,5.6,1.85,1.35,2.48,2.75,1.99,0.67,3.46,2.7,0.12
7499,2880,120,Southern Slopes (Tasmania),200,0.84,0.81,2.98,11.77,7.45,8.37,3.2,8.09,1.75,1.15,0.37,3.37,7.07,8.06,9.31,2.7,2.96,1.84,2.58,1.9,8.16,2.83,1.88,0.56
7500,2880,120,Southern Slopes (Tasmania),200,4.45,6.78,5.13,2.56,2.44,3.4,4.52,2.57,2.71,5.81,5.28,4.69,7.41,5.36,4.69,3.08,3.57,3.67,6.35,4.41,2.26,3.04,4.09,1.73
7501,2880,120,Southern Slopes (Tasmania),200,3.81,1.1,4.64,1.4,0.96,8.08,8.55,3.43,3.17,2.32,6.9,1.9,0.75,0.48,0.41,0.91,2.35,13.3,8.9,4.52,3.92,6.49,7.52,4.19
7502,2880,120,Southern Slopes (Tasmania),200,7.58,6.84,6.8,2.09,3.69,3.34,1.86,2.3,4.35,3.21,2.25,1.81,1.98,2.02,2.39,3.09,2.79,6.31,4.02,3.2,5.29,6.42,8.14,8.23
7503,2880,120,Southern Slopes (Tasmania),200,0.36,5.47,5.87,13.75,1.32,1.88,2.16,9.74,7.66,3.19,6.63,8.3,5.21,9.81,5.96,1.9,0.22,0.77,1.22,0.94,1.44,3.41,1.57,1.22
7504,2880,120,Southern Slopes (Tasmania),200,1.72,3.29,7.73,2.78,5.29,2.87,2.66,5.43,5.64,1.62,3.31,6.36,5.08,4.05,7.08,7.07,4.41,5.36,4.7,3.93,2.28,2.1,2.23,3.01
7505,2880,120,Southern Slopes (Tasmania),200,0.02,0.1,2.23,1.37,2.85,3.07,14.84,1.42,2.57,13.19,9.22,0.16,0.05,0.59,2.66,1.81,1.76,7.38,9.12,13.78,2.21,0,8.21,1.39
7506,2880,120,Southern Slopes (Tasmania),200,2.88,1.36,1.94,1.11,0.9,2.91,7.15,8.83,7.73,8.9,4.91,7.03,10.41,8.17,8.58,4.74,0.46,0,0.04,0.21,2.38,3.93,2.3,3.13
7507,2880,120,Southern Slopes (Tasmania),200,0.82,0.49,0.15,0.27,1.34,1.19,2.14,3.67,4.4,3.06,4.97,4.8,7.19,6.74,3.72,5.75,3.9,6.03,9.36,9.85,8.55,4.37,4.33,2.91
7508,2880,120,Southern Slopes (Tasmania),200,2.1,2.1,1.66,3.15,4.79,5.76,4.64,7.64,6.33,4.73,5.46,6.83,6.53,6.44,3.16,1.85,4.49,1.58,2.48,4.36,4.39,5.71,1.77,2.05
7509,2880,120,Southern Slopes (Tasmania),500,0.91,0.87,3.42,11.92,6.28,8.52,3.13,8.74,0.95,1.34,0.45,3.63,6.87,8.06,9.67,2.65,2.79,1.8,2.51,1.8,8.44,2.76,1.95,0.54
7510,2880,120,Southern Slopes (Tasmania),500,4.35,6.62,5.04,2.64,2.39,3.25,4.31,2.64,2.81,5.6,5.22,4.83,7.28,5.2,4.56,3.04,3.53,3.65,6.49,4.66,2.57,3.24,4.32,1.76
7511,2880,120,Southern Slopes (Tasmania),500,7.65,6.8,6.76,2.13,3.76,3.52,2.02,2.24,4.21,3.31,2.13,1.89,1.96,2,2.55,3,2.74,5.89,4,3.32,5.39,6.42,8.16,8.15
7512,2880,120,Southern Slopes (Tasmania),500,2.72,4.57,5.44,2.49,4.9,1.5,3.99,4.46,3.56,2.06,4.46,5.94,4.69,4.72,9.19,5.19,4.87,5.01,4.96,3.33,3.45,2.49,3.34,2.67
7513,2880,120,Southern Slopes (Tasmania),500,4.8,2.48,3.38,1.37,0.72,2.43,6.2,8.17,7.1,7.76,5.25,6.19,8.34,8.16,9.63,5.61,0.6,0,0.01,0.11,2.04,3.93,2.33,3.39
7514,2880,120,Southern Slopes (Tasmania),500,1.92,2.1,1.41,2.89,4.39,5.79,4.7,6.38,5.53,4.57,5.02,5.87,7,6.52,3.44,2.53,4.63,2.45,3,4.71,4.48,5.31,2.49,2.87
7515,2880,120,Southern Slopes (Tasmania),500,0.93,0.41,0.22,0.39,1.46,1.32,2.14,3.52,3.47,3.46,5.02,5.12,7.09,6.02,4.64,5.43,4.19,6.22,9.7,9.35,7.9,4.86,4.94,2.2
7516,2880,120,Southern Slopes (Tasmania),500,0.46,1.01,2.6,5.28,3.37,4.92,6.42,6.48,7.28,5.57,7.66,9.16,6.71,7.14,6.95,5.52,3.37,2.45,3.9,0.76,0.59,1.78,0.16,0.46
7517,2880,120,Southern Slopes (Tasmania),500,0.87,1.44,2.28,2,5.92,6.44,6.79,7.21,10.39,18.07,6.04,1.68,1.9,4.14,3.93,1.93,0.59,0.09,0.07,2.02,6.03,7.39,2.34,0.44
7518,2880,120,Southern Slopes (Tasmania),500,0.89,0.9,1.05,3.12,6.5,7.66,7.43,5.17,5.23,6.26,6.28,6.2,6.78,4.29,3.35,3.55,1.9,2.05,2.19,4.45,3.35,5.37,2.78,3.25
7519,2880,120,Southern Slopes (Tasmania),1000,1.75,4.07,2.66,6.5,7.69,3.2,7.78,7.92,3.32,1.11,2.93,2.17,0.9,1.04,2.56,5.56,7.16,5.45,2.72,5.1,3.32,5.64,6.17,3.28
7520,2880,120,Southern Slopes (Tasmania),1000,1.87,6.69,0.88,3.6,1.61,2.21,5.89,7.26,6.38,3.85,5.37,7.26,2.14,1,0.99,2.94,3.98,3.95,5.09,6.88,6.81,6.26,3.41,3.68
7521,2880,120,Southern Slopes (Tasmania),1000,4.97,7.35,8.73,4.08,4.13,1.53,0.39,2.78,2.55,4.83,1.83,1.61,3.57,4.95,3.49,1.83,2.96,2.46,4.88,5.89,3.94,6.17,7.5,7.58
7522,2880,120,Southern Slopes (Tasmania),1000,7.51,7.45,6.74,2.15,5.11,4.63,2.12,1.87,3.95,3.46,2.54,2.27,1.99,2.03,2.92,2.56,3.51,5.6,4.16,3.35,5.46,5.54,6.83,6.25
7523,2880,120,Southern Slopes (Tasmania),1000,0,0,0.09,1.43,5.35,6.09,2.02,3.02,1.72,4.22,4.56,3.3,2.98,4.01,7.02,8.43,10.34,5.64,6.04,5.83,5.85,4.4,3.62,4.04
7524,2880,120,Southern Slopes (Tasmania),1000,0.35,7.37,9.25,4.79,0,0,0,0.12,1.45,0.54,0.17,0.37,4.01,4.62,2.13,6.97,2.21,5.87,19.32,5.21,1.83,11.2,5.45,6.77
7525,2880,120,Southern Slopes (Tasmania),1000,0.29,0.36,1.03,1.2,6.32,5.8,4.16,3.68,12.57,10.75,7.19,0,0,0,0.15,0.44,0.3,2.37,6.2,10.66,10.27,12.2,2.14,1.92
7526,2880,120,Southern Slopes (Tasmania),1000,3.5,11.11,2.41,1.99,2.74,1.07,1.13,2.05,3.96,6.24,4.17,0.62,0.38,0.47,2.92,7.34,11.3,7.6,5.95,8.56,6.46,3.49,3.66,0.88
7527,2880,120,Southern Slopes (Tasmania),1000,3.53,2.77,2,1,2.15,3.78,8.34,9.25,8.84,6.64,5.15,5.89,5.72,6.75,7.91,2.08,0.22,0,0.05,1.07,3.72,4.24,4.72,4.18
7528,2880,120,Southern Slopes (Tasmania),1000,3.36,3.02,3.46,3.64,2.58,3.18,3.94,5.05,5.61,5.18,4.22,6.75,5.64,3.84,4.09,3.08,3.62,3.05,2.45,2.82,6.15,3.18,5.79,6.3
7529,2880,120,Southern Slopes (Tasmania),2500,1.6,2.72,3.26,2.65,3.85,5.4,5.53,4.98,4.08,4.54,7.25,6.36,5.29,5.1,6.19,4.56,6.14,5.82,3.96,1.7,2.33,3,2.28,1.41
7530,2880,120,Southern Slopes (Tasmania),2500,2.06,4.78,2.84,5.65,6.89,3.1,7.25,7.28,3.95,1.08,2.61,2.08,1.48,1.43,2.59,5.35,6.99,5.25,2.73,4.63,3.8,5.79,7.04,3.35
7531,2880,120,Southern Slopes (Tasmania),2500,0.65,1.67,0.92,6.29,11.98,4.62,8.98,3.28,7.82,0.76,1.33,0.73,5.15,8.3,7.81,7.88,1.72,2.24,1.42,2.16,3.92,6.72,1.98,1.67
7532,2880,120,Southern Slopes (Tasmania),2500,3.23,1.64,3.93,2.07,1.93,5.01,8.79,5.69,4.45,3.1,6.92,2.63,1.67,0.88,0.38,0.57,2.8,10.96,9.02,5.52,3.48,3.39,6.51,5.43
7533,2880,120,Southern Slopes (Tasmania),2500,4.71,7.14,9.05,4.12,3.94,1.7,0.5,2.81,2.59,4.91,1.88,1.74,3.56,4.75,3.66,1.99,3.03,2.58,4.91,5.71,3.94,6.05,7.26,7.47
7534,2880,120,Southern Slopes (Tasmania),2500,4.39,7.39,1.14,3.37,1.72,2.9,7.32,5.8,4.94,3.57,4.68,7.36,3.14,5.43,2.4,2.55,3.11,3.01,4.03,5.56,5.46,4.99,2.71,3.03
7535,2880,120,Southern Slopes (Tasmania),2500,7.69,7.3,6.84,2.24,4.58,4.49,2.52,2.02,3.95,3.43,2.13,2.12,2.03,2.01,2.91,2.52,2.79,5.17,4.01,3.36,5.14,6.12,7.54,7.09
7536,2880,120,Southern Slopes (Tasmania),2500,5.52,7.49,8.19,9.52,8.14,7.58,7.5,3.82,2.99,2.58,2.64,4.08,5.75,3.73,2.64,3.87,4.21,4.79,1.31,0.67,0.42,1.1,0.68,0.78
7537,2880,120,Southern Slopes (Tasmania),2500,3.94,5.62,5.29,5.74,13.24,11.88,5.21,5.23,2.91,2.11,1.36,1.04,1.74,2.07,2.42,6.22,5.73,1.65,3.64,2.35,1.68,2.23,2.67,4.03
7538,2880,120,Southern Slopes (Tasmania),2500,2.64,4.14,5.01,11.58,7.57,8.34,3.83,1.28,1.2,3.34,10.06,10.43,7.57,6.1,4.19,0.96,0.41,1.06,0.72,2.02,0.03,0.85,1.49,5.18
7539,2880,120,Southern Slopes (Tasmania),5000,3.51,2.12,3.84,2.22,1.63,6.82,7.13,6.35,6.78,7.16,6.09,2.29,1.61,0.95,0.77,2.08,6.04,9.27,4.92,3.47,2.5,3.72,5.39,3.34
7540,2880,120,Southern Slopes (Tasmania),5000,4.31,6.33,7.93,4.1,3.72,2.12,0.76,2.82,2.42,4.82,2.01,2.3,3.57,4.84,4.2,2.52,3.19,2.66,5.49,5.7,3.59,6.55,6.75,7.3
7541,2880,120,Southern Slopes (Tasmania),5000,6.75,10.01,7.12,6.86,9.14,6.6,4.95,3.63,3.27,3.53,2.77,6.07,4.52,1.91,3.79,4.15,6.33,2.46,1,0.9,0.66,0.93,1.33,1.32
7542,2880,120,Southern Slopes (Tasmania),5000,13.03,4.81,2.64,2.82,1.84,6.63,6.3,3.86,4.11,2.94,5.85,5.66,6.37,6.24,2.89,3.33,1.09,3.15,2.76,3.61,4.08,2.2,2.01,1.78
7543,2880,120,Southern Slopes (Tasmania),5000,3.64,5.27,6.42,6.81,14.76,9.97,4.86,6.47,4.2,3.89,1.92,1.66,2.39,2.16,2.03,5.06,4.55,1.22,2.59,1.75,1.31,1.69,2.06,3.32
7544,2880,120,Southern Slopes (Tasmania),5000,5.86,4.99,8.22,8.42,9.31,9.76,4.42,2.3,1.37,1.25,1.09,0.82,0.51,0.96,0.74,1.13,5.71,9.42,8.62,4.62,1.92,4.32,1.62,2.62
7545,2880,120,Southern Slopes (Tasmania),5000,0.2,2.18,1.53,0.6,0.58,1.58,1.91,3,2.35,4.52,5.22,6.86,5.16,5.09,6.14,7.53,8.53,9.56,10.92,5.27,5,3.83,1.39,1.05
7546,2880,120,Southern Slopes (Tasmania),5000,2.76,4.51,5.13,10.82,7.86,8.82,4.22,1.44,1.3,3.26,9.51,10.16,7.59,6,4.04,0.97,0.51,1.04,0.67,1.97,0.14,0.85,1.52,4.91
7547,2880,120,Southern Slopes (Tasmania),5000,0.79,1.69,4.59,3.36,2.93,2.99,3.4,6.31,5.58,4.09,4.81,5.25,8.74,7.76,11.47,9.36,3.26,3.28,3.1,3.25,0.77,1.89,0.78,0.55
7548,2880,120,Southern Slopes (Tasmania),5000,1.95,3.34,5.16,0.82,2.57,7.06,2.15,4.92,8.13,6.8,10.13,7.39,0.95,0.28,1.2,5.91,6.69,3.76,5.22,5.61,2.92,2.84,1.72,2.48
7549,2880,120,Southern Slopes (Tasmania),10000,2.07,4.93,2.6,5.24,5.98,3.03,6.43,7.54,3.6,1.17,2.9,1.98,2.01,1.49,2.65,5.32,7.26,5.71,2.55,4.11,3.85,6.09,8.07,3.42
7550,2880,120,Southern Slopes (Tasmania),10000,1.78,3.43,2.88,3.57,5.66,5.42,5.22,5.09,4.09,4.57,8.04,7.4,5.33,5.44,4.94,5.25,5.83,4.56,1.77,2.47,2.35,2.11,1.51,1.29
7551,2880,120,Southern Slopes (Tasmania),10000,0.99,5.02,2.45,8.54,10.31,4.42,8.55,3.69,7.63,2.51,1.47,1.07,5.03,9.1,6.71,5.58,1.32,1.71,1.08,1.71,3.15,5.3,1.45,1.21
7552,2880,120,Southern Slopes (Tasmania),10000,4.46,6.44,6.55,3.78,3.6,2.15,1.62,2.43,2.81,5.09,2.45,2.51,3.95,4.76,4.38,2.04,2.74,2.4,5.66,6.25,4.45,6.23,7.04,6.21
7553,2880,120,Southern Slopes (Tasmania),10000,3.43,2.23,3.9,2.22,1.73,6.83,7.02,6.55,6.83,6.83,5.89,2.28,1.57,0.99,0.81,2.12,5.99,9.22,4.86,3.43,2.52,3.99,5.44,3.32
7554,2880,120,Southern Slopes (Tasmania),10000,2.29,8.09,8.84,8.32,6.11,3.9,7.06,11.46,6.73,6.02,3.11,1.06,0.96,1.64,2.76,0.6,0.64,1.72,1.48,3.49,2.47,3.2,5.32,2.73
7555,2880,120,Southern Slopes (Tasmania),10000,0.2,0.98,1.26,6.46,6.95,2.84,0.58,0.82,4.48,7.42,4.64,3.81,9.33,10.21,7.52,5.49,3.13,6.78,5.77,8.1,0.31,0.54,2.2,0.18
7556,2880,120,Southern Slopes (Tasmania),10000,3.63,6.52,9.99,7.05,6.31,8.89,6.25,4.76,3.63,3.16,3.46,2.78,5.89,4.31,1.87,3.65,4.12,6.15,2.36,1.11,1.03,0.71,0.93,1.44
7557,2880,120,Southern Slopes (Tasmania),10000,2.38,7.57,11.61,3.62,1.21,1.24,1.57,2.35,3.43,4.18,4.51,5.67,4.77,6.41,7.69,4.89,3.18,4.51,2.86,2.77,3.7,2.73,4.27,2.88
7558,2880,120,Southern Slopes (Tasmania),10000,4.01,3.64,2.89,1.46,7.39,6.38,2.45,1.77,2.97,2.61,2.65,1.34,3.28,3.94,10.33,9.47,7.53,8.36,4.95,3.13,0.88,3.95,2.81,1.81
7559,2880,120,Southern Slopes (Tasmania),20000,3.18,4.37,5.06,7.07,3.27,8.51,6.08,6.37,4.47,4.18,4.08,2.45,1.16,0.63,0.51,1.39,4.39,9.48,6.32,3.9,2.35,3.36,4.64,2.78
7560,2880,120,Southern Slopes (Tasmania),20000,0.13,0.24,1.33,3.11,3.8,6.55,5.35,2.17,0.55,1.58,4.91,7.24,4.09,3.8,8.68,8.5,6.85,5.39,3.8,8.7,5.49,6.25,0.35,1.14
7561,2880,120,Southern Slopes (Tasmania),20000,1.18,4.05,2.11,1.55,1,1.19,15.49,11.16,3.06,3.73,2.45,3.84,7.54,2.67,3.14,4.02,4.06,4.47,3.01,6.47,6.15,3.47,2.5,1.69
7562,2880,120,Southern Slopes (Tasmania),20000,3.73,5.86,2.96,4.47,8.59,14.78,9.12,10.04,3.7,0.44,0.5,0.23,0.02,0.08,0.35,1.83,2.23,2.77,2.62,3.2,6,8.43,6.86,1.19
7563,2880,120,Southern Slopes (Tasmania),20000,2.14,5.73,5.11,3.85,3.5,2.33,3.89,3.89,3.05,2.33,3.72,4.89,5.66,5.27,5.01,4.98,4.85,4.7,4.41,4.23,3.86,4.19,4.27,4.14
7564,2880,120,Southern Slopes (Tasmania),20000,3.1,3.04,2.49,2.34,1.73,2.69,2.59,3.25,3.45,4.08,3.97,5.19,5,5.53,5.45,4.86,4.35,3.59,3.75,4.66,6.04,5.79,8.5,4.56
7565,2880,120,Southern Slopes (Tasmania),20000,3.69,2.88,1.97,1.04,2.17,2.04,2.19,3.9,3.72,4.18,3.78,3.33,2.48,2.7,6.41,5.17,6.98,9.22,6.47,8.37,5.81,4.61,3.18,3.71
7566,2880,120,Southern Slopes (Tasmania),20000,0.31,1.07,1.43,4.31,4.17,4.57,5.26,6.52,6.83,6.17,7.61,12.17,7.39,5.65,5.59,4.22,3.22,1.51,2.86,0.92,0.45,1.25,0.44,6.08
7567,2880,120,Southern Slopes (Tasmania),20000,2.45,3.23,3.81,3.83,5.07,5.24,6.47,6.4,6.15,6.07,5.54,4.76,5.76,4.62,3.6,4.53,4.74,4.28,3.3,2.53,2.71,1.44,1.73,1.74
7568,2880,120,Southern Slopes (Tasmania),20000,1.96,3.09,5.25,5.72,3.33,3.34,4.44,5.08,5.04,3.63,3.7,4.27,5.21,4.92,6.64,4.31,6.94,7,3.58,3.99,2.68,2.55,2.96,0.37
7569,2880,120,Southern Slopes (Tasmania),40000,3.35,4.74,5.68,8.11,3.7,8.19,5.68,5.89,4.31,3.92,4.05,2.6,1.39,0.77,0.54,1.33,4.17,8.98,6.08,3.75,2.36,3.3,4.35,2.76
7570,2880,120,Southern Slopes (Tasmania),40000,3.27,2.98,2.25,2.09,1.72,2.56,2.3,2.84,3.24,4.17,4.01,5.08,5.42,5.57,6.03,4.92,4.54,4.02,4.06,4.45,6.1,5.87,7.58,4.93
7571,2880,120,Southern Slopes (Tasmania),40000,2.15,2.97,3.59,3.75,5.01,5.23,6.29,6.72,6.28,6.15,5.51,4.73,5.83,4.66,3.51,4.14,4.52,4.3,3.43,2.81,2.95,1.67,1.91,1.89
7572,2880,120,Southern Slopes (Tasmania),40000,3.34,2.8,2.1,1.03,2.2,2.47,2.87,4.67,4.45,4.35,3.97,3.4,2.41,2.67,5.52,5.3,6.88,8.3,5.98,7.77,5.89,4.88,3.15,3.6
7573,2880,120,Southern Slopes (Tasmania),40000,6.08,3.35,2.52,3.18,3.18,3.29,2.34,3.17,1.95,3.3,3.35,4.32,3.9,6.5,7.22,5.54,5.96,5.41,5.08,5.34,2.37,2.33,2.3,8.02
7574,2880,120,Southern Slopes (Tasmania),40000,0.61,1.96,1.84,2.6,2.53,1.54,1.22,1.12,1.63,3.36,3.86,8.9,1.75,0.75,0.9,2.04,7.71,8.4,5.34,7.67,8.97,9.86,10.83,4.61
7575,2880,120,Southern Slopes (Tasmania),40000,1.81,2.82,4.02,6.19,6.75,6.09,7.46,6.42,6.95,4.37,4.78,3.34,3.5,4.81,6.06,5.53,3.76,2.28,2.33,2.61,1.99,1.63,2.53,1.97
7576,2880,120,Southern Slopes (Tasmania),40000,1.1,0.79,1.5,2.18,3.06,3.56,3.89,4.46,4.97,6.48,7.57,7.78,8.17,5.42,4.3,5.6,5.05,4.1,3.75,3.15,3.04,2.26,4.21,3.61
7577,2880,120,Southern Slopes (Tasmania),40000,1.09,2.25,2.51,1.8,3.29,6.25,5.83,6.83,5.18,7.08,4.96,5.86,7,5.31,4.91,4.62,5.38,5.03,4.28,4.04,2.46,1.73,1.61,0.7
7578,2880,120,Southern Slopes (Tasmania),40000,5.79,5.58,5.26,4.4,4.56,4.65,5.97,6.22,5.66,5.23,4.56,4.21,3.98,3.46,4.51,3.47,1.8,0.76,0.67,1.05,2.15,4.3,6.02,5.74
7579,4320,180,Southern Slopes (Tasmania),100,6.73,0.49,5.83,0,0.2,0.54,7.64,7.9,4.31,4.08,2.64,3.75,3.74,2.82,1.82,2.27,3.37,4.76,5.77,3.96,6.97,9.3,7.46,3.65
7580,4320,180,Southern Slopes (Tasmania),100,4.01,4.98,3.22,2.18,1.87,7.03,8.89,9.72,9.52,7.11,3.54,0.15,0.1,0.05,0.7,5.28,7.25,9.26,3.48,0.19,0.96,4.16,2.09,4.26
7581,4320,180,Southern Slopes (Tasmania),100,1.06,1.25,1.01,1.09,12.58,5.62,4.24,3.01,9.56,3.68,5.4,3.56,5.56,15.55,5,1.01,3.6,5.37,3.95,2.41,1.47,1.71,1.37,0.94
7582,4320,180,Southern Slopes (Tasmania),100,7.21,0.13,0.01,0,0,0.03,1,6.47,7.5,5.22,5.24,5.16,6.16,5.99,6.02,5.14,9.71,8.58,7.04,9.14,1.59,1.56,0.58,0.52
7583,4320,180,Southern Slopes (Tasmania),100,3.62,4.68,4.52,5.05,1.71,0.04,0.15,0.33,0.02,1.43,2.5,4.86,8.58,10.9,12.23,17.27,2.04,3.67,3.06,0.57,0.04,0.19,6.29,6.25
7584,4320,180,Southern Slopes (Tasmania),100,2.55,4.67,8.11,6.92,9.8,7.7,7.73,9.64,5.77,2.9,4.48,3.8,5.21,9.49,1.72,0.45,0,0,0.21,0.23,0.82,0.5,1.64,5.66
7585,4320,180,Southern Slopes (Tasmania),100,0.76,0.87,3.08,8.05,10.04,6.65,6.79,8.98,7.52,4.28,3.36,2.27,2.31,4.44,5.28,3.93,1.45,1.07,2.98,3.19,3.08,3.78,3.22,2.62
7586,4320,180,Southern Slopes (Tasmania),100,1.66,0.5,0.05,0.52,5.65,9.75,7.36,5.57,8.54,8.06,7.34,8.76,8.31,6.94,4.73,3.05,3.6,1.03,3.11,1.42,1.34,0.31,0.19,2.21
7587,4320,180,Southern Slopes (Tasmania),100,0.33,1.24,1.36,0.21,0.14,0.73,3.77,6.08,6.18,3.59,3.05,7.47,5.33,5.21,0.39,0.37,2.07,1.47,3.84,2.49,8.11,13.51,18.6,4.46
7588,4320,180,Southern Slopes (Tasmania),100,0.92,1.61,1.5,3.05,1.29,6.12,4.84,4.67,2.58,2.62,7.4,8.14,13.44,6.52,1.44,0,0,0.01,1.39,7.62,19.46,4.25,1.08,0.05
7589,4320,180,Southern Slopes (Tasmania),200,5.67,0.24,0.04,0.05,0.07,0.65,1,4.62,8.7,4.47,4.42,5.02,3.4,6.7,6.45,9.43,8.36,3.6,4.34,8.03,5.16,3.68,4.55,1.35
7590,4320,180,Southern Slopes (Tasmania),200,5.36,2.16,3.51,4.54,1.79,9.09,8.46,3.88,7.59,2.51,0.72,0.41,2.27,16.06,7.83,4.87,10.74,5.39,0.96,0.76,0.48,0.35,0.05,0.22
7591,4320,180,Southern Slopes (Tasmania),200,7.01,0.55,5.67,0,0.19,0.56,7.71,7.71,4.24,3.97,2.77,3.6,3.89,2.76,1.83,2.32,3.39,4.58,5.42,4.3,7.04,9.44,7.33,3.72
7592,4320,180,Southern Slopes (Tasmania),200,3.04,3.4,0,0,0,0.06,0.35,4.09,8.42,5.33,4.66,5.38,6.81,3.44,8.02,6.12,9.4,6.9,7.52,6.16,3.41,2.65,3.5,1.34
7593,4320,180,Southern Slopes (Tasmania),200,3.61,4.61,4.68,5.02,1.82,0.06,0.18,0.4,0.02,1.53,2.49,4.9,8.53,10.57,11.85,17.22,2.11,3.69,3.21,0.77,0.05,0.29,6.3,6.09
7594,4320,180,Southern Slopes (Tasmania),200,2.85,2.43,7.19,4.65,1.1,4.59,5.88,3.66,2.04,0.64,1.57,0.49,1.94,1.24,2.78,4.66,9.03,10.71,10.02,7.57,4.18,2.72,4.23,3.83
7595,4320,180,Southern Slopes (Tasmania),200,2.35,4.42,8.01,7.2,9.19,7.48,7.49,9.82,6.55,3.26,4.54,3.76,5.3,8.45,2.01,0.64,0,0,0.27,0.36,0.99,0.56,1.87,5.48
7596,4320,180,Southern Slopes (Tasmania),200,0.82,0.91,3.14,7.99,10.04,6.66,6.8,8.8,7.53,4.31,3.45,2.26,2.34,4.45,5.32,3.87,1.47,1.05,2.98,3.17,3.07,3.76,3.2,2.61
7597,4320,180,Southern Slopes (Tasmania),200,1.8,0.43,0.07,0.88,5.75,10.17,7.23,5.4,8.3,8.02,7.23,8.68,8.22,7.06,4.73,2.9,3.59,0.96,3.12,1.43,1.23,0.27,0.19,2.34
7598,4320,180,Southern Slopes (Tasmania),200,0.99,1.52,1.48,2.99,1.31,6.04,4.72,4.57,2.61,2.67,7.2,7.94,13.77,6.39,1.58,0,0,0.01,1.36,7.67,19.44,4.52,1.13,0.09
7599,4320,180,Southern Slopes (Tasmania),500,0.92,2.44,0.29,2.41,3.28,2.97,6.89,7.62,6.52,5.66,10.83,7.07,7.34,7.1,8.3,6.1,2.85,3.81,2.32,2.09,0.42,1.07,0.02,1.68
7600,4320,180,Southern Slopes (Tasmania),500,5.98,0.26,0.04,0.05,0.07,0.64,0.97,4.56,8.51,4.48,4.19,4.83,3.51,6.52,6.43,9.31,8.1,3.52,4.28,8.13,5.51,3.98,4.8,1.33
7601,4320,180,Southern Slopes (Tasmania),500,7.34,0.57,5.46,0,0.18,0.59,7.81,7.68,4.23,4.09,3,3.5,3.91,2.68,1.85,2.36,3.36,4.38,5.21,4.44,7.04,9.47,7.09,3.76
7602,4320,180,Southern Slopes (Tasmania),500,2.31,3.25,0,0,0,0.02,0.11,3.34,7.91,4.8,3.99,4.64,6.34,3.63,7.14,7.66,9.48,7.24,7.03,6.81,4.45,3.61,4.56,1.68
7603,4320,180,Southern Slopes (Tasmania),500,1.45,0.68,1.03,1.01,0.9,0.33,3.11,4.85,3.95,1.15,3.77,9.64,9.62,9.26,8.67,10.76,13.02,3.39,0,0.01,3.11,4.01,4.06,2.22
7604,4320,180,Southern Slopes (Tasmania),500,5.02,3.05,4.91,5.25,3.84,0.36,0.05,0.71,0.09,0.71,2.04,2.47,7.36,7.75,8.39,19.75,5.61,1.97,5.16,2.74,0.51,0.07,3.76,8.43
7605,4320,180,Southern Slopes (Tasmania),500,2.98,2.35,6.12,5.67,0.73,4.68,5.15,4.08,1.8,0.74,1.61,0.51,2.12,1.34,3.29,4.32,9.05,10.66,9.73,8.11,3.62,2.79,5.3,3.25
7606,4320,180,Southern Slopes (Tasmania),500,2.44,4.49,7.83,8.02,7.49,6.62,8.74,8.88,4.78,4.97,4.62,5.07,6.48,5.32,3.48,0.02,0,0,0.41,0.93,1.17,0.52,2.22,5.5
7607,4320,180,Southern Slopes (Tasmania),500,0.77,0.96,3.14,7.85,9.64,6.47,7.02,7.56,8.03,4.9,4.16,2.36,2.62,4.75,5.92,3.6,1.56,1.01,2.93,3.28,2.96,3.42,2.77,2.32
7608,4320,180,Southern Slopes (Tasmania),500,7.3,6.9,8.3,8.99,7.25,11.24,10.46,10.07,8.03,2.73,4.29,0.42,2.75,0.28,0,0,1.2,2.14,1.6,1.23,0.63,0.82,1.21,2.16
7609,4320,180,Southern Slopes (Tasmania),1000,0.42,0.69,2,6.68,4.43,8.88,5.41,9.69,3.38,2.56,2.3,2.01,4.74,7.32,5.45,5.3,5.32,9.85,3.03,1.14,1.88,2.48,2.74,2.3
7610,4320,180,Southern Slopes (Tasmania),1000,5.04,0.74,0,0.04,0.01,0.54,4.15,7.09,11.26,4.87,3.6,2.25,2.71,5.42,1.75,4.96,5.46,2.05,4.24,6.93,5.85,8.67,9.81,2.56
7611,4320,180,Southern Slopes (Tasmania),1000,1.92,6.6,3.56,2.27,6.58,9.87,6.05,7.43,6.01,1.66,2.83,4.27,7.57,8.78,9.39,4.79,2.43,1.09,1.96,1.58,0.98,0.13,1.55,0.7
7612,4320,180,Southern Slopes (Tasmania),1000,7.6,1.68,5.02,0.07,0.25,0.37,7.42,8.27,4.31,6.02,3.13,3.16,3.99,3.26,1.99,2.37,3.43,4.75,5.46,4.55,6.5,7.61,5.88,2.91
7613,4320,180,Southern Slopes (Tasmania),1000,3.26,5.34,3.82,2.61,2.58,5.14,0.11,2.67,9.86,14.15,2.5,6.59,13.15,1.46,1.07,1.33,1.08,1.08,1.18,1.08,1.41,2.28,5.33,10.92
7614,4320,180,Southern Slopes (Tasmania),1000,10.22,0.34,0,0.34,0.02,1.58,3.61,11.78,13.08,10.29,10.95,6.01,2.66,1.52,0.33,1.93,2.24,4.46,0.34,0.45,1.35,8.59,5.97,1.94
7615,4320,180,Southern Slopes (Tasmania),1000,10.9,7.46,7.29,1.08,0.2,0.02,0.05,0.17,6.56,17.89,6.52,3.28,2.88,2.27,3.76,2.15,3.3,2.72,5.22,3.5,3.24,1.99,5.43,2.12
7616,4320,180,Southern Slopes (Tasmania),1000,1.81,3.72,2.48,5.2,4.21,3.93,3.58,3.8,3.62,4.14,5.68,6.74,5.14,7.51,4.98,4.48,3.78,3.62,2.39,6.12,5.81,5.08,1.1,1.08
7617,4320,180,Southern Slopes (Tasmania),1000,1.14,0.81,1.16,1.14,0.99,0.93,4.47,4.25,3.06,1.59,4.5,11.6,11.63,8.07,7.47,7.62,10.32,2.01,0.02,0.16,4.08,6.06,5.5,1.42
7618,4320,180,Southern Slopes (Tasmania),1000,2.13,1.62,6.87,4.93,0.77,4.63,5.73,3.31,1.82,0.63,1.79,0.58,2.3,1.47,3.17,4.36,8.83,9.38,10.26,8.97,4.6,3.27,4.98,3.6
7619,4320,180,Southern Slopes (Tasmania),2500,0.67,1.89,0.26,2.22,4.25,3.77,6.3,7.37,6.74,5.84,9.72,7.78,7.88,6.78,8.44,6.27,2.63,3.86,2.57,2.17,0.57,0.73,0.14,1.15
7620,4320,180,Southern Slopes (Tasmania),2500,2.68,5.8,5.48,6.97,7.71,8.22,2.25,3.1,2.16,1.55,6.43,8.26,4.48,5.64,6.47,8.17,0.82,1.76,1.48,2.79,2.39,2.01,2.07,1.31
7621,4320,180,Southern Slopes (Tasmania),2500,1,1.36,0.9,1.45,4.45,3.15,5.03,6.11,6.45,8.92,9.56,6.52,9.44,7.33,3.73,4.91,4.84,4.58,4.41,0.04,0.38,2.43,1.98,1.03
7622,4320,180,Southern Slopes (Tasmania),2500,0,0,0,1.64,5.36,3.02,2.65,4.61,2.7,11.82,6.95,4.4,6.81,2.62,0.9,0.71,6.51,14.2,6.01,5.28,9.57,2.73,0.84,0.67
7623,4320,180,Southern Slopes (Tasmania),2500,5.28,0.54,0.01,0.04,0.01,0.67,3.74,6.3,9.82,5.08,3.78,2.3,2.7,5.37,2.51,4.91,5.8,2.83,4.32,7.32,5.54,8.94,9.51,2.68
7624,4320,180,Southern Slopes (Tasmania),2500,8.01,1.11,4.78,0.04,0.17,0.54,7.64,8.18,4.4,5.32,3.57,3.26,3.95,2.78,2.05,2.47,3.23,4.07,5.12,4.42,6.78,8.63,6.06,3.42
7625,4320,180,Southern Slopes (Tasmania),2500,4.31,7.43,3.55,2.51,8.39,7.74,5.31,7.18,6.68,6.18,3.28,3.31,5.96,7.11,7.51,3.73,2.33,1.14,1.94,1.28,0.7,0.3,1.38,0.75
7626,4320,180,Southern Slopes (Tasmania),2500,1.05,1.21,0.29,1.29,5.19,7,7.71,17.98,8.03,3.84,2.05,1.37,2.38,3.07,9.08,3.45,4.21,2.75,3.23,5.61,3.27,3.02,1.23,1.69
7627,4320,180,Southern Slopes (Tasmania),2500,2.98,6.8,3.02,2.15,4.93,4.25,3.48,4.64,4.94,2.44,4.13,4.3,4.77,4.44,3.54,9,9.8,4.19,2.41,3.06,5.02,0.96,2.98,1.77
7628,4320,180,Southern Slopes (Tasmania),2500,0.07,0.11,0.91,2.47,3.82,7.15,9.52,11.78,11.04,2.71,1.65,1.7,0.91,1.18,1.33,6.59,13.05,8.26,3.53,3.33,4.21,2.12,2.18,0.38
7629,4320,180,Southern Slopes (Tasmania),5000,1.51,3.69,3.42,2.97,4.3,2.48,9.91,8.01,8.81,8.87,2.74,1.53,1.23,6.62,10.33,5.27,3.23,7,3.63,1.29,1.5,1.16,0.28,0.22
7630,4320,180,Southern Slopes (Tasmania),5000,0.84,2.16,5.66,9.47,4.3,4,3.32,2.98,5.02,4.72,6.37,6.64,3.55,4.42,8.58,6.7,8.16,8.54,1.93,0.86,0.62,0.37,0.47,0.32
7631,4320,180,Southern Slopes (Tasmania),5000,1.68,4.45,5.8,4.77,8.78,6.81,1.99,1.1,4.71,4.98,3.04,3.3,6.59,3.94,5.75,4.83,7.68,5.07,5.85,2.25,3.14,1.17,0.52,1.8
7632,4320,180,Southern Slopes (Tasmania),5000,2.33,1.02,1.45,0.99,0.89,3.8,7.39,8.75,16.94,8.86,6.48,6.22,2.58,2.62,2.71,5.38,4.66,2.61,2.07,2.07,3.05,3.47,2.13,1.53
7633,4320,180,Southern Slopes (Tasmania),5000,0.42,0.78,1.07,0.87,0.3,0.68,5.53,3.05,1.72,1.67,0.78,1.66,2.34,4.64,3.89,5.43,6.84,5.82,8.01,1.32,2.68,7.29,15.83,17.38
7634,4320,180,Southern Slopes (Tasmania),5000,0.13,0.33,2.41,2.36,4.02,6.7,9.96,12.27,11.65,3.3,1.76,1.87,0.95,1.28,1.23,5.89,12.46,7.93,2.87,3.7,3.1,1.65,1.63,0.55
7635,4320,180,Southern Slopes (Tasmania),5000,9.77,0.89,3.05,0,0.09,0.29,6.33,8.97,4.99,6.59,7.88,3.3,3.33,3.09,3.09,3.1,3.79,2.59,4.01,3.09,6.05,8.07,4.5,3.14
7636,4320,180,Southern Slopes (Tasmania),5000,0.12,0.42,1.4,0.79,1.02,1.23,3.25,4.49,8.67,4.04,3.43,11.34,9.89,0.82,2.18,5.38,1.39,2.41,7.45,14.72,7.81,3.01,3.04,1.7
7637,4320,180,Southern Slopes (Tasmania),5000,3.8,5.82,1.65,1.94,3.05,3.49,2.64,2.97,3.53,2.54,3.03,2.95,3.61,3.47,3.27,8.31,11.25,5.83,3.83,5.13,7.09,2.3,5.51,2.99
7638,4320,180,Southern Slopes (Tasmania),5000,8.78,9.09,2,8.36,8.48,2.21,0.63,1.23,0.23,0.18,2.95,9.83,5.37,6.17,3.16,0.38,0.82,2.38,4.56,5.78,5.52,8.07,3.14,0.68
7639,4320,180,Southern Slopes (Tasmania),10000,0.65,1.2,0.79,2.03,4.69,4.52,7.69,7.54,6.53,6.31,11.02,8.38,7.77,6.84,8,3.38,3.22,3.29,2.21,1.31,1.15,0.18,0.31,0.99
7640,4320,180,Southern Slopes (Tasmania),10000,4.4,2.59,0.05,0.02,0.04,0.38,1.41,6.01,8.67,5.93,4.19,2.23,3.24,5.78,3.47,4.29,6.39,3.37,3.05,6.34,7.09,7.65,9.24,4.17
7641,4320,180,Southern Slopes (Tasmania),10000,3.89,2.57,3.67,4.73,2.64,6.81,8.63,9.26,9.85,3.29,1.84,1.13,3.04,12.14,6.37,3.11,5.47,5.72,1.61,1.49,1.51,0.48,0.28,0.47
7642,4320,180,Southern Slopes (Tasmania),10000,4.17,13.07,10.25,6.11,11.37,11.19,7.31,1.8,1.78,3.04,0.81,1.81,2.12,4.51,5.91,4.13,3.17,2.2,0.95,0.26,0.21,0.46,0.87,2.5
7643,4320,180,Southern Slopes (Tasmania),10000,1.95,4.41,8.53,5.42,14.96,14.6,8.4,1.05,0.62,0.03,0.17,2.38,3.09,4.88,5.52,10.74,5.97,0.33,2.12,1.17,1.26,1.8,0.58,0.02
7644,4320,180,Southern Slopes (Tasmania),10000,3.15,5.44,5.21,2.28,3.37,5.45,0.51,0.19,0.13,0.26,1.11,2.14,5.92,5.89,7.74,5.78,5.42,2.61,3.17,4.14,8.06,6.47,9.76,5.8
7645,4320,180,Southern Slopes (Tasmania),10000,1.53,3.79,4.95,4.54,8.11,6.59,1.93,0.85,4.35,6.31,6.24,5.81,6.46,4.36,5.31,4.08,6.28,4.3,5.2,2.17,3.17,1.36,0.6,1.71
7646,4320,180,Southern Slopes (Tasmania),10000,1.95,4.13,1.97,0.72,14.31,11.24,4.06,2.66,9.67,3.43,4.89,5.52,5.35,9,6.36,2.68,1.99,1.86,2.31,1.3,1.33,1.14,1.46,0.67
7647,4320,180,Southern Slopes (Tasmania),10000,1.19,0.14,0.41,7.69,3.22,2.66,7.67,8.34,11.85,13.08,5.82,2.07,2.7,1.41,1.17,1.23,1.87,8.59,7.51,2.03,4.34,2.32,1.25,1.44
7648,4320,180,Southern Slopes (Tasmania),10000,0.56,0.65,0.83,6.7,4.52,3.59,2.09,1.66,0.77,3.17,2.48,1.93,4.44,5.44,8.86,5.49,1.08,2.58,7.94,13.52,10.23,6.48,3.32,1.67
7649,4320,180,Southern Slopes (Tasmania),20000,4.06,3.73,4.29,6.85,7.79,8.84,8.54,6.38,6.18,3.27,1.31,0.7,2.47,10.96,7.76,3.34,4.67,4.84,1.05,1.19,1.04,0.33,0.14,0.27
7650,4320,180,Southern Slopes (Tasmania),20000,0.78,3.93,1.81,4.91,4.07,3.1,10.91,5.06,4.57,5.15,2.37,4.06,10.28,10.34,11.17,6.51,1.93,4.79,1.93,0.26,0.27,0.49,0.77,0.54
7651,4320,180,Southern Slopes (Tasmania),20000,2.25,2.66,2.7,5.81,5.09,7.98,16.17,12.07,7.78,0.59,0.42,0.07,0.32,2.74,3.19,3.39,6.87,10.59,3.71,1.07,1.27,0.76,1.07,1.43
7652,4320,180,Southern Slopes (Tasmania),20000,0.77,2.32,4.17,1.88,1.41,19.73,6.44,4.64,4.17,8.05,3.72,5.5,5.55,5.24,8.54,4.39,2.36,1.99,2.74,1.96,1.71,0.65,1.31,0.76
7653,4320,180,Southern Slopes (Tasmania),20000,10.25,1.3,2.28,0.02,0.08,0.82,7.52,8.8,5.26,6.75,8.1,2.96,2.73,2.9,2.93,3.1,3.18,1.82,3.71,3.47,5.91,7.83,4.37,3.91
7654,4320,180,Southern Slopes (Tasmania),20000,0.68,0.3,0.61,4.61,3.89,3,3.07,2.09,2.31,2.02,2.63,2.81,3.25,5.59,6.3,10.01,3.43,1.5,5.98,11.38,13.58,6.73,2.66,1.57
7655,4320,180,Southern Slopes (Tasmania),20000,4.35,0.95,0.06,0.02,0.02,0.06,0.37,3.97,8.76,7.24,3.22,4.8,4.25,3.44,5.74,6.76,6.69,6.41,6.56,5.62,5.46,6.02,6.64,2.59
7656,4320,180,Southern Slopes (Tasmania),20000,0.74,2.21,1.72,4.13,3.58,3.39,3.75,3.28,2.66,2.84,3.21,4.33,4.88,5.91,6.13,6.85,5.63,4.79,4.97,6.78,8.68,6.65,1.42,1.47
7657,4320,180,Southern Slopes (Tasmania),20000,3.03,1.57,2.99,1.52,1.35,3.15,4.15,2.73,1.68,2.54,3.31,4.56,5.08,3.95,2.86,6.43,6.35,10.79,8.9,7.68,4.57,4.66,3.83,2.32
7658,4320,180,Southern Slopes (Tasmania),20000,1.75,6.12,5.79,7.72,9.26,9.11,14.56,9.3,7.69,5.9,2.29,3.07,0.79,1.38,5.71,0.31,0.06,0.83,1.76,1.83,1.23,0.55,2.24,0.75
7659,4320,180,Southern Slopes (Tasmania),40000,3.66,4.85,4.8,7.52,6,7.42,7.24,7.2,5.24,2.85,1.55,0.99,2.91,9.72,6.01,3.06,4.68,4.9,2.99,3.01,1.7,0.82,0.4,0.48
7660,4320,180,Southern Slopes (Tasmania),40000,1.99,4.31,3.72,3.56,3.98,3.14,2.53,2.78,2.94,4.05,5.12,5.95,6.69,7.49,5.93,5.3,5.2,6.99,8.55,6.76,1.44,1.21,0.08,0.29
7661,4320,180,Southern Slopes (Tasmania),40000,2.99,1.49,2.53,1.36,1.22,2.89,3.76,3.23,1.88,3.26,4.42,5.52,5.15,4.01,2.93,6.11,6.36,9.55,8.17,8.27,4.85,4.56,3.4,2.09
7662,4320,180,Southern Slopes (Tasmania),40000,0.66,1.19,3.18,4.66,5.67,7.02,8.65,8.38,7.89,7.17,7.75,5.09,6.36,6.16,4.97,4.54,2.58,3.23,1.66,0.88,0.55,0.53,0.28,0.95
7663,4320,180,Southern Slopes (Tasmania),40000,1.71,3.15,4.1,5.23,6.43,9.09,11.52,9.7,6.05,5.97,4.98,4.97,4.88,5.19,4.51,0.96,1.38,0.86,1.86,1.46,0.92,1.07,1.82,2.19
7664,4320,180,Southern Slopes (Tasmania),40000,5.72,7.07,6.45,5.33,5.7,7.29,7.2,6.1,5.26,4.47,5.24,3.64,1.26,0.84,2.31,5.79,7.25,3.94,4.03,3.35,1.06,0.46,0.1,0.14
7665,4320,180,Southern Slopes (Tasmania),40000,1.84,8.26,10.73,7.22,7.35,8.6,5.34,2.7,5.96,9.47,10.17,3.43,1.47,0.65,0.95,1.31,1.32,1.41,2.35,2.2,3.66,1.94,1.06,0.61
7666,4320,180,Southern Slopes (Tasmania),40000,1.06,2.64,2.68,2.47,1.62,1.48,1.88,3.16,2.92,6.82,7.93,7.39,8.35,7.03,8.33,6.43,6.63,6.26,5.6,3.65,2.17,1.31,0.99,1.2
7667,4320,180,Southern Slopes (Tasmania),40000,2.05,2.16,4.51,3.05,3.41,5.78,10.27,11.13,7.79,5.24,3.44,2.51,1.51,1.33,4.77,9.64,7.31,4.69,2.16,1.67,1.41,1.62,1.47,1.08
7668,4320,180,Southern Slopes (Tasmania),40000,0.21,0.84,1.07,1.54,3.98,6.69,8.41,8.02,9.59,8.83,5.98,5.22,4.82,7.96,6.95,3.97,3.72,2.94,2.61,3.06,1.48,0.64,0.72,0.75
7669,5760,180,Southern Slopes (Tasmania),100,0.26,0.53,0.34,1.61,3.08,3.36,5.14,2.25,1.95,2.14,7.08,8.17,9.11,8.09,5.66,2.82,0.09,0.1,0.05,0.89,5.68,6.65,8.16,2.2,0.17,1.51,3.44,1.92,4.03,2.5,0.37,0.65
7670,5760,180,Southern Slopes (Tasmania),100,12.65,13.18,1.13,1.97,3,2.8,2.43,2.54,2.12,1.46,5.7,4.49,4.64,2.11,3.97,4.28,2.73,0.22,1.99,2.29,0.99,1.08,0.79,1.33,0.99,0.43,1.29,6.14,2.34,4.44,1.83,2.65
7671,5760,180,Southern Slopes (Tasmania),100,2.7,3.31,4.27,4.11,4.6,1.56,0.04,0.14,0.29,0.02,1.29,2.27,4.42,7.83,9.94,11.15,15.75,1.87,3.34,2.78,0.52,0.04,0.18,5.72,5.71,0.29,0.01,0.12,1.03,0.72,1.22,2.76
7672,5760,180,Southern Slopes (Tasmania),100,0,0,0.02,2.6,2.45,4.48,7.77,6.65,9.43,7.38,7.44,9.24,5.54,2.77,4.3,3.65,5.01,9.12,1.64,0.43,0,0,0.19,0.23,0.8,0.49,1.58,5.43,0.6,0.34,0.42,0
7673,5760,180,Southern Slopes (Tasmania),100,0.76,0.63,0.93,2.83,5.92,10.62,7.11,6.22,8.76,7.25,4.65,3.33,2.13,1.93,4.34,4.95,3.5,2.09,0.45,3.24,2.84,2.87,3.68,3.16,3.08,0.43,1.09,0.7,0.17,0.11,0.17,0.06
7674,5760,180,Southern Slopes (Tasmania),100,0.27,0.2,0.39,0.94,1.7,0.15,0.16,0.54,3.05,5.99,6.1,4.18,2.72,6.22,6.76,5.4,0.4,0.4,0.82,2.34,4.05,2.17,6.8,12.46,18.83,6.12,0.5,0,0,0,0,0.34
7675,5760,180,Southern Slopes (Tasmania),100,0.79,1.61,1.54,4.11,2.51,14.83,7.97,2.6,0.77,2.13,0.31,2.47,3.4,3.79,2.32,2.89,2.89,1.13,6.7,1.44,4.15,2.82,2.94,2.78,1.27,1.91,1.76,1.64,5.91,7.77,0.77,0.08
7676,5760,180,Southern Slopes (Tasmania),100,2.36,0,0.45,0.01,2.81,3.33,1.13,0.08,1,0,0.06,0.56,3.41,1.09,1.65,0.01,0.58,4.27,2,2.9,10.23,17.21,8.09,3.39,3.7,2.07,2.23,3.23,7.2,7.54,5.13,2.28
7677,5760,180,Southern Slopes (Tasmania),100,0,0.55,0.1,0.33,2.72,0.82,1,4.08,1.95,1.51,3.09,9.57,1.06,0.51,0.52,0.33,1.47,2.02,4.96,1.11,16.97,11.59,8.28,9.25,7.59,0.83,4.59,2.99,0.18,0,0,0.03
7678,5760,180,Southern Slopes (Tasmania),100,0.34,0.24,0.02,0,0,0.01,5.32,2.68,6.41,0,0,6.21,5.12,6.91,2.74,3.93,3.44,3.95,2.43,0.85,12.51,7.8,9,11.17,0.56,3.42,0.5,0.78,0.42,2.41,0.58,0.25
7679,5760,180,Southern Slopes (Tasmania),200,0,2.33,5.05,3.29,2.2,0.19,0,2.46,8.21,7.3,2.76,3.89,1.63,4.59,3.21,2.11,2.08,2.61,3.34,5.59,4.09,5.06,7.64,9.02,5.12,3.2,0.55,1.19,0.14,0.53,0,0.62
7680,5760,180,Southern Slopes (Tasmania),200,0.21,1.37,3.1,3.11,2.85,4.61,2.81,6.1,12.63,14.23,3.19,0.96,0.45,0.22,0.01,1.16,3.78,0.99,4.43,7.53,1.36,0.06,1.58,0.79,1.57,2.15,0.03,0.45,3.11,3.1,8.01,4.05
7681,5760,180,Southern Slopes (Tasmania),200,2.44,3.64,4,3.46,4.25,2.14,0.04,0.02,0.38,0,0.59,2.5,3.21,6.78,7.6,9.61,19.41,2.33,2.56,4.07,1.43,0.16,0.09,5.61,5.87,1.32,0.08,0.29,1.39,1.18,1.35,2.2
7682,5760,180,Southern Slopes (Tasmania),200,0,0,0.03,2.47,2.24,4.2,7.61,6.85,8.75,7.12,7.13,9.35,6.23,3.11,4.32,3.57,5.05,8.05,1.92,0.62,0,0,0.27,0.35,0.95,0.54,1.76,5.23,1.07,0.65,0.56,0
7683,5760,180,Southern Slopes (Tasmania),200,0.68,0.62,0.94,2.81,6.02,10.33,6.9,6.46,8.27,7.4,4.83,3.56,2.19,2.01,4.5,5.22,3.46,2.15,0.47,3.18,2.95,2.86,3.57,3.02,2.92,0.42,1.07,0.69,0.16,0.11,0.17,0.06
7684,5760,180,Southern Slopes (Tasmania),200,0.43,0.13,1.19,0.61,1.98,0.01,0.39,0.02,4.15,7.11,6.98,3.9,2.18,3.06,7.13,4.04,0.37,0.21,1.54,0.49,3.29,1.38,3.5,9.26,12.77,14.69,8.84,0,0,0,0,0.35
7685,5760,180,Southern Slopes (Tasmania),200,0.22,0,0.23,0.19,0.15,4.62,2.49,2.5,1.69,1.89,2.72,0.21,0.27,0.06,1.26,1.88,3.15,5.27,11.84,11.44,8.78,5.48,8.04,5.92,10.26,1.71,7.39,0.08,0,0,0.26,0
7686,5760,180,Southern Slopes (Tasmania),200,0.53,0.79,2.49,2.07,3.71,4.39,14.06,5.68,1.31,1.14,1.76,0.75,2.35,3.42,3.91,2.85,2.03,3.06,2.25,6.98,1.85,4.11,2.22,3.81,1.28,1.53,2.3,1.43,3.06,6.1,6.14,0.64
7687,5760,180,Southern Slopes (Tasmania),200,2.38,1.33,0.67,0.18,0.14,1.95,12,2.34,0.72,0.45,0.55,2.68,2.4,0.46,0.56,0.07,0.33,0.79,3.73,0.63,0.86,4.13,2.95,18.7,14.22,2.47,0.15,0.18,0.6,0.16,0.05,21.17
7688,5760,180,Southern Slopes (Tasmania),200,0.2,0,0,0.01,0,0,0.02,1.01,8.3,17.95,13.91,2.8,2.69,1.71,0.99,0.11,0.05,6.23,12.38,7.46,3.36,0.6,0.28,1.61,4.15,4.3,0.71,1.14,3.43,0.84,3.25,0.51
7689,5760,180,Southern Slopes (Tasmania),500,4.12,5.93,4.55,7.93,5.72,2.82,0.94,3.49,3.91,2.02,2.53,5.34,4.14,5.29,4.4,7.22,4.9,4.95,2.94,2.59,1.64,0.67,1.42,1.39,1.24,0.32,0.31,0.23,0.31,0.52,1.35,4.87
7690,5760,180,Southern Slopes (Tasmania),500,0,2.51,5.35,3.12,2.16,0.18,0,2.48,8.21,7.28,2.73,4.16,1.77,4.44,3.2,2.15,2.02,2.72,3.25,5.25,4.08,5.2,7.65,8.95,4.94,3.29,0.61,1.06,0.14,0.5,0,0.6
7691,5760,180,Southern Slopes (Tasmania),500,2.13,0.11,0,0.55,1.06,0.91,0.04,0.09,0.57,1.22,1.02,0.63,0.82,0.73,0.94,5.26,3.81,2.41,1.46,6.58,10.7,9.12,6.16,10.85,11.39,8.75,0.52,0.01,0.33,4.91,3.32,3.6
7692,5760,180,Southern Slopes (Tasmania),500,0.05,0,0.02,0.77,0.51,1.3,2.16,2.58,4.61,4.56,3.51,2.33,2.18,3,4.43,5.05,6.89,7.39,4.99,4.81,7.16,6.17,6.3,15.72,0.71,0.62,0.11,0,0.01,1.13,0.91,0.02
7693,5760,180,Southern Slopes (Tasmania),500,3.25,3.83,4.07,4.17,4.46,1.98,0.08,0.24,0.5,0.09,1.32,2.46,4.29,6.91,7.75,9.91,12.6,2.14,3.22,4.03,1.17,0.15,0.44,6.21,5.57,0.57,0.26,0.7,1.99,1.05,2.26,2.33
7694,5760,180,Southern Slopes (Tasmania),500,0,0,0.04,2.18,2.07,3.73,7.2,6.51,7.54,6.43,6.54,9.16,6.26,3.88,4.8,4.25,5.57,7.16,3.05,0.98,0,0,0.27,0.49,1.17,0.56,1.64,4.96,1.82,1.11,0.63,0
7695,5760,180,Southern Slopes (Tasmania),500,0,1.08,0.15,0.78,2.86,2.2,5.14,6.55,0.85,4.24,3.89,4.43,2.59,0.97,1.24,0.69,1.66,1.32,3.63,2.88,9.1,9.2,10.45,8.57,3.93,2.15,5.47,3.13,0.68,0,0.01,0.16
7696,5760,180,Southern Slopes (Tasmania),500,0.78,0.62,1,2.8,6.33,9.57,6.49,6.93,7.14,7.73,5.32,4.2,2.38,2.21,4.84,5.71,3.28,2.28,0.51,2.96,3.18,2.76,3.26,2.69,2.54,0.37,1.03,0.65,0.12,0.11,0.17,0.04
7697,5760,180,Southern Slopes (Tasmania),500,0.03,0.1,0.04,0.02,0.08,1.18,5.19,6.49,7.72,8.23,7.73,8.23,11.73,8.96,8.42,4.82,4.13,0.56,2.39,0.38,0.22,0,0.81,1.51,1.94,1.36,0.58,0.59,1.09,1.54,2.84,1.09
7698,5760,180,Southern Slopes (Tasmania),500,1.05,1.79,1.78,1.61,1.48,3.9,5.55,4.93,4.19,4.71,5,2.25,1.6,3.67,7.73,8.72,7.46,6.08,4.48,2.97,1.59,1.24,0.47,0.7,4.73,1.22,3.44,2.17,2.63,0.37,0.01,0.48
7699,5760,180,Southern Slopes (Tasmania),1000,7.85,5.54,4.02,1.45,7.74,11.58,4.71,4.16,1.14,1.25,3.57,3.29,1.07,3.69,3.25,2.19,2.25,3.14,2.05,2.12,0.7,2.55,1.57,0.6,5.6,3.21,1.32,3.08,2.46,0.4,0.3,2.15
7700,5760,180,Southern Slopes (Tasmania),1000,1.31,1.27,0.74,0.49,2.87,3.07,10.54,8.27,3.31,0.92,0.26,0.42,0.01,0.3,11.45,10.44,2.7,2.43,2.06,2.99,0.5,1.58,3.17,2.37,3.13,3.69,2.18,2.77,5.42,3.45,3.16,2.73
7701,5760,180,Southern Slopes (Tasmania),1000,0.67,0.33,0.87,0.14,0.01,0.01,0.01,0.23,0.2,4.03,1.65,5.9,3.21,4.9,3.43,3.6,3.77,3.46,5.09,6.53,5.4,6.87,5.36,4.75,3.94,3.3,2.22,6.11,3.7,7.82,0.97,1.52
7702,5760,180,Southern Slopes (Tasmania),1000,1.45,0.09,0,0.3,1.03,0.49,0.05,0.1,0.39,1.01,1.08,1.07,0.9,0.97,1.98,4.95,3.51,2.16,2.24,6.6,11.57,10.5,7.06,7.91,7.71,7.89,0.81,0.03,0.91,4.85,5.94,4.45
7703,5760,180,Southern Slopes (Tasmania),1000,1.53,3.24,4.89,3.76,2.77,3.38,2.39,0.49,0.26,0.06,0.25,2.69,2.9,4.8,4.38,3.81,2.77,3.33,0.74,3.8,3.86,1.08,0.43,1.9,7.35,3.94,7.79,4.85,7.43,3.76,2.15,3.22
7704,5760,180,Southern Slopes (Tasmania),1000,0.02,0.96,0.16,1.01,2.05,1.6,6.71,4.81,0.75,4.53,5.59,3.22,1.77,0.63,1.75,0.57,2.25,1.43,3.09,4.25,8.64,9.15,10,8.75,4.5,3.2,4.86,3.51,0.21,0,0.02,0.01
7705,5760,180,Southern Slopes (Tasmania),1000,0,0,0,0.75,2.53,2.11,4.52,7.17,6.75,6.12,6.32,8.25,9.23,4.25,5.96,4.59,5.49,5.92,4.29,3.44,0.01,0,0.01,0.37,1.14,1.08,0.49,2.1,4.24,1.53,1.23,0.11
7706,5760,180,Southern Slopes (Tasmania),1000,0.62,0.78,1.43,1.84,5.47,8.95,8.11,6.41,7.24,7.86,6.44,3.34,3.05,1.91,3.59,4.37,4.58,2.81,0.41,2.04,2.84,2.67,3.22,3.19,2.82,1.12,0.9,0.97,0.37,0.21,0.33,0.11
7707,5760,180,Southern Slopes (Tasmania),1000,0,0,0.6,1.2,2.07,1.38,1.86,2.62,5.12,5.99,4.89,4.45,5.11,4.06,1.4,2.84,5.84,7.83,9.24,5.3,4.96,3.54,2.46,1.47,0.93,0.35,2.43,3.51,1.9,3.21,2.19,1.25
7708,5760,180,Southern Slopes (Tasmania),1000,1.51,5.18,3.32,6.25,5.51,8.24,13,13.89,11.97,6.83,1.26,0.55,0.24,1.2,0.06,0.63,2.55,3.06,4.25,1.82,0.91,1.25,2.16,0.95,0.41,0.78,0.74,0.22,0.03,0.08,0.12,1.03
7709,5760,180,Southern Slopes (Tasmania),2500,0,2.4,6.4,2.84,2.11,0.2,0.01,2.24,8.4,7.74,2.96,5.42,2.16,4.13,3.27,2.43,2.1,3.04,3.03,4.73,4.18,5.09,7.33,8.02,4.15,3.15,0.73,0.67,0.12,0.41,0,0.54
7710,5760,180,Southern Slopes (Tasmania),2500,0.6,0.81,1.77,1.47,0.56,0.96,1.98,6.36,3.26,2.5,3.19,4.34,4.19,3.06,4.19,3.59,2.88,3.43,4.4,4.64,3.15,7,8.55,7.01,2.11,2.53,4.58,1.72,1.59,2.24,1.21,0.13
7711,5760,180,Southern Slopes (Tasmania),2500,0.76,0.29,0.71,0.12,0,0.01,0.02,0.17,0.16,3.33,1.34,4.91,3.33,4.28,3.82,4.04,3.79,3.19,4.52,5.66,5.42,6.57,5.59,5.34,4.33,3.52,3.28,6.15,4.36,8.57,1.12,1.3
7712,5760,180,Southern Slopes (Tasmania),2500,0.61,0.26,0.45,2.33,1.34,4.14,7.03,1.29,3.66,4.46,4.93,2.49,0.81,1.29,0.95,1.63,1.78,3.38,1.97,9.28,7.4,10.95,8.63,4.75,3.35,5.62,3.62,1.53,0.02,0.01,0,0.04
7713,5760,180,Southern Slopes (Tasmania),2500,0,0.32,2.17,1.33,3.48,4.59,5.54,5.75,7.82,9.03,7.61,5.03,7.1,7.37,5.61,4.91,3.74,4.66,0.29,0.2,0.03,0.51,1.21,0.72,0.26,1.07,5.25,2.91,1.46,0.03,0,0
7714,5760,180,Southern Slopes (Tasmania),2500,0,0,0,0.02,0,0,0.24,2.81,4.87,4.97,5.34,5.46,3.96,1,0.14,0.75,0.14,1.48,4.02,4.35,7.6,7.13,9.01,9.99,3.3,3.16,5.47,2.06,0.37,0.37,4.69,7.3
7715,5760,180,Southern Slopes (Tasmania),2500,0.89,1.6,2.18,2.09,2.49,5.54,6.69,5.62,5.49,5.39,4.63,2.87,1.97,5.33,6.6,6.75,6.17,5.41,3.82,2.06,1.28,0.91,0.52,0.78,3.98,1.32,2.99,1.47,2.02,0.49,0.02,0.63
7716,5760,180,Southern Slopes (Tasmania),2500,1.48,5.12,3.15,6.22,5.21,7.2,12.78,14.61,12.61,7,1.24,0.55,0.24,1.41,0.15,0.59,2.31,2.53,4.29,1.9,0.96,1.2,2.14,1.11,0.46,0.65,0.91,0.15,0.04,0.16,0.26,1.37
7717,5760,180,Southern Slopes (Tasmania),2500,0.27,1.32,4.28,6.2,5.29,7.98,8,14.15,15.3,0.95,1.95,0.86,7.31,2.46,3.02,2.47,0.57,3.82,2.8,0.9,0.44,0.35,0.3,0.2,0.68,1.39,1.4,2.63,2.71,0,0,0
7718,5760,180,Southern Slopes (Tasmania),2500,0.26,0.77,2.34,2.8,1.91,4.59,3.41,6.54,7.48,8.4,6.96,2.85,1.01,2.24,4.16,3.94,1.02,1.29,12.62,1.06,2.05,0.64,0.55,0.8,3.19,3.32,6.21,0.9,2.69,1.51,1.19,1.3
7719,5760,180,Southern Slopes (Tasmania),5000,1.13,1.76,0.92,0.41,1.69,4.6,4.44,1.23,2.11,2.99,3.27,2.2,2.7,3.41,2.5,2.41,2.81,3.79,2.75,4.43,7.85,10.7,3.51,3.81,6.54,4.68,2.42,4.43,2.46,0.53,0.72,0.8
7720,5760,180,Southern Slopes (Tasmania),5000,0.11,0.04,0.04,0.04,8.38,8.7,1.92,8.03,8.13,2.12,0.6,1.19,0.22,0.18,2.84,9.43,5.14,5.92,3.02,0.38,0.78,2.28,4.37,5.55,5.32,7.74,3.01,0.65,0.76,1.02,1.41,0.68
7721,5760,180,Southern Slopes (Tasmania),5000,3.85,0.55,0.55,0.71,1.15,1.84,0.8,7.85,8.33,5.27,1.24,0.4,0.25,0.09,0.32,6.02,14.59,5.47,2.97,2.83,2.58,2.56,1.76,3.04,3.25,3.67,3.15,2.76,2.05,5.59,1.99,2.52
7722,5760,180,Southern Slopes (Tasmania),5000,0.02,0.16,0.17,2.82,1.14,4.48,3.29,4.09,3.44,3.89,3.56,3.04,4.09,5.17,5.34,6.27,5.46,5.98,4.64,3.65,3.75,6.54,5.27,9.14,1.31,1.64,0.14,0,0.09,0.91,0.4,0.11
7723,5760,180,Southern Slopes (Tasmania),5000,1.4,4.01,3.92,3.98,2.98,3.04,1.97,0.4,0.33,0.13,0.97,3.41,3.39,5.98,5.45,3.86,3.7,1.99,2.13,4.42,2.52,0.74,0.5,2.96,6.49,5.36,6.01,4.66,5.76,2.21,3.34,1.99
7724,5760,180,Southern Slopes (Tasmania),5000,0.34,0.38,0.1,1.36,3.07,1.99,5.89,3.03,1.58,4.69,5.64,2.33,1.37,0.99,1.14,1.3,2.58,2.32,2.3,7.16,7.76,11.7,8.48,6.73,3.32,4.57,5.74,1.93,0.07,0.01,0,0.13
7725,5760,180,Southern Slopes (Tasmania),5000,1.77,0.87,0.4,1.55,2.37,0.62,0.18,0.15,1.07,1.17,1.36,1.12,1.44,1.77,3.96,5.32,4.78,2.6,3.61,7.62,9.6,8.3,5.97,5.42,6.78,3.73,0.39,0.23,2.33,5.44,6.1,1.98
7726,5760,180,Southern Slopes (Tasmania),5000,0,0,0.6,2,1.68,3.84,5.18,5.85,6.07,7.59,8.78,9.21,5.97,6.64,5.56,5.33,5.17,4.69,4.22,0.06,0.03,0.01,0.32,1.01,0.87,0.41,1.95,3.97,1.82,1.1,0.07,0
7727,5760,180,Southern Slopes (Tasmania),5000,0.94,1.6,2.2,2.22,2.71,5.58,6.5,5.66,5.64,5.46,4.8,2.96,2.03,5.18,6.43,6.57,5.89,5.42,3.75,2.02,1.25,1.12,0.65,0.81,3.94,1.32,2.82,1.39,1.99,0.52,0.02,0.61
7728,5760,180,Southern Slopes (Tasmania),5000,0.29,1.05,3.53,2.16,2.36,4.56,3.56,6.82,9.2,7.15,5.64,1.41,1.22,2.89,5.28,2.02,1.21,9.41,3.92,1.52,1.74,0.78,0.49,1.16,4.33,4.1,4.64,2.29,1.95,1.19,1.63,0.5
7729,5760,180,Southern Slopes (Tasmania),10000,1.29,1.39,0.83,0.54,1.65,3.81,4.61,1.64,2.48,3.79,3.12,2.56,3.51,3.58,2.43,3.07,3.58,4.46,3.25,4.08,7.01,9.05,3.96,4.46,5.2,3.11,2.62,3.1,2.33,1.06,1.17,1.26
7730,5760,180,Southern Slopes (Tasmania),10000,0.07,0.02,0.02,0.02,8.35,8.69,1.95,7.98,7.98,2.15,0.62,1.2,0.23,0.22,2.93,9.44,5.14,5.99,3.11,0.38,0.79,2.37,4.39,5.49,5.14,7.82,3.01,0.67,0.76,1,1.42,0.65
7731,5760,180,Southern Slopes (Tasmania),10000,0.2,1.6,0.58,0.2,0.22,2.91,6.81,4.61,2.54,2.37,6.71,3.87,5.38,4.41,7.74,2.37,1.31,6.43,1.89,1.8,6.21,4.52,1.76,0.88,2.21,3.61,7.84,5.86,1.71,0.69,0.74,0.02
7732,5760,180,Southern Slopes (Tasmania),10000,1.5,1.55,2.88,3.6,3.61,3.06,3.93,3.47,2.24,3.14,4.07,4.58,4.6,6.21,6.28,5.81,5.15,3.83,5.78,6.46,10.08,4.89,1.09,0.54,0,0.08,0.63,0.79,0.07,0.08,0,0
7733,5760,180,Southern Slopes (Tasmania),10000,0.32,0.15,0.54,2.9,2.85,3.28,2.47,0.47,2.39,3.61,3.66,1.46,2.45,2.11,4.14,4.21,4.24,3.14,4.87,6.65,9.4,8.21,7.57,4.99,2.62,4.41,3.57,2.14,0.52,0.37,0.22,0.07
7734,5760,180,Southern Slopes (Tasmania),10000,0,0,0,0.59,1.56,1.9,3.8,4.31,5.77,6.5,9.29,9.37,7.47,4.65,6.88,5.95,5.52,4.74,4.17,4.88,0.16,1.31,0.73,1.31,1.27,0.4,0.5,1.87,3.46,1.25,0.39,0
7735,5760,180,Southern Slopes (Tasmania),10000,0.1,1.28,1.47,1.7,3.08,2.38,3.24,0.79,4.15,8.63,4.67,4.34,6.61,8.4,14.89,13.24,2.01,4.64,1.62,1.15,1.1,0.99,0.86,0.87,1.8,1.5,1.39,0.85,1.27,0.52,0.32,0.14
7736,5760,180,Southern Slopes (Tasmania),10000,0.48,0.95,1.9,1.88,1.65,2.66,3.13,2.37,0.9,1.95,2.91,1.56,0.42,0.8,1.53,1.23,1.71,1.06,1.73,2.51,4.37,6.13,6.01,3.82,3.74,6.71,7.97,6.79,5.51,4.98,6.71,3.93
7737,5760,180,Southern Slopes (Tasmania),10000,1.88,1.57,2.33,2.19,1.4,0.71,1.04,2.92,3.4,5.61,2.18,5.27,5.09,5.24,3.83,5.47,7.1,5.76,9.73,8.14,5.53,3.34,4,2.59,2.1,0.69,0.38,0.19,0.29,0.03,0,0
7738,5760,180,Southern Slopes (Tasmania),10000,2.93,4.49,2.95,4.73,5.07,6.92,10.33,9.95,10.33,8.41,1.08,0.89,1.01,1.78,0.66,1.01,3.12,2.78,3.77,2.96,1.64,2.29,2.82,1.79,0.72,0.78,0.7,0.16,0.2,0.61,1.13,1.99
7739,5760,180,Southern Slopes (Tasmania),20000,1.22,9.88,1.26,2.19,0.02,0.07,0.78,7.23,8.45,5.06,6.49,7.79,2.83,2.62,2.78,2.8,2.98,3.05,1.75,3.56,3.33,5.68,7.51,4.2,3.77,1.4,0.56,0.27,0.04,0.23,0,0.2
7740,5760,180,Southern Slopes (Tasmania),20000,0.15,0.14,0.16,0.82,2.93,1.51,2.89,1.48,1.3,3.04,4.01,2.61,1.64,2.47,3.2,4.4,4.93,3.82,2.76,6.22,6.15,10.44,8.62,7.42,4.4,4.51,3.69,2.23,1.3,0.39,0.25,0.12
7741,5760,180,Southern Slopes (Tasmania),20000,0.12,0.39,0.4,0.29,0.74,1.68,5.76,5.45,7.28,8.73,8.58,13.73,8.76,7.26,5.54,2.16,2.89,0.75,1.31,5.37,0.31,0.06,0.76,1.64,1.74,1.15,0.51,2.11,0.72,1.33,1.93,0.55
7742,5760,180,Southern Slopes (Tasmania),20000,0.62,1.21,3.24,4.31,5.29,6.6,7.8,7.22,6.98,6.57,6.77,4.57,6.29,6.01,4.8,4.3,2.3,3.2,1.47,0.89,0.56,0.51,0.24,0.93,1.86,0.94,1.18,0.92,1.08,0.77,0.19,0.38
7743,5760,180,Southern Slopes (Tasmania),20000,1.02,0.72,2.93,6.02,6.61,4.46,5.81,6.39,4.56,5.51,6.85,7.48,6.5,7.52,4.1,3.59,2.33,1.47,0.32,4.38,0.1,1.47,1.58,0.65,0.42,0.16,0.06,1.36,1.07,1.97,2.37,0.22
7744,5760,180,Southern Slopes (Tasmania),20000,2.41,1.6,0.88,0.95,1.59,1.03,1.56,1.08,1.77,2.84,4.44,5.87,5.31,4.12,4,6.26,6.79,5.44,4.4,4.15,5,3.31,1,0.57,1.91,5.14,6.52,3.29,3.41,2.72,0.48,0.16
7745,5760,180,Southern Slopes (Tasmania),20000,1.15,1.73,1.91,1.34,1.05,1.27,4.05,3.12,3.82,6.53,8.34,7.73,10.31,4.15,9.44,3.99,3.87,5.32,3.86,3.73,3.48,4.12,3.11,0.92,0.71,0.45,0.07,0.09,0.04,0.08,0.05,0.17
7746,5760,180,Southern Slopes (Tasmania),20000,0.1,0.03,0.19,0.13,0.79,0.57,0.36,0.81,2.02,3.42,3.71,2.22,3.64,4.96,4.12,6.66,4.57,1.99,4.67,5.04,5.48,6.25,7.46,10.83,3.67,5.29,3.97,2.69,1.65,0.55,0,2.16
7747,5760,180,Southern Slopes (Tasmania),20000,2.78,1.57,4.46,3.12,5.29,6.37,8.25,6.25,3.11,1.56,2.07,3.71,3.16,1.74,4.19,10.74,1.41,2.09,0.74,0.91,1.32,3.56,5.07,6.26,1.46,2.33,1.5,1.09,1.06,0.16,2.52,0.15
7748,5760,180,Southern Slopes (Tasmania),20000,1.21,3.17,3.66,4.37,3.36,3.02,1.78,0.64,0.43,0.27,0.94,3.52,4.74,6.42,6.15,5.79,5.06,3.36,2.81,3.78,2.24,0.95,0.53,2.64,5.05,4.63,5.33,3.82,4.11,1.76,2.43,2.03
7749,5760,180,Southern Slopes (Tasmania),40000,0.16,4.43,4.08,3.45,6.38,3.57,5.94,6.26,6.03,4.88,2.78,1.23,1.11,3.06,8.71,5.37,3.41,5.72,4.65,3.59,4.18,2.8,1.53,1.5,0.71,0.86,1.49,1.16,0.74,0.09,0.09,0.04
7750,5760,180,Southern Slopes (Tasmania),40000,0.67,2.16,1.88,4.09,3.54,3.36,3.76,2.96,2.39,2.65,2.79,3.82,4.82,5.62,6.33,7.07,5.59,5.02,4.91,6.61,8.07,6.4,1.36,1.14,0.07,0.29,0.69,1.32,0.13,0.42,0.04,0.03
7751,5760,180,Southern Slopes (Tasmania),40000,0.12,0.91,2.91,1.43,2.43,1.32,1.17,2.79,3.64,3.12,1.83,3.13,4.27,5.33,4.98,3.87,2.86,5.9,6.13,9.21,7.88,7.97,4.68,4.39,3.26,2,1.3,0.41,0.3,0.16,0.09,0.21
7752,5760,180,Southern Slopes (Tasmania),40000,1.19,1.69,1.15,1.47,1.15,2.14,3.65,5.55,6.61,5.97,5.33,5.56,6.02,5.93,4.63,4.24,3.73,4.06,2.81,1.3,1.3,2.64,5.18,5.95,3.39,3.31,2.67,0.81,0.35,0.07,0.09,0.06
7753,5760,180,Southern Slopes (Tasmania),40000,0.12,0.08,0.02,0.02,0.18,0.25,0.17,1.38,7.47,10.26,7.34,7.56,7.56,3.21,2.64,6.37,9.26,9.64,2.8,1.06,0.5,1.1,1.39,1.4,1.67,2.4,2.46,3.67,2.56,2.55,1.64,1.27
7754,5760,180,Southern Slopes (Tasmania),40000,0.26,0.39,0.76,0.83,2.24,5.29,5.4,5.95,6.04,8.46,10.27,8.27,5.58,3.63,1.71,3.09,2.84,3.72,1.55,0.89,2.58,1.63,1.29,0.56,1.04,1.16,0.49,2.96,2.4,3.46,4.8,0.46
7755,5760,180,Southern Slopes (Tasmania),40000,1.33,3.21,3.44,3.86,3.08,2.82,1.94,0.65,0.52,0.61,1.23,3.35,5.36,6.64,6.95,5.17,4.5,4.35,3.19,3.3,2.44,1.65,1.41,2.75,4.65,4.47,4.99,3.45,3.49,1.56,1.97,1.67
7756,5760,180,Southern Slopes (Tasmania),40000,0.49,0.76,0.58,1.92,1.99,4.11,2.78,3.11,5.26,9.36,10.15,7.1,4.79,3.13,2.3,1.37,1.19,4.34,8.78,6.68,4.27,1.97,1.53,1.27,1.48,1.33,0.96,0.61,1.35,2.05,2.21,0.78
7757,5760,180,Southern Slopes (Tasmania),40000,0.32,0.99,2.58,2.62,2.41,1.57,1.45,1.84,3.1,2.85,6.64,7.69,7.18,8.11,6.83,8.09,6.25,6.46,6.09,5.46,3.57,2.11,1.29,0.97,1.19,0.74,0.14,0.02,1,0.25,0.09,0.1
7758,5760,180,Southern Slopes (Tasmania),40000,4.62,3.02,3.2,2.9,4.48,3.63,2.91,1.32,0.84,2.06,6.53,2.72,4.81,2.22,3.56,5.3,7.53,4.13,2.17,1.39,1.15,4.72,5.8,5.48,7.89,1.67,1.54,0.51,0.4,0.46,0.45,0.59
7759,7200,180,Southern Slopes (Tasmania),100,3.8,3.5,2.87,3.11,3.36,5.95,8.97,2.77,2.73,2.08,2.1,1.75,0.88,2.78,0.6,0.1,1.1,0.67,0.11,1.57,0.97,1.37,2.31,3.09,4.66,0.62,0.61,0.86,0.39,0.35,0.05,0.49,5.55,0.33,3.24,4.36,5.82,7.53,5.38,1.22
7760,7200,180,Southern Slopes (Tasmania),100,0,0.07,2.67,3.3,4.26,4.11,4.6,1.54,0.04,0.14,0.29,0.02,1.29,2.27,4.42,7.82,9.93,11.14,15.73,1.86,3.34,2.78,0.52,0.04,0.18,5.72,5.7,0.29,0.01,0.12,1.03,0.72,1.22,2.75,0.08,0,0,0,0,0
7761,7200,180,Southern Slopes (Tasmania),100,0.08,0.02,0,0,0.02,0.02,0,0.46,0.37,1.07,1.09,4.56,9.37,8.66,5.9,7.46,8.52,6.61,2.99,3.03,2.12,2.93,3.83,5.13,3.53,0.41,1.92,2.63,3.24,3.37,3.48,3.16,1.6,0.43,1.01,0.59,0.04,0.17,0.11,0.07
7762,7200,180,Southern Slopes (Tasmania),100,0.12,0.54,0.41,2.62,2.55,2.31,7.86,12.96,3.82,0.86,0.95,1.39,0.95,2.36,3.33,3.07,2.91,1.57,2.42,3.23,4.57,3.02,2.57,2.48,3.8,0.67,2.06,1.6,1.13,3.84,6.21,3.96,0.5,0,0.12,0.93,2.17,1.35,2.48,0.31
7763,7200,180,Southern Slopes (Tasmania),100,0.05,1.08,0.76,0.62,0.21,2.1,0,0.45,0.03,2.87,3.24,0.89,0.32,0.72,0,0.06,1.42,2.7,1.33,1.07,0.01,0.74,4.15,2.22,3.11,11.76,16.74,6.29,3.1,3.05,1.98,1.92,3.88,8.25,5.85,5.41,1.37,0.23,0,0.02
7764,7200,180,Southern Slopes (Tasmania),100,0.71,0.16,0.35,0.44,2.59,0.64,0.34,2.2,0.66,0.07,0,0.25,0.53,0.38,0.09,0.3,0.07,0.74,0.53,0.21,0.38,1.12,2.39,3.62,4.35,2.36,3.51,6.46,10.73,13.75,7.3,4.29,0.96,1.24,0.57,0.03,1.58,4.14,12.8,7.16
7765,7200,180,Southern Slopes (Tasmania),100,1.01,5.07,0.56,1.38,3.47,0.77,1.5,0.23,0.33,3.14,3,0.47,0.29,1.54,1.21,4.39,2.57,4.33,2.39,0.37,0.08,0.07,0.02,0.04,0.83,0.74,0.27,0.46,4.19,5.49,4.13,2.37,10.41,7.69,3.7,4.35,12.1,5.04,0,0
7766,7200,180,Southern Slopes (Tasmania),100,1.27,1.25,1.63,1.26,1.73,1.98,0.96,0.91,0.26,1.3,2.67,3.49,3.22,0.09,0.7,0.47,0.27,0.27,0.44,0.74,0.71,1.17,0.56,0.71,1.19,1.57,5.44,2.29,3.08,6.84,4.45,4.29,1.15,2.07,2.54,3.77,4.34,6.54,11.64,10.74
7767,7200,180,Southern Slopes (Tasmania),100,1.13,8.19,3.72,1.3,2.32,2.26,5.26,0.14,0.01,0.09,0.62,1.39,15.17,14.89,1.51,0.83,1.47,0.95,2.54,6.69,3.81,0.6,0.18,0.04,0.08,0.16,0.81,3.03,2.72,3.79,3.66,1.96,0.13,0.51,0.8,2.58,2.8,0.04,0.26,1.56
7768,7200,180,Southern Slopes (Tasmania),100,0.7,2.38,2.88,0.52,0.78,0.95,1.57,0.46,2.78,2.86,3.23,1.57,2.18,3.58,0.55,3,1.86,0.49,0.18,7.51,0.79,3.1,3.46,0.4,6.98,10.41,1.72,8.44,3.06,1.11,2.95,0.99,2.52,1.33,0.98,5.14,2.2,1.48,1.11,1.8
7769,7200,180,Southern Slopes (Tasmania),200,2.24,1.85,2.74,1.78,2.89,1.32,2.66,1.16,0.1,2.64,1.65,1.47,1.92,0.79,2.31,1.92,2.27,1.47,1.49,2.69,0.82,1.82,1.61,3.25,2.04,1.98,1.57,1.39,0.14,0.51,0.36,0.77,1.01,5.86,7.58,9.62,14.42,5.42,1.06,1.41
7770,7200,180,Southern Slopes (Tasmania),200,5.06,2.79,0.27,0.12,0.03,0.12,0.63,0.76,1.14,1.03,0.55,0.04,0,0.37,0.5,0.57,0.11,0.04,0.67,0.53,0.47,0.62,0.71,0.16,1.16,3.31,2.5,1.11,2.5,9.32,9.91,9.41,8.64,11.65,12.21,4.73,0,0.01,1.81,4.44
7771,7200,180,Southern Slopes (Tasmania),200,0,0.21,2.94,3.38,4.03,3.89,3.98,1.57,0.03,0.12,0.28,0.02,1.26,2,4.01,7.48,8.06,10.58,16.96,1.81,3.24,3.48,1.15,0.11,0.46,7.14,4.95,0.26,0.08,0.34,1.58,1.04,1.48,2.04,0.03,0.01,0,0,0,0
7772,7200,180,Southern Slopes (Tasmania),200,0.03,0.01,0,0.01,0.01,0.01,0,0.44,0.38,1.06,1.09,4.5,9.3,8.51,5.87,7.38,8.24,6.76,3.28,3.19,2.16,3.13,3.98,5.24,3.54,0.43,1.87,2.78,3.21,3.3,3.35,3,1.56,0.43,0.99,0.57,0.04,0.17,0.11,0.07
7773,7200,180,Southern Slopes (Tasmania),200,0.12,0.52,0.69,2.29,3.02,2.5,6.19,13.13,3.02,0.95,1.16,1.74,0.82,2.19,3.07,3.63,2.81,1.72,2.53,3.07,5.51,3.08,2.6,2.54,3.47,0.66,1.91,1.83,1.27,3.55,6.47,3.99,0.51,0.02,0.15,0.86,2.14,1.28,2.48,0.51
7774,7200,180,Southern Slopes (Tasmania),200,0.04,0.01,0.1,0.21,0.65,3.19,3.68,3.7,2.57,3.19,2.17,1.54,4.51,4.74,4.5,3.16,4.32,3.64,5.75,6.23,6.65,7.52,6.6,4.93,3.12,1.89,2.16,2.05,1.62,1.36,0.99,0.47,0.78,0.74,1.09,0.13,0,0,0,0
7775,7200,180,Southern Slopes (Tasmania),200,0.13,0.12,0.02,0.02,0.06,0.55,0.96,1.61,2.84,1.87,5.04,11.54,5.71,7.61,6.98,5.77,2.55,1.24,7.56,1.62,0.94,0.18,0.45,0.59,0.16,0.05,0.29,2.76,3.89,2.65,5.83,3.81,1.26,3.1,6.78,1.42,1.71,0.03,0,0.3
7776,7200,180,Southern Slopes (Tasmania),200,1.45,0.77,1.67,1.51,0.74,0.93,0.88,1.71,3.42,3.15,2.97,0.78,0.66,1.19,0.33,0.93,3.14,3.69,3.24,3.75,6.43,8.84,11.89,9.71,5.4,3.98,0.53,0.75,0.18,0.03,0.58,1.07,1.04,1.47,0.86,2.91,3.24,0.91,2.27,1
7777,7200,180,Southern Slopes (Tasmania),200,3.37,4.21,4.78,1.08,1.66,1.44,2.87,2.64,3.2,3.1,3.98,4.12,6.81,3.74,3.14,5.15,3.1,4.59,0.35,1.39,1.28,2.66,0.81,1.1,3.27,2.62,0.42,0.2,1.97,1.19,1.04,1.22,2.26,0.14,0.25,0.98,1.14,3.24,3.59,5.9
7778,7200,180,Southern Slopes (Tasmania),200,1.44,1.03,1.77,0.73,2.02,1.66,0.73,0.69,0.39,1.7,3.96,3.95,2.47,0.12,0.81,0.52,0.24,0.25,0.38,1.28,0.45,1.33,0.82,0.96,1.23,2.89,4.49,2.15,4.78,5.96,4.74,2.67,1.75,2.34,2.96,5.6,4.4,7.11,9.84,7.39
7779,7200,180,Southern Slopes (Tasmania),500,5.6,2.9,0.3,0.24,0.02,0.25,1.15,1.48,1.58,1.37,0.8,0.07,0.01,0.45,0.9,0.6,0.1,0.13,0.88,0.77,0.82,0.93,1.12,0.3,2.04,4.26,3.32,1.19,2.47,8.32,9.08,8.15,7.08,9.66,10.85,4.58,0.01,0.02,1.81,4.39
7780,7200,180,Southern Slopes (Tasmania),500,0,0.29,3.22,3.83,4.06,4.16,4.45,1.98,0.08,0.24,0.5,0.09,1.31,2.44,4.27,6.88,7.71,9.86,12.54,2.13,3.21,4.02,1.17,0.15,0.44,6.19,5.56,0.57,0.26,0.7,1.99,1.04,2.25,2.32,0.09,0,0,0,0,0
7781,7200,180,Southern Slopes (Tasmania),500,0.08,0.02,0,0,0.02,0.01,0,0.42,0.38,1.07,1.15,4.43,9.13,8.21,5.78,7.1,7.61,7.26,4.04,3.59,2.28,3.58,4.25,5.4,3.53,0.45,1.74,3.08,3.03,3.08,3.04,2.61,1.42,0.39,0.98,0.49,0.04,0.17,0.1,0.04
7782,7200,180,Southern Slopes (Tasmania),500,0.02,0,0,0,0,0.43,1.25,2.01,1.19,1.98,1.87,4.61,5.19,4.99,4.48,4.68,3.71,2,1.97,5.12,7.75,9.23,6.21,4.98,4.29,2.53,1.81,0.84,0.4,1.59,4.31,1.45,3.67,2.17,1.6,0.23,0.12,0.65,0.39,0.28
7783,7200,180,Southern Slopes (Tasmania),500,0.18,0.8,0.75,2.64,2.41,2.23,6.67,11.87,3.95,0.96,0.94,1.77,0.89,3.21,3.73,3.15,3.5,1.7,2.43,2.81,4.4,2.57,2.65,2.24,3.21,0.77,1.72,1.65,1.24,3.77,6.54,4.23,0.41,0.04,0.15,0.96,2.16,1.45,2.54,0.71
7784,7200,180,Southern Slopes (Tasmania),500,1.88,2.36,1.09,0.18,0.21,1.14,13.18,4.15,1.12,0.32,0.5,2.72,2.34,1.48,0.47,0.44,0.66,0.25,2.44,1.41,0.51,4.42,2.01,13.49,18.8,3.6,0.18,0.19,0.46,0.49,0.02,11.58,3.73,0.45,0.69,0.79,0,0,0.07,0.18
7785,7200,180,Southern Slopes (Tasmania),500,1.27,0.77,1.42,1.31,0.79,0.74,0.67,1.07,2.63,4.06,2.25,1.26,0.41,1.3,0.42,0.45,1.71,4.09,3.87,2.74,5.66,8.44,10.73,12.64,6.54,7.09,2.02,1.25,0.25,0.03,0.24,0.96,0.9,1.46,0.81,0.83,3.32,0.66,1.48,1.46
7786,7200,180,Southern Slopes (Tasmania),500,0.58,1.23,1.41,0.26,0.12,0.16,0.79,0.39,0.67,1.43,1.07,0.9,0.87,1.31,3.43,2.98,0.72,3.01,1.45,1.38,2.46,0.92,2.84,4.95,4.06,4.91,7.97,6.33,3.56,5.95,10.41,2.51,7.56,7.17,3.05,0.2,0,0,0.17,0.82
7787,7200,180,Southern Slopes (Tasmania),500,1.52,1.1,1.55,0.8,1.89,1.42,0.74,1.14,0.39,1.99,4.11,4.06,2.18,0.15,0.88,0.58,0.2,0.27,0.41,1.31,0.52,1.04,0.89,1,1.22,3.29,4.56,2.36,4.75,5.89,5.23,2.72,1.7,2.29,3.23,5.26,4.11,6.28,9.92,7.05
7788,7200,180,Southern Slopes (Tasmania),500,0.43,0.58,4.39,8.6,2.21,0.53,0.16,0.79,1.29,0.42,1.02,1.57,2.24,8.97,3.18,1.48,1.19,1.66,1.26,0.29,0.21,0.73,0.27,0.66,2.22,1.02,1.55,5.31,2.93,2.47,1.89,2.86,3.28,5.29,6.93,3.33,4.13,2.09,6.84,3.73
7789,7200,180,Southern Slopes (Tasmania),1000,8.43,10.14,0.27,0,0.53,0.15,0,0,4.04,9.4,1.46,0,1.07,2.38,2.74,0.89,1.56,4.8,1.31,0.59,0.88,0.4,0.09,1.9,10.71,11.81,8.47,1.91,0.32,0.8,2.05,3.79,1.4,0.5,0.44,0.61,0.17,1.57,2.33,0.09
7790,7200,180,Southern Slopes (Tasmania),1000,2.55,0.07,0.35,0.06,1.19,1.52,1.42,1.72,1.21,0.3,0.04,0.13,0.46,0.91,0.2,0.1,0.18,0.99,0.72,1.03,1.01,0.89,0.83,3.97,3.76,2.72,1.43,4,10.31,10.34,7.18,6.63,6.76,9.16,1.79,0.02,0.15,3.62,5.39,4.89
7791,7200,180,Southern Slopes (Tasmania),1000,0.07,0.13,0.62,0.32,0.85,0.14,0.01,0.01,0.01,0.22,0.2,3.97,1.63,5.82,3.16,4.83,3.36,3.54,3.72,3.4,5.01,6.44,5.33,6.77,5.29,4.67,3.88,3.25,2.2,6.03,3.65,7.7,0.97,1.48,0.03,0,0.01,0.81,0.38,0.09
7792,7200,180,Southern Slopes (Tasmania),1000,0.07,0,0,1.06,2.14,5.13,3.97,3.23,3.45,1.74,1.75,0.28,0.07,0.18,1.65,3.43,3.53,4.82,3.88,3.23,3.41,1.04,2.44,4.45,2.1,0.53,0.54,6.26,5.24,6.11,5.73,6.48,5.33,1.86,4.38,0.42,0.07,0,0,0
7793,7200,180,Southern Slopes (Tasmania),1000,0.08,0,0.02,0.02,0.19,0.14,0,0.65,0.77,1.42,1.83,5.45,8.89,8.07,6.36,7.2,7.83,6.39,3.31,3.04,1.9,3.57,4.33,4.55,2.79,0.41,2.03,2.82,2.66,3.2,3.17,2.8,1.12,0.9,0.97,0.37,0.21,0.33,0.11,0.1
7794,7200,180,Southern Slopes (Tasmania),1000,0.06,0,0,0,0,0.3,0.96,1.79,1.75,1.81,1.72,4.53,5.87,5.08,4.44,5.06,4.12,2.49,1.59,4.69,7.6,8.28,6.79,5.4,4.24,2.4,1.56,1.06,0.44,1,4.53,1.1,3.58,1.83,2.18,0.39,0.02,0.63,0.42,0.29
7795,7200,180,Southern Slopes (Tasmania),1000,2.73,4.31,3.24,11.99,3.53,2.09,1.65,1.23,0.94,1.61,3.91,3.9,2.34,2.27,1.98,1.61,6.57,1.4,5.29,2.25,2.41,1.8,1.45,2.54,1.38,3.72,5.97,5.74,0.62,0.11,0.14,1.46,1.37,2.33,1.33,2.73,0.06,0,0,0
7796,7200,180,Southern Slopes (Tasmania),1000,0,0,0,0,0,0,1.64,2.52,0.65,0.2,0.13,0.27,0.09,0.12,0.5,0.89,3.02,5.04,2.96,3.84,5.18,1.85,0.74,0.36,0.12,0.15,1.46,1.94,7.99,15.38,11.26,7.47,6.94,7.4,5.31,1.9,0.4,0.33,0.52,1.43
7797,7200,180,Southern Slopes (Tasmania),1000,0.45,0,0.3,0.24,0.8,0.6,1.93,7.27,5.64,1.5,0.71,0.17,1.4,5.6,4.03,1.54,3.48,3.24,0.24,0.11,1.56,1.41,0.14,3.29,5.91,3.7,2.07,6.08,3.26,1.33,0.9,5.95,5.27,1.65,14.96,3.16,0.01,0,0.05,0.05
7798,7200,180,Southern Slopes (Tasmania),1000,2.47,1.46,0.68,0.21,0.16,1.3,18.03,4.49,1.09,0.55,1.01,3.43,2.52,1.54,0.37,0.21,0.88,0.47,2.33,1.28,0.53,6.07,3.35,17.84,13.53,2.22,0.21,0.48,0.39,0.83,0.1,6.11,1.98,0.26,0.36,0.77,0.01,0.03,0.33,0.12
7799,7200,180,Southern Slopes (Tasmania),2500,4.43,9.99,4.62,5.09,8.28,4.42,1.67,1.65,0.74,0.45,0.2,0.12,3.14,1.33,3.07,0.8,2.93,5.48,0.8,0.08,0.68,1.25,3.77,2.69,1.99,0.52,0.15,0,0.33,3.41,0.98,1.52,4.34,4.32,5,5.31,3.48,0.15,0.1,0.72
7800,7200,180,Southern Slopes (Tasmania),2500,0,0,0,0,0,0.51,5.39,12.43,0.95,0,0.37,0.13,0.12,0,0.92,10.05,2.45,0.48,0.18,3.51,2.64,1.01,1.34,4.36,2.76,0.78,0.81,0.38,0.18,0.21,9.69,14.13,10.81,3.94,1.12,0.35,1.88,3.89,1.87,0.36
7801,7200,180,Southern Slopes (Tasmania),2500,0.09,0,0,0,0,0.18,0.9,1.56,2.17,2.09,2.48,5.5,6.62,5.56,5.46,5.36,4.58,2.85,1.95,5.28,6.56,6.69,6.14,5.37,3.79,2.05,1.24,0.89,0.52,0.78,3.95,1.3,2.96,1.45,2,0.48,0.02,0.62,0.36,0.2
7802,7200,180,Southern Slopes (Tasmania),2500,0.71,0.52,0.16,0.34,1.42,3.69,2.14,2.92,4.02,4.92,7.77,8.72,6.6,4.17,1.1,1.81,3.28,5.32,0.86,1.14,11.36,1.9,1.94,1.22,0.68,0.59,1.59,4.3,4.3,3.12,2.68,1.27,1.17,1.59,0.14,0,0.01,0.05,0.4,0.08
7803,7200,180,Southern Slopes (Tasmania),2500,0.31,0.49,1.15,1.31,2.48,4.16,3.07,11.21,3.53,2.08,1.55,1.23,0.92,1.63,4.01,3.64,2.35,2.2,1.78,1.43,5.94,1.35,5.08,2.34,2.29,1.97,1.39,2.56,1.44,3.88,5.69,5.47,0.66,0.14,0.16,1.46,1.42,2.31,1.35,2.57
7804,7200,180,Southern Slopes (Tasmania),2500,1.59,2.48,0.62,0.33,0.25,0.73,8.26,12.78,1.83,0.55,0.86,2.34,3.32,1.89,0.67,0.33,0.17,1.05,2.08,1.74,0.47,4.94,3.49,13.91,16.8,4.98,0.47,0.25,0.83,0.67,0.32,2.2,4.58,0.37,0.38,0.89,0.03,0.05,0.41,0.09
7805,7200,180,Southern Slopes (Tasmania),2500,4.6,0.53,0.16,1.69,0.95,1.04,2.02,1.79,4.31,3.42,4.59,2.15,2.72,2.44,1.99,1.94,2.99,3.6,0.9,1.41,0.63,2.51,7.98,3.8,3.84,2.36,3.53,3.9,2.57,2.43,3.61,4.44,2.03,3.07,1.88,0.27,1.07,3.23,1.27,0.34
7806,7200,180,Southern Slopes (Tasmania),2500,0,0,0.42,1.22,4.81,1.27,0.92,2.28,1.63,0.63,0.3,1.24,3.02,2.92,0.44,1.28,1.44,1.9,3.31,2.69,6.94,1.31,0.4,0.06,0.05,0.01,0.11,0.89,0.77,0.17,1.47,4.55,3.72,2.21,4,10.49,8.48,4.95,7.14,10.56
7807,7200,180,Southern Slopes (Tasmania),2500,0.58,0.23,0.14,0.58,1.15,0.13,0.03,0.4,0.59,1.05,2.2,1.37,0.17,0.52,0.74,1.69,1,1.42,1.2,0.53,0.87,1.98,3.27,6.14,3.42,4.02,4.02,4.78,3.87,4.94,6.65,5.99,7.99,7.74,7.08,3.44,3.38,2.13,1.64,0.93
7808,7200,180,Southern Slopes (Tasmania),2500,0.02,0.06,0,0.06,0.03,0.31,0.93,1.66,0.88,0.08,0.12,0.68,0.61,0.73,2.16,0.81,1.1,1.06,1.07,3.5,2.74,0.76,3.07,2.04,1.26,3.87,1.5,3.7,4.97,4.6,5.19,8.58,7.28,3.76,6.34,7.64,2.73,6.49,5.35,2.26
7809,7200,180,Southern Slopes (Tasmania),5000,0.03,0,0.06,1.13,2.85,4.32,3.96,3,3.44,2.29,0.72,0.35,0.17,0.31,2.76,3.33,5.37,5.83,4.45,3.1,3.18,1.43,4.01,3.49,0.96,0.47,1.62,6.3,4.34,7.23,4.57,6.01,3.21,2.35,3.09,0.23,0.04,0,0,0
7810,7200,180,Southern Slopes (Tasmania),5000,0.44,0.22,1.21,2.03,1.37,1.7,1.58,1.68,0.6,0.69,1.56,2.03,0.35,0.24,0.44,1.1,1.03,1.09,1.3,1.37,1.85,4.29,5.1,3.86,2.19,3.91,7.79,8.28,6.86,5.01,5.03,6.49,1.54,0.21,0.28,3.1,5.81,4.38,1.05,0.94
7811,7200,180,Southern Slopes (Tasmania),5000,0.09,0,0.01,0,0,0.17,0.94,1.59,2.19,2.21,2.7,5.54,6.44,5.61,5.6,5.42,4.75,2.92,2.01,5.14,6.37,6.5,5.85,5.37,3.71,2.02,1.24,1.12,0.65,0.8,3.9,1.31,2.8,1.38,1.98,0.52,0.02,0.61,0.34,0.18
7812,7200,180,Southern Slopes (Tasmania),5000,0.68,0.51,0.16,0.34,1.38,3.58,2.11,2.9,3.98,4.77,7.64,8.58,6.48,4.06,1.12,1.84,3.23,5.22,0.86,1.17,11.09,1.93,1.98,1.24,0.75,0.68,1.8,4.78,4.29,3.11,2.82,1.37,1.22,1.56,0.14,0,0.01,0.07,0.42,0.13
7813,7200,180,Southern Slopes (Tasmania),5000,0.18,1.46,3.01,0.8,0.38,0.29,0.82,7.78,12.48,1.89,0.6,1.16,2.44,3.4,2.12,1.15,0.53,0.48,1.24,2.08,1.64,0.71,5.3,3.75,15.54,14.54,3.79,0.41,0.32,1.34,0.62,0.48,1.65,3.27,0.55,0.52,0.6,0.03,0.06,0.59
7814,7200,180,Southern Slopes (Tasmania),5000,0,0.75,0.06,0.03,0.33,0.71,0.66,1.6,2.53,8.54,2.53,0.11,0.89,0.81,5.17,2.6,2.51,4.19,2.93,1.32,0.35,0.46,1.61,0.8,2.33,5.12,4.8,1.74,5.45,2.49,3.98,1.14,3.88,7.26,2.81,10.37,6.07,0.86,0,0.21
7815,7200,180,Southern Slopes (Tasmania),5000,1.57,1.86,2,1.57,1.19,0.36,0.3,0.46,0.74,0.71,0.96,1.53,3.34,2.88,3.32,7.23,4.94,6.09,5,4.34,4.76,8.01,9.77,4.98,2.47,3.02,3.2,1.57,1.95,0.38,2.13,3.57,1.94,0.16,0.57,0.33,0.29,0.36,0.04,0.11
7816,7200,180,Southern Slopes (Tasmania),5000,0.51,1.05,3.2,4.57,1.06,0.13,0.15,0.74,0.37,0.73,1.97,2.66,3.51,5.59,2.96,2.17,0.77,3.11,1.68,0.84,0.59,0.57,0.69,2.01,2.08,1.72,2.49,5.2,2.75,3.23,3.22,3.97,4.14,7.24,6.03,4.69,2.45,2.91,5.08,1.17
7817,7200,180,Southern Slopes (Tasmania),5000,0.12,0.03,0.14,1.67,8.88,6.35,4.05,4.16,2.64,1.62,1.3,0.9,2.8,2.64,5.52,1.74,1.26,1.32,1,2.56,1.53,0.89,3.91,4.68,3.83,1.57,0.88,0.59,1.47,4.79,14.33,8.11,0.88,0.1,0,0,1.11,0.06,0.28,0.29
7818,7200,180,Southern Slopes (Tasmania),5000,0.17,0.32,0.27,0.27,0.22,0.69,0.31,0.17,0.69,1.3,0.24,0.08,0.44,0.67,1.15,2.53,1.79,0.39,0.69,0.87,2,1.6,2.21,1.78,0.88,1.13,2.4,3.53,6.43,3.52,4.38,4.75,5.11,4.1,5.21,7.01,6.37,8.39,8.25,7.69
7819,7200,180,Southern Slopes (Tasmania),10000,3.34,1.72,0.4,0.33,0.44,0.64,3.22,5.41,8.64,3.74,1.78,0.19,1.96,2.25,2.83,1.13,1.29,1.09,2.95,0.84,2.02,3.11,3.51,5.92,2.88,1.1,2.59,5.42,3.81,1.58,1.16,0.57,1.69,1.28,5.49,1.95,3.85,4.5,1.28,2.1
7820,7200,180,Southern Slopes (Tasmania),10000,0.79,1.2,1.52,1.07,2.01,3.43,2.79,1.9,1.69,3.15,2.47,0.93,0.61,1.31,0.93,1.19,1.03,1.24,1.21,2.21,3.89,4.33,3.27,2.55,3.47,5.55,4.76,4.57,3.53,4.71,4.2,1.19,0.5,0.54,2.98,6.05,4.32,3.22,2.9,0.79
7821,7200,180,Southern Slopes (Tasmania),10000,0.45,0.38,0.19,0.73,1.56,0.32,0.28,1.46,0.9,0.38,0.13,0.62,0.6,2.29,1.85,0.68,0.36,0.71,1.85,1.5,2.23,2.12,1.34,0.67,1,2.8,3.26,5.37,2.09,5.07,4.89,5.03,3.66,5.23,6.81,5.54,9.33,7.82,5.29,3.21
7822,7200,180,Southern Slopes (Tasmania),10000,0,0,0,0,0,0,0.13,0.63,2.6,2.9,3.3,2.51,2.54,3.52,3.59,3.17,1.88,0.89,0.52,5.53,3.25,4.07,2.8,1.94,4.03,5.97,3.2,2.91,1.9,0.78,3.43,8.64,6.74,7.45,4.54,1.97,1.19,0.35,0.64,0.49
7823,7200,180,Southern Slopes (Tasmania),10000,0.73,0.29,3.21,3.44,2.64,3.72,1.66,1.12,0.28,0.66,1.06,0.83,1.23,0.65,1.7,2.44,2.06,2.92,5.39,4.59,3.22,4.44,4.75,3.85,4.96,7.18,5.8,3.59,3.28,3.86,2.84,1.81,1.39,1.26,2.72,2.08,0.9,0.31,0.58,0.56
7824,7200,180,Southern Slopes (Tasmania),10000,0.71,1.51,1.69,2.48,1.69,1.22,2.22,1.01,1.37,2.89,3.52,2.58,0.91,1.71,2.01,3.06,2.56,3,5.37,0.87,1.88,0.36,0.1,0.66,0.41,0.47,0.35,0.63,1.42,1.86,1.96,1.13,3.81,7.33,6.33,7.25,10.61,8.7,2.26,0.1
7825,7200,180,Southern Slopes (Tasmania),10000,1.87,1.4,2.07,0.62,2.21,2.56,4.65,6.28,7.01,5.18,6.99,6.96,4.5,2.58,6.7,1.92,1.62,1.11,0.46,0.82,0.39,0.3,0.33,0.39,0.5,0.58,0.62,1.01,1.24,1.09,0.13,0.03,0.18,0.23,0.5,0.99,2.09,4.29,9.59,8.01
7826,7200,180,Southern Slopes (Tasmania),10000,0,0.43,0.13,0.18,0.63,2.23,2.3,2.38,4.13,1.91,0.56,1.92,1.67,1.73,2.34,1.71,1.79,4.63,1.61,2.71,4.09,6.35,6.42,3.05,6.27,4.48,6.02,6.73,5.79,4.48,1.34,0.46,3.82,1.15,4.19,0.32,0,0,0.05,0
7827,7200,180,Southern Slopes (Tasmania),10000,0.46,0.21,0.02,0,0.09,0.72,0.89,1.7,0.89,0.79,1.14,0.3,0.53,0.06,1.21,0.8,0.77,1.58,0.71,1.66,1.96,1.28,1.66,0.97,2.46,3.15,6.24,6.48,6.11,4.22,3.53,2.29,4.11,6.34,7.04,5.65,5.21,6.78,4.22,5.77
7828,7200,180,Southern Slopes (Tasmania),10000,0.56,0.54,0.39,1.19,1.41,3.27,4.33,4.64,4.1,2.66,0.92,2.52,0.99,2.2,3.8,5.39,6.29,11.56,4.33,7.25,3.54,2.6,1,1.19,3.47,0.45,2.9,1.46,2.43,1.45,1.27,1.16,1.64,2.58,0.88,1.61,0.37,0.28,0.42,0.96
7829,7200,180,Southern Slopes (Tasmania),20000,1.97,0.93,0.45,0.43,0.94,1.43,1.47,1.5,2.76,3.07,2.16,0.85,1.39,2.16,1.43,0.78,0.85,1.42,0.92,1.39,0.98,1.58,2.55,3.96,5.27,4.77,3.69,3.6,5.61,6.1,4.88,3.94,3.72,4.49,2.98,0.9,0.49,1.71,4.62,5.86
7830,7200,180,Southern Slopes (Tasmania),20000,0.03,0.98,0.72,2.91,5.95,6.55,4.42,5.77,6.33,4.52,5.45,6.79,7.43,6.43,7.46,4.07,3.55,2.32,1.46,0.32,4.35,0.09,1.46,1.58,0.64,0.41,0.16,0.06,1.35,1.06,1.96,2.34,0.22,0.16,0.09,0.07,0.23,0,0,0.31
7831,7200,180,Southern Slopes (Tasmania),20000,0.82,0.33,0.23,0.67,1.93,2.69,1.5,4.26,2.97,5.06,6.07,7.88,5.95,2.97,1.49,1.96,3.53,3.03,1.67,4,10.26,1.34,1.98,0.7,0.86,1.27,3.4,4.81,5.98,1.38,2.22,1.43,1.04,1.01,0.15,2.39,0.12,0.06,0.5,0.09
7832,7200,180,Southern Slopes (Tasmania),20000,0.08,0.12,1.75,2.48,4.15,2.88,2.77,2.43,4.1,3.37,3,1.31,0.91,1.37,6.29,2.55,4.53,1.93,3.39,4.94,6.79,3.88,2.03,1.2,0.98,4.56,5.95,5.55,7.44,1.76,1.71,0.53,0.39,0.47,0.48,0.57,0.37,0.6,0.27,0.12
7833,7200,180,Southern Slopes (Tasmania),20000,0.07,0,0.07,0.03,0.05,0.03,0.19,0.31,0.41,1.82,3.32,6.89,7.08,5.52,5.65,6.37,8.88,7.17,4.91,5.23,3.05,0.76,0.16,0.14,0.09,0.17,0.64,0.7,3.01,5.43,2.89,4.41,3.03,3.06,1.67,1.43,1.01,0.81,2.34,1.2
7834,7200,180,Southern Slopes (Tasmania),20000,0.68,0.51,1.01,3.61,3.25,3.02,2.92,1.33,0.82,0.44,0.63,1.24,0.71,0.97,0.95,1.55,2.81,2.27,3.64,5.34,3.59,4.02,4.16,3.72,4.19,6.19,7.97,4.56,3.29,4.66,2.97,2.16,2.01,1.09,1.68,2.43,2.02,0.49,0.51,0.59
7835,7200,180,Southern Slopes (Tasmania),20000,1.39,1.31,1.65,1.39,2.54,3.16,5.07,6.49,6.58,5.95,7.3,6.71,3.74,2.53,5.54,1.36,1.2,1.08,0.84,0.89,0.47,0.55,0.25,0.45,0.58,0.6,0.96,0.74,1.56,0.2,0.11,0.07,0.18,0.19,0.63,1.08,3.17,4.33,11.53,5.63
7836,7200,180,Southern Slopes (Tasmania),20000,0.16,0.2,0.19,0.54,5.36,7.12,5.91,4.14,1.76,2.22,1.29,2.35,5.25,1.86,3.51,3.53,1.66,1.21,1.3,1.6,1.08,0.8,1.72,3.54,5.34,1.72,2.57,0.27,2.28,2.14,10.77,7.89,3.7,0.34,0.25,0.14,1.89,0.81,0.88,0.71
7837,7200,180,Southern Slopes (Tasmania),20000,0.66,0.36,0.2,0.46,0.96,0.8,0.32,0.58,0.24,0.7,1,1.08,2.14,1.49,1.14,0.88,1.24,1.72,1.74,2.24,3.53,4.42,3.7,4.28,4.35,4.93,5.45,6.05,4.52,5.18,5.05,4.92,5.67,3.46,3.97,2.82,2.5,1.7,2.81,0.74
7838,7200,180,Southern Slopes (Tasmania),20000,0.14,0.06,0.51,0.51,2.89,1.95,1.56,1.45,2.01,1.18,1.82,2.07,4.19,2.72,1.74,2.12,3.13,3.79,3.39,2.4,5.11,1.48,1.25,0.86,0.19,0.37,0.4,0.48,0.49,0.25,1.2,1.99,1.4,1.17,2.76,5.98,7.29,8.52,10.3,8.88
7839,7200,180,Southern Slopes (Tasmania),40000,0,0,0.01,0.03,0.36,1.29,2.97,2.66,1.65,0.97,0.7,1.18,2.05,2.07,2.02,3.48,4.18,3.26,1.71,3.1,3.19,2.44,1.11,1.18,1.53,1.14,1.46,1.05,1.95,3.18,5.04,6.23,5.39,4.2,4.38,5,5.32,4.41,4.27,3.84
7840,7200,180,Southern Slopes (Tasmania),40000,0.09,0.13,0.19,0.31,0.39,0.76,0.81,2.22,5.24,5.34,5.91,5.98,8.38,10.2,8.2,5.54,3.6,1.7,3.07,2.79,3.71,1.55,0.88,2.55,1.61,1.29,0.55,1.02,1.15,0.49,2.94,2.36,3.43,4.74,0.46,0.02,0.26,0.06,0,0.08
7841,7200,180,Southern Slopes (Tasmania),40000,0.02,0,0.07,0.19,1.26,3.13,3.44,3.83,3.04,2.8,1.93,0.65,0.52,0.61,1.23,3.33,5.32,6.59,6.9,5.15,4.48,4.3,3.18,3.28,2.43,1.63,1.4,2.73,4.62,4.43,4.97,3.41,3.44,1.56,1.95,1.66,0.41,0.09,0.01,0.01
7842,7200,180,Southern Slopes (Tasmania),40000,0.07,0.03,0.05,0.06,0.26,0.47,0.67,1.87,3.29,6.86,7.1,6.33,6.76,6.61,7.9,5.81,4.33,4.83,2.58,0.57,0.19,0.33,0.16,0.14,0.49,1.15,3.48,5.2,4.13,4.52,3,2.89,2.08,1.56,0.94,0.63,1.62,0.87,0.07,0.1
7843,7200,180,Southern Slopes (Tasmania),40000,0.83,1.35,2.55,0.34,0.13,0.69,0.41,0.58,1.3,1.8,3.93,2.49,3.32,1.41,1.87,0.96,2.39,2.1,1.83,0.55,0.58,0.81,1.45,1.86,1.8,4,5.9,5.1,5.23,4.33,4.28,5.31,6.99,7.06,5.2,2.09,2.42,1.74,1.8,1.22
7844,7200,180,Southern Slopes (Tasmania),40000,0.18,0.23,0.21,0.56,4.79,6.43,5.44,4.15,1.58,1.9,1.46,3.27,6.41,1.69,3.36,3.8,1.85,1.28,1.31,1.34,0.93,0.7,1.41,2.88,4.5,2.14,2.63,0.24,3.59,2.86,9.76,7.45,3.85,0.5,0.38,0.45,1.79,1.15,0.91,0.64
7845,7200,180,Southern Slopes (Tasmania),40000,2.46,3.57,4.52,5.84,4.77,2.29,1.53,1.16,1.41,2.32,3.19,4.21,3.97,4.38,4.52,4.18,1.53,2.68,1.48,0.86,1.13,1.18,1.59,0.84,1.09,1.26,2,2.24,3.33,2.79,2.67,3.23,2.65,2.6,2.75,1.95,1.59,1.15,1.69,1.4
7846,7200,180,Southern Slopes (Tasmania),40000,0.35,4.79,5.38,1.72,0.93,0.83,1.75,2.43,5.25,5.6,2.3,0.28,0.09,0.2,0.1,0.65,5.16,5.26,0.97,0.12,0.3,0.65,1.11,3.82,8.97,5.72,1.06,1.42,1.54,3.81,7.36,4.08,3.85,3.72,2.08,1.17,0.55,1.04,2.33,1.26
7847,7200,180,Southern Slopes (Tasmania),40000,0,0,0,0.23,0.52,0.52,1.16,4.06,6.52,3.49,0.93,0.44,0.22,2.43,3.05,2.8,9.43,11.17,8.84,5.97,4.91,5.49,1.68,1.08,0.81,1.73,1.38,2.61,2.14,2.06,0.96,2.21,2.87,3.58,3.07,0.76,0.19,0.67,0.01,0.01
7848,7200,180,Southern Slopes (Tasmania),40000,1.8,1.57,1.55,1.54,2.13,3.31,3.64,4.43,5.74,6.85,6.71,4.46,3.13,0.83,0.35,1.04,2.2,1.93,4.53,4.75,1.8,1.81,1.54,1.81,2.98,3.07,2.11,1.03,1.11,1.8,0.99,0.37,1.26,2.08,4.37,0.65,1.02,3.3,2.5,1.91
7849,8640,180,Southern Slopes (Tasmania),100,1.29,3.74,2.8,2.04,1.57,2.18,1.45,1,0.47,2.17,4.76,2.05,3.29,2.54,1.29,1.11,2.83,1.75,1.29,1.32,0.16,0.96,2.15,1.95,2.71,1.6,2.34,1.8,1.13,0.85,0.34,0.67,0.54,1.07,2.39,4.29,6.24,3.55,3.05,2.71,0.91,5.5,0.81,0.2,0.34,3.52,3.42,3.86
7850,8640,180,Southern Slopes (Tasmania),100,1.7,4.29,1.97,1.3,0.48,0.53,1.71,2.84,3.03,3.63,1.99,4.4,7.33,5.04,1.56,1.87,2.4,1.56,1.2,2.18,1,0.3,0.42,1.02,0.28,0.53,1.6,0.65,1.46,3,2.28,3.15,0.39,0.95,0.32,0.2,0.31,0.04,2,3.37,1.97,2.58,4.36,7.36,5.78,2.06,0.94,0.67
7851,8640,180,Southern Slopes (Tasmania),100,3.49,2.69,0.74,0.87,0.72,2.17,1.02,1.98,2.29,2.45,1.35,3.03,2.52,3.94,3.21,3.63,2.16,2.25,0.75,0.67,1.46,1.81,1.3,1.07,0.62,0.51,0.98,0.84,0.76,2.24,1.22,5.05,5.2,3.64,0.9,0.7,3.07,0.39,0.37,3.67,3.87,0.48,2.62,3.98,4.23,5.21,1.28,0.6
7852,8640,180,Southern Slopes (Tasmania),100,0,0,0,0.32,2.21,3.37,0.79,0.19,0.41,0.37,0.77,2.12,0.44,1.54,1.17,0.13,0,0.04,0.41,0.6,0.09,0.18,0.13,0.35,0.61,0.41,0.29,0.32,1.19,3.7,3.64,3.15,1.85,4.35,9.96,13.22,8.07,5.54,1.73,1.3,0.75,0.06,0.05,3.97,6.09,11.94,2.17,0.01
7853,8640,180,Southern Slopes (Tasmania),100,1.55,0.91,1.18,1.18,1.57,1.18,1.54,1.65,1.2,0.82,0.38,1.05,2.28,3.08,3.47,0.21,0.54,0.42,0.41,0.19,0.45,0.69,0.72,0.92,0.64,0.49,1.29,1.01,4.97,2.44,2.58,6.17,4.27,4.11,1.4,1.97,2.34,3.5,3.87,6.05,10.5,9.77,1.58,0.31,0.22,0.38,1.29,1.26
7854,8640,180,Southern Slopes (Tasmania),100,0,0,0.03,0.57,0.8,1.91,8.2,2.86,1.22,2.57,2.17,4.94,0.06,0.01,0.08,0.73,1.3,15.98,14.42,0.58,0.96,1.5,0.91,4.05,5.12,3.55,0.67,0.07,0.04,0.07,0.16,1.64,2.21,3.43,3.93,3.17,1.37,0.33,0.26,1.05,2.3,2.74,0.1,0.2,1.49,0.17,0.08,0
7855,8640,180,Southern Slopes (Tasmania),100,0.13,0.27,0.02,0,0,0,0.31,4,0.61,1.63,7.32,18.17,8.04,0.71,0.13,0.79,0.25,0.91,4.4,5.34,3.49,0.98,0.54,2.3,3.15,0.38,2.04,1.77,1.83,1.84,4.1,1.45,1.94,3.69,4.3,2.8,0.16,0.8,0.5,0.96,0.67,2.25,0.96,2.1,1.69,0.27,0.01,0
7856,8640,180,Southern Slopes (Tasmania),100,0.1,1.3,0.61,1.19,0.71,2.28,2.69,0.47,0.73,0.89,1.46,0.43,2.61,2.69,3.03,1.48,2.06,3.38,0.52,2.8,1.74,0.45,0.17,7.06,0.73,2.91,3.25,0.39,6.54,9.78,1.63,7.92,2.86,1.04,2.77,0.95,2.36,1.24,0.91,4.82,2.08,1.4,1.03,1.69,0.31,1.93,0.25,0.36
7857,8640,180,Southern Slopes (Tasmania),100,5.43,5.18,6,6.75,9.1,4.34,1.98,4.99,2.06,0.17,0.06,6.05,4.98,1.37,1,0.64,1.84,1,0.23,0.49,2.5,2.77,1.31,0.47,0.72,1.02,1.28,0.95,1.48,0.97,0.35,0.41,0.39,0.81,5.72,0.27,0.63,2.09,0.63,0.61,1.21,1.72,1.65,1.77,1.8,1.98,0.2,0.63
7858,8640,180,Southern Slopes (Tasmania),100,2.1,21.4,1.92,4.1,0.13,0,0,6.61,1.85,1.37,0,0,0,0,0,0.56,1.91,0.28,0,1.43,4.59,0.02,0.31,4.28,0.01,2.53,2.92,3.39,0.05,0.32,0.06,0,0,0.13,1.66,0.45,0.07,0,0.23,1.91,0.01,3.67,6.59,0.31,0.12,0.86,12.62,9.23
7859,8640,180,Southern Slopes (Tasmania),200,0,0,0,0,0.2,2.22,4.26,1.45,0.15,0.13,0.03,0.17,0.66,0.91,0.86,1.25,0.14,0.03,0.01,0.53,0.61,0.25,0.1,0.04,0.84,0.32,0.7,0.48,0.46,0.24,2.45,2.29,2.29,0.86,4.39,9.83,8.61,8.39,10.27,10.39,10.86,1.37,0,0.1,3.55,2.81,3.45,1.05
7860,8640,180,Southern Slopes (Tasmania),200,0.57,0.97,0.17,0.91,0.87,0.5,0.79,0.63,1.2,0.73,1.32,1.51,0.91,0.84,0.82,1.4,2.92,3.38,2.85,1.04,0.49,1.24,0.38,0.68,2.55,3.71,3.25,3.22,5.3,8.33,10.86,9.85,5.05,4.65,0.79,0.71,0.21,0.02,0.39,1.12,0.88,1.48,0.76,1.99,3.73,0.78,1.95,1.3
7861,8640,180,Southern Slopes (Tasmania),200,1.64,1.02,1.32,1.03,1.43,0.96,1.32,1.57,1.16,0.9,0.26,0.94,2.63,3.9,4.36,0.19,0.53,0.63,0.37,0.18,0.44,0.83,0.96,1.01,0.84,0.58,1.36,1.18,4.75,2.51,2.85,6.12,4,4.19,1.5,2.01,2.55,4.02,4.74,6.56,5.64,9.23,2.34,0.42,0.2,0.57,1.52,0.74
7862,8640,180,Southern Slopes (Tasmania),200,0.26,0.55,0.16,1,1.37,2,1.38,0.44,0.02,0.06,1.86,4.42,2.78,0.38,0.02,0.01,0.58,0.06,0.74,0.95,0.66,6.87,6.05,1.95,1.94,2.07,2.85,1.5,0.56,1.01,0.85,1.07,2.44,3.6,1.57,2.68,4.4,2.24,2.01,2.36,4.44,4.75,6.21,3.99,3.74,1.61,4.88,2.66
7863,8640,180,Southern Slopes (Tasmania),200,2.4,6.92,0.89,1.12,0.76,1.56,1.81,1.01,1.16,1.77,0.75,0.37,1.03,1.34,2.67,3.08,3.71,2.76,1.25,1.37,2.21,2.33,7.8,13.81,8.7,3.4,1.08,2.79,1.78,0.01,0.04,3.9,0.99,0.11,0.3,1.23,0.19,0,0.38,7.02,0.43,0.08,0.43,0.13,0.45,1.93,0.65,0.1
7864,8640,180,Southern Slopes (Tasmania),200,0.76,0.11,0,0,0,0.11,1.42,1.52,2.81,2.53,3.01,4.27,4.68,2.08,1.89,1.69,0.25,3.32,1.95,1.94,1.73,1.29,0.95,1.21,2.72,4.77,2.3,2.36,4.71,1.95,1.17,2.08,2.28,3.36,5.78,6.41,1.84,2.45,1.61,2.33,2.76,3.36,1.77,1.17,1.2,0.54,1.23,0.33
7865,8640,180,Southern Slopes (Tasmania),200,0,0,0,0.04,0.84,1.09,2.5,8.85,3.4,1.5,3.16,2.82,5.11,0.09,0.02,0.07,0.68,1.24,14.72,14.65,0.5,0.93,1.33,0.84,3.6,4.4,3.21,0.6,0.06,0.03,0.05,0.13,1.48,2.28,3.63,3.72,3.1,1.16,0.31,0.27,0.86,2.19,2.58,0.1,0.39,1.23,0.16,0.08
7866,8640,180,Southern Slopes (Tasmania),200,0.44,0.97,0.1,0.02,0.02,0,0.43,3.66,0.72,2.01,6.5,13.81,7.24,1.48,0.14,1.93,0.19,1.79,3.89,3.91,3.09,2.44,1.78,1.2,2.7,0.31,1.51,1.33,1.53,2.78,3.03,1.18,1.48,2.29,6.93,3.47,0.33,0.58,1.35,0.69,0.89,1.77,1.45,3.21,2.81,0.62,0,0
7867,8640,180,Southern Slopes (Tasmania),200,0.12,1.51,0.72,1.41,0.82,2.21,2.26,0.5,0.64,0.86,1.66,0.4,3.06,3.16,3.31,1.45,1.97,3.02,0.48,2.3,1.66,0.4,0.15,8.34,0.82,3.43,3.79,0.45,5.6,8.52,1.76,6.99,3.23,1.16,3.09,0.92,2.16,1.14,0.8,4.73,2.33,1.59,1.06,1.44,0.33,1.7,0.24,0.31
7868,8640,180,Southern Slopes (Tasmania),200,0.41,0.84,0.36,1.1,0.9,1.25,0.97,1.47,2.23,5.49,7.25,5.79,2.72,3.34,4.12,5.08,4.41,3.71,2.31,1.52,1.77,1.86,1.18,1.01,0.56,2.17,1.91,3.36,1.06,0.8,0.68,0.49,0.5,0.24,1.19,1.69,0.58,0.24,0.57,1.51,3.72,4.69,5.34,6.18,0.95,0.29,0.12,0.07
7869,8640,180,Southern Slopes (Tasmania),500,0,0,0,0,0.18,2.78,4.36,1.62,0.14,0.24,0.02,0.41,1.27,1.35,1.41,1.57,0.23,0.06,0.02,0.72,0.88,0.27,0.08,0.14,1.11,0.52,1.12,0.73,0.78,0.47,3.64,3,2.75,0.99,4.06,8.83,7.89,7.18,8.07,8.8,9.72,1.64,0,0.11,3.34,3.11,3.28,1.11
7870,8640,180,Southern Slopes (Tasmania),500,2.04,1.23,0.3,0.7,0.9,0.13,0.98,1.18,0.42,0.93,0.56,1.17,0.74,1.46,1.13,0.6,0.75,0.73,1.44,3.01,3.17,1.9,0.68,0.59,1,0.31,0.74,2.61,3.91,3.06,3.61,6.05,8.36,11.6,10.61,5.76,5.53,0.89,0.88,0.2,0.03,0.51,0.91,0.77,1.35,0.77,1.45,2.35
7871,8640,180,Southern Slopes (Tasmania),500,1.67,2.45,3.66,2.64,3.48,0.89,1.67,2,3.26,3.21,1.77,4.31,2.85,7.53,3.31,0.9,4.83,1.6,3.02,1.71,1.1,0.7,1.53,1.45,1.28,1.61,1.48,1.61,0.3,0.77,0.78,0.99,0.81,1.78,0.8,0.1,0.45,0.65,1.56,3.54,2.83,2.93,1.67,1.12,3.45,1.74,2.65,3.56
7872,8640,180,Southern Slopes (Tasmania),500,1.79,1.02,1.34,1.15,1.35,1,1.3,1.51,1.09,1.12,0.29,0.99,2.75,3.82,3.96,0.19,0.56,0.68,0.32,0.16,0.44,0.75,0.96,0.87,0.78,0.6,1.35,1.22,4.9,2.61,2.74,6.04,4.24,4.35,1.47,1.92,2.41,4.04,4.18,5.73,7.29,9,2.33,0.5,0.3,0.48,1.21,0.9
7873,8640,180,Southern Slopes (Tasmania),500,0.72,0.14,1.21,1.29,0.81,0.97,3.07,0.29,0.2,0.53,5.23,7.19,1.56,0.35,0.12,0.87,0.93,0.3,1.07,1.13,2.78,7.99,2.79,1.36,0.98,1.93,0.94,0.28,0.2,0.79,0.27,0.7,2.32,0.84,1.87,5.34,1.71,2.51,1.35,3.62,2.32,5.18,7,2.25,3.32,2.14,6.81,2.43
7874,8640,180,Southern Slopes (Tasmania),500,0.66,0.15,0.13,0.38,0.42,0.45,0.4,0.95,1.25,0.29,0.45,1.42,0.9,0.18,0.18,0.74,0.76,2.23,1.16,0.27,0.49,0.72,2.22,1.36,2.87,2.21,0.61,0.64,1.17,3.25,4.06,2.44,2.2,5.1,4.5,3.76,2.7,5.59,5.31,5.48,7.99,6.93,3.52,3.07,3.91,2.23,1.56,0.74
7875,8640,180,Southern Slopes (Tasmania),500,0.47,0.26,0.57,0.15,0.25,0.34,0.36,0.2,0.97,1.01,6.12,1.32,0.53,0.36,3.67,9.54,2.36,2.96,2.1,1.62,0.9,1.55,1.79,1.63,8.86,9.22,2.83,2.09,3.32,4,1.6,3.38,3.7,3.16,1.49,2.02,4.14,1.63,0.9,0.29,3.64,1.19,0.27,0.38,0.29,0.39,0.15,0.03
7876,8640,180,Southern Slopes (Tasmania),500,0.28,0.61,0.09,0.02,0.01,0,0.32,3.34,0.77,2.02,6.86,15.62,6.17,1.11,0.09,2.12,0.19,1.59,4.76,4.12,3.16,2.51,1.6,1.87,2.43,0.32,1.51,1.57,1.91,2.6,2.94,1.04,1.35,2.53,5.42,3.13,0.32,0.82,0.99,0.82,0.87,1.8,1.71,3.05,2.77,0.85,0.01,0.01
7877,8640,180,Southern Slopes (Tasmania),500,0.85,0.96,1.94,0.27,0.06,0.87,1.89,7.4,6.97,11.98,8.83,5.15,0.95,5.24,7.01,0.74,0.52,0.2,0.54,0.42,0.39,0.34,1.14,2.2,3.96,2.67,0.5,0.21,0.34,0.36,0.39,0.56,0.81,2.82,1.9,3.55,1.61,1.56,1.52,2,1.53,2.66,1.51,0.71,0.41,0.95,0.16,0.45
7878,8640,180,Southern Slopes (Tasmania),500,0.26,1.51,0.93,2,0.75,0.62,2.43,3.63,4.24,5.07,6.44,6.33,5.15,4.6,3.12,0.28,0.34,0.45,2.08,1.87,6.06,4.64,1.14,1.38,0.64,2.47,4.82,3.98,0.67,0.67,0.89,0.66,0.92,0.18,1.37,3.12,7.78,0.33,0.5,1.85,0.34,0.04,0.14,0.35,0.95,1.43,0.09,0.49
7879,8640,180,Southern Slopes (Tasmania),1000,0,0.19,1.08,4.92,2.58,0.69,0.31,0.05,0.45,1.59,1.35,1.35,1.25,0.78,0.04,0.02,0.39,0.9,0.22,0.08,0.04,0.57,0.89,0.99,0.71,0.85,0.78,2.56,3.99,2.79,1.37,2.4,7.83,10.12,7.61,5.45,6.57,7.72,4.29,0.15,0.04,1.89,4.58,4.9,2.52,0.15,0,0
7880,8640,180,Southern Slopes (Tasmania),1000,0.1,0.32,0.01,0,0,0.09,0.28,1.53,0.25,1.07,5.44,2.33,10.42,5.89,1.73,1.24,2.25,0.6,1.56,3.3,3.85,2.4,2.84,1.92,1.03,5.71,1.95,4.7,2.43,2.83,1.68,1.23,2.13,1.78,2.36,5.6,7.26,0.47,0.21,0.19,1.16,0.95,2.31,0.92,3.56,0.12,0,0
7881,8640,180,Southern Slopes (Tasmania),1000,3.86,0.84,0.05,1.18,0.82,0.72,1.57,1.18,3.56,3.19,3.07,2.23,2.64,1.69,2.26,1.87,2.31,3.4,0.89,0.88,0.83,0.41,8.37,4.93,4.11,2.82,2.39,3.96,2.6,1.63,2.77,5.83,3.43,3.43,1.77,1.21,0.66,2.73,2.63,0.51,0.13,0.48,0.65,0.39,0.36,0.02,0,2.74
7882,8640,180,Southern Slopes (Tasmania),1000,0.24,0.23,0.32,0.61,1.55,0.58,0.35,0.35,1.1,0.79,1.45,1.64,0.63,0.52,1.02,0.27,0.77,1.13,0.54,0.82,0.54,1.22,0.7,1.36,1.48,1.1,0.87,0.78,1.26,3.12,3.74,2.53,1.74,0.45,1.35,0.42,0.45,2.26,4.24,3.86,3.38,5.96,8.35,10.78,10.91,5.69,5.54,1.01
7883,8640,180,Southern Slopes (Tasmania),1000,1.44,1.01,1.34,1.23,1.26,1.25,1.4,1.41,1.08,0.67,0.39,0.95,2.22,2.96,3.29,0.18,0.5,0.56,0.38,0.21,0.5,0.74,0.87,0.67,0.59,0.58,1.15,1.08,4.41,2.23,2.12,5.85,4.18,3.94,1.48,1.8,2.12,3.49,3.88,5.69,13.15,9.97,2.19,0.63,0.27,0.48,0.99,1.22
7884,8640,180,Southern Slopes (Tasmania),1000,0.27,0.22,0.78,0.11,0.27,0.45,0.39,0.39,1.3,0.69,1.27,1.68,0.67,0.07,0.12,2.57,5.6,3.16,0.33,0.06,0.04,0.96,0.11,0.92,0.84,0.81,6.82,6.26,2.82,2.98,3.11,4.24,1.61,1.01,1.13,0.79,1.73,2.88,3.23,1.82,3.73,5.01,2.22,3.27,2.91,4.7,5.33,8.32
7885,8640,180,Southern Slopes (Tasmania),1000,3.93,3.14,0.84,1.66,0.87,1.43,0.59,0.73,1.78,1.13,0.9,0.8,0.88,1.66,2.12,2.51,2.33,1.21,0.79,2.45,2.54,3.91,9.91,14.85,8.39,1.75,2.09,2.91,0.69,0.03,0.21,5.14,0.5,0.18,0.45,0.82,0.15,0.05,2.25,5.41,0.1,0.37,0.88,0.16,2.2,1.95,0.22,0.14
7886,8640,180,Southern Slopes (Tasmania),1000,0.18,0.05,0.08,1.13,3.22,3.21,6.09,3.79,1.56,2.11,2.16,3.22,3.77,4.07,4.18,6.67,5.15,5.61,2.59,2.36,4.53,1.91,3.29,0.49,1.11,1.07,2.55,1.02,1.02,2.51,2.01,0.45,0.17,0.89,0.6,0.61,0.64,1.04,0.06,0.08,0.46,0.73,1.96,2.01,3.14,0.83,2.21,1.41
7887,8640,180,Southern Slopes (Tasmania),1000,0.01,0,0,0.02,1.05,1.48,4.34,9.95,4.75,2.11,4.15,3.28,4.58,0.01,0.13,0.32,0.19,0.93,11.35,13.77,0.89,1.49,0.57,1.02,2.14,3.57,1.32,0.55,1.71,0.65,0.25,0.56,1,2.8,2.74,2.79,3.15,1.18,0.42,0.29,0.96,4.33,0.07,0.16,0.93,1.86,0.17,0.01
7888,8640,180,Southern Slopes (Tasmania),1000,2.11,0.36,0.92,2.43,0.06,0,0.03,0.62,1.52,1.82,1.8,2.72,1.98,3.13,3.03,4.14,3.25,5.25,2.89,2.04,1.8,3.91,3.06,2.93,3.37,2,0.53,1.44,1.69,2.74,0.64,1.14,3.07,6.37,3.66,1.51,1.2,2.53,1.01,0.9,4.67,6.59,1.67,0.86,0.06,0.38,0.08,0.09
7889,8640,180,Southern Slopes (Tasmania),2500,0.09,0.28,0,0,0,0.09,0.2,1.53,0.25,1.03,5.6,2.48,9.88,5.73,1.7,1.27,2.2,0.59,1.53,3.09,3.89,2.5,2.82,1.94,1.03,5.49,2.06,4.65,2.74,2.81,1.74,1.32,2.31,1.94,2.61,5.48,6.89,0.47,0.26,0.18,1.13,1.07,2.45,0.98,3.52,0.13,0.01,0.04
7890,8640,180,Southern Slopes (Tasmania),2500,4.75,0.95,0.06,1.36,0.91,0.92,1.82,1.35,3.86,3.63,3.58,2.34,2.98,2.02,2.69,1.61,2.62,3.76,0.98,1.1,1.01,0.49,7.26,4.37,3.94,2.8,2.47,4.08,2.74,1.76,2.62,4.49,3.09,3.04,1.57,0.98,0.66,2.2,2.32,0.44,0.18,0.51,0.71,0.44,0.4,0.04,0,2.1
7891,8640,180,Southern Slopes (Tasmania),2500,0.26,0.94,0.02,3.2,1.2,0.67,0.72,1.09,0.66,1.1,1.27,1.34,0.85,0.31,3.47,6.78,4.01,0.68,0.31,0.14,1.65,0.6,1.93,1.89,3.81,7.33,4.46,2.28,1.86,1.89,2.18,0.6,0.28,0.37,0.42,0.73,2.08,1.48,1.24,4.29,4.17,1.66,2.81,2.26,3.75,4.48,5.84,4.64
7892,8640,180,Southern Slopes (Tasmania),2500,0.05,0.09,0.21,0.13,0.18,0.04,0.45,0.42,0.4,0.38,1.22,2.11,2.25,4.08,2.93,2.61,1.24,1.62,0.95,0.74,2.5,5.08,3.42,9.5,6.44,5.22,7.06,3.1,1.76,2.34,3.98,1.67,3.69,1.9,2.55,2.44,1.48,1.67,2.46,2.38,1.81,1.24,1.02,0.25,0.52,1.32,0.74,0.36
7893,8640,180,Southern Slopes (Tasmania),2500,0,0,0.17,2.12,0.25,0.16,0.14,0.11,0.14,1.7,6.27,6.15,6.82,6.63,2.68,4.22,7.02,4.05,0.71,1.11,0.59,0.2,2.24,4.01,1.25,2.65,5.62,1.54,1.39,0.83,1.3,1.41,1.53,0.99,1.63,1.83,2.1,3.04,2.94,0.98,0.97,1.74,2.38,3.23,1.98,0.65,0.22,0.31
7894,8640,180,Southern Slopes (Tasmania),2500,1.52,1.24,1.35,1.08,1.1,1.21,1.5,1.22,1.16,0.93,0.36,0.78,2.44,3.52,3.3,0.25,0.39,0.67,0.33,0.2,0.57,1,1.19,0.55,0.59,0.68,1.07,1.08,4.09,2.47,2.01,4.93,3.62,3.92,1.33,1.6,1.95,3.77,4.91,6.56,6.72,11.6,5.24,0.97,0.27,0.57,1.45,0.74
7895,8640,180,Southern Slopes (Tasmania),2500,0.05,0,1.72,6.69,1.78,1.68,1.18,1.31,1.12,0.75,0.96,1.67,1.01,0.66,1.04,1.52,1.97,2.42,2.67,1.79,1.09,1.26,3.35,2.95,7.84,14.39,8.77,3.44,1.04,2.43,1.55,0.07,0.12,3.35,1.38,0.3,0.5,1.07,0.16,0.16,0.25,7.17,0.65,0.06,1.18,0.22,0.57,2.69
7896,8640,180,Southern Slopes (Tasmania),2500,0.04,0.02,0,0,0.02,0.88,1.27,3.53,8.85,6.26,2.02,3.57,3.12,3.48,0.01,0.32,0.94,0.18,1,9.99,10.81,1.27,2.01,0.86,1,1.84,3.68,1.54,0.96,4.77,1.69,0.55,1.35,0.82,2.31,2.29,2.22,2.9,1.92,0.61,0.54,1.8,3.37,0.07,0.31,0.87,1.76,0.38
7897,8640,180,Southern Slopes (Tasmania),2500,0.94,0.6,0.1,0,0.08,0,0,0.67,1.69,2.3,0.14,0.05,0.63,1.12,4.42,4.24,0.46,1.03,0.36,3.07,5.15,3.94,4.73,2.6,1.46,0.75,0.41,3.19,2.73,2.92,3.64,2.24,0.91,1.26,0.76,2.92,0.79,0.29,1.27,2.36,2.42,2.92,1.46,0.58,0.6,3.65,10.9,11.25
7898,8640,180,Southern Slopes (Tasmania),2500,0.13,0.72,0.84,0.66,0.85,1.05,1.73,2.1,2.43,2.92,3.51,4.14,3.09,0.87,2.5,2.54,0.77,0.61,4.24,3.48,1.35,1.69,2,0.54,1.13,4.84,2.78,5.88,2.58,2.1,3.04,4.2,2.82,4.53,4.5,3.49,4.03,2.67,1.86,1.12,1.44,0.5,0.09,0.2,0.48,0.5,0.09,0.37
7899,8640,180,Southern Slopes (Tasmania),5000,4.33,2.22,0.69,0.42,0.2,0.5,1.79,1.66,1.34,1.45,1.61,0.9,0.37,1.37,2.11,0.56,0.14,0.2,0.94,1.01,1.2,0.93,1.22,1.42,3.3,4.51,4.18,2.14,2.91,6.29,7.93,6.78,5.02,4.51,5.81,3.16,0.33,0.16,1.83,4.52,5.17,1.69,1.02,0.15,0.01,0,0,0
7900,8640,180,Southern Slopes (Tasmania),5000,2.58,0.48,0.14,0.52,0.84,0.3,0.86,1.78,0.61,0.53,0.37,2.21,4.58,1.99,0.24,0.2,0.19,0.81,0.66,1.34,1.85,2.88,5.1,4.02,1.73,1.32,2.22,2.23,0.81,0.59,0.75,0.45,1.58,1.82,1.99,1.31,4.39,3.8,2.53,3,3.55,3.75,5.6,6.71,4.44,3.02,2.37,4.96
7901,8640,180,Southern Slopes (Tasmania),5000,0.01,0.08,0.11,0.14,0.56,5.54,7.13,4.29,3.19,1.57,2.73,0.98,1.63,3.97,2.11,3.68,3.33,1.34,1.32,0.75,1.89,1.92,1.25,2.29,4.25,4.99,0.67,2.39,0.14,1.49,1.43,14.35,10.59,4.27,0.28,0.19,0.08,1.68,0.47,0.21,0.3,0,0,0,0,0.15,0.26,0
7902,8640,180,Southern Slopes (Tasmania),5000,0.23,2.51,0.26,0.23,0.17,0.17,0.22,1.97,6.76,6.73,7.79,7.14,2.56,3.95,7.37,3.79,0.57,0.83,0.48,0.21,1.68,2.86,0.91,2.32,5.39,1.63,1.52,0.58,0.96,1.16,1.19,0.88,1.43,1.35,1.78,3.56,3.37,1.14,1.02,1.9,2.44,3.22,2.08,0.71,0.24,0.35,0.31,0.08
7903,8640,180,Southern Slopes (Tasmania),5000,1.38,1.13,1.17,0.92,1,1.33,1.23,1.39,1.49,0.84,0.28,0.48,1.92,2.75,2.5,0.12,0.33,0.87,0.43,0.3,0.67,0.94,1.24,0.32,0.51,0.61,0.94,1.01,3.4,2.02,2.04,4.51,3.17,3.53,1.05,1.36,1.95,3.95,4.97,4.66,6.34,10.43,9.4,3.85,1.53,0.72,2.32,0.7
7904,8640,180,Southern Slopes (Tasmania),5000,9.42,6.99,1.21,5.7,3.44,3.65,3.1,1.88,0.72,0.23,0.42,0.27,0.47,0.6,0.24,0.82,3.39,1.75,1.14,2.04,1.06,1.33,1.36,2.01,1.71,3.45,3.27,0.21,0,0,0.45,15.67,5.22,0.57,1.38,1.51,2.72,2.46,2.57,1.78,0.28,2.53,0.37,0.58,0.02,0,0,0.01
7905,8640,180,Southern Slopes (Tasmania),5000,0,0.02,0.14,0.25,0.56,1.17,0.61,0.5,0.48,0.51,1.09,0.28,0.08,0.21,1.27,2.61,1.38,0.26,0.16,0.44,0.34,0.51,8.98,13.12,7.65,2.95,1.08,2.16,1.49,0.75,0.6,0.88,1.01,1.34,0.91,1.07,1.18,14.67,14.42,3.88,1.79,1.24,0.3,1.48,1.18,1.6,1.23,0.17
7906,8640,180,Southern Slopes (Tasmania),5000,1.31,1.48,0.66,0.27,1.54,2.45,0.7,4.03,4.79,4.09,1.51,2.02,1.43,0.67,0.85,1.27,0.58,0.25,11.33,2.2,2.58,8.03,0.84,1.75,7.8,2.55,3.63,4.75,0.76,4.6,0.61,1.06,0.72,0.44,3.92,3.25,2.37,1.17,3.11,0.99,0.63,0.19,0.24,0.35,0.04,0.06,0.09,0.04
7907,8640,180,Southern Slopes (Tasmania),5000,3.07,0.54,2.47,4.36,0.14,0,0.03,1.56,1.64,1.87,1.64,2.57,1.71,2.89,3.36,4.3,2.92,3.92,2.35,1.48,1.35,3.18,2.41,2.79,2.88,1.71,0.56,1.37,1.67,2.46,0.67,1.29,3.41,5.2,3.54,1.68,1.39,2.63,0.88,0.95,5.32,6.77,1.58,0.89,0.1,0.3,0.09,0.11
7908,8640,180,Southern Slopes (Tasmania),5000,0.99,0.19,0.12,0.64,0.78,0.75,0.85,1.16,2.01,2.18,2.51,3.08,3.77,4.13,3.12,1.07,2.7,2.41,0.7,0.76,3.7,3.05,1.24,1.69,1.84,0.5,1.12,5.12,2.45,5.19,2.33,2.83,3.51,3.87,2.6,4.01,4.22,3.86,3.99,2.51,1.84,1.17,1.41,0.54,0.17,0.23,0.52,0.57
7909,8640,180,Southern Slopes (Tasmania),10000,2.68,1.15,0.28,0.42,0.7,1.13,1.45,1.03,1.92,3.27,2.67,1.83,1.62,3,2.35,0.9,0.58,1.25,0.87,1.13,0.99,1.18,1.15,2.11,3.71,4.12,3.12,2.42,3.32,5.3,4.55,4.36,3.37,4.51,4.01,1.14,0.48,0.51,2.84,5.79,4.11,3.08,2.75,0.76,0.07,0.02,0,0
7910,8640,180,Southern Slopes (Tasmania),10000,0.59,0.27,0.14,0.76,0.23,2.25,3.5,2.67,3.28,2.45,1.26,0.42,0.64,0.56,1.2,0.79,0.98,1.53,1.65,2.59,2.72,4.4,4.99,3.24,3.9,4.83,3.18,4.7,6.37,6.87,4.06,2.64,4.41,2.75,2.12,1.55,0.86,2.33,2.29,1.5,0.31,0.48,0.66,0.3,0.27,0.07,0.16,0.28
7911,8640,180,Southern Slopes (Tasmania),10000,1.7,2.11,1.31,1.11,1.06,2.76,1.61,1.22,1.85,0.57,2.01,2.28,4.34,5.31,6.19,4.66,6.65,6.59,4.24,2.12,5.31,1.54,1.5,0.92,0.43,0.7,0.35,0.26,0.29,0.33,0.46,0.54,0.53,0.82,1.04,0.92,0.13,0.03,0.17,0.18,0.42,0.83,1.95,4.07,8.57,7.05,0.93,0.04
7912,8640,180,Southern Slopes (Tasmania),10000,0.24,0.23,0.19,0.16,0.44,0.54,0.14,0.27,1.01,0.45,0.08,0.12,0.62,0.65,2,1.64,0.71,0.45,0.66,1.51,1.53,1.78,2.06,0.78,0.76,1.22,2.89,4.33,4.14,2.32,4.22,4.49,4.71,3.91,6.44,6.75,6.08,9.03,7.16,4.51,2.62,2.5,1.69,1.05,0.42,0.21,0.08,0.21
7913,8640,180,Southern Slopes (Tasmania),10000,0.16,0.12,0.69,1.2,0.69,0.32,0.48,0.32,0.4,0.51,0.76,2.11,2.36,1.03,0.21,0.66,1.25,1.85,1.84,2.16,1.63,0.98,1.53,2.9,3.01,4.25,8.83,12.78,7.26,5.62,3.43,3.63,1.92,2.18,5.77,3.24,2.08,1.91,1.97,1.42,0.63,0.41,0.64,0.91,1.15,0.5,0.18,0.12
7914,8640,180,Southern Slopes (Tasmania),10000,1.19,1.07,1.28,1.08,1.13,1.48,1.19,1.26,1.47,0.77,0.41,0.6,1.73,2.21,2.04,0.12,0.29,0.71,0.46,0.34,0.66,0.94,1.09,0.31,0.42,0.55,0.87,0.86,2.83,1.67,1.54,4.51,2.98,3.39,1.08,1.19,1.63,3.15,4.22,5.09,11,11.11,9.45,3.59,1.53,0.58,2.18,0.75
7915,8640,180,Southern Slopes (Tasmania),10000,0.16,1.92,0.27,0.31,0.19,0.17,0.26,1.82,6.27,6.11,6.82,6.46,2.69,3.89,7.14,4.49,0.72,1.03,0.71,0.38,2.26,3.75,1.17,2.45,5.24,1.68,1.29,0.7,1.27,1.31,1.4,0.99,1.5,2.04,2.88,2.77,2.73,1,0.99,1.84,2.26,3.1,1.86,0.71,0.23,0.35,0.29,0.13
7916,8640,180,Southern Slopes (Tasmania),10000,0.66,3.99,5.01,6.94,7.25,2.47,3.15,4.45,3.52,4.02,2.86,1.65,0.65,0.58,0.39,0.42,0.46,0.95,0.5,2.6,1.83,1.19,1.34,1.35,0.78,2,1.11,2.02,1.59,2.64,1.62,0.07,0,0.43,8.64,5.98,1.32,0.98,1.21,1.74,3.24,2.03,1.11,0.58,1.19,0.97,0.4,0.12
7917,8640,180,Southern Slopes (Tasmania),10000,0.02,0.01,0,0,0.11,0.97,0.37,4.2,8.27,2.51,2.53,2.87,1.91,1.02,0.54,3.92,0.64,0.26,3.84,8.48,4.07,2.5,2.68,1.3,1.72,2.86,3.85,1.6,4.98,4.43,3.89,1.25,1.4,1.52,1.19,1.62,1.64,2.26,2.1,0.87,1.53,2.79,1.32,0.16,0.23,1.08,2.31,0.38
7918,8640,180,Southern Slopes (Tasmania),10000,0.02,0.04,0.36,1.73,1.96,0.53,1.97,1.63,1.99,3.72,4.52,4.05,5.15,4.82,4.31,4.71,1.15,1.27,1.69,7.35,5.96,5.19,2.98,0.53,0.8,1.3,1.82,0.98,0.66,1.53,1.06,1.07,1.71,0.92,2.29,1.9,1.86,2.12,1.21,0.58,0.33,0.95,0.98,1.75,0.87,0.46,1.93,3.29
7919,8640,180,Southern Slopes (Tasmania),20000,1.95,0.9,0.48,0.41,0.89,1.28,1.33,1.35,2.57,3.22,2.46,1.14,2.18,2.48,1.75,0.8,0.81,1.27,0.88,1.2,0.82,1.29,2.02,3.3,4.45,4.04,2.87,2.75,4.17,4.55,3.89,3.56,3.33,4.43,2.8,0.94,0.43,1.19,4.16,5.66,3.3,3.54,2.53,0.43,0.15,0.03,0.02,0
7920,8640,180,Southern Slopes (Tasmania),20000,0.46,0.42,0.27,0.66,0.49,0.99,3.53,3.17,2.94,2.86,1.29,0.8,0.43,0.61,1.21,0.7,0.94,0.94,1.51,2.74,2.21,3.54,5.22,3.51,3.93,4.08,3.64,4.1,6.03,7.78,4.44,3.21,4.54,2.91,2.12,1.97,1.07,1.63,2.38,1.97,0.47,0.51,0.56,0.33,0.41,0.06,0.14,0.28
7921,8640,180,Southern Slopes (Tasmania),20000,0.05,2.13,0.51,0.42,0.37,0.61,0.61,0.32,0.98,0.96,0.57,0.25,1.14,1.88,2.84,0.4,0.2,0.46,0.56,0.63,1.63,1.9,4.6,3.39,4.21,1.77,2.44,1.14,3.37,1.89,1.46,0.56,0.59,0.91,1.64,2.03,1.58,3.66,5.36,3.31,4.33,3.73,4.22,5.74,6.92,5.78,4.16,1.79
7922,8640,180,Southern Slopes (Tasmania),20000,0.22,0.61,0.57,2.65,1.87,1.42,1.47,1.81,0.83,1.43,1.81,3.68,2.35,1.85,2.26,2.75,2.83,2.72,2.48,5.58,1.62,1.65,0.87,0.26,0.57,0.63,0.63,0.5,0.36,1.5,2.04,1.6,1.29,2.73,5.78,5.59,6.68,8.52,8.88,3.29,0.67,0.59,0.16,0.59,0.68,0.13,0.67,0.33
7923,8640,180,Southern Slopes (Tasmania),20000,0,0.08,0.68,1.65,1.62,1.01,1.22,1.25,0.51,1.31,0.26,0.07,0.6,1.28,2.34,1.75,2.06,1.69,1.98,1.29,2.72,6.21,8.08,5.06,2.04,0.85,1.64,1.5,1.46,1.71,1.59,2.08,2.1,2.42,2.3,1.85,10.26,10.96,3.9,1.92,1.38,1.07,1.09,0.8,1.16,0.68,0.27,0.25
7924,8640,180,Southern Slopes (Tasmania),20000,0,0.42,0.61,0.75,2.02,1.03,1.28,3.61,5.38,6.61,5.87,3.55,2.81,4.99,4.88,4.61,3.19,2.63,0.87,2.22,0.46,0.46,0.42,1.47,1.44,1.1,1.15,1.06,0.78,0.96,0.79,1.17,1.06,1.47,1.05,2.25,1.03,0.26,0,0.11,6.43,8.4,2.38,0.45,1.31,1.83,1.86,1.52
7925,8640,180,Southern Slopes (Tasmania),20000,0.24,0.24,0.04,0,0,0.48,0.81,0.83,4.37,6.66,3.5,3.02,2.22,1.89,0.16,1.96,4.23,0.66,2.21,6.65,7.13,2.81,1.58,2.37,1.64,2.14,2.78,2.43,2.28,5.58,4.28,2.55,1.85,1.15,1.45,1.33,1.37,1.49,1.58,2.1,0.74,2.77,1.52,1.2,0.37,0.62,2.35,0.37
7926,8640,180,Southern Slopes (Tasmania),20000,0.97,0.46,0.91,0.71,0.91,1.43,1.04,1.23,2.97,1.91,0.76,2.04,2.84,3.54,2.12,2.48,1.52,0.73,2.05,1.55,1.05,0.99,6.67,1.48,1.29,3.84,2.85,2.21,8.29,2.76,3.54,2.98,0.71,2.48,0.92,1.99,2.52,2.2,5.61,2.67,1.55,0.74,4.9,1.09,0.92,0.43,0.56,0.59
7927,8640,180,Southern Slopes (Tasmania),20000,0.52,0.63,0.64,1.45,0.67,1.68,2.93,3.23,2.72,4.42,3.28,3.57,4.6,2.1,2.64,2.24,5.77,3.89,3.88,3.57,1.43,1.92,2.16,1.72,0.76,0.64,0.84,1.31,1.61,1.12,1.72,2.14,2,2.55,2.93,1.75,1.71,1.7,1.19,1.31,1.74,0.41,1.23,3.16,4.35,1.69,0.24,0.24
7928,8640,180,Southern Slopes (Tasmania),20000,0.1,0.22,0.19,0.36,0.59,0.11,0.67,0.54,0.8,0.17,0.44,0.29,0.15,0.39,1.48,2.91,3.48,1.69,3.05,6.65,7.77,6.26,5.27,7.32,3.09,1.51,3.39,2.45,0.92,1.08,1.01,4.59,2.52,4.56,4.22,1.86,2.37,4.3,0.7,1.47,0.06,2.39,3.93,1.08,1.48,0.12,0,0
7929,8640,180,Southern Slopes (Tasmania),40000,2.14,1.93,1.05,0.61,0.47,0.82,1.4,1.4,1.4,2.44,2.98,2.34,1.22,2.32,2.34,1.75,0.73,0.77,1.05,0.8,1.06,0.75,1.35,2.27,3.63,4.54,3.9,2.99,3.16,3.76,4.01,3.32,3.23,2.86,3.72,2.4,1.22,0.89,1.59,4.11,5.36,3.3,3.48,2.38,0.46,0.19,0.07,0.04
7930,8640,180,Southern Slopes (Tasmania),40000,0.47,0.59,0.74,0.4,1.02,0.77,0.45,0.25,0.75,1.28,2.38,0.33,0.13,0.58,0.38,0.56,1.23,1.71,3.76,2.44,3.29,1.46,2.03,1.01,2.4,2,1.71,0.56,0.61,0.8,1.4,1.8,1.71,3.71,5.55,4.78,5.02,4.04,4.02,5.07,6.64,6.63,4.96,1.96,2.3,1.66,1.68,0.98
7931,8640,180,Southern Slopes (Tasmania),40000,0.1,0.2,0.58,2.41,3.43,4.36,5.64,4.59,2.22,1.47,1.12,1.36,2.24,3.08,4.07,3.82,4.23,4.36,4.02,1.47,2.58,1.42,0.83,1.09,1.16,1.54,0.82,1.05,1.22,1.92,2.15,3.22,2.68,2.58,3.12,2.57,2.5,2.65,1.89,1.54,1.1,1.64,1.37,1.03,0.81,0.17,0.4,0.18
7932,8640,180,Southern Slopes (Tasmania),40000,0.6,1.72,1.49,1.46,1.45,1.99,3.12,3.42,4.17,5.39,6.45,6.31,4.19,2.95,0.79,0.35,0.97,2.07,1.82,4.24,4.48,1.68,1.7,1.44,1.7,2.81,2.89,1.98,0.97,1.04,1.68,0.93,0.36,1.19,1.97,4.11,0.63,0.95,3.1,2.34,1.8,0.54,0.54,1.27,1.75,0.53,0.49,0.18
7933,8640,180,Southern Slopes (Tasmania),40000,0.31,1.45,1.27,2.26,1.26,2.2,2.77,2.38,2.09,3.42,2.81,3.05,4.33,2.89,3.65,3.49,4.71,5.67,4.83,3.87,1.56,1.88,1.46,1.54,0.84,0.84,0.93,0.96,1.27,0.93,1.12,1.62,1.33,1.78,1.97,1.1,0.96,0.65,0.54,0.94,1.31,0.71,1,2.14,3.59,4.21,2.93,1.18
7934,8640,180,Southern Slopes (Tasmania),40000,0.11,0.22,0.26,0.58,4.94,7.72,7.78,5.88,2.84,1.8,0.74,1.03,2.84,1.44,2.88,4.51,4.79,2.03,1.34,1.86,1.34,2.45,2.91,5.48,5.29,2.26,2.07,0.89,2.28,1.6,6.87,4.81,2.06,0.15,0.06,0.06,1.13,0.24,0.77,0.62,0,0,0,0.18,0.5,0.35,0,0.04
7935,8640,180,Southern Slopes (Tasmania),40000,0.32,1.11,1.21,1.2,2.24,2.78,1.21,1.96,2.34,2.08,1.19,1.67,3.3,6.3,6.33,3.51,3.02,2.14,3.92,6.67,4.27,3.13,0.72,0.32,0.59,0.84,6.02,6.56,3.69,2.37,0.52,0.25,0.14,0.07,0.09,0.76,1.41,1.05,1.16,0.37,0.97,1.29,2.93,1.59,2.03,0.99,0.96,0.41
7936,8640,180,Southern Slopes (Tasmania),40000,0.54,1.72,0.24,1.14,0.54,1.73,1.29,3.2,4.44,3.69,1.92,2.87,3.42,2.85,2.43,3.01,5.91,6.17,6.14,5.42,3.69,4.78,4.66,2.66,2.58,3.88,0.68,0.78,2.91,0.57,0.43,2.25,3.26,2.06,0.07,0.34,0.58,0.53,1.55,0.48,0.51,0.42,0.26,0.08,0.22,0.48,0.32,0.3
7937,8640,180,Southern Slopes (Tasmania),40000,0.75,1.96,0.66,1.09,1.66,0.37,0.8,0.86,2.21,3.83,6.72,9.55,9,7.34,7.63,5.76,6.86,2.06,1.56,1.15,1.5,1.36,1.38,0.87,0.74,0.65,0.12,0.3,0.22,0.26,1.79,1.54,1.83,1.96,2.07,1.9,0.66,0.14,1.49,1.81,0.24,0.09,0.56,0.9,0.75,0.64,1.04,1.37
7938,8640,180,Southern Slopes (Tasmania),40000,0.2,0.63,1.06,1.29,0.94,0.79,0.72,0.62,1.2,0.97,1.2,2.33,0.52,1.73,1.46,1.98,3.05,1.4,1.07,1.47,1.56,1.57,0.5,0.8,2.9,2.07,1.93,1.77,1.93,1.65,2.81,3.45,4.17,5.92,5.65,6.86,8.61,7.01,8.75,2.19,2.78,0.39,0.03,0.02,0.03,0.01,0.01,0
7939,10080,180,Southern Slopes (Tasmania),100,4.28,1.88,1.04,1.17,0.9,1.65,1.43,0.83,1.05,2.79,2.87,1.67,1.5,2.02,1.18,0.87,0.25,1.92,4.4,1.74,2.21,2.34,1.85,0.5,2.08,2.2,1.04,1.67,0.36,0.02,2.36,1.5,2.61,1.34,1.86,2.27,1.11,0.78,0.21,0.74,0.57,0.49,2.31,2.52,5.2,2.7,2.88,2.7,1.33,4.56,0.82,0.13,0.09,2.57,2.61,4.03
7940,10080,180,Southern Slopes (Tasmania),100,1.77,3.22,2.92,0.73,0.83,1.28,0.03,0.08,1.2,4.05,1.81,0.57,0.98,0.45,1.01,2.92,2.56,3.35,1.93,2.88,6.47,5.68,1.32,1.62,2.06,1.39,1.17,1.43,1.5,0.32,0.2,1.07,0.28,0.19,1.5,0.52,1.32,1.97,2.52,3.27,0.34,0.57,0.59,0.18,0.29,0.03,0.65,4.13,1.04,1.98,4.03,6.31,5.3,2.69,0.92,0.58
7941,10080,180,Southern Slopes (Tasmania),100,0.54,0.68,1.94,0.97,1.47,1.13,1.33,0.74,1.95,1.27,0.65,1.07,0.52,2.05,3.84,3.7,1.64,0.23,0.71,0.41,0.21,0.27,0.39,1.11,0.69,0.85,0.74,1.33,0.79,3.92,3.78,2.56,5.37,4.47,5.2,2.02,1.86,2.08,3.32,4.18,4.83,5.71,8.15,4.48,0.37,0.06,0.46,0.73,1.54,0.31,0.01,0,0,0.02,0.02,1.33
7942,10080,180,Southern Slopes (Tasmania),100,1.04,2.22,0.36,0.33,0.04,0,0.13,0.14,2.23,2.03,2.17,1.59,1.61,1.09,1.11,0.81,2.23,0.51,0.64,0.24,0.06,2.07,0.3,0,0,0.74,2.3,2.99,4.26,1.32,0.84,3.63,6.07,5.68,5.54,2.15,1.07,0.34,0.66,0.35,2.06,2.74,2.24,0.63,2.5,1.23,1.72,3.67,0.08,0.34,8.51,5.28,2.11,1.09,2.8,2.11
7943,10080,180,Southern Slopes (Tasmania),100,0.07,0,0.07,0.06,0.12,0.16,1.16,0.56,1.17,0.89,1.18,3.73,0.41,0.66,0.89,1.56,0.47,2.38,2.75,2.72,1.46,2.35,2.02,1.91,2.64,1.65,0.75,0.18,6.33,1.31,1.48,4.68,0.24,1.14,15.14,1.54,7.7,3.13,0.63,3.05,0.99,2.22,1.42,1.02,4.39,2.29,1.49,1.08,0.62,1.32,1.67,0.53,0.35,0.17,0,0.1
7944,10080,180,Southern Slopes (Tasmania),100,4.37,4,6.23,5.52,6.21,3.7,2.13,4.2,1.66,0.38,0,3.93,4.55,0.97,1.2,0.48,1.26,1.15,0.17,0.11,1.46,2.67,1.19,0.6,0.21,0.85,0.93,0.65,1.28,0.71,0.31,0.3,0.29,0.07,4.42,0.62,0.58,1.1,0.85,0.27,1.1,1.3,1.79,1.22,1.78,1.15,0.52,0.68,1.8,3.51,5.44,3.1,0.87,1.12,1.52,1.52
7945,10080,180,Southern Slopes (Tasmania),100,3.54,2.56,6.73,8.25,0.97,4.72,1.92,0.64,0.05,0.06,1.9,4.84,2.24,0.41,6.48,0.45,0.37,4.56,0.93,0.12,0.31,0.11,0.52,0.08,1.22,2.74,0.42,0,0.33,0,2.01,1.38,2.06,3.89,0.22,0.01,0.73,0.7,0,0.21,0.95,0.5,0.18,0.01,8.56,0.76,0.63,3.78,0.29,1.11,0.78,0.05,1.8,5.78,5.61,0.53
7946,10080,180,Southern Slopes (Tasmania),100,0.84,1.07,0.18,0,1.71,0.09,0.28,1.72,2.6,5.27,2.43,0.57,3.22,3.2,2.1,2.75,0.7,7.4,3.78,5.88,11.83,5.2,0.26,1.2,1.32,1.26,7.46,0.48,1.23,1.49,1.13,0.99,1.19,2.11,3.28,0.59,0.18,0.8,0.25,0.87,1.21,1.36,1.36,1.61,0.1,0.59,0.08,0.08,1.08,1.17,1.6,0.26,0.16,0.15,0.08,0.2
7947,10080,180,Southern Slopes (Tasmania),100,4.57,3.48,1.88,3.9,7.12,8.66,0.28,0,0,0.01,0.35,0.43,1.98,0.18,0.06,0.04,0.08,0.12,1.18,0.73,2.44,1.19,0.02,0.06,0.17,0.36,0.42,0.98,0.88,2.19,0.38,0.98,2.35,0.3,1.44,2,5.22,4.18,4.4,3.59,2.21,3.46,5.13,4.74,1.13,0.86,1.38,1.51,1.04,0.35,2.04,0.37,0.67,0.19,3.27,3.05
7948,10080,180,Southern Slopes (Tasmania),100,5.94,3.85,2.76,0.98,0.69,0.32,0.1,0.33,0.81,1.93,0.72,1.06,2.58,1.36,0.47,0.82,1.64,3.31,1.88,0.18,0.09,0.03,0.07,1.26,8.07,9.61,9.46,5.35,4.35,2.89,0.77,0.09,1.11,4.01,2.12,2.16,0.28,0.12,0.52,0.93,0.68,0.39,1,0.22,0.59,0.18,1.33,1.55,0.5,1.02,2.06,1.89,0.68,0.47,0.85,1.57
7949,10080,180,Southern Slopes (Tasmania),200,4.06,1.82,0.96,1.08,1.1,1.23,1.88,0.73,1.27,2.44,2.68,1.75,0.95,2.14,0.95,1.21,0.14,1.83,3.55,2.39,1.87,2.18,2.29,0.61,1.33,2.36,0.99,1.57,0.46,0.19,1.89,1.68,1.81,1.33,1.62,1.94,1.41,1.26,0.39,0.71,0.67,0.56,2.93,2.55,5.84,3.04,3.06,2.88,2.03,4.13,1.21,0.37,0.06,2.28,2.87,3.47
7950,10080,180,Southern Slopes (Tasmania),200,1.44,0.29,0.26,0.73,0.67,0.77,2.06,0.74,0.53,0.88,0.33,0.12,1,0.95,0.38,0.71,0.65,1.23,0.71,1.68,0.97,0.69,0.8,1,1.53,3.61,2.21,2.57,0.46,0.69,1.01,0.3,1.06,3.08,3.27,2.54,3.51,6.51,7.85,10.23,8.21,4.73,2.92,0.4,0.8,0.03,0.05,0.62,0.87,1.18,1.13,0.73,3.4,2.14,0.77,2
7951,10080,180,Southern Slopes (Tasmania),200,0.51,0.64,2.01,1.01,1.36,0.98,1.32,0.64,1.85,1.28,0.58,0.92,0.43,1.91,4.13,4.17,1.78,0.21,0.84,0.42,0.21,0.28,0.47,1.19,0.79,0.93,0.89,1.35,0.84,3.59,3.44,2.54,5.21,4.52,4.9,2.06,1.8,2.14,3.36,4.84,5.01,5.13,7.95,4.73,0.59,0.07,0.47,0.92,1.24,0.25,0,0,0,0.02,0.02,1.26
7952,10080,180,Southern Slopes (Tasmania),200,0.39,0.67,1.06,0.28,0.13,0.21,0.11,0.09,0.32,0.57,0.07,0.61,1.68,1.21,1.25,1.36,0.02,0.04,0.79,3.27,4.28,0.84,0.03,0.01,0.43,0.14,0.23,1.37,0.22,4.42,7.62,2.52,2.11,0.88,3.4,1.76,0.8,0.88,0.97,0.69,1.6,4.12,1.8,1.59,4.67,1.93,2.78,1.58,3.87,4.13,6.39,4.45,3.39,2.19,4.3,3.48
7953,10080,180,Southern Slopes (Tasmania),200,1.1,2.27,0.36,0.34,0.05,0,0.13,0.14,2.18,2.05,2.11,1.58,1.6,1.08,1.1,0.81,2.23,0.5,0.65,0.24,0.06,2.07,0.29,0,0,0.72,2.18,2.93,4.29,1.28,0.86,3.57,6.1,5.65,5.62,2.21,1.16,0.35,0.66,0.35,2.07,2.74,2.21,0.66,2.51,1.21,1.71,3.69,0.08,0.35,8.51,5.32,2.13,1.06,2.85,2.03
7954,10080,180,Southern Slopes (Tasmania),200,0.14,0,0,0.14,0.02,0.25,0.79,0.99,0.88,1.6,0.85,2.08,2.03,0.4,0.5,1.49,1.14,0.41,3.17,2.92,3.65,2.32,1.08,2.71,0.41,3.26,0.84,0.17,1.22,7.57,0.49,5.01,2.15,0.7,11.62,2.59,3.65,5.53,2.26,2.31,2.23,1.61,1.77,0.8,3.17,3.53,1.64,1.2,0.62,1.45,0.46,1.6,0.27,0.19,0.09,0.03
7955,10080,180,Southern Slopes (Tasmania),200,0,0.47,0.3,0.25,0.9,2.49,2.61,0.63,0.08,0.13,0.11,0.48,0.99,0.56,0.07,0.06,0.04,0.07,0.17,1.04,1.21,1.63,1.05,1.39,4.54,0.62,1.32,1.93,0.03,0.86,2.61,2.16,3.78,3.31,2.88,6.43,9.01,12.07,6.15,3.74,2.94,3.66,3.56,2.87,2.46,2.78,2.04,1.16,0.06,0,0,0,0,0,0,0.3
7956,10080,180,Southern Slopes (Tasmania),200,3.94,4.11,4.92,5.07,4.51,3.23,2.47,4.97,2.07,0.46,0.16,3.24,4.66,1.41,1.35,0.45,1.18,1.13,0.2,0.14,1.24,2.25,1.38,0.67,0.3,0.69,0.87,0.58,1.16,0.82,0.45,0.28,0.26,0.11,3.52,1.06,1.38,1.28,1.29,0.39,0.88,1.13,1.54,1.76,1.85,1.28,0.79,0.83,1.78,4.01,4.79,3.84,1.55,1.45,1.44,1.43
7957,10080,180,Southern Slopes (Tasmania),200,2.64,5.57,4.72,5.61,5.5,6.31,7.04,5.9,2.7,1.86,0.58,0.15,0.51,0.61,0.46,0.13,0.35,0.09,0.03,0.16,2.17,0.32,1.04,0.26,1.98,1.72,1.07,0.13,0.77,1.86,1.65,2.26,2.29,3.89,1.98,1.81,0.8,1.25,0.78,0.69,0.83,0.59,0.84,0.69,0.66,0.58,0.81,1.84,3.48,2.67,1.45,1.43,0.03,0.34,0.98,3.14
7958,10080,180,Southern Slopes (Tasmania),200,1,0.41,1.46,0.06,0.7,1.75,0.15,0.07,0.8,1.36,1.67,0.92,0.47,2.62,0.74,3.67,3.89,2.03,1.19,2.37,4.03,8.35,3.86,4.09,2.23,2.77,2.84,2.91,2.09,4.59,0.4,0.46,0.75,0.92,2.7,3.26,3.79,1.36,0.17,0.24,0.05,0.04,0.52,1.58,2.18,2.01,1.17,0.96,1.68,2.56,2.8,1.37,1.86,0.76,1.22,0.1
7959,10080,180,Southern Slopes (Tasmania),500,1.7,0.27,0.34,0.3,0.95,0.58,1.95,1.15,0.3,0.64,0.84,0.12,0.94,1.12,0.38,0.85,0.53,1.09,0.69,1.37,1.06,0.55,0.71,0.69,1.35,2.82,2.97,1.76,0.64,0.55,0.93,0.28,0.69,2.44,3.66,2.86,3.39,5.67,7.83,10.87,9.93,5.38,5.17,0.84,0.82,0.18,0.03,0.48,0.86,0.73,1.27,0.71,1.37,2.17,0.63,1.6
7960,10080,180,Southern Slopes (Tasmania),500,0.12,0.02,0.26,1.48,2.49,3.06,2.78,3.79,1,1.55,1.77,3.1,2.92,2.02,3.58,3.32,5.88,4.22,1.85,3.86,2.44,2.49,2.13,0.54,1.18,1.31,1.59,1.28,1.3,1.68,1.67,0.25,0.58,0.96,0.8,0.96,1.58,1.01,0.1,0.33,0.64,1.33,3.17,2.56,3.55,1.18,1.52,2.88,2.23,2.11,3.9,0.36,0.16,0.14,0.2,0.82
7961,10080,180,Southern Slopes (Tasmania),500,0.52,0.63,1.94,0.99,1.46,0.96,1.36,0.75,1.79,1.2,0.59,0.98,0.46,1.95,3.79,3.8,1.58,0.25,0.81,0.41,0.19,0.32,0.47,1.11,0.7,0.8,0.85,1.28,0.79,3.72,3.43,2.33,5.14,4.63,4.9,1.99,1.81,2.01,3.22,4.55,4.63,6.27,9.07,4.65,0.69,0.13,0.45,0.79,1.31,0.29,0,0,0,0.04,0.02,1.2
7962,10080,180,Southern Slopes (Tasmania),500,0.79,0.32,0.31,0.51,0.79,0.04,0.19,3.99,0.88,0.2,0.96,0.77,0.38,0.72,2.51,0.52,0.67,0.5,5.26,6.72,1.47,0.45,0.29,1.19,0.76,0.76,2.14,2.42,4.4,5.67,2.29,1.11,0.75,1.37,0.52,0.12,0.11,0.43,0.16,1.07,1.25,0.75,1.75,5.18,1.76,2.24,1.46,3.14,2.23,4.1,6.75,1.82,2.58,1.93,5.57,2.98
7963,10080,180,Southern Slopes (Tasmania),500,1.24,0.41,0.16,0.18,0.06,0.09,0.16,0.24,0.35,0.53,0.12,0.18,0.42,0.38,0.38,0.6,1.29,0.77,0.2,0.91,1.27,0.57,0.08,0.44,0.69,1.05,1.99,0.96,0.1,0.71,0.81,2.1,1.91,2.57,1.68,0.62,0.68,1.9,2.83,4.23,2.14,3.36,4.46,4.31,3.07,3.92,5.47,4.71,6.46,6.37,6.91,2.95,3.53,3.52,1.52,1.44
7964,10080,180,Southern Slopes (Tasmania),500,0.65,0.51,0.06,0.1,0.06,0,0.02,0.29,0.28,0.61,0.07,0.3,0.36,0.26,0.25,0.6,1.14,5,2.45,0.45,0.43,2.11,9.53,3.28,2.51,2.46,1.82,1.2,0.9,1.43,1.95,5.94,10.87,3.55,1.71,4.45,2.9,2.25,1.97,4.4,3.63,1.91,1,3.96,2.44,0.88,0.57,1.22,3.45,0.43,0.32,0.42,0.15,0.31,0.09,0.1
7965,10080,180,Southern Slopes (Tasmania),500,1.63,0.98,0.05,0.03,0.02,0.05,1.27,0.67,2.2,0.7,0.6,2.23,1.96,4.75,4.13,6.38,5.25,5.96,4.22,4.42,1.05,0.24,0.49,1.42,1.86,3.08,6.19,2.65,0.72,1.46,0.57,3.46,4.98,2.57,0.19,0.84,0.84,0.76,0.62,1.05,0.67,7.4,3.12,0.24,1.54,0.83,0.17,0.07,0.29,0.18,1.92,0.4,0.39,0.12,0.03,0.09
7966,10080,180,Southern Slopes (Tasmania),500,0.04,0.43,0.26,0.22,0.72,1.97,2.56,2.11,0.52,0.86,0.08,0.4,0.74,0.55,0.44,0.07,0.01,0.03,1,1.16,1.13,1.89,0.94,1.39,3.94,0.57,1.19,1.93,0.01,0.47,1.55,2.21,5.1,3.77,3.3,7.21,9.78,10.61,6.24,4.31,2.86,2.94,2.56,2.11,1.76,2.17,1.79,1.37,0.24,0.01,0.04,0.03,0,0.01,0.04,0.36
7967,10080,180,Southern Slopes (Tasmania),500,0,0.25,1.56,3.44,0.67,0.31,0.09,0.05,1.16,0.99,2.54,2.5,0.41,1.15,1.87,1.37,2.53,1.47,2.33,4.42,1.45,0.76,1.63,1.48,3.85,1.84,0.95,0.85,0.68,0.09,3.54,1.79,1.73,1.49,1.41,1.9,0.98,3.62,0.56,5.34,4.1,3.15,4.64,3.28,2.81,3.77,4.27,1.81,1.26,3.03,0.69,0.99,0.4,0.57,0.01,0.17
7968,10080,180,Southern Slopes (Tasmania),500,2.92,5.35,4.67,5.51,5.21,6.36,7.84,6,2.84,2.11,0.81,0.2,0.43,0.42,0.38,0.13,0.21,0.04,0.05,0.11,1.37,0.18,0.65,0.4,1.6,2.13,0.96,0.12,0.84,2.12,1.48,2.39,2.8,4.19,2.24,1.96,0.92,1.33,0.8,0.67,0.67,0.6,0.79,0.68,0.62,0.62,0.82,1.52,2.87,2.61,1.53,1.51,0.02,0.37,0.91,3.12
7969,10080,180,Southern Slopes (Tasmania),1000,0.51,0.61,2.18,1.05,1.47,0.87,1.14,0.67,1.6,1.1,0.52,1.25,0.39,2.1,4.28,3.96,1.48,0.26,0.96,0.39,0.17,0.33,0.51,1.2,0.7,0.77,0.84,1.38,0.86,4.11,3.72,2.54,5.34,4.61,5.28,2.03,1.69,2.08,3.5,4.51,4.35,4.65,8.07,4.56,0.93,0.16,0.54,0.72,1.14,0.2,0,0,0,0.02,0.02,1.68
7970,10080,180,Southern Slopes (Tasmania),1000,0.03,0.01,0.02,0.73,0.77,0.58,1.16,0.98,0.21,0.22,0.76,0.11,0.25,0.43,0.38,0.38,1.24,0.64,1.22,1.62,0.63,0.07,0.1,2.47,5.36,3.03,0.3,0.06,0.04,0.93,0.11,0.89,0.8,0.78,6.53,6,2.69,2.85,2.98,4.06,1.55,0.96,1.09,0.75,1.68,2.76,3.09,1.75,3.56,4.8,2.14,3.11,2.79,4.49,5.11,7.95
7971,10080,180,Southern Slopes (Tasmania),1000,0.3,0.19,1.03,0.94,1.26,1.7,0.55,0.5,1.02,0.32,0.69,1.16,0.55,0.85,0.37,1.13,0.36,1.13,1.33,0.87,0.61,0.84,1.12,3.01,2.98,1.84,1.4,0.4,1.19,0.21,0.37,2.05,4.65,4.28,4.36,6.2,7.73,9.34,9.83,5.22,4.67,0.86,1.01,0.38,0.06,0.3,1.04,0.88,0.97,0.61,0.39,2.28,0.36,1.13,0.91,0.27
7972,10080,180,Southern Slopes (Tasmania),1000,0.01,0.07,0.17,0.49,0.14,0.16,0.58,0.46,2.31,2.23,2.95,3.77,3.73,2.92,4.12,1.8,3.86,2.83,1.8,2.4,6.54,5.01,2.88,2.81,1.66,1.54,2.05,1.07,0.83,1.23,1.51,1.94,1.92,1.69,1.65,2.4,3.1,2.19,1.6,1.28,1.3,2.61,3.05,2.15,0.89,0.75,1.12,2.91,0.85,2.01,0.26,0,0.09,0.23,0.04,0.04
7973,10080,180,Southern Slopes (Tasmania),1000,2.92,5.45,4.33,5.28,5.19,6.27,7.01,5.24,2.71,2.16,0.69,0.17,0.55,0.54,0.45,0.14,0.32,0.07,0.05,0.13,1.84,0.33,1.02,0.34,1.94,2.35,1.12,0.13,0.83,2.08,1.97,2.56,2.85,3.72,2.1,1.96,0.86,1.33,0.76,0.73,0.84,0.72,0.98,0.76,0.64,0.63,0.8,1.92,2.9,2.4,1.5,1.32,0.02,0.35,0.93,2.8
7974,10080,180,Southern Slopes (Tasmania),1000,0,0.38,1.63,1.27,0.99,0.56,1.17,1.06,0.03,0.35,1.46,1.52,1.61,0.53,2.87,2.22,2.56,3.1,2.6,1.4,2.67,3.51,6.62,4.04,1.22,0.72,0.69,3.18,5.37,4.31,0.55,0.29,0.6,1.07,1.12,2,3.14,2.48,1.56,0.16,0.27,0.14,0.05,0.08,1.22,2.18,1.86,2.23,0.8,1.74,1.84,5.1,2.86,3.63,1.5,1.89
7975,10080,180,Southern Slopes (Tasmania),1000,1.41,3.58,0.45,0.1,0.01,0.09,0.17,0.12,0.57,0.9,0.25,0.53,0.12,0.16,1.11,4.78,2.86,3.64,1.49,2.12,0.98,4.63,0.56,0.92,3.61,0.82,3.04,4.46,3.19,3.04,2.5,3.98,1.41,3.4,1.92,0.24,1.94,0.26,0.13,0.67,0.39,1.16,2.24,0.54,1.02,0.01,0,0.13,0.48,4.02,13.3,7.08,1.98,1.27,0.07,0.15
7976,10080,180,Southern Slopes (Tasmania),1000,4.32,2.3,0.7,0,0.01,0.01,0.26,4.59,1.95,26.69,0.62,0.04,0.01,0,0,0.03,2.6,5.54,0.58,0.1,0.05,0.59,0.65,6.54,0.75,0.1,0.24,0.44,0.08,4.63,9.46,0.46,0.22,0.09,0.84,0.37,0.08,0.8,4.73,0.5,0.23,1.66,0.02,0,0.14,0.86,1.64,0.97,0.04,0.08,0.58,0.01,0.14,6.83,1.9,2.93
7977,10080,180,Southern Slopes (Tasmania),1000,5.26,6.93,2.84,0.36,1.39,0.17,0.07,0.24,1.67,0.99,0.99,2.73,3.03,2.22,0.2,1.37,2.58,5.83,3.18,0.1,0.07,0.03,0.04,3.18,7.95,12.91,7.44,4.88,2.26,1.47,0.16,0.06,2.72,1.84,1.22,1.08,0.11,0.07,0.29,0.59,0.91,0.12,0.45,0.14,0.24,0.06,1.57,0.45,0.57,0.59,0.98,0.97,0.89,0.33,0.49,0.72
7978,10080,180,Southern Slopes (Tasmania),1000,0.95,0.94,0.14,0.2,7.76,6.98,1.71,0.09,1.15,4.72,3.54,6.82,0.33,0.07,0,0.46,0.37,0.1,1.46,0.45,0.02,0,0,0,3.74,2.2,1.1,0,0.05,0.11,0,0.86,6.08,3.63,1.66,1.63,2.46,1.16,0.65,3.54,7.91,9.52,5.91,1.84,1.69,1.8,1.72,1.83,0.59,0.06,0,0,0,0,0,0
7979,10080,180,Southern Slopes (Tasmania),2500,1.7,2.74,1.99,2.04,1.97,0.73,1.47,1.3,0.54,0.22,0.34,1.13,0.55,1.67,1.45,1.35,0.26,0.07,0.62,0.86,4.98,8.02,2.72,2.41,0.14,0.18,2.92,1.24,2.16,0.73,0.95,1.91,0.81,1.47,1.97,2.41,5,3.09,1.47,0.63,4.55,4.13,1.23,1.35,0.39,0.73,0.96,4.7,1.26,3.44,3.45,1.31,1.95,0.55,0.98,0.81
7980,10080,180,Southern Slopes (Tasmania),2500,0.86,0.84,0.43,0.73,0.82,0.99,0.89,1.62,0.92,0.83,0.77,1.16,2.25,4.34,2.64,2.53,0.4,0.96,0.82,0.42,1.42,3.85,3.64,3.09,5.56,7.69,8.69,11.02,5.46,4.47,2.58,0.82,0.43,0.07,0.26,1.02,1.15,1.63,0.79,1.03,3.63,1.97,1.26,2.19,0.64,0.18,0.05,0.12,0.07,0,0,0,0,0,0,0
7981,10080,180,Southern Slopes (Tasmania),2500,1.99,1.21,0.96,0.56,0.35,0.35,0.67,0.14,1.23,2.58,0.7,0.21,0.91,0.99,0.6,0.81,1.86,0.43,0.61,1.37,4.94,5.78,1.12,0.23,0.24,1.07,0.52,0.81,2.49,3.11,4.78,5.28,2.59,2.07,0.77,2.53,0.88,0.29,0.28,0.48,0.29,1.54,1.76,1.03,2.6,4.74,1.41,2.58,1.61,3.19,3.02,4.93,5.21,3.09,1.95,2.26
7982,10080,180,Southern Slopes (Tasmania),2500,1.38,0.23,0.16,0.23,0.06,0.11,0.18,0.15,0.2,0.24,0.03,0.2,0.26,0.2,0.2,0.13,0.51,0.19,0.13,0.57,1.11,0.13,0.03,0.38,0.55,1.01,2.12,1.32,0.17,0.5,0.72,1.64,0.96,1.38,1.16,0.52,0.83,1.9,3.15,5.92,3.27,3.87,3.86,4.6,3.72,4.74,6.4,5.75,7.68,7.43,6.78,3.29,3.24,2.04,1.58,0.89
7983,10080,180,Southern Slopes (Tasmania),2500,0.31,0.7,1.92,1.1,1.26,0.93,1.19,1.2,1.49,1.06,0.68,0.88,0.45,1.69,3.46,3.42,1.17,0.14,0.76,0.39,0.26,0.27,0.94,1.17,0.68,0.51,0.83,0.97,0.77,2.92,3.3,1.72,4,4.13,4.25,1.71,1.45,1.73,2.86,5,4.8,6.69,10.38,8.04,1.68,0.25,0.3,1.42,0.96,0.19,0,0.03,0,0.04,0.66,0.89
7984,10080,180,Southern Slopes (Tasmania),2500,0,0.01,0,1.68,6.53,1.74,1.63,1.14,1.29,1.08,0.73,0.94,1.62,0.98,0.66,1.04,1.49,1.91,2.35,2.6,1.73,1.07,1.24,3.27,2.88,7.65,14.04,8.52,3.36,1.01,2.37,1.5,0.07,0.12,3.27,1.32,0.3,0.48,1.04,0.16,0.16,0.25,6.97,0.64,0.06,1.16,0.21,0.56,2.62,0.84,0.22,0.1,0.67,0.2,0.12,0.4
7985,10080,180,Southern Slopes (Tasmania),2500,1.32,3.17,3.81,3.19,1.41,4.47,3.84,3.58,3.02,2.81,1.63,1.91,0.8,0.73,0.36,0.33,0.88,0.29,0.21,0.4,0.15,0.15,0.4,0.25,1.21,1.71,3.17,1.74,0.5,0.11,0.85,1.11,1.19,0.37,0.51,0.8,0.83,0.6,2.69,4.65,4.76,1.9,3.25,3.14,3.12,2.74,3.86,3.8,2.85,1.15,1.62,3.16,1.79,1.33,0.13,0.25
7986,10080,180,Southern Slopes (Tasmania),2500,1.17,1.58,1.64,1.29,1.33,2.3,3.82,3.87,4.36,5.63,6.24,4.85,4.8,3.61,0.54,0.36,0.78,2.24,2.14,5.32,5.51,1.65,1.7,1.07,2.27,4.14,3.26,0.82,0.65,0.77,0.85,0.97,0.21,1.43,2.88,5.18,0.35,0.57,2.13,0.79,0.05,0.23,0.37,0.75,1.69,0.13,0.62,0,0.18,0.12,0.14,0.05,0.04,0.05,0.19,0.32
7987,10080,180,Southern Slopes (Tasmania),2500,0.11,0.07,0.08,0.17,0.72,0.54,0.87,0.38,0.93,3.04,3.67,3.23,3.7,2.9,4.75,3,1.76,4.27,1.32,2.23,3.3,4.24,4.11,1.66,2.61,3.16,2.19,1.35,0.88,1.63,2.34,2.49,2.28,3.4,2.96,3.41,3.77,3.65,2.11,1.79,1.1,0.28,0.79,0.4,0.74,0.34,0.22,1.47,2.15,0.59,0.76,0.02,0,0.01,0.02,0.04
7988,10080,180,Southern Slopes (Tasmania),2500,0.19,0.26,0.09,0.36,0.91,2.14,1.97,2.9,1.75,0.25,0.33,0.41,0.74,0.59,0.28,0.35,0.01,0.15,1.68,0.85,1.63,1.77,0.48,3.08,1.78,0.15,2.43,0.46,0.02,0.32,0.77,3.25,5.56,7.07,7.11,10.01,7.57,4.54,4.1,3.92,3.18,2.13,2.38,2.02,3.24,1.53,1.58,0.88,0.42,0.01,0.03,0.03,0,0.02,0.15,0.17
7989,10080,180,Southern Slopes (Tasmania),5000,0.69,0.49,0.25,0.21,0.32,0.12,0.92,1.7,0.46,0.17,0.56,0.78,0.41,0.96,1.65,0.42,0.39,0.95,2.87,4.12,0.95,0.13,0.14,0.66,0.34,0.65,1.77,2.38,3.16,5.02,2.66,1.95,0.69,2.79,1.51,0.75,0.53,0.52,0.64,1.8,1.87,1.53,2.25,4.67,2.5,2.9,2.88,3.59,3.71,6.52,5.43,4.2,2.22,2.63,4.57,1.05
7990,10080,180,Southern Slopes (Tasmania),5000,0.09,0.23,1.34,1.11,1.17,0.91,1,1.31,1.2,1.38,1.48,0.83,0.27,0.48,1.9,2.72,2.47,0.12,0.33,0.85,0.43,0.29,0.66,0.94,1.23,0.32,0.5,0.61,0.93,0.99,3.35,2.01,2.02,4.45,3.13,3.48,1.03,1.35,1.93,3.92,4.9,4.6,6.25,10.3,9.28,3.82,1.51,0.71,2.3,0.69,0.07,0,0.01,0,0.02,0.78
7991,10080,180,Southern Slopes (Tasmania),5000,2.42,3.45,4.49,2.91,1.61,3.15,3.79,2.92,2.47,3.86,3.38,4.32,2.26,1.94,1.07,1.44,0.36,0.36,0.16,0.36,0.67,0.1,0.08,0.33,0.04,0.07,0.12,0.18,0.42,1.72,3.29,0.71,0.18,0.13,0.92,0.89,0.2,0.31,0.28,0.38,0.46,0.95,2.92,4.85,3.32,1.88,3.6,3.03,3.96,2.77,3.08,2.95,2.9,0.37,2.14,3.08
7992,10080,180,Southern Slopes (Tasmania),5000,0.09,0.15,0.33,0.66,1.04,0.45,0.78,1.59,3.46,3.26,4.08,3.56,2.85,5.39,1.78,2.84,4.01,1.93,2.75,3.17,5.49,3.21,2.42,2.34,2.61,1.38,1.42,1.03,1.53,2.04,1.41,2.27,2.58,2.35,3.11,4.09,2.54,2.06,1.52,0.7,0.87,1.1,0.84,0.71,0.42,0.67,2.03,1.4,0.68,0.39,0.05,0,0.04,0.11,0.11,0.31
7993,10080,180,Southern Slopes (Tasmania),5000,1.32,2.69,1.71,1.73,5.59,7.73,0.52,0.05,0.18,0.02,0.19,0.92,1.67,0.1,0.01,0.09,0.53,0.24,0.62,0.73,0.84,1.46,0,0,1.21,0.66,4.32,2.39,1.65,5.44,7.91,4.18,0.78,2.02,1.62,1.58,3.31,3.7,4.89,2.32,1.47,3.68,3.19,1.61,1.16,1.14,0.74,0.96,1.28,1.47,1.07,1.22,1.1,0.63,1.31,1.05
7994,10080,180,Southern Slopes (Tasmania),5000,1.14,0.24,0.23,0.42,0.67,0.45,1.17,0.74,0.3,0.45,0.54,0.09,0.51,0.63,0.26,0.63,0.41,1.02,0.62,0.95,0.9,0.75,0.71,0.89,1.91,3.5,3.45,2.5,0.54,0.43,0.97,0.3,0.77,2.33,3.12,3.38,3.97,7,7.69,9.69,7.85,4.01,4.73,5.88,1.72,0.24,0.08,0.45,0.91,1.26,0.8,0.8,1.16,2.15,0.58,1.11
7995,10080,180,Southern Slopes (Tasmania),5000,1.3,0.38,1.39,0.07,0.47,1.24,0.09,0.04,0.57,1.26,1.7,1.24,0.49,3.62,1.38,2.74,3.78,1.5,1.38,2.9,3.7,7.41,2.55,1.45,1.36,1.25,5.78,5.72,2.35,1.27,0.32,0.71,0.91,1.13,3.88,3.93,3.31,0.91,0.19,0.27,0.04,0.04,0.27,1.04,1.69,1.58,1,0.6,1.96,4.15,3.96,2.62,2.98,1.13,0.83,0.17
7996,10080,180,Southern Slopes (Tasmania),5000,0.3,0.91,0.05,0,0.87,0.23,0.4,1.96,0.79,1.12,0.54,0.35,1.48,1.84,0.88,2.36,1.86,3.22,1.42,3.6,9.84,2.96,0.29,3.24,4.6,6.39,6.75,0.59,1.36,1.75,1.03,0.92,3.5,5.21,4.87,1.18,0.37,1.44,0.94,1.4,2.3,1.44,2.5,1.63,0.31,0.79,0.16,0.17,1.66,1.81,2.46,0.55,0.32,0.47,0.18,0.44
7997,10080,180,Southern Slopes (Tasmania),5000,0.89,0.23,1.16,2.47,6.86,3.44,1.09,0.75,0.73,4.8,3.14,1.95,1.17,0.38,0.49,0.43,3.47,2.44,0.6,0.45,0.35,1.2,1.83,0.31,1.88,6.26,7.14,6.74,4.3,4.38,2.7,1.35,0.16,0.31,2.1,2.45,2.14,2.45,3.06,0.14,0.33,0.24,0.02,0.12,0.52,1.08,1.72,0.16,0.97,1.69,1.53,0.88,1.14,1.1,0.15,0.16
7998,10080,180,Southern Slopes (Tasmania),5000,4.34,3.68,0.68,0,0,0,0.27,0.48,3.24,3.14,0.18,0.13,0,0.09,2.03,2.05,3.04,9.4,5.18,1.8,0,0.86,3.04,1.13,3.77,1.05,0.17,0.6,0.16,2.8,2.33,1.53,0.5,0.19,1.55,4.91,1.58,0.66,0.41,7.35,3.13,0.6,0.79,0.39,0.21,0.52,0.6,1.87,1.48,5.04,1.83,0.99,3.32,0.95,2.5,1.46
7999,10080,180,Southern Slopes (Tasmania),10000,0.02,0,0.06,0,0.08,2.27,1.55,1.83,0.95,2.25,1.71,1.27,1.3,1.49,1.15,2.27,2.49,4.52,5.56,6.13,5.42,6.68,5.86,3.12,2.2,5.31,1.28,1.19,0.7,0.61,0.66,0.23,0.42,0.18,0.32,0.54,0.55,0.83,0.55,1.61,0.15,0.1,0.05,0.15,0.17,0.53,0.98,2.75,3.75,10.64,4.51,0.48,0.03,0.15,0.39,0.01
8000,10080,180,Southern Slopes (Tasmania),10000,0.31,0.13,1.14,1.92,0.49,0.2,0.46,0.56,0.29,0.74,1.22,0.4,0.48,0.93,1.86,3.24,0.97,0.12,0.28,0.55,0.21,0.92,2.19,3.64,3.48,4.43,2.39,2.11,0.93,3.12,2.16,1.14,0.5,0.51,0.66,1.69,1.59,1.8,2.42,4.73,2.89,3.02,3.89,3.83,4.19,6.84,5.35,4.57,2.02,2.12,2.94,1.2,0.17,0.04,0.02,0
8001,10080,180,Southern Slopes (Tasmania),10000,0.2,0.57,1.4,1.04,1.29,0.91,1.54,1.01,1.4,1.36,0.79,0.64,0.44,1.32,2.15,2.14,0.68,0.14,0.65,0.52,0.41,0.43,0.87,1.18,0.43,0.32,0.65,0.77,0.64,2.18,2.19,1.25,3.57,3.65,3.33,1.57,1.18,1.44,2.36,4.34,3.96,9.12,11.31,9.83,5.58,2.14,0.44,2.23,0.83,0.26,0,0,0,0.02,0.44,0.89
8002,10080,180,Southern Slopes (Tasmania),10000,0,0.47,1.07,0.92,0.12,0.19,0.57,2.05,4.23,4.32,7.75,5.71,1.82,4.48,3.11,3.99,3.43,2.6,1.01,0.6,0.51,0.37,0.4,0.81,0.68,0.85,2.68,1.54,0.88,1.55,0.86,1.4,1.57,1.47,1.44,2.28,3,0.25,0.02,0,0.84,10.83,3.86,0.41,1.21,1.25,2.6,2.15,1.67,1.19,0.4,1.76,0.36,0.44,0.03,0
8003,10080,180,Southern Slopes (Tasmania),10000,0.04,0.01,0,0.08,1.48,1.67,1.32,1.27,1.56,1.83,2.88,4.71,3.76,4.83,5.47,3.95,5.28,1.46,1.37,1.44,5.17,7.11,5.37,3.35,1.29,0.31,1.69,1.58,0.95,0.73,1.45,1.12,1.09,1.36,1.25,2.03,2.09,1.14,2.45,1.66,0.58,0.44,0.65,0.69,1.71,1.54,0.2,1.31,2.78,2.45,0.02,0,0,0,0.03,0
8004,10080,180,Southern Slopes (Tasmania),10000,2.34,3.29,4.33,2.79,1.75,3,3.76,2.96,2.48,3.73,3.24,4.25,2.36,2.01,1.13,1.49,0.37,0.36,0.16,0.32,0.59,0.14,0.11,0.41,0.05,0.08,0.15,0.17,0.49,1.64,3.17,0.71,0.15,0.14,0.88,0.89,0.25,0.31,0.27,0.36,0.43,0.87,2.8,4.68,3.47,1.86,3.72,3.28,4.44,2.95,2.92,3.01,2.96,0.37,2.2,2.96
8005,10080,180,Southern Slopes (Tasmania),10000,0.4,0.19,0.11,0.03,0.01,1.02,2.36,0.12,0.01,0.01,0.03,0.33,1.33,1.79,1.91,1.16,2.03,2.48,3.36,3.65,4.38,6.12,5.65,4.06,4.93,1.28,0.72,0.46,1.67,1.95,2.61,5.78,4.12,1.7,3.47,1.23,2.96,3.26,2.52,1.08,0.66,1.06,0.99,0.58,0.42,1.29,3.88,2.32,0.24,1.31,1.89,0.62,0.47,0.26,0.43,1.3
8006,10080,180,Southern Slopes (Tasmania),10000,4.61,1.86,0.91,0.24,0.15,0.27,0.47,1.5,2.76,1.9,2.17,7.36,5.33,0.18,0.15,0.08,0,0.32,1.31,0.97,0.05,0.04,0.4,0.23,0.36,0.26,0.9,1.31,0.6,0.01,0.01,1.33,2.32,3.77,1.87,2.42,6.08,9.84,4.63,0.33,1.87,1.51,1.89,2.96,4.26,3.73,1.42,2.35,2.92,2.42,1.09,0.91,0.74,0.68,0.88,1.07
8007,10080,180,Southern Slopes (Tasmania),10000,8.9,0.21,0.09,0,0,0.05,0,0.05,4.4,2.29,2.7,0.35,0.52,0.88,2.21,0.33,0.76,0.68,0.09,4.98,5.81,4.93,0.71,0.16,0.16,0.22,0.31,1.11,2.6,2.48,0.99,0.78,0.79,0.57,0.33,0.91,2.14,2.84,1.31,1.76,1.42,1.39,0.76,1.72,2.32,3.01,3.77,3.12,3.53,1.97,2.45,3.58,4.37,3.66,2.05,0.48
8008,10080,180,Southern Slopes (Tasmania),10000,0.14,1.58,4.38,3.16,1.81,0.5,1.24,1.04,1.37,1.85,1.76,1.38,1.81,0.9,3,3.41,1.65,1.09,1.88,3.58,6.07,3.48,3.49,2.35,1.56,1.33,1.21,0.44,3.24,3.02,1.65,1.44,2.47,4.78,2.45,1.43,2.92,1.97,3.01,1.95,0.58,1.65,1.39,1.09,1.51,0.72,0.78,0.45,1.54,1.16,0.12,0.04,0,0,0.33,0.85
8009,10080,180,Southern Slopes (Tasmania),20000,0.03,0,0.05,0.02,0.1,2.28,1.49,1.72,1,2.16,2.08,1.26,1.16,1.46,1.23,2.23,2.79,4.46,5.72,5.77,5.24,6.42,5.91,3.3,2.24,4.88,1.2,1.06,0.94,0.73,0.79,0.41,0.49,0.22,0.39,0.5,0.52,0.83,0.65,1.39,0.18,0.1,0.07,0.15,0.16,0.54,0.96,2.81,3.8,10.17,4.95,0.48,0.03,0.12,0.35,0.01
8010,10080,180,Southern Slopes (Tasmania),20000,0.56,0.81,0.44,0.88,0.05,2.06,0.55,0.4,0.36,0.51,0.77,0.37,1.29,0.95,0.51,0.16,1.13,2.21,2.81,0.42,0.18,0.25,0.58,0.6,1.59,2.01,4.8,3.2,3.44,1.34,1.24,0.86,1.81,1.74,1.42,0.46,0.44,0.8,1.33,1.27,1.6,3.62,5.46,3.63,3.81,3.17,3.29,4.44,5.99,5.64,3.87,2.12,2.6,2.32,1.49,0.35
8011,10080,180,Southern Slopes (Tasmania),20000,0.07,0.08,0.11,0.51,0.63,0.63,1.45,0.67,1.68,2.92,3.23,2.72,4.4,3.27,3.57,4.58,2.1,2.63,2.23,5.74,3.87,3.87,3.56,1.43,1.92,2.14,1.72,0.76,0.63,0.84,1.3,1.61,1.11,1.72,2.14,2,2.55,2.93,1.73,1.7,1.69,1.18,1.31,1.74,0.41,1.22,3.15,4.34,1.69,0.24,0.24,0,0,0,0.01,0.03
8012,10080,180,Southern Slopes (Tasmania),20000,0.2,0.75,0.7,0.8,1.12,1.81,1.85,3.28,2.74,3.4,4.28,3.38,1.59,2.06,3.47,0.65,0.83,1.93,3.4,1.61,1.31,2.18,0.62,1.01,1.95,2.66,3.86,2.44,2.06,3,3.34,2.81,2.36,3.86,3.11,4.25,2.89,2.48,1.64,1.74,0.53,0.54,0.28,0.32,0.52,0.29,0.19,0.63,0.14,0.15,0.35,0.26,0.86,1.69,2.89,0.94
8013,10080,180,Southern Slopes (Tasmania),20000,0.27,0.25,0.33,0.09,0.01,0.95,1.94,1.36,0.05,0.01,0.02,0.12,0.61,1.86,1.84,1.75,1.91,1.97,3.14,3.23,3.95,5.58,6.12,4.79,3.78,2.97,0.82,0.42,1.47,2.67,2.41,4.21,4.66,2.11,2.78,2.1,2.1,3.06,2.6,1.7,0.55,0.88,1.27,0.85,0.26,1.26,2.45,2.93,0.41,1,2.61,1.31,0.72,0.35,0.53,0.61
8014,10080,180,Southern Slopes (Tasmania),20000,0.21,0.76,0.55,0.42,0.24,0.53,0.47,0.01,0.31,1.23,1.25,1.43,2.59,2.7,1.25,1.97,2.68,2.41,1.07,1.73,3.37,6.61,6,3.78,3.03,2.47,3.25,6.17,3.88,3.05,0.68,0.34,0.58,0.85,3.87,5.34,3.4,2.32,0.38,0.25,0.13,0.06,0.06,0.65,1.57,1.03,1.03,0.4,1.2,1.28,3.32,1.62,2.05,1.01,0.83,0.33
8015,10080,180,Southern Slopes (Tasmania),20000,1.16,0.73,0.26,0.25,0.95,1.72,0.68,0.41,0.6,1.7,0.63,0.98,1.35,0.35,0.71,0.76,1.55,3.07,5.61,7.49,7.8,6.49,7.14,4.91,7.92,2.62,1.97,1.54,1.71,1.03,1.17,0.55,0.82,0.66,0.11,0.49,0.2,0.31,1,1.91,2.16,2.31,2.38,1.83,0.59,0.13,1.35,1.79,0.18,0.13,0.59,1.02,0.87,0.74,1.1,1.52
8016,10080,180,Southern Slopes (Tasmania),20000,0.18,0.68,0.24,4.24,0.95,0,0.21,0.78,1.18,2.25,2.59,2.59,2.47,1.2,0.97,0.99,1.37,1.92,3.23,3.39,0.62,0.4,0.34,1.83,1.2,1,2.85,3.13,1.89,3.72,5.25,5.97,1.45,0.77,1.25,1.26,2.21,1.13,0.88,0.58,0.71,0.56,1.13,3.6,1.23,3.4,0.96,1.24,2.42,3.31,1.78,4.99,2.77,0.85,0.86,1.03
8017,10080,180,Southern Slopes (Tasmania),20000,0.38,0,0.01,4.5,1.56,0.71,0.33,0,0.99,1.84,1.24,1.15,0.83,0.6,0.42,0.08,0.29,0.45,0.3,2.76,5.08,1.4,2.43,0.25,0.53,0.44,0.72,1.42,3.46,1.78,2.38,0.74,1.84,0.45,1.68,3.85,8.73,9.94,3.47,3.86,2.33,5.19,0.23,0.6,2.9,2.6,2.69,1.3,0.83,0.63,0.04,0.1,0.08,1.07,4.02,2.5
8018,10080,180,Southern Slopes (Tasmania),20000,3.27,6.61,0.34,0,0,0.1,0,0.07,8.46,0.22,0.24,1.25,7.1,1.87,0.04,0.02,6.49,0.07,1.37,0.57,0.01,0.05,0.47,2.03,12.8,3.67,0.66,0.12,0,0.01,0.05,2.17,1.26,7.78,2.94,0.65,0.04,0,0,1.93,5.38,5.5,1.05,0.23,1.27,2.16,1.03,0.41,0.86,5.89,1.16,0.05,0,0,0.01,0.27
8019,10080,180,Southern Slopes (Tasmania),40000,0.12,0.34,1.43,1.24,2.25,1.25,2.19,2.76,2.35,2.07,3.38,2.79,3.02,4.3,2.88,3.62,3.46,4.67,5.61,4.77,3.83,1.54,1.87,1.46,1.53,0.83,0.84,0.93,0.96,1.26,0.91,1.12,1.58,1.31,1.78,1.96,1.09,0.94,0.63,0.54,0.93,1.29,0.7,0.99,2.12,3.56,4.17,2.9,1.16,0.32,0.03,0.03,0.05,0.04,0.17,0.13
