Event ID,Region,Region (source),Burst Duration (min),Burst Loading,Original Burst Depth (mm),AEP Window,AEP (source) (%),Burst Start Date,Burst End Date,DB Event Reference No.,DB Pluviograph Reference No.,Offical Gauge,Lat,Long
6551,Southern Slopes (Tasmania),Southern Slopes (Tasmania),10,1,8.47,frequent,14.7077,9/10/2005 15:20,9/10/2005 15:25,10623,827,qcd_0159_129,-42.56,145.68
6552,Southern Slopes (Tasmania),Southern Slopes (Tasmania),10,1,9.13,frequent,15.0387,11/13/2000 17:50,11/13/2000 17:55,7611,818,qcd_0137_129,-41.81,145.97
6553,Southern Slopes (Tasmania),Southern Slopes (Tasmania),10,1,11.63,frequent,15.0854,3/2/1985 4:20,3/2/1985 4:25,55938,712,qcd_091079,-41.0867,145.5517
6555,Southern Slopes (Tasmania),Southern Slopes (Tasmania),10,2,5.8,frequent,54.3578,12/19/2003 14:30,12/19/2003 14:35,11175,832,qcd_0168_129,-42.2145,147.7808
6556,Southern Slopes (Tasmania),Southern Slopes (Tasmania),10,3,7.82,frequent,14.5875,7/23/1966 12:40,7/23/1966 12:45,56524,741,qcd_096014,-42.2539,146.62
6557,Southern Slopes (Tasmania),Southern Slopes (Tasmania),10,3,8.31,frequent,14.6125,2/23/1966 18:25,2/23/1966 18:30,48358,713,qcd_091104,-41.5397,147.2033
6558,Southern Slopes (Tasmania),Southern Slopes (Tasmania),10,1,2.44,frequent,99.9834,1/28/1995 13:20,1/28/1995 13:25,56144,713,qcd_091104,-41.5397,147.2033
6561,Southern Slopes (Tasmania),Southern Slopes (Tasmania),10,3,4,frequent,93.1744,8/4/2009 3:25,8/4/2009 3:30,57089,747,qcd_097053,-42.7681,146.0461
6565,Southern Slopes (Tasmania),Southern Slopes (Tasmania),10,3,6.02,frequent,58.5424,2/5/1994 12:45,2/5/1994 12:50,828,763,qcd_0010_129,-41.6138,145.1622
6566,Southern Slopes (Tasmania),Southern Slopes (Tasmania),10,3,7,frequent,47.1984,2/21/1968 0:50,2/21/1968 0:55,56797,745,qcd_097008,-42.0661,145.5681
6533,Southern Slopes (Tasmania),Southern Slopes (Tasmania),10,1,8.4,intermediate,13.8391,10/26/1999 14:55,10/26/1999 15:00,56257,736,qcd_094157,-43.1639,147.8333
6534,Southern Slopes (Tasmania),Southern Slopes (Tasmania),10,1,10.87,intermediate,5.2053,12/27/1991 18:25,12/27/1991 18:30,11121,829,qcd_0162_129,-41.8157,147.5671
6538,Southern Slopes (Tasmania),Southern Slopes (Tasmania),10,1,10.26,intermediate,6.0166,4/10/1978 21:15,4/10/1978 21:20,54196,713,qcd_091104,-41.5397,147.2033
6539,Southern Slopes (Tasmania),Southern Slopes (Tasmania),10,3,15.8,intermediate,5.7865,5/18/2007 8:35,5/18/2007 8:40,10607,828,qcd_0161_129,-41.5186,147.9858
6542,Southern Slopes (Tasmania),Southern Slopes (Tasmania),10,3,13.94,intermediate,7.9032,1/15/1977 18:20,1/15/1977 18:25,55918,712,qcd_091079,-41.0867,145.5517
6543,Southern Slopes (Tasmania),Southern Slopes (Tasmania),10,3,12.2,intermediate,9.0314,2/22/2007 16:20,2/22/2007 16:25,4711,800,qcd_0081_129,-41.6804,146.38
6546,Southern Slopes (Tasmania),Southern Slopes (Tasmania),10,3,9.7,intermediate,8.4849,4/1/1994 13:45,4/1/1994 13:50,11109,829,qcd_0162_129,-41.8157,147.5671
6547,Southern Slopes (Tasmania),Southern Slopes (Tasmania),10,3,8.8,intermediate,11.1454,12/20/2001 16:30,12/20/2001 16:35,5446,802,qcd_0093_129,-41.75,147.12
6548,Southern Slopes (Tasmania),Southern Slopes (Tasmania),10,1,11.2,intermediate,11.4639,10/29/2011 12:35,10/29/2011 12:40,57099,748,qcd_098000,-40.0092,144.1111
6550,Southern Slopes (Tasmania),Southern Slopes (Tasmania),10,3,12.4,intermediate,7.7583,4/5/2006 14:05,4/5/2006 14:10,57097,748,qcd_098000,-40.0092,144.1111
6511,Southern Slopes (Tasmania),Southern Slopes (Tasmania),10,1,12.68,rare,2.9165,3/10/1976 2:45,3/10/1976 2:50,56800,745,qcd_097008,-42.0661,145.5681
6512,Southern Slopes (Tasmania),Southern Slopes (Tasmania),10,1,18.6,rare,0.6133,1/29/1999 2:25,1/29/1999 2:30,5420,801,qcd_0091_129,-41.8702,145.6197
6513,Southern Slopes (Tasmania),Southern Slopes (Tasmania),10,1,17.8,rare,0.2864,9/18/2002 4:55,9/18/2002 5:00,11534,834,qcd_0172_129,-42.6905,146.707
6515,Southern Slopes (Tasmania),Southern Slopes (Tasmania),10,3,11.8,rare,2.6983,2/4/2008 20:30,2/4/2008 20:35,57007,747,qcd_097053,-42.7681,146.0461
6517,Southern Slopes (Tasmania),Southern Slopes (Tasmania),10,3,12.4,rare,2.4283,2/16/2007 16:35,2/16/2007 16:40,1803,771,qcd_0021_129,-42.3838,147
6520,Southern Slopes (Tasmania),Southern Slopes (Tasmania),10,3,17.4,rare,0.4804,2/4/2008 8:55,2/4/2008 9:00,5499,802,qcd_0093_129,-41.75,147.12
6522,Southern Slopes (Tasmania),Southern Slopes (Tasmania),10,1,14.6,rare,1.1431,3/2/1999 20:55,3/2/1999 21:00,1796,771,qcd_0021_129,-42.3838,147
6523,Southern Slopes (Tasmania),Southern Slopes (Tasmania),10,3,20,rare,1.8639,5/26/2008 18:00,5/26/2008 18:05,55637,708,qcd_091009,-41.0661,145.9431
6526,Southern Slopes (Tasmania),Southern Slopes (Tasmania),10,1,22.44,rare,0.997,11/19/1987 20:35,11/19/1987 20:40,55939,712,qcd_091079,-41.0867,145.5517
6531,Southern Slopes (Tasmania),Southern Slopes (Tasmania),10,1,16.6,rare,1.5582,3/8/2010 9:50,3/8/2010 9:55,55588,707,qcd_091000,-41.5211,146.7158
6599,Southern Slopes (Tasmania),Southern Slopes (Tasmania),15,1,11.12,frequent,14.8829,2/5/2008 15:45,2/5/2008 15:55,11153,830,qcd_0163_129,-41.7091,145.2637
6600,Southern Slopes (Tasmania),Southern Slopes (Tasmania),15,1,10.2,frequent,15.1269,11/3/2005 0:35,11/3/2005 0:45,11111,829,qcd_0162_129,-41.8157,147.5671
6601,Southern Slopes (Tasmania),Southern Slopes (Tasmania),15,1,10,frequent,21.1292,3/17/2001 4:05,3/17/2001 4:15,11184,832,qcd_0168_129,-42.2145,147.7808
6602,Southern Slopes (Tasmania),Southern Slopes (Tasmania),15,2,10.12,frequent,14.9,12/18/1991 16:35,12/18/1991 16:45,56055,713,qcd_091104,-41.5397,147.2033
6603,Southern Slopes (Tasmania),Southern Slopes (Tasmania),15,2,14.22,frequent,15.2898,5/12/1957 18:30,5/12/1957 18:40,55607,708,qcd_091009,-41.0661,145.9431
6604,Southern Slopes (Tasmania),Southern Slopes (Tasmania),15,2,9.37,frequent,15.6939,1/18/1981 21:30,1/18/1981 21:40,56393,739,qcd_095018,-42.3003,146.4486
6605,Southern Slopes (Tasmania),Southern Slopes (Tasmania),15,2,12.4,frequent,15.7845,1/7/2001 17:00,1/7/2001 17:10,7124,809,qcd_0112_129,-41.6509,146.6145
6607,Southern Slopes (Tasmania),Southern Slopes (Tasmania),15,2,10.8,frequent,16.071,4/18/2007 6:05,4/18/2007 6:15,834,763,qcd_0010_129,-41.6138,145.1622
6608,Southern Slopes (Tasmania),Southern Slopes (Tasmania),15,3,14,frequent,15.348,3/27/1982 18:00,3/27/1982 18:10,55934,712,qcd_091079,-41.0867,145.5517
6610,Southern Slopes (Tasmania),Southern Slopes (Tasmania),15,3,9.87,frequent,16.902,6/20/1993 11:15,6/20/1993 11:25,2213,778,qcd_0033_129,-41.9383,146.2618
6448,Southern Slopes (Tasmania),Southern Slopes (Tasmania),15,2,11.8,intermediate,7.7329,9/10/2005 20:15,9/10/2005 20:25,56303,736,qcd_094157,-43.1639,147.8333
6544,Southern Slopes (Tasmania),Southern Slopes (Tasmania),15,2,15.6,intermediate,7.1436,2/22/2007 16:15,2/22/2007 16:25,4711,800,qcd_0081_129,-41.6804,146.38
6549,Southern Slopes (Tasmania),Southern Slopes (Tasmania),15,1,13.6,intermediate,11.4525,10/29/2011 12:35,10/29/2011 12:45,57099,748,qcd_098000,-40.0092,144.1111
6584,Southern Slopes (Tasmania),Southern Slopes (Tasmania),15,1,11,intermediate,8.7601,11/8/2005 11:35,11/8/2005 11:45,56884,747,qcd_097053,-42.7681,146.0461
6585,Southern Slopes (Tasmania),Southern Slopes (Tasmania),15,1,11.57,intermediate,13.66,10/2/1986 1:05,10/2/1986 1:15,56960,746,qcd_097047,-41.4892,145.2083
6586,Southern Slopes (Tasmania),Southern Slopes (Tasmania),15,2,16.2,intermediate,10.6613,1/25/1998 15:55,1/25/1998 16:05,57149,749,qcd_099014,-40.0194,148.1825
6595,Southern Slopes (Tasmania),Southern Slopes (Tasmania),15,2,10.47,intermediate,10.4315,1/25/1971 18:25,1/25/1971 18:35,56534,741,qcd_096014,-42.2539,146.62
6596,Southern Slopes (Tasmania),Southern Slopes (Tasmania),15,2,11.4,intermediate,13.8338,11/24/2001 14:20,11/24/2001 14:30,56805,745,qcd_097008,-42.0661,145.5681
6597,Southern Slopes (Tasmania),Southern Slopes (Tasmania),15,3,11.4,intermediate,7.5852,12/2/2010 16:20,12/2/2010 16:30,56391,739,qcd_095018,-42.3003,146.4486
6598,Southern Slopes (Tasmania),Southern Slopes (Tasmania),15,3,12.8,intermediate,5.3716,1/26/2005 16:50,1/26/2005 17:00,56267,736,qcd_094157,-43.1639,147.8333
6514,Southern Slopes (Tasmania),Southern Slopes (Tasmania),15,2,22.91,rare,0.2168,9/18/2002 4:50,9/18/2002 5:00,11534,834,qcd_0172_129,-42.6905,146.707
6516,Southern Slopes (Tasmania),Southern Slopes (Tasmania),15,2,16.2,rare,1.4275,2/4/2008 20:30,2/4/2008 20:40,57007,747,qcd_097053,-42.7681,146.0461
6524,Southern Slopes (Tasmania),Southern Slopes (Tasmania),15,2,26.4,rare,1.3312,5/26/2008 18:00,5/26/2008 18:10,55637,708,qcd_091009,-41.0661,145.9431
6532,Southern Slopes (Tasmania),Southern Slopes (Tasmania),15,2,23.8,rare,0.7518,3/8/2010 9:45,3/8/2010 9:55,55588,707,qcd_091000,-41.5211,146.7158
6567,Southern Slopes (Tasmania),Southern Slopes (Tasmania),15,1,20.6,rare,1.846,11/16/2000 19:15,11/16/2000 19:25,7116,809,qcd_0112_129,-41.6509,146.6145
6568,Southern Slopes (Tasmania),Southern Slopes (Tasmania),15,1,13.8,rare,2.8992,7/11/2008 4:45,7/11/2008 4:55,921,766,qcd_0015_129,-42.2769,146.274
6574,Southern Slopes (Tasmania),Southern Slopes (Tasmania),15,2,15.82,rare,2.485,11/29/1978 12:45,11/29/1978 12:55,56815,745,qcd_097008,-42.0661,145.5681
6577,Southern Slopes (Tasmania),Southern Slopes (Tasmania),15,2,20.31,rare,1.7887,10/19/2000 12:00,10/19/2000 12:10,2154,777,qcd_0031_129,-41.1984,145.1181
6578,Southern Slopes (Tasmania),Southern Slopes (Tasmania),15,2,17.2,rare,2.6071,3/26/1996 16:05,3/26/1996 16:15,5425,801,qcd_0091_129,-41.8702,145.6197
6583,Southern Slopes (Tasmania),Southern Slopes (Tasmania),15,2,15.69,rare,2.755,2/14/1955 13:00,2/14/1955 13:10,55820,711,qcd_091049,-41.4264,147.1275
6642,Southern Slopes (Tasmania),Southern Slopes (Tasmania),20,1,11.61,frequent,15.0993,1/29/1995 20:20,1/29/1995 20:35,56076,713,qcd_091104,-41.5397,147.2033
6643,Southern Slopes (Tasmania),Southern Slopes (Tasmania),20,1,12.48,frequent,24.3993,2/6/1996 13:50,2/6/1996 14:05,1104,768,qcd_0017_129,-42.0691,145.6057
6645,Southern Slopes (Tasmania),Southern Slopes (Tasmania),20,1,11.12,frequent,27.5784,7/17/1979 0:00,7/17/1979 0:15,56970,746,qcd_097047,-41.4892,145.2083
6649,Southern Slopes (Tasmania),Southern Slopes (Tasmania),20,2,16.55,frequent,14.7959,6/1/1947 21:15,6/1/1947 21:30,55626,708,qcd_091009,-41.0661,145.9431
6651,Southern Slopes (Tasmania),Southern Slopes (Tasmania),20,2,14.9,frequent,14.8007,9/4/1964 1:50,9/4/1964 2:05,55743,709,qcd_091033,-41.3203,146.7378
6654,Southern Slopes (Tasmania),Southern Slopes (Tasmania),20,2,11.4,frequent,14.8606,2/13/1999 5:25,2/13/1999 5:40,56323,737,qcd_094163,-43.0156,147.3275
6656,Southern Slopes (Tasmania),Southern Slopes (Tasmania),20,2,11.59,frequent,15.1983,10/26/1963 3:15,10/26/1963 3:30,56049,713,qcd_091104,-41.5397,147.2033
6658,Southern Slopes (Tasmania),Southern Slopes (Tasmania),20,2,13.5,frequent,16.5204,2/6/1999 15:15,2/6/1999 15:30,1125,768,qcd_0017_129,-42.0691,145.6057
6661,Southern Slopes (Tasmania),Southern Slopes (Tasmania),20,3,16.21,frequent,14.8851,3/24/1977 1:25,3/24/1977 1:40,55946,712,qcd_091079,-41.0867,145.5517
6662,Southern Slopes (Tasmania),Southern Slopes (Tasmania),20,3,16.2,frequent,15.8315,11/2/2005 22:10,11/2/2005 22:25,55636,708,qcd_091009,-41.0661,145.9431
6606,Southern Slopes (Tasmania),Southern Slopes (Tasmania),20,2,15,intermediate,13.2943,1/7/2001 16:55,1/7/2001 17:10,7124,809,qcd_0112_129,-41.6509,146.6145
6609,Southern Slopes (Tasmania),Southern Slopes (Tasmania),20,3,16.57,intermediate,13.8346,3/27/1982 17:55,3/27/1982 18:10,55934,712,qcd_091079,-41.0867,145.5517
6627,Southern Slopes (Tasmania),Southern Slopes (Tasmania),20,1,12.73,intermediate,12.5299,2/12/1945 7:15,2/12/1945 7:30,55852,711,qcd_091049,-41.4264,147.1275
6628,Southern Slopes (Tasmania),Southern Slopes (Tasmania),20,1,20.2,intermediate,4.2691,11/19/2000 17:45,11/19/2000 18:00,4708,800,qcd_0081_129,-41.6804,146.38
6630,Southern Slopes (Tasmania),Southern Slopes (Tasmania),20,1,12.34,intermediate,14.156,10/1/1956 17:40,10/1/1956 17:55,55830,711,qcd_091049,-41.4264,147.1275
6632,Southern Slopes (Tasmania),Southern Slopes (Tasmania),20,2,14.4,intermediate,6.178,1/16/2010 18:55,1/16/2010 19:10,55936,737,qcd_094163,-43.0156,147.3275
6633,Southern Slopes (Tasmania),Southern Slopes (Tasmania),20,2,16.6,intermediate,5.8663,11/11/2000 13:20,11/11/2000 13:35,5427,801,qcd_0091_129,-41.8702,145.6197
6634,Southern Slopes (Tasmania),Southern Slopes (Tasmania),20,2,11.6,intermediate,12.3365,12/3/2010 14:50,12/3/2010 15:05,57020,747,qcd_097053,-42.7681,146.0461
6638,Southern Slopes (Tasmania),Southern Slopes (Tasmania),20,2,16.8,intermediate,8.0438,4/28/2007 12:55,4/28/2007 13:10,57106,748,qcd_098000,-40.0092,144.1111
6640,Southern Slopes (Tasmania),Southern Slopes (Tasmania),20,3,22.55,intermediate,4.1949,2/25/1993 22:40,2/25/1993 22:55,55928,712,qcd_091079,-41.0867,145.5517
6518,Southern Slopes (Tasmania),Southern Slopes (Tasmania),20,2,21.4,rare,0.9071,2/16/2007 16:35,2/16/2007 16:50,1803,771,qcd_0021_129,-42.3838,147
6525,Southern Slopes (Tasmania),Southern Slopes (Tasmania),20,1,30.2,rare,1.2934,5/26/2008 18:00,5/26/2008 18:15,55637,708,qcd_091009,-41.0661,145.9431
6540,Southern Slopes (Tasmania),Southern Slopes (Tasmania),20,2,26.8,rare,2.4831,5/18/2007 8:25,5/18/2007 8:40,10607,828,qcd_0161_129,-41.5186,147.9858
6569,Southern Slopes (Tasmania),Southern Slopes (Tasmania),20,2,17.8,rare,1.6344,7/11/2008 4:45,7/11/2008 5:00,921,766,qcd_0015_129,-42.2769,146.274
6575,Southern Slopes (Tasmania),Southern Slopes (Tasmania),20,2,21.88,rare,0.791,11/29/1978 12:40,11/29/1978 12:55,56815,745,qcd_097008,-42.0661,145.5681
6579,Southern Slopes (Tasmania),Southern Slopes (Tasmania),20,2,20,rare,2.253,3/26/1996 16:00,3/26/1996 16:15,5425,801,qcd_0091_129,-41.8702,145.6197
6611,Southern Slopes (Tasmania),Southern Slopes (Tasmania),20,2,17.6,rare,2.7311,4/8/2003 7:35,4/8/2003 7:50,11116,829,qcd_0162_129,-41.8157,147.5671
6613,Southern Slopes (Tasmania),Southern Slopes (Tasmania),20,2,21.2,rare,1.7576,2/22/2007 19:15,2/22/2007 19:30,179,757,qcd_0003_129,-41.8182,145.802
6618,Southern Slopes (Tasmania),Southern Slopes (Tasmania),20,2,23,rare,1.6094,4/12/2003 11:20,4/12/2003 11:35,55593,707,qcd_091000,-41.5211,146.7158
6625,Southern Slopes (Tasmania),Southern Slopes (Tasmania),20,2,21.28,rare,2.5859,11/11/2000 17:20,11/11/2000 17:35,2174,777,qcd_0031_129,-41.1984,145.1181
6646,Southern Slopes (Tasmania),Southern Slopes (Tasmania),25,1,13.05,frequent,20.7266,7/17/1979 0:00,7/17/1979 0:20,56970,746,qcd_097047,-41.4892,145.2083
6650,Southern Slopes (Tasmania),Southern Slopes (Tasmania),25,2,18.33,frequent,14.5645,6/1/1947 21:15,6/1/1947 21:35,55626,708,qcd_091009,-41.0661,145.9431
6659,Southern Slopes (Tasmania),Southern Slopes (Tasmania),25,2,14.98,frequent,15.6407,2/6/1999 15:15,2/6/1999 15:35,1125,768,qcd_0017_129,-42.0691,145.6057
6682,Southern Slopes (Tasmania),Southern Slopes (Tasmania),25,1,13.11,frequent,20.3075,9/11/1979 9:20,9/11/1979 9:40,56978,746,qcd_097047,-41.4892,145.2083
6683,Southern Slopes (Tasmania),Southern Slopes (Tasmania),25,1,11.96,frequent,21.8079,6/9/1995 21:20,6/9/1995 21:40,10637,827,qcd_0159_129,-42.56,145.68
6684,Southern Slopes (Tasmania),Southern Slopes (Tasmania),25,2,14.24,frequent,14.4665,2/18/1990 10:35,2/18/1990 10:55,984,767,qcd_0016_129,-42.1289,145.84
6685,Southern Slopes (Tasmania),Southern Slopes (Tasmania),25,2,14.8,frequent,15.173,1/28/2002 7:40,1/28/2002 8:00,5428,801,qcd_0091_129,-41.8702,145.6197
6686,Southern Slopes (Tasmania),Southern Slopes (Tasmania),25,2,14.6,frequent,15.3825,11/3/2005 0:45,11/3/2005 1:05,185,757,qcd_0003_129,-41.8182,145.802
6690,Southern Slopes (Tasmania),Southern Slopes (Tasmania),25,3,13.2,frequent,17.0241,3/31/2000 15:55,3/31/2000 16:15,11208,832,qcd_0168_129,-42.2145,147.7808
6691,Southern Slopes (Tasmania),Southern Slopes (Tasmania),25,3,11.53,frequent,17.2801,11/21/1992 16:25,11/21/1992 16:45,56398,739,qcd_095018,-42.3003,146.4486
6587,Southern Slopes (Tasmania),Southern Slopes (Tasmania),25,3,23,intermediate,6.4659,1/25/1998 15:45,1/25/1998 16:05,57149,749,qcd_099014,-40.0194,148.1825
6631,Southern Slopes (Tasmania),Southern Slopes (Tasmania),25,1,16.66,intermediate,5.9567,10/1/1956 17:40,10/1/1956 18:00,55830,711,qcd_091049,-41.4264,147.1275
6635,Southern Slopes (Tasmania),Southern Slopes (Tasmania),25,1,13.2,intermediate,10.5544,12/3/2010 14:55,12/3/2010 15:15,57020,747,qcd_097053,-42.7681,146.0461
6639,Southern Slopes (Tasmania),Southern Slopes (Tasmania),25,2,19.6,intermediate,5.9049,4/28/2007 12:50,4/28/2007 13:10,57106,748,qcd_098000,-40.0092,144.1111
6657,Southern Slopes (Tasmania),Southern Slopes (Tasmania),25,1,13.1,intermediate,13.7689,10/26/1963 3:15,10/26/1963 3:35,56049,713,qcd_091104,-41.5397,147.2033
6673,Southern Slopes (Tasmania),Southern Slopes (Tasmania),25,2,14,intermediate,9.4681,10/28/2001 17:10,10/28/2001 17:30,56268,736,qcd_094157,-43.1639,147.8333
6675,Southern Slopes (Tasmania),Southern Slopes (Tasmania),25,2,14.26,intermediate,13.8681,7/15/1968 3:15,7/15/1968 3:35,56824,745,qcd_097008,-42.0661,145.5681
6677,Southern Slopes (Tasmania),Southern Slopes (Tasmania),25,2,15.56,intermediate,4.7852,1/28/2004 3:40,1/28/2004 4:00,10641,827,qcd_0159_129,-42.56,145.68
6678,Southern Slopes (Tasmania),Southern Slopes (Tasmania),25,2,14.95,intermediate,9.5972,1/21/1936 14:05,1/21/1936 14:25,55835,711,qcd_091049,-41.4264,147.1275
6681,Southern Slopes (Tasmania),Southern Slopes (Tasmania),25,3,14.57,intermediate,10.6963,2/1/1954 4:35,2/1/1954 4:55,55829,711,qcd_091049,-41.4264,147.1275
6527,Southern Slopes (Tasmania),Southern Slopes (Tasmania),25,2,39.13,rare,0.5212,11/19/1987 20:15,11/19/1987 20:35,55939,712,qcd_091079,-41.0867,145.5517
6570,Southern Slopes (Tasmania),Southern Slopes (Tasmania),25,2,20.8,rare,1.1857,7/11/2008 4:45,7/11/2008 5:05,921,766,qcd_0015_129,-42.2769,146.274
6576,Southern Slopes (Tasmania),Southern Slopes (Tasmania),25,2,24.05,rare,0.7549,11/29/1978 12:35,11/29/1978 12:55,56815,745,qcd_097008,-42.0661,145.5681
6580,Southern Slopes (Tasmania),Southern Slopes (Tasmania),25,2,23.6,rare,1.4598,3/26/1996 15:55,3/26/1996 16:15,5425,801,qcd_0091_129,-41.8702,145.6197
6612,Southern Slopes (Tasmania),Southern Slopes (Tasmania),25,1,19.6,rare,2.493,4/8/2003 7:40,4/8/2003 8:00,11116,829,qcd_0162_129,-41.8157,147.5671
6641,Southern Slopes (Tasmania),Southern Slopes (Tasmania),25,3,26.3,rare,3.1958,2/25/1993 22:35,2/25/1993 22:55,55928,712,qcd_091079,-41.0867,145.5517
6663,Southern Slopes (Tasmania),Southern Slopes (Tasmania),25,1,21.2,rare,1.6826,1/5/2001 16:05,1/5/2001 16:25,11113,829,qcd_0162_129,-41.8157,147.5671
6664,Southern Slopes (Tasmania),Southern Slopes (Tasmania),25,1,26.6,rare,2.4177,4/8/2005 13:05,4/8/2005 13:25,8235,820,qcd_0144_129,-41.3143,146.0538
6670,Southern Slopes (Tasmania),Southern Slopes (Tasmania),25,2,24,rare,1.4573,10/4/2002 15:40,10/4/2002 16:00,176,757,qcd_0003_129,-41.8182,145.802
6671,Southern Slopes (Tasmania),Southern Slopes (Tasmania),25,2,26.47,rare,1.7565,11/11/1964 22:40,11/11/1964 23:00,55735,709,qcd_091033,-41.3203,146.7378
6647,Southern Slopes (Tasmania),Southern Slopes (Tasmania),30,1,14.76,frequent,16.3018,7/17/1979 0:00,7/17/1979 0:25,56970,746,qcd_097047,-41.4892,145.2083
6687,Southern Slopes (Tasmania),Southern Slopes (Tasmania),30,2,15.8,frequent,14.8634,11/3/2005 0:45,11/3/2005 1:10,185,757,qcd_0003_129,-41.8182,145.802
6711,Southern Slopes (Tasmania),Southern Slopes (Tasmania),30,1,14.4,frequent,15.9809,1/7/2002 5:50,1/7/2002 6:15,11200,832,qcd_0168_129,-42.2145,147.7808
6713,Southern Slopes (Tasmania),Southern Slopes (Tasmania),30,1,13.4,frequent,16.7005,2/2/2004 16:20,2/2/2004 16:45,56057,713,qcd_091104,-41.5397,147.2033
6714,Southern Slopes (Tasmania),Southern Slopes (Tasmania),30,2,19.2,frequent,14.7169,4/11/1989 15:30,4/11/1989 15:55,55950,712,qcd_091079,-41.0867,145.5517
6716,Southern Slopes (Tasmania),Southern Slopes (Tasmania),30,2,12.89,frequent,14.8049,2/6/1972 17:55,2/6/1972 18:20,56527,741,qcd_096014,-42.2539,146.62
6717,Southern Slopes (Tasmania),Southern Slopes (Tasmania),30,2,12.7,frequent,15.5756,11/20/1975 14:10,11/20/1975 14:35,56539,741,qcd_096014,-42.2539,146.62
6718,Southern Slopes (Tasmania),Southern Slopes (Tasmania),30,2,14.91,frequent,15.5987,7/15/1968 3:05,7/15/1968 3:30,56809,745,qcd_097008,-42.0661,145.5681
6719,Southern Slopes (Tasmania),Southern Slopes (Tasmania),30,3,13.6,frequent,15.634,1/17/2007 18:10,1/17/2007 18:35,3615,792,qcd_0060_129,-42.1468,147.1719
6720,Southern Slopes (Tasmania),Southern Slopes (Tasmania),30,3,17.38,frequent,22.6027,7/14/1955 0:25,7/14/1955 0:50,55639,708,qcd_091009,-41.0661,145.9431
6535,Southern Slopes (Tasmania),Southern Slopes (Tasmania),30,1,18.77,intermediate,4.2359,12/27/1991 18:20,12/27/1991 18:45,11121,829,qcd_0162_129,-41.8157,147.5671
6545,Southern Slopes (Tasmania),Southern Slopes (Tasmania),30,2,24.4,intermediate,3.8532,2/22/2007 16:15,2/22/2007 16:40,4711,800,qcd_0081_129,-41.6804,146.38
6588,Southern Slopes (Tasmania),Southern Slopes (Tasmania),30,3,27,intermediate,4.2986,1/25/1998 15:40,1/25/1998 16:05,57149,749,qcd_099014,-40.0194,148.1825
6674,Southern Slopes (Tasmania),Southern Slopes (Tasmania),30,2,15.8,intermediate,7.534,10/28/2001 17:05,10/28/2001 17:30,56268,736,qcd_094157,-43.1639,147.8333
6698,Southern Slopes (Tasmania),Southern Slopes (Tasmania),30,1,16.03,intermediate,9.6972,2/17/1939 8:50,2/17/1939 9:15,55879,711,qcd_091049,-41.4264,147.1275
6703,Southern Slopes (Tasmania),Southern Slopes (Tasmania),30,1,18.14,intermediate,5.5806,3/20/1951 16:25,3/20/1951 16:50,55839,711,qcd_091049,-41.4264,147.1275
6704,Southern Slopes (Tasmania),Southern Slopes (Tasmania),30,2,17.65,intermediate,5.3345,2/6/1999 14:45,2/6/1999 15:10,2737,784,qcd_0041_129,-42.3555,145.6504
6707,Southern Slopes (Tasmania),Southern Slopes (Tasmania),30,2,17.4,intermediate,10.0622,2/23/1999 12:00,2/23/1999 12:25,56733,744,qcd_097006,-41.9933,145.5725
6709,Southern Slopes (Tasmania),Southern Slopes (Tasmania),30,2,25.66,intermediate,3.5492,1/31/2004 15:15,1/31/2004 15:40,9370,823,qcd_0151_129,-41.2141,145.3204
6710,Southern Slopes (Tasmania),Southern Slopes (Tasmania),30,3,20.29,intermediate,12.1367,12/16/1985 3:20,12/16/1985 3:45,55926,712,qcd_091079,-41.0867,145.5517
6528,Southern Slopes (Tasmania),Southern Slopes (Tasmania),30,2,49,rare,0.2258,11/19/1987 20:10,11/19/1987 20:35,55939,712,qcd_091079,-41.0867,145.5517
6541,Southern Slopes (Tasmania),Southern Slopes (Tasmania),30,2,35.8,rare,1.2776,5/18/2007 8:20,5/18/2007 8:45,10607,828,qcd_0161_129,-41.5186,147.9858
6571,Southern Slopes (Tasmania),Southern Slopes (Tasmania),30,2,24.6,rare,0.7288,7/11/2008 4:35,7/11/2008 5:00,921,766,qcd_0015_129,-42.2769,146.274
6581,Southern Slopes (Tasmania),Southern Slopes (Tasmania),30,3,25.8,rare,1.2684,3/26/1996 15:50,3/26/1996 16:15,5425,801,qcd_0091_129,-41.8702,145.6197
6614,Southern Slopes (Tasmania),Southern Slopes (Tasmania),30,2,26.6,rare,1.1933,2/22/2007 19:05,2/22/2007 19:30,179,757,qcd_0003_129,-41.8182,145.802
6619,Southern Slopes (Tasmania),Southern Slopes (Tasmania),30,2,28.6,rare,1.1836,4/12/2003 11:10,4/12/2003 11:35,55593,707,qcd_091000,-41.5211,146.7158
6665,Southern Slopes (Tasmania),Southern Slopes (Tasmania),30,2,30.08,rare,1.8452,4/8/2005 13:00,4/8/2005 13:25,8235,820,qcd_0144_129,-41.3143,146.0538
6672,Southern Slopes (Tasmania),Southern Slopes (Tasmania),30,2,28.71,rare,1.6579,11/11/1964 22:40,11/11/1964 23:05,55735,709,qcd_091033,-41.3203,146.7378
6692,Southern Slopes (Tasmania),Southern Slopes (Tasmania),30,2,22.8,rare,1.5406,2/7/1999 6:55,2/7/1999 7:20,56331,737,qcd_094163,-43.0156,147.3275
6696,Southern Slopes (Tasmania),Southern Slopes (Tasmania),30,2,30.25,rare,1.3067,2/25/1993 23:25,2/25/1993 23:50,6671,805,qcd_0105_129,-41.2845,145.7557
6727,Southern Slopes (Tasmania),Southern Slopes (Tasmania),45,1,17.31,frequent,15.2577,12/18/1974 11:50,12/18/1974 12:30,11197,832,qcd_0168_129,-42.2145,147.7808
6728,Southern Slopes (Tasmania),Southern Slopes (Tasmania),45,1,22.25,frequent,16.6845,4/9/1978 14:20,4/9/1978 15:00,55947,712,qcd_091079,-41.0867,145.5517
6730,Southern Slopes (Tasmania),Southern Slopes (Tasmania),45,1,15.2,frequent,18.4815,11/19/2000 18:20,11/19/2000 19:00,5489,802,qcd_0093_129,-41.75,147.12
6732,Southern Slopes (Tasmania),Southern Slopes (Tasmania),45,2,16.2,frequent,15.6365,4/14/2006 16:10,4/14/2006 16:50,56079,713,qcd_091104,-41.5397,147.2033
6734,Southern Slopes (Tasmania),Southern Slopes (Tasmania),45,2,15.34,frequent,15.699,12/27/1959 15:20,12/27/1959 16:00,56629,742,qcd_096015,-42.1,146.2167
6736,Southern Slopes (Tasmania),Southern Slopes (Tasmania),45,2,20.27,frequent,16.4456,12/27/1991 18:05,12/27/1991 18:45,7122,809,qcd_0112_129,-41.6509,146.6145
6738,Southern Slopes (Tasmania),Southern Slopes (Tasmania),45,2,16.71,frequent,16.5126,1/15/1938 8:00,1/15/1938 8:40,55845,711,qcd_091049,-41.4264,147.1275
6741,Southern Slopes (Tasmania),Southern Slopes (Tasmania),45,2,18.4,frequent,16.8002,2/25/2006 14:50,2/25/2006 15:30,178,757,qcd_0003_129,-41.8182,145.802
6742,Southern Slopes (Tasmania),Southern Slopes (Tasmania),45,3,17.2,frequent,16.8346,5/1/1990 13:10,5/1/1990 13:50,2675,784,qcd_0041_129,-42.3555,145.6504
6744,Southern Slopes (Tasmania),Southern Slopes (Tasmania),45,3,16.89,frequent,20.3121,11/19/1987 22:40,11/19/1987 23:20,56862,745,qcd_097008,-42.0661,145.5681
6536,Southern Slopes (Tasmania),Southern Slopes (Tasmania),45,1,22.9,intermediate,3.2784,12/27/1991 18:20,12/27/1991 19:00,11121,829,qcd_0162_129,-41.8157,147.5671
6554,Southern Slopes (Tasmania),Southern Slopes (Tasmania),45,3,25,intermediate,10.8514,3/2/1985 3:45,3/2/1985 4:25,55938,712,qcd_091079,-41.0867,145.5517
6636,Southern Slopes (Tasmania),Southern Slopes (Tasmania),45,2,18.4,intermediate,7.6353,12/3/2010 14:45,12/3/2010 15:25,57020,747,qcd_097053,-42.7681,146.0461
6655,Southern Slopes (Tasmania),Southern Slopes (Tasmania),45,2,18.8,intermediate,8.2963,2/13/1999 5:10,2/13/1999 5:50,56323,737,qcd_094163,-43.0156,147.3275
6708,Southern Slopes (Tasmania),Southern Slopes (Tasmania),45,1,22.8,intermediate,5.9047,2/23/1999 12:00,2/23/1999 12:40,56733,744,qcd_097006,-41.9933,145.5725
6712,Southern Slopes (Tasmania),Southern Slopes (Tasmania),45,2,20.2,intermediate,7.899,1/7/2002 5:50,1/7/2002 6:30,11200,832,qcd_0168_129,-42.2145,147.7808
6722,Southern Slopes (Tasmania),Southern Slopes (Tasmania),45,1,19.79,intermediate,9.7826,2/22/2007 17:10,2/22/2007 17:50,7616,818,qcd_0137_129,-41.81,145.97
6723,Southern Slopes (Tasmania),Southern Slopes (Tasmania),45,2,22.2,intermediate,6.8434,8/13/2005 0:00,8/13/2005 0:40,56738,744,qcd_097006,-41.9933,145.5725
6724,Southern Slopes (Tasmania),Southern Slopes (Tasmania),45,2,15.97,intermediate,12.9691,3/8/1982 8:15,3/8/1982 8:55,56547,741,qcd_096014,-42.2539,146.62
6725,Southern Slopes (Tasmania),Southern Slopes (Tasmania),45,3,17.27,intermediate,11.9343,3/20/1951 16:20,3/20/1951 17:00,56059,713,qcd_091104,-41.5397,147.2033
6529,Southern Slopes (Tasmania),Southern Slopes (Tasmania),45,2,67.59,rare,0.0835,11/19/1987 20:00,11/19/1987 20:40,55939,712,qcd_091079,-41.0867,145.5517
6572,Southern Slopes (Tasmania),Southern Slopes (Tasmania),45,2,29.4,rare,0.6261,7/11/2008 4:25,7/11/2008 5:05,921,766,qcd_0015_129,-42.2769,146.274
6582,Southern Slopes (Tasmania),Southern Slopes (Tasmania),45,2,32.2,rare,0.8199,3/26/1996 15:45,3/26/1996 16:25,5425,801,qcd_0091_129,-41.8702,145.6197
6589,Southern Slopes (Tasmania),Southern Slopes (Tasmania),45,2,35.6,rare,2.2871,1/25/1998 15:35,1/25/1998 16:15,57149,749,qcd_099014,-40.0194,148.1825
6615,Southern Slopes (Tasmania),Southern Slopes (Tasmania),45,3,36.2,rare,0.533,2/22/2007 18:50,2/22/2007 19:30,179,757,qcd_0003_129,-41.8182,145.802
6620,Southern Slopes (Tasmania),Southern Slopes (Tasmania),45,1,36.8,rare,0.7549,4/12/2003 11:20,4/12/2003 12:00,55593,707,qcd_091000,-41.5211,146.7158
6666,Southern Slopes (Tasmania),Southern Slopes (Tasmania),45,1,35.72,rare,1.764,4/8/2005 13:00,4/8/2005 13:40,8235,820,qcd_0144_129,-41.3143,146.0538
6679,Southern Slopes (Tasmania),Southern Slopes (Tasmania),45,3,24.29,rare,2.8534,1/21/1936 13:40,1/21/1936 14:20,55835,711,qcd_091049,-41.4264,147.1275
6697,Southern Slopes (Tasmania),Southern Slopes (Tasmania),45,2,37.07,rare,0.934,2/25/1993 23:20,2/26/1993 0:00,6671,805,qcd_0105_129,-41.2845,145.7557
6721,Southern Slopes (Tasmania),Southern Slopes (Tasmania),45,1,24.2,rare,2.44,2/23/1999 16:55,2/23/1999 17:35,11118,829,qcd_0162_129,-41.8157,147.5671
6731,Southern Slopes (Tasmania),Southern Slopes (Tasmania),60,1,17.4,frequent,16.6424,11/19/2000 18:10,11/19/2000 19:05,5489,802,qcd_0093_129,-41.75,147.12
6737,Southern Slopes (Tasmania),Southern Slopes (Tasmania),60,2,22.82,frequent,16.2996,12/27/1991 17:55,12/27/1991 18:50,7122,809,qcd_0112_129,-41.6509,146.6145
6739,Southern Slopes (Tasmania),Southern Slopes (Tasmania),60,2,19.15,frequent,14.6598,1/15/1938 7:50,1/15/1938 8:45,55845,711,qcd_091049,-41.4264,147.1275
6745,Southern Slopes (Tasmania),Southern Slopes (Tasmania),60,3,19.94,frequent,15.3165,11/19/1987 22:25,11/19/1987 23:20,56862,745,qcd_097008,-42.0661,145.5681
6757,Southern Slopes (Tasmania),Southern Slopes (Tasmania),60,1,20,frequent,15.9109,3/16/1996 6:05,3/16/1996 7:00,1039,767,qcd_0016_129,-42.1289,145.84
6761,Southern Slopes (Tasmania),Southern Slopes (Tasmania),60,1,18.89,frequent,17.8003,1/15/1977 18:10,1/15/1977 19:05,56963,746,qcd_097047,-41.4892,145.2083
6762,Southern Slopes (Tasmania),Southern Slopes (Tasmania),60,2,19.4,frequent,14.7641,2/3/2005 9:00,2/3/2005 9:55,11216,832,qcd_0168_129,-42.2145,147.7808
6764,Southern Slopes (Tasmania),Southern Slopes (Tasmania),60,2,24.4,frequent,15.6979,10/22/2005 9:30,10/22/2005 10:25,4760,800,qcd_0081_129,-41.6804,146.38
6766,Southern Slopes (Tasmania),Southern Slopes (Tasmania),60,2,17.8,frequent,15.8026,1/21/2007 14:15,1/21/2007 15:10,56334,737,qcd_094163,-43.0156,147.3275
6767,Southern Slopes (Tasmania),Southern Slopes (Tasmania),60,3,18.97,frequent,15.2455,2/2/1938 12:20,2/2/1938 13:15,55892,711,qcd_091049,-41.4264,147.1275
6637,Southern Slopes (Tasmania),Southern Slopes (Tasmania),60,1,20.8,intermediate,7.363,12/3/2010 14:45,12/3/2010 15:40,57020,747,qcd_097053,-42.7681,146.0461
6644,Southern Slopes (Tasmania),Southern Slopes (Tasmania),60,2,23.32,intermediate,10.0783,2/6/1996 13:35,2/6/1996 14:30,1104,768,qcd_0017_129,-42.0691,145.6057
6676,Southern Slopes (Tasmania),Southern Slopes (Tasmania),60,1,23.42,intermediate,6.1617,7/15/1968 3:05,7/15/1968 4:00,56824,745,qcd_097008,-42.0661,145.5681
6726,Southern Slopes (Tasmania),Southern Slopes (Tasmania),60,3,20.27,intermediate,9.206,3/20/1951 16:10,3/20/1951 17:05,56059,713,qcd_091104,-41.5397,147.2033
6747,Southern Slopes (Tasmania),Southern Slopes (Tasmania),60,1,24.2,intermediate,5.2572,2/9/1997 18:45,2/9/1997 19:40,11198,832,qcd_0168_129,-42.2145,147.7808
6748,Southern Slopes (Tasmania),Southern Slopes (Tasmania),60,2,32.01,intermediate,3.9441,9/2/1964 8:05,9/2/1964 9:00,55736,709,qcd_091033,-41.3203,146.7378
6751,Southern Slopes (Tasmania),Southern Slopes (Tasmania),60,2,21.19,intermediate,11.0129,6/19/1974 9:35,6/19/1974 10:30,56890,745,qcd_097008,-42.0661,145.5681
6752,Southern Slopes (Tasmania),Southern Slopes (Tasmania),60,2,23.88,intermediate,5.4621,1/14/1976 13:15,1/14/1976 14:10,56838,745,qcd_097008,-42.0661,145.5681
6754,Southern Slopes (Tasmania),Southern Slopes (Tasmania),60,2,16.42,intermediate,13.9474,12/26/1998 14:30,12/26/1998 15:25,11571,834,qcd_0172_129,-42.6905,146.707
6756,Southern Slopes (Tasmania),Southern Slopes (Tasmania),60,3,23.4,intermediate,5.5961,11/3/2005 1:40,11/3/2005 2:35,2219,778,qcd_0033_129,-41.9383,146.2618
6519,Southern Slopes (Tasmania),Southern Slopes (Tasmania),60,1,44.6,rare,0.1143,2/16/2007 16:35,2/16/2007 17:30,1803,771,qcd_0021_129,-42.3838,147
6530,Southern Slopes (Tasmania),Southern Slopes (Tasmania),60,2,76.42,rare,0.069,11/19/1987 19:50,11/19/1987 20:45,55939,712,qcd_091079,-41.0867,145.5517
6573,Southern Slopes (Tasmania),Southern Slopes (Tasmania),60,3,34.2,rare,0.4617,7/11/2008 4:10,7/11/2008 5:05,921,766,qcd_0015_129,-42.2769,146.274
6590,Southern Slopes (Tasmania),Southern Slopes (Tasmania),60,2,39.4,rare,2.1576,1/25/1998 15:35,1/25/1998 16:30,57149,749,qcd_099014,-40.0194,148.1825
6616,Southern Slopes (Tasmania),Southern Slopes (Tasmania),60,2,44.8,rare,0.2568,2/22/2007 18:40,2/22/2007 19:35,179,757,qcd_0003_129,-41.8182,145.802
6621,Southern Slopes (Tasmania),Southern Slopes (Tasmania),60,1,44.8,rare,0.4848,4/12/2003 11:10,4/12/2003 12:05,55593,707,qcd_091000,-41.5211,146.7158
6629,Southern Slopes (Tasmania),Southern Slopes (Tasmania),60,1,42.2,rare,1.016,11/19/2000 17:40,11/19/2000 18:35,4708,800,qcd_0081_129,-41.6804,146.38
6667,Southern Slopes (Tasmania),Southern Slopes (Tasmania),60,1,41.54,rare,1.3206,4/8/2005 13:00,4/8/2005 13:55,8235,820,qcd_0144_129,-41.3143,146.0538
6680,Southern Slopes (Tasmania),Southern Slopes (Tasmania),60,2,27.84,rare,2.2299,1/21/1936 13:35,1/21/1936 14:30,55835,711,qcd_091049,-41.4264,147.1275
6746,Southern Slopes (Tasmania),Southern Slopes (Tasmania),60,2,28.36,rare,3.1563,11/12/2000 18:20,11/12/2000 19:15,1108,768,qcd_0017_129,-42.0691,145.6057
6778,Southern Slopes (Tasmania),Southern Slopes (Tasmania),90,1,19.68,frequent,15.9112,4/11/1978 15:20,4/11/1978 16:45,56693,743,qcd_096044,-42.1025,146.7544
6781,Southern Slopes (Tasmania),Southern Slopes (Tasmania),90,1,23.75,frequent,16.5775,5/24/1987 10:45,5/24/1987 12:10,56855,745,qcd_097008,-42.0661,145.5681
6784,Southern Slopes (Tasmania),Southern Slopes (Tasmania),90,1,30.4,frequent,19.2264,4/5/1999 12:15,4/5/1999 13:40,10937,828,qcd_0161_129,-41.5186,147.9858
6785,Southern Slopes (Tasmania),Southern Slopes (Tasmania),90,2,23.54,frequent,14.6063,1/9/1972 21:25,1/9/1972 22:50,11205,832,qcd_0168_129,-42.2145,147.7808
6787,Southern Slopes (Tasmania),Southern Slopes (Tasmania),90,2,30.91,frequent,15.1785,5/26/2008 14:40,5/26/2008 16:05,8227,820,qcd_0144_129,-41.3143,146.0538
6788,Southern Slopes (Tasmania),Southern Slopes (Tasmania),90,2,31.14,frequent,15.5014,1/20/1995 9:10,1/20/1995 10:35,4737,800,qcd_0081_129,-41.6804,146.38
6790,Southern Slopes (Tasmania),Southern Slopes (Tasmania),90,2,21.14,frequent,15.5735,1/25/1969 14:30,1/25/1969 15:55,56086,713,qcd_091104,-41.5397,147.2033
6792,Southern Slopes (Tasmania),Southern Slopes (Tasmania),90,2,24.51,frequent,15.7249,2/7/1999 2:35,2/7/1999 4:00,1026,767,qcd_0016_129,-42.1289,145.84
6796,Southern Slopes (Tasmania),Southern Slopes (Tasmania),90,3,25,frequent,16.7906,6/28/2004 10:55,6/28/2004 12:20,5455,801,qcd_0091_129,-41.8702,145.6197
6802,Southern Slopes (Tasmania),Southern Slopes (Tasmania),90,3,28.07,frequent,16.9533,9/15/1964 19:40,9/15/1964 21:05,55741,709,qcd_091033,-41.3203,146.7378
6729,Southern Slopes (Tasmania),Southern Slopes (Tasmania),90,1,37.13,intermediate,6.7175,4/9/1978 14:15,4/9/1978 15:40,55947,712,qcd_091079,-41.0867,145.5517
6740,Southern Slopes (Tasmania),Southern Slopes (Tasmania),90,2,25.6,intermediate,7.7615,1/15/1938 8:00,1/15/1938 9:25,55845,711,qcd_091049,-41.4264,147.1275
6743,Southern Slopes (Tasmania),Southern Slopes (Tasmania),90,2,24.8,intermediate,12.8903,4/28/1990 18:35,4/28/1990 20:00,2675,784,qcd_0041_129,-42.3555,145.6504
6763,Southern Slopes (Tasmania),Southern Slopes (Tasmania),90,1,24.6,intermediate,11.9896,2/3/2005 9:05,2/3/2005 10:30,11216,832,qcd_0168_129,-42.2145,147.7808
6765,Southern Slopes (Tasmania),Southern Slopes (Tasmania),90,3,33,intermediate,11.8663,10/22/2005 8:45,10/22/2005 10:10,4760,800,qcd_0081_129,-41.6804,146.38
6770,Southern Slopes (Tasmania),Southern Slopes (Tasmania),90,1,27.64,intermediate,3.7859,2/22/1964 18:20,2/22/1964 19:45,56084,713,qcd_091104,-41.5397,147.2033
6773,Southern Slopes (Tasmania),Southern Slopes (Tasmania),90,2,31.66,intermediate,13.7944,7/3/1982 8:20,7/3/1982 9:45,55942,712,qcd_091079,-41.0867,145.5517
6774,Southern Slopes (Tasmania),Southern Slopes (Tasmania),90,2,33.89,intermediate,11.2822,3/27/1977 4:35,3/27/1977 6:00,55654,708,qcd_091009,-41.0661,145.9431
6775,Southern Slopes (Tasmania),Southern Slopes (Tasmania),90,2,36.2,intermediate,7.5086,1/27/2004 20:20,1/27/2004 21:45,4779,800,qcd_0081_129,-41.6804,146.38
6776,Southern Slopes (Tasmania),Southern Slopes (Tasmania),90,3,21.94,intermediate,11.311,4/18/1986 3:00,4/18/1986 4:25,56561,741,qcd_096014,-42.2539,146.62
6521,Southern Slopes (Tasmania),Southern Slopes (Tasmania),90,1,41.4,rare,0.3669,2/4/2008 8:55,2/4/2008 10:20,5499,802,qcd_0093_129,-41.75,147.12
6591,Southern Slopes (Tasmania),Southern Slopes (Tasmania),90,3,45.8,rare,2.0381,1/25/1998 14:50,1/25/1998 16:15,57149,749,qcd_099014,-40.0194,148.1825
6617,Southern Slopes (Tasmania),Southern Slopes (Tasmania),90,2,61,rare,0.0938,2/22/2007 18:10,2/22/2007 19:35,179,757,qcd_0003_129,-41.8182,145.802
6668,Southern Slopes (Tasmania),Southern Slopes (Tasmania),90,1,55.88,rare,0.6868,4/8/2005 13:00,4/8/2005 14:25,8235,820,qcd_0144_129,-41.3143,146.0538
6688,Southern Slopes (Tasmania),Southern Slopes (Tasmania),90,1,34.8,rare,2.6579,11/3/2005 0:50,11/3/2005 2:15,185,757,qcd_0003_129,-41.8182,145.802
6693,Southern Slopes (Tasmania),Southern Slopes (Tasmania),90,2,39.2,rare,0.8263,2/7/1999 6:35,2/7/1999 8:00,56331,737,qcd_094163,-43.0156,147.3275
6699,Southern Slopes (Tasmania),Southern Slopes (Tasmania),90,2,33.87,rare,1.4651,2/17/1939 8:25,2/17/1939 9:50,55879,711,qcd_091049,-41.4264,147.1275
6749,Southern Slopes (Tasmania),Southern Slopes (Tasmania),90,2,39.74,rare,3.0352,9/2/1964 8:00,9/2/1964 9:25,55736,709,qcd_091033,-41.3203,146.7378
6768,Southern Slopes (Tasmania),Southern Slopes (Tasmania),90,2,29.38,rare,3.0915,12/27/1999 15:05,12/27/1999 16:30,10648,827,qcd_0159_129,-42.56,145.68
6769,Southern Slopes (Tasmania),Southern Slopes (Tasmania),90,1,31.76,rare,2.4063,4/17/1989 12:30,4/17/1989 13:55,2674,784,qcd_0041_129,-42.3555,145.6504
6733,Southern Slopes (Tasmania),Southern Slopes (Tasmania),120,1,23.4,frequent,15.3927,4/14/2006 16:05,4/14/2006 18:00,56079,713,qcd_091104,-41.5397,147.2033
6791,Southern Slopes (Tasmania),Southern Slopes (Tasmania),120,3,23.58,frequent,14.8451,1/25/1969 14:00,1/25/1969 15:55,56086,713,qcd_091104,-41.5397,147.2033
6810,Southern Slopes (Tasmania),Southern Slopes (Tasmania),120,1,23.64,frequent,14.6665,12/28/1970 4:00,12/28/1970 5:55,56139,713,qcd_091104,-41.5397,147.2033
6813,Southern Slopes (Tasmania),Southern Slopes (Tasmania),120,1,26.8,frequent,14.7358,7/1/2006 14:35,7/1/2006 16:30,57110,748,qcd_098000,-40.0092,144.1111
6814,Southern Slopes (Tasmania),Southern Slopes (Tasmania),120,2,36,frequent,15.2381,6/11/2005 8:35,6/11/2005 10:30,4780,800,qcd_0081_129,-41.6804,146.38
6816,Southern Slopes (Tasmania),Southern Slopes (Tasmania),120,2,25,frequent,15.2437,10/12/2001 7:40,10/12/2001 9:35,56332,737,qcd_094163,-43.0156,147.3275
6817,Southern Slopes (Tasmania),Southern Slopes (Tasmania),120,2,26.96,frequent,15.5829,4/28/1990 19:35,4/28/1990 21:30,56856,745,qcd_097008,-42.0661,145.5681
6818,Southern Slopes (Tasmania),Southern Slopes (Tasmania),120,2,35.8,frequent,15.638,9/28/2005 21:10,9/28/2005 23:05,4739,800,qcd_0081_129,-41.6804,146.38
6821,Southern Slopes (Tasmania),Southern Slopes (Tasmania),120,2,25.74,frequent,15.7001,8/10/2007 9:20,8/10/2007 11:15,11167,830,qcd_0163_129,-41.7091,145.2637
6823,Southern Slopes (Tasmania),Southern Slopes (Tasmania),120,3,30.27,frequent,18.2081,11/4/1991 5:40,11/4/1991 7:35,7170,810,qcd_0114_129,-41.3973,146.4946
6648,Southern Slopes (Tasmania),Southern Slopes (Tasmania),120,1,27.73,intermediate,10.094,7/16/1979 23:55,7/17/1979 1:50,56970,746,qcd_097047,-41.4892,145.2083
6705,Southern Slopes (Tasmania),Southern Slopes (Tasmania),120,1,33.56,intermediate,3.8165,2/6/1999 14:45,2/6/1999 16:40,2737,784,qcd_0041_129,-42.3555,145.6504
6782,Southern Slopes (Tasmania),Southern Slopes (Tasmania),120,2,29.13,intermediate,9.7261,5/24/1987 10:15,5/24/1987 12:10,56855,745,qcd_097008,-42.0661,145.5681
6786,Southern Slopes (Tasmania),Southern Slopes (Tasmania),120,2,28.02,intermediate,11.1197,1/9/1972 21:15,1/9/1972 23:10,11205,832,qcd_0168_129,-42.2145,147.7808
6789,Southern Slopes (Tasmania),Southern Slopes (Tasmania),120,2,39.21,intermediate,9.9807,1/20/1995 9:00,1/20/1995 10:55,4737,800,qcd_0081_129,-41.6804,146.38
6797,Southern Slopes (Tasmania),Southern Slopes (Tasmania),120,3,32,intermediate,8.1652,6/28/2004 10:25,6/28/2004 12:20,5455,801,qcd_0091_129,-41.8702,145.6197
6804,Southern Slopes (Tasmania),Southern Slopes (Tasmania),120,1,29,intermediate,6.4341,6/15/2002 7:50,6/15/2002 9:45,56290,736,qcd_094157,-43.1639,147.8333
6806,Southern Slopes (Tasmania),Southern Slopes (Tasmania),120,2,25.4,intermediate,10.2309,1/7/2002 2:55,1/7/2002 4:50,56078,713,qcd_091104,-41.5397,147.2033
6807,Southern Slopes (Tasmania),Southern Slopes (Tasmania),120,2,26.71,intermediate,12.3885,7/1/1979 19:50,7/1/1979 21:45,56993,746,qcd_097047,-41.4892,145.2083
6809,Southern Slopes (Tasmania),Southern Slopes (Tasmania),120,3,24.2,intermediate,12.0601,3/17/2001 2:25,3/17/2001 4:20,308,759,qcd_0005_129,-42.2395,146.4938
6537,Southern Slopes (Tasmania),Southern Slopes (Tasmania),120,3,32.27,rare,2.7239,12/27/1991 17:15,12/27/1991 19:10,11121,829,qcd_0162_129,-41.8157,147.5671
6592,Southern Slopes (Tasmania),Southern Slopes (Tasmania),120,3,52.8,rare,1.4494,1/25/1998 14:45,1/25/1998 16:40,57149,749,qcd_099014,-40.0194,148.1825
6622,Southern Slopes (Tasmania),Southern Slopes (Tasmania),120,3,65.6,rare,0.2323,4/12/2003 10:05,4/12/2003 12:00,55593,707,qcd_091000,-41.5211,146.7158
6669,Southern Slopes (Tasmania),Southern Slopes (Tasmania),120,2,79.01,rare,0.1932,4/8/2005 13:00,4/8/2005 14:55,8235,820,qcd_0144_129,-41.3143,146.0538
6689,Southern Slopes (Tasmania),Southern Slopes (Tasmania),120,2,40.4,rare,1.9207,11/3/2005 0:30,11/3/2005 2:25,185,757,qcd_0003_129,-41.8182,145.802
6694,Southern Slopes (Tasmania),Southern Slopes (Tasmania),120,1,44.4,rare,0.7585,2/7/1999 6:35,2/7/1999 8:30,56331,737,qcd_094163,-43.0156,147.3275
6700,Southern Slopes (Tasmania),Southern Slopes (Tasmania),120,2,37.78,rare,1.1848,2/17/1939 8:00,2/17/1939 9:55,55879,711,qcd_091049,-41.4264,147.1275
6750,Southern Slopes (Tasmania),Southern Slopes (Tasmania),120,2,45.62,rare,2.4449,9/2/1964 7:30,9/2/1964 9:25,55736,709,qcd_091033,-41.3203,146.7378
6753,Southern Slopes (Tasmania),Southern Slopes (Tasmania),120,1,34.8,rare,2.8428,1/14/1976 13:15,1/14/1976 15:10,56838,745,qcd_097008,-42.0661,145.5681
6771,Southern Slopes (Tasmania),Southern Slopes (Tasmania),120,1,32.55,rare,2.2796,2/22/1964 18:15,2/22/1964 20:10,56084,713,qcd_091104,-41.5397,147.2033
6840,Southern Slopes (Tasmania),Southern Slopes (Tasmania),180,1,26.38,frequent,14.4612,4/24/1983 18:25,4/24/1983 21:20,56700,743,qcd_096044,-42.1025,146.7544
6843,Southern Slopes (Tasmania),Southern Slopes (Tasmania),180,1,26.87,frequent,15.91,10/19/1947 17:40,10/19/1947 20:35,56115,713,qcd_091104,-41.5397,147.2033
6845,Southern Slopes (Tasmania),Southern Slopes (Tasmania),180,1,26.75,frequent,16.2646,7/13/1952 15:05,7/13/1952 18:00,56096,713,qcd_091104,-41.5397,147.2033
6846,Southern Slopes (Tasmania),Southern Slopes (Tasmania),180,2,27.44,frequent,14.453,11/20/1994 13:40,11/20/1994 16:35,11123,829,qcd_0162_129,-41.8157,147.5671
6847,Southern Slopes (Tasmania),Southern Slopes (Tasmania),180,2,32,frequent,14.5416,7/24/2003 14:20,7/24/2003 17:15,57030,747,qcd_097053,-42.7681,146.0461
6848,Southern Slopes (Tasmania),Southern Slopes (Tasmania),180,2,27.26,frequent,14.8053,2/18/1946 18:40,2/18/1946 21:35,56133,713,qcd_091104,-41.5397,147.2033
6850,Southern Slopes (Tasmania),Southern Slopes (Tasmania),180,2,42.64,frequent,14.8699,12/21/2007 21:15,12/22/2007 0:10,8236,820,qcd_0144_129,-41.3143,146.0538
6851,Southern Slopes (Tasmania),Southern Slopes (Tasmania),180,2,32.95,frequent,14.9249,10/1/1993 10:25,10/1/1993 13:20,10665,827,qcd_0159_129,-42.56,145.68
6852,Southern Slopes (Tasmania),Southern Slopes (Tasmania),180,3,34,frequent,17.4758,1/7/2004 2:45,1/7/2004 5:40,5438,801,qcd_0091_129,-41.8702,145.6197
6854,Southern Slopes (Tasmania),Southern Slopes (Tasmania),180,3,26.34,frequent,17.5304,2/17/1939 7:00,2/17/1939 9:55,56158,713,qcd_091104,-41.5397,147.2033
6652,Southern Slopes (Tasmania),Southern Slopes (Tasmania),180,2,48.33,intermediate,4.7194,9/4/1964 0:15,9/4/1964 3:10,55743,709,qcd_091033,-41.3203,146.7378
6735,Southern Slopes (Tasmania),Southern Slopes (Tasmania),180,1,34.9,intermediate,5.4887,12/27/1959 15:20,12/27/1959 18:15,56629,742,qcd_096015,-42.1,146.2167
6803,Southern Slopes (Tasmania),Southern Slopes (Tasmania),180,1,45.8,intermediate,6.4516,9/15/1964 19:55,9/15/1964 22:50,55741,709,qcd_091033,-41.3203,146.7378
6811,Southern Slopes (Tasmania),Southern Slopes (Tasmania),180,1,31.07,intermediate,7.1913,12/28/1970 3:40,12/28/1970 6:35,56139,713,qcd_091104,-41.5397,147.2033
6824,Southern Slopes (Tasmania),Southern Slopes (Tasmania),180,3,38.58,intermediate,13.6027,11/4/1991 4:40,11/4/1991 7:35,7170,810,qcd_0114_129,-41.3973,146.4946
6827,Southern Slopes (Tasmania),Southern Slopes (Tasmania),180,2,32.8,intermediate,9.7795,3/21/2003 11:45,3/21/2003 14:40,56293,736,qcd_094157,-43.1639,147.8333
6834,Southern Slopes (Tasmania),Southern Slopes (Tasmania),180,2,48.2,intermediate,11.6177,12/21/2007 22:05,12/22/2007 1:00,4740,800,qcd_0081_129,-41.6804,146.38
6835,Southern Slopes (Tasmania),Southern Slopes (Tasmania),180,2,49.4,intermediate,10.1199,5/7/2006 1:30,5/7/2006 4:25,4731,800,qcd_0081_129,-41.6804,146.38
6836,Southern Slopes (Tasmania),Southern Slopes (Tasmania),180,2,32.26,intermediate,10.8805,12/7/1986 7:10,12/7/1986 10:05,56986,746,qcd_097047,-41.4892,145.2083
6839,Southern Slopes (Tasmania),Southern Slopes (Tasmania),180,3,41.9,intermediate,10.3616,9/27/1964 13:40,9/27/1964 16:35,55748,709,qcd_091033,-41.3203,146.7378
5843,Southern Slopes (Tasmania),Southern Slopes (mainland),180,3,137.23,rare,0.0098,4/7/1977 14:10,4/7/1977 17:05,52943,675,qcd_087031,-37.8565,144.7566
6001,Southern Slopes (Tasmania),Southern Slopes (mainland),180,2,296,rare,0.0015,2/18/1984 5:15,2/18/1984 8:10,140713,2274,qcd_wongawilli_58,-34.4813,150.7482
6067,Southern Slopes (Tasmania),Southern Slopes (mainland),180,2,126.18,rare,0.0024,1/30/2002 20:50,1/30/2002 23:45,127,756,qcd_00018_205,-36.3139,148.4806
6593,Southern Slopes (Tasmania),Southern Slopes (Tasmania),180,3,62,rare,1.2849,1/25/1998 13:40,1/25/1998 16:35,57149,749,qcd_099014,-40.0194,148.1825
6623,Southern Slopes (Tasmania),Southern Slopes (Tasmania),180,3,77.8,rare,0.209,4/12/2003 9:30,4/12/2003 12:25,55593,707,qcd_091000,-41.5211,146.7158
6772,Southern Slopes (Tasmania),Southern Slopes (Tasmania),180,1,38.4,rare,1.7047,2/22/1964 18:15,2/22/1964 21:10,56084,713,qcd_091104,-41.5397,147.2033
6783,Southern Slopes (Tasmania),Southern Slopes (Tasmania),180,2,41.92,rare,2.6864,5/24/1987 10:20,5/24/1987 13:15,56855,745,qcd_097008,-42.0661,145.5681
6793,Southern Slopes (Tasmania),Southern Slopes (Tasmania),180,2,45.37,rare,2.4174,2/7/1999 2:00,2/7/1999 4:55,1026,767,qcd_0016_129,-42.1289,145.84
6825,Southern Slopes (Tasmania),Southern Slopes (Tasmania),180,1,45.2,rare,0.9173,3/17/2001 2:00,3/17/2001 4:55,929,766,qcd_0015_129,-42.2769,146.274
6826,Southern Slopes (Tasmania),Southern Slopes (mainland),180,2,102,rare,0.0065,11/25/2002 22:55,11/26/2002 1:50,135161,2161,qcd_bw703_13,-38.2333,143.9871
6853,Southern Slopes (Tasmania),Southern Slopes (Tasmania),270,2,43.6,frequent,15.6313,1/7/2004 2:45,1/7/2004 7:10,5438,801,qcd_0091_129,-41.8702,145.6197
6869,Southern Slopes (Tasmania),Southern Slopes (Tasmania),270,1,38,frequent,20.8235,4/5/1999 9:35,4/5/1999 14:00,11219,832,qcd_0168_129,-42.2145,147.7808
6871,Southern Slopes (Tasmania),Southern Slopes (Tasmania),270,1,35.6,frequent,27.5932,5/25/1999 5:55,5/25/1999 10:20,11214,832,qcd_0168_129,-42.2145,147.7808
6872,Southern Slopes (Tasmania),Southern Slopes (Tasmania),270,1,27.65,frequent,30.0245,9/17/1975 22:40,9/18/1975 3:05,56106,713,qcd_091104,-41.5397,147.2033
6873,Southern Slopes (Tasmania),Southern Slopes (Tasmania),270,2,32,frequent,14.758,12/26/1998 18:05,12/26/1998 22:30,11125,829,qcd_0162_129,-41.8157,147.5671
6874,Southern Slopes (Tasmania),Southern Slopes (Tasmania),270,2,50.61,frequent,15.0259,4/1/1989 18:15,4/1/1989 22:40,55980,712,qcd_091079,-41.0867,145.5517
6876,Southern Slopes (Tasmania),Southern Slopes (Tasmania),270,2,41.37,frequent,15.5574,5/24/1958 1:40,5/24/1958 6:05,56229,714,qcd_091116,-41.15,147.5167
6878,Southern Slopes (Tasmania),Southern Slopes (Tasmania),270,2,30.6,frequent,16.488,12/3/2005 9:15,12/3/2005 13:40,1808,771,qcd_0021_129,-42.3838,147
6879,Southern Slopes (Tasmania),Southern Slopes (Tasmania),270,3,50.4,frequent,15.3144,3/16/2001 19:25,3/16/2001 23:50,55954,712,qcd_091079,-41.0867,145.5517
6880,Southern Slopes (Tasmania),Southern Slopes (Tasmania),270,3,43.6,frequent,17.4666,12/21/2007 18:55,12/21/2007 23:20,7178,810,qcd_0114_129,-41.3973,146.4946
6715,Southern Slopes (Tasmania),Southern Slopes (Tasmania),270,3,61.5,intermediate,5.3723,4/11/1989 12:55,4/11/1989 17:20,55950,712,qcd_091079,-41.0867,145.5517
6815,Southern Slopes (Tasmania),Southern Slopes (Tasmania),270,3,62.8,intermediate,11.4396,6/11/2005 6:00,6/11/2005 10:25,4780,800,qcd_0081_129,-41.6804,146.38
6819,Southern Slopes (Tasmania),Southern Slopes (Tasmania),270,2,67.8,intermediate,6.9776,9/28/2005 18:50,9/28/2005 23:15,4739,800,qcd_0081_129,-41.6804,146.38
6822,Southern Slopes (Tasmania),Southern Slopes (Tasmania),270,2,43.51,intermediate,6.8707,8/10/2007 8:30,8/10/2007 12:55,11167,830,qcd_0163_129,-41.7091,145.2637
6837,Southern Slopes (Tasmania),Southern Slopes (Tasmania),270,2,40.99,intermediate,7.8946,12/7/1986 7:00,12/7/1986 11:25,56986,746,qcd_097047,-41.4892,145.2083
6844,Southern Slopes (Tasmania),Southern Slopes (Tasmania),270,1,34.1,intermediate,9.7714,10/19/1947 17:40,10/19/1947 22:05,56115,713,qcd_091104,-41.5397,147.2033
6864,Southern Slopes (Tasmania),Southern Slopes (Tasmania),270,1,44.8,intermediate,8.6491,11/12/2001 4:20,11/12/2001 8:45,56333,737,qcd_094163,-43.0156,147.3275
6865,Southern Slopes (Tasmania),Southern Slopes (Tasmania),270,1,41.42,intermediate,6.7407,2/11/1964 21:05,2/12/1964 1:30,56636,742,qcd_096015,-42.1,146.2167
6866,Southern Slopes (Tasmania),Southern Slopes (Tasmania),270,2,49.2,intermediate,7.1394,1/3/1990 6:20,1/3/1990 10:45,1015,767,qcd_0016_129,-42.1289,145.84
6868,Southern Slopes (Tasmania),Southern Slopes (Tasmania),270,2,49.8,intermediate,8.2022,4/4/1997 15:30,4/4/1997 19:55,56751,744,qcd_097006,-41.9933,145.5725
6594,Southern Slopes (Tasmania),Southern Slopes (Tasmania),270,2,76.4,rare,0.9817,1/25/1998 13:40,1/25/1998 18:05,57149,749,qcd_099014,-40.0194,148.1825
6624,Southern Slopes (Tasmania),Southern Slopes (Tasmania),270,1,100.4,rare,0.1357,4/12/2003 9:55,4/12/2003 14:20,55593,707,qcd_091000,-41.5211,146.7158
6653,Southern Slopes (Tasmania),Southern Slopes (Tasmania),270,2,62.05,rare,2.9692,9/3/1964 23:45,9/4/1964 4:10,55743,709,qcd_091033,-41.3203,146.7378
6695,Southern Slopes (Tasmania),Southern Slopes (Tasmania),270,2,69.4,rare,0.7312,2/7/1999 4:25,2/7/1999 8:50,56331,737,qcd_094163,-43.0156,147.3275
6777,Southern Slopes (Tasmania),Southern Slopes (Tasmania),270,2,47.19,rare,2.0044,4/18/1986 1:30,4/18/1986 5:55,56561,741,qcd_096014,-42.2539,146.62
6779,Southern Slopes (Tasmania),Southern Slopes (Tasmania),270,2,48.62,rare,1.0689,4/11/1978 13:45,4/11/1978 18:10,56693,743,qcd_096044,-42.1025,146.7544
6798,Southern Slopes (Tasmania),Southern Slopes (Tasmania),270,3,56.8,rare,2.6786,6/28/2004 8:00,6/28/2004 12:25,5455,801,qcd_0091_129,-41.8702,145.6197
6856,Southern Slopes (Tasmania),Southern Slopes (Tasmania),270,1,56.2,rare,0.8733,9/11/1979 9:15,9/11/1979 13:40,56988,746,qcd_097047,-41.4892,145.2083
6858,Southern Slopes (Tasmania),Southern Slopes (Tasmania),270,1,42.5,rare,2.3,2/23/1969 7:40,2/23/1969 12:05,56189,713,qcd_091104,-41.5397,147.2033
6862,Southern Slopes (Tasmania),Southern Slopes (Tasmania),270,2,58.2,rare,1.7973,8/24/2003 20:55,8/25/2003 1:20,57041,747,qcd_097053,-42.7681,146.0461
6870,Southern Slopes (Tasmania),Southern Slopes (Tasmania),360,1,45.6,frequent,17.026,4/5/1999 8:40,4/5/1999 14:35,11219,832,qcd_0168_129,-42.2145,147.7808
6877,Southern Slopes (Tasmania),Southern Slopes (Tasmania),360,2,46.52,frequent,15.0469,5/24/1958 0:50,5/24/1958 6:45,56229,714,qcd_091116,-41.15,147.5167
6894,Southern Slopes (Tasmania),Southern Slopes (Tasmania),360,1,34.61,frequent,15.076,10/6/1968 8:20,10/6/1968 14:15,56138,713,qcd_091104,-41.5397,147.2033
6896,Southern Slopes (Tasmania),Southern Slopes (Tasmania),360,1,39.67,frequent,17.6892,5/4/1990 23:30,5/5/1990 5:25,847,763,qcd_0010_129,-41.6138,145.1622
6897,Southern Slopes (Tasmania),Southern Slopes (Tasmania),360,2,49.8,frequent,15.8378,7/24/2003 10:50,7/24/2003 16:45,5445,801,qcd_0091_129,-41.8702,145.6197
6898,Southern Slopes (Tasmania),Southern Slopes (Tasmania),360,2,34.24,frequent,15.9555,3/23/1964 11:05,3/23/1964 17:00,56118,713,qcd_091104,-41.5397,147.2033
6899,Southern Slopes (Tasmania),Southern Slopes (Tasmania),360,2,69,frequent,16.252,11/2/2000 9:45,11/2/2000 15:40,4754,800,qcd_0081_129,-41.6804,146.38
6900,Southern Slopes (Tasmania),Southern Slopes (Tasmania),360,2,35.5,frequent,16.7109,12/11/1937 4:15,12/11/1937 10:10,55862,711,qcd_091049,-41.4264,147.1275
6902,Southern Slopes (Tasmania),Southern Slopes (Tasmania),360,3,31.4,frequent,16.3842,12/26/1998 16:05,12/26/1998 22:00,56496,740,qcd_095048,-42.4842,146.7106
6903,Southern Slopes (Tasmania),Southern Slopes (Tasmania),360,3,38.82,frequent,18.9613,3/26/1962 22:40,3/27/1962 4:35,56635,742,qcd_096015,-42.1,146.2167
6812,Southern Slopes (Tasmania),Southern Slopes (Tasmania),360,1,41.25,intermediate,5.2446,12/28/1970 4:00,12/28/1970 9:55,56139,713,qcd_091104,-41.5397,147.2033
6820,Southern Slopes (Tasmania),Southern Slopes (Tasmania),360,3,80,intermediate,6.1163,9/28/2005 17:50,9/28/2005 23:45,4739,800,qcd_0081_129,-41.6804,146.38
6881,Southern Slopes (Tasmania),Southern Slopes (Tasmania),360,3,53.4,intermediate,11.2069,12/21/2007 18:30,12/22/2007 0:25,7178,810,qcd_0114_129,-41.3973,146.4946
6883,Southern Slopes (Tasmania),Southern Slopes (Tasmania),360,1,36.74,intermediate,10.8209,10/8/1971 21:05,10/9/1971 3:00,56119,713,qcd_091104,-41.5397,147.2033
6884,Southern Slopes (Tasmania),Southern Slopes (Tasmania),360,1,49.5,intermediate,10.68,3/31/1956 23:20,4/1/1956 5:15,56233,714,qcd_091116,-41.15,147.5167
6885,Southern Slopes (Tasmania),Southern Slopes (Tasmania),360,2,52.54,intermediate,11.0609,8/17/1995 3:25,8/17/1995 9:20,206,757,qcd_0003_129,-41.8182,145.802
6887,Southern Slopes (Tasmania),Southern Slopes (Tasmania),360,2,44.62,intermediate,9.0831,4/5/1958 21:35,4/6/1958 3:30,56640,742,qcd_096015,-42.1,146.2167
6888,Southern Slopes (Tasmania),Southern Slopes (Tasmania),360,2,51.8,intermediate,9.165,6/28/2004 1:25,6/28/2004 7:20,57042,747,qcd_097053,-42.7681,146.0461
6890,Southern Slopes (Tasmania),Southern Slopes (Tasmania),360,2,39.34,intermediate,11.2186,3/20/1970 18:40,3/21/1970 0:35,56571,741,qcd_096014,-42.2539,146.62
6893,Southern Slopes (Tasmania),Southern Slopes (Tasmania),360,2,57.44,intermediate,9.0974,9/6/1964 16:45,9/6/1964 22:40,55744,709,qcd_091033,-41.3203,146.7378
6559,Southern Slopes (Tasmania),Southern Slopes (Tasmania),360,2,44.82,rare,2.9907,1/28/1995 9:40,1/28/1995 15:35,56144,713,qcd_091104,-41.5397,147.2033
6626,Southern Slopes (Tasmania),Southern Slopes (Tasmania),360,3,67.4,rare,0.9899,11/11/2000 12:15,11/11/2000 18:10,2174,777,qcd_0031_129,-41.1984,145.1181
6780,Southern Slopes (Tasmania),Southern Slopes (Tasmania),360,2,57.74,rare,0.755,4/11/1978 13:45,4/11/1978 19:40,56693,743,qcd_096044,-42.1025,146.7544
6799,Southern Slopes (Tasmania),Southern Slopes (Tasmania),360,2,72.2,rare,1.129,6/28/2004 6:30,6/28/2004 12:25,5455,801,qcd_0091_129,-41.8702,145.6197
6808,Southern Slopes (Tasmania),Southern Slopes (Tasmania),360,1,55.38,rare,2.1657,7/1/1979 19:40,7/2/1979 1:35,56993,746,qcd_097047,-41.4892,145.2083
6828,Southern Slopes (Tasmania),Southern Slopes (Tasmania),360,2,60.6,rare,2.4256,3/21/2003 10:40,3/21/2003 16:35,56293,736,qcd_094157,-43.1639,147.8333
6849,Southern Slopes (Tasmania),Southern Slopes (Tasmania),360,2,45.04,rare,2.8888,2/18/1946 18:45,2/19/1946 0:40,56133,713,qcd_091104,-41.5397,147.2033
6857,Southern Slopes (Tasmania),Southern Slopes (Tasmania),360,1,64.43,rare,0.7867,9/11/1979 9:10,9/11/1979 15:05,56988,746,qcd_097047,-41.4892,145.2083
6863,Southern Slopes (Tasmania),Southern Slopes (Tasmania),360,2,76.4,rare,0.8213,8/24/2003 20:35,8/25/2003 2:30,57041,747,qcd_097053,-42.7681,146.0461
6882,Southern Slopes (Tasmania),Southern Slopes (Tasmania),360,3,69.32,rare,2.9242,11/22/1964 7:00,11/22/1964 12:55,55752,709,qcd_091033,-41.3203,146.7378
6911,Southern Slopes (Tasmania),Southern Slopes (Tasmania),540,1,53.2,frequent,30.6087,1/12/2011 11:25,1/12/2011 20:20,55700,708,qcd_091009,-41.0661,145.9431
6916,Southern Slopes (Tasmania),Southern Slopes (Tasmania),540,1,35,frequent,30.9375,8/9/2005 9:40,8/9/2005 18:35,56163,713,qcd_091104,-41.5397,147.2033
6919,Southern Slopes (Tasmania),Southern Slopes (Tasmania),540,2,40.21,frequent,14.7813,4/23/1961 5:40,4/23/1961 14:35,56136,713,qcd_091104,-41.5397,147.2033
6920,Southern Slopes (Tasmania),Southern Slopes (Tasmania),540,2,41.22,frequent,16.2522,10/19/1947 17:00,10/20/1947 1:55,55877,711,qcd_091049,-41.4264,147.1275
6922,Southern Slopes (Tasmania),Southern Slopes (Tasmania),540,2,39.68,frequent,16.4098,1/21/1997 23:20,1/22/1997 8:15,11585,834,qcd_0172_129,-42.6905,146.707
6925,Southern Slopes (Tasmania),Southern Slopes (Tasmania),540,2,50.02,frequent,17.2271,2/23/1993 8:50,2/23/1993 17:45,3299,789,qcd_0055_129,-41.4908,145.2423
6927,Southern Slopes (Tasmania),Southern Slopes (Tasmania),540,2,40.68,frequent,17.3635,5/2/1956 12:10,5/2/1956 21:05,55867,711,qcd_091049,-41.4264,147.1275
6928,Southern Slopes (Tasmania),Southern Slopes (Tasmania),540,2,65.85,frequent,17.5668,5/5/1988 8:10,5/5/1988 17:05,55963,712,qcd_091079,-41.0867,145.5517
6929,Southern Slopes (Tasmania),Southern Slopes (Tasmania),540,3,42.16,frequent,14.4696,5/12/1957 17:45,5/13/1957 2:40,55868,711,qcd_091049,-41.4264,147.1275
6930,Southern Slopes (Tasmania),Southern Slopes (Tasmania),540,3,59.73,frequent,18.0638,4/11/2003 20:45,4/12/2003 5:40,9409,823,qcd_0151_129,-41.2141,145.3204
6855,Southern Slopes (Tasmania),Southern Slopes (Tasmania),540,2,49.83,intermediate,4.075,2/17/1939 5:40,2/17/1939 14:35,56158,713,qcd_091104,-41.5397,147.2033
6875,Southern Slopes (Tasmania),Southern Slopes (Tasmania),540,3,72.33,intermediate,11.2685,4/1/1989 13:40,4/1/1989 22:35,55980,712,qcd_091079,-41.0867,145.5517
6886,Southern Slopes (Tasmania),Southern Slopes (Tasmania),540,2,69.97,intermediate,7.651,8/17/1995 2:40,8/17/1995 11:35,206,757,qcd_0003_129,-41.8182,145.802
6889,Southern Slopes (Tasmania),Southern Slopes (Tasmania),540,2,70,intermediate,6.3789,6/27/2004 23:25,6/28/2004 8:20,57042,747,qcd_097053,-42.7681,146.0461
6891,Southern Slopes (Tasmania),Southern Slopes (Tasmania),540,2,56.91,intermediate,4.4227,3/20/1970 16:15,3/21/1970 1:10,56571,741,qcd_096014,-42.2539,146.62
6895,Southern Slopes (Tasmania),Southern Slopes (Tasmania),540,1,41.75,intermediate,12.0541,10/6/1968 8:20,10/6/1968 17:15,56138,713,qcd_091104,-41.5397,147.2033
6901,Southern Slopes (Tasmania),Southern Slopes (Tasmania),540,1,45.42,intermediate,9.5879,12/11/1937 4:15,12/11/1937 13:10,55862,711,qcd_091049,-41.4264,147.1275
6908,Southern Slopes (Tasmania),Southern Slopes (Tasmania),540,2,65,intermediate,9.7339,4/4/1997 10:15,4/4/1997 19:10,57039,747,qcd_097053,-42.7681,146.0461
6909,Southern Slopes (Tasmania),Southern Slopes (Tasmania),540,2,61.76,intermediate,13.8865,2/7/1998 15:55,2/8/1998 0:50,2244,778,qcd_0033_129,-41.9383,146.2618
6910,Southern Slopes (Tasmania),Southern Slopes (Tasmania),540,3,100.8,intermediate,6.5074,4/12/2003 2:35,4/12/2003 11:30,4801,800,qcd_0081_129,-41.6804,146.38
6560,Southern Slopes (Tasmania),Southern Slopes (Tasmania),540,2,55.61,rare,1.9522,1/28/1995 8:15,1/28/1995 17:10,56144,713,qcd_091104,-41.5397,147.2033
6701,Southern Slopes (Tasmania),Southern Slopes (Tasmania),540,1,64.06,rare,0.991,2/17/1939 5:50,2/17/1939 14:45,55879,711,qcd_091049,-41.4264,147.1275
6755,Southern Slopes (Tasmania),Southern Slopes (Tasmania),540,1,54.19,rare,3.212,12/26/1998 13:50,12/26/1998 22:45,11571,834,qcd_0172_129,-42.6905,146.707
6794,Southern Slopes (Tasmania),Southern Slopes (Tasmania),540,2,99.09,rare,0.86,2/7/1999 1:00,2/7/1999 9:55,1026,767,qcd_0016_129,-42.1289,145.84
6800,Southern Slopes (Tasmania),Southern Slopes (Tasmania),540,3,94.8,rare,0.9889,6/28/2004 3:20,6/28/2004 12:15,5455,801,qcd_0091_129,-41.8702,145.6197
6829,Southern Slopes (Tasmania),Southern Slopes (Tasmania),540,2,80.6,rare,1.9963,3/21/2003 7:40,3/21/2003 16:35,56293,736,qcd_094157,-43.1639,147.8333
6867,Southern Slopes (Tasmania),Southern Slopes (Tasmania),540,2,88.24,rare,1.8557,1/3/1990 2:40,1/3/1990 11:35,1015,767,qcd_0016_129,-42.1289,145.84
6904,Southern Slopes (Tasmania),Southern Slopes (Tasmania),540,2,65.29,rare,0.9219,2/18/1946 17:25,2/19/1946 2:20,55876,711,qcd_091049,-41.4264,147.1275
6906,Southern Slopes (Tasmania),Southern Slopes (Tasmania),540,2,88.23,rare,1.9408,10/8/1964 10:00,10/8/1964 18:55,55749,709,qcd_091033,-41.3203,146.7378
6907,Southern Slopes (Tasmania),Southern Slopes (Tasmania),540,1,64.43,rare,2.1159,2/11/1964 11:30,2/11/1964 20:25,56563,741,qcd_096014,-42.2539,146.62
6921,Southern Slopes (Tasmania),Southern Slopes (Tasmania),720,2,45.56,frequent,15.4986,10/19/1947 16:10,10/20/1947 4:05,55877,711,qcd_091049,-41.4264,147.1275
6926,Southern Slopes (Tasmania),Southern Slopes (Tasmania),720,2,57.85,frequent,15.1182,2/23/1993 7:45,2/23/1993 19:40,3299,789,qcd_0055_129,-41.4908,145.2423
6952,Southern Slopes (Tasmania),Southern Slopes (Tasmania),720,1,66,frequent,18.0656,7/20/2000 10:30,7/20/2000 22:25,55680,708,qcd_091009,-41.0661,145.9431
6954,Southern Slopes (Tasmania),Southern Slopes (Tasmania),720,1,42.8,frequent,19.5828,1/24/1996 7:20,1/24/1996 19:15,11134,829,qcd_0162_129,-41.8157,147.5671
6956,Southern Slopes (Tasmania),Southern Slopes (Tasmania),720,2,56.48,frequent,14.7657,8/17/1995 1:15,8/17/1995 13:10,943,766,qcd_0015_129,-42.2769,146.274
6958,Southern Slopes (Tasmania),Southern Slopes (Tasmania),720,2,57.69,frequent,14.8986,10/12/1984 12:30,10/13/1984 0:25,56656,742,qcd_096015,-42.1,146.2167
6959,Southern Slopes (Tasmania),Southern Slopes (Tasmania),720,2,67.32,frequent,16.4241,2/18/1958 21:00,2/19/1958 8:55,55754,709,qcd_091033,-41.3203,146.7378
6961,Southern Slopes (Tasmania),Southern Slopes (Tasmania),720,2,75.8,frequent,17.5822,6/28/2004 1:45,6/28/2004 13:40,56762,744,qcd_097006,-41.9933,145.5725
6962,Southern Slopes (Tasmania),Southern Slopes (Tasmania),720,3,60.86,frequent,16.0999,5/13/1960 0:00,5/13/1960 11:55,56243,714,qcd_091116,-41.15,147.5167
6963,Southern Slopes (Tasmania),Southern Slopes (Tasmania),720,3,68.16,frequent,16.87,8/10/2007 5:40,8/10/2007 17:35,9415,823,qcd_0151_129,-41.2141,145.3204
6838,Southern Slopes (Tasmania),Southern Slopes (Tasmania),720,1,68.16,intermediate,4.6986,12/7/1986 6:55,12/7/1986 18:50,56986,746,qcd_097047,-41.4892,145.2083
6917,Southern Slopes (Tasmania),Southern Slopes (Tasmania),720,3,47,intermediate,10.4095,8/9/2005 1:55,8/9/2005 13:50,56163,713,qcd_091104,-41.5397,147.2033
6923,Southern Slopes (Tasmania),Southern Slopes (Tasmania),720,3,49.35,intermediate,9.8517,1/21/1997 19:00,1/22/1997 6:55,11585,834,qcd_0172_129,-42.6905,146.707
6940,Southern Slopes (Tasmania),Southern Slopes (Tasmania),720,1,83.62,intermediate,4.5744,1/27/2004 20:05,1/28/2004 8:00,2253,778,qcd_0033_129,-41.9383,146.2618
6941,Southern Slopes (Tasmania),Southern Slopes (Tasmania),720,2,88.2,intermediate,6.9112,5/14/2009 18:15,5/15/2009 6:10,56772,744,qcd_097006,-41.9933,145.5725
6945,Southern Slopes (Tasmania),Southern Slopes (Tasmania),720,2,62.15,intermediate,10.0399,2/6/1999 22:15,2/7/1999 10:10,3318,789,qcd_0055_129,-41.4908,145.2423
6946,Southern Slopes (Tasmania),Southern Slopes (Tasmania),720,2,79.4,intermediate,13.4361,10/14/2007 5:40,10/14/2007 17:35,56771,744,qcd_097006,-41.9933,145.5725
6948,Southern Slopes (Tasmania),Southern Slopes (Tasmania),720,2,110.2,intermediate,9.6691,7/5/1998 12:25,7/6/1998 0:20,4777,800,qcd_0081_129,-41.6804,146.38
6949,Southern Slopes (Tasmania),Southern Slopes (Tasmania),720,2,73.4,intermediate,13.9231,10/8/1992 14:45,10/9/1992 2:40,6702,805,qcd_0105_129,-41.2845,145.7557
6951,Southern Slopes (Tasmania),Southern Slopes (Tasmania),720,2,57.33,intermediate,13.5259,8/6/1976 16:45,8/7/1976 4:40,56983,746,qcd_097047,-41.4892,145.2083
5928,Southern Slopes (Tasmania),Southern Slopes (mainland),720,2,206.07,rare,0.0608,6/27/2007 8:25,6/27/2007 20:20,64457,1038,qcd_225809_74,-37.4961,146.8576
6795,Southern Slopes (Tasmania),Southern Slopes (Tasmania),720,1,117.34,rare,0.7935,2/7/1999 0:35,2/7/1999 12:30,1026,767,qcd_0016_129,-42.1289,145.84
6801,Southern Slopes (Tasmania),Southern Slopes (Tasmania),720,2,113.2,rare,0.8604,6/28/2004 2:20,6/28/2004 14:15,5455,801,qcd_0091_129,-41.8702,145.6197
6830,Southern Slopes (Tasmania),Southern Slopes (Tasmania),720,2,94.8,rare,1.8335,3/21/2003 7:30,3/21/2003 19:25,56293,736,qcd_094157,-43.1639,147.8333
6892,Southern Slopes (Tasmania),Southern Slopes (Tasmania),720,2,70.49,rare,2.6017,3/20/1970 13:15,3/21/1970 1:10,56571,741,qcd_096014,-42.2539,146.62
6905,Southern Slopes (Tasmania),Southern Slopes (Tasmania),720,2,73.22,rare,0.866,2/18/1946 14:35,2/19/1946 2:30,55876,711,qcd_091049,-41.4264,147.1275
6931,Southern Slopes (Tasmania),Southern Slopes (Tasmania),720,2,97.2,rare,2.4288,8/9/2007 13:00,8/10/2007 0:55,5466,801,qcd_0091_129,-41.8702,145.6197
6937,Southern Slopes (Tasmania),Southern Slopes (Tasmania),720,3,96.68,rare,2.6147,3/21/1956 10:20,3/21/1956 22:15,55673,708,qcd_091009,-41.0661,145.9431
6938,Southern Slopes (Tasmania),Southern Slopes (mainland),720,2,212.53,rare,0.0253,7/3/1996 20:50,7/4/1996 8:45,73102,1206,qcd_405834_74,-37.645,146.0138
6939,Southern Slopes (Tasmania),Southern Slopes (mainland),720,2,115.81,rare,0.298,2/5/1973 18:25,2/6/1973 6:20,54507,693,qcd_089002,-37.5127,143.7911
6487,Southern Slopes (Tasmania),Southern Slopes (Tasmania),1080,2,67.9,frequent,15.0955,10/10/1979 0:00,10/10/1979 17:55,40078,746,qcd_097047,-41.4892,145.2083
6953,Southern Slopes (Tasmania),Southern Slopes (Tasmania),1080,1,78,frequent,15.0401,7/20/2000 10:00,7/21/2000 3:55,55680,708,qcd_091009,-41.0661,145.9431
6975,Southern Slopes (Tasmania),Southern Slopes (Tasmania),1080,1,53.49,frequent,16.7937,12/7/1982 7:40,12/8/1982 1:35,56699,743,qcd_096044,-42.1025,146.7544
6977,Southern Slopes (Tasmania),Southern Slopes (Tasmania),1080,2,91.35,frequent,18.4532,10/21/2005 20:20,10/22/2005 14:15,8240,820,qcd_0144_129,-41.3143,146.0538
6980,Southern Slopes (Tasmania),Southern Slopes (Tasmania),1080,2,73.68,frequent,19.1808,7/4/1963 14:30,7/5/1963 8:25,55694,708,qcd_091009,-41.0661,145.9431
6982,Southern Slopes (Tasmania),Southern Slopes (Tasmania),1080,2,51.2,frequent,19.6106,8/30/2005 14:30,8/31/2005 8:25,5510,802,qcd_0093_129,-41.75,147.12
6985,Southern Slopes (Tasmania),Southern Slopes (Tasmania),1080,2,47,frequent,21.9448,6/5/2003 21:55,6/6/2003 15:50,56212,713,qcd_091104,-41.5397,147.2033
6989,Southern Slopes (Tasmania),Southern Slopes (Tasmania),1080,2,72.57,frequent,22.7151,10/8/1992 14:15,10/9/1992 8:10,7143,809,qcd_0112_129,-41.6509,146.6145
6991,Southern Slopes (Tasmania),Southern Slopes (Tasmania),1080,3,75.79,frequent,17.1971,6/25/1995 8:35,6/26/1995 2:30,10678,827,qcd_0159_129,-42.56,145.68
6992,Southern Slopes (Tasmania),Southern Slopes (Tasmania),1080,3,42.6,frequent,22.9636,8/9/2007 13:00,8/10/2007 6:55,56510,740,qcd_095048,-42.4842,146.7106
6439,Southern Slopes (Tasmania),Southern Slopes (Tasmania),1080,2,81.93,intermediate,13.2517,5/17/1975 17:55,5/18/1975 11:50,56947,745,qcd_097008,-42.0661,145.5681
6841,Southern Slopes (Tasmania),Southern Slopes (Tasmania),1080,2,65.26,intermediate,6.9114,4/24/1983 18:25,4/25/1983 12:20,56700,743,qcd_096044,-42.1025,146.7544
6912,Southern Slopes (Tasmania),Southern Slopes (Tasmania),1080,1,87.2,intermediate,9.0806,1/12/2011 9:00,1/13/2011 2:55,55700,708,qcd_091009,-41.0661,145.9431
6918,Southern Slopes (Tasmania),Southern Slopes (Tasmania),1080,2,61.2,intermediate,5.2265,8/8/2005 23:50,8/9/2005 17:45,56163,713,qcd_091104,-41.5397,147.2033
6924,Southern Slopes (Tasmania),Southern Slopes (Tasmania),1080,2,63.94,intermediate,6.0535,1/21/1997 18:40,1/22/1997 12:35,11585,834,qcd_0172_129,-42.6905,146.707
6950,Southern Slopes (Tasmania),Southern Slopes (Tasmania),1080,2,95.06,intermediate,9.5569,10/8/1992 9:05,10/9/1992 3:00,6702,805,qcd_0105_129,-41.2845,145.7557
6955,Southern Slopes (Tasmania),Southern Slopes (Tasmania),1080,1,55,intermediate,12.5648,1/24/1996 6:30,1/25/1996 0:25,11134,829,qcd_0162_129,-41.8157,147.5671
6957,Southern Slopes (Tasmania),Southern Slopes (Tasmania),1080,2,77.65,intermediate,8.6062,8/16/1995 19:55,8/17/1995 13:50,943,766,qcd_0015_129,-42.2769,146.274
6960,Southern Slopes (Tasmania),Southern Slopes (Tasmania),1080,3,89.52,intermediate,8.7052,2/18/1958 15:10,2/19/1958 9:05,55754,709,qcd_091033,-41.3203,146.7378
6973,Southern Slopes (Tasmania),Southern Slopes (Tasmania),1080,3,60,intermediate,5.9064,7/20/2000 9:05,7/21/2000 3:00,56190,713,qcd_091104,-41.5397,147.2033
5929,Southern Slopes (Tasmania),Southern Slopes (mainland),1080,1,266.17,rare,0.0493,6/27/2007 8:40,6/28/2007 2:35,64457,1038,qcd_225809_74,-37.4961,146.8576
6165,Southern Slopes (Tasmania),Southern Slopes (mainland),1080,2,116.6,rare,0.3955,5/30/2001 16:25,5/31/2001 10:20,135024,2156,qcd_bw036_13,-38.0315,144.4043
6660,Southern Slopes (Tasmania),Southern Slopes (Tasmania),1080,2,145.78,rare,1.0235,2/6/1999 15:10,2/7/1999 9:05,1125,768,qcd_0017_129,-42.0691,145.6057
6702,Southern Slopes (Tasmania),Southern Slopes (Tasmania),1080,3,85.04,rare,0.9157,2/16/1939 20:55,2/17/1939 14:50,55879,711,qcd_091049,-41.4264,147.1275
6932,Southern Slopes (Tasmania),Southern Slopes (Tasmania),1080,2,127,rare,2.1569,8/9/2007 13:00,8/10/2007 6:55,5466,801,qcd_0091_129,-41.8702,145.6197
6965,Southern Slopes (Tasmania),Southern Slopes (Tasmania),1080,2,78.12,rare,2.1394,8/16/1995 20:30,8/17/1995 14:25,11568,834,qcd_0172_129,-42.6905,146.707
6967,Southern Slopes (Tasmania),Southern Slopes (mainland),1080,2,213.06,rare,0.2884,6/27/2007 5:50,6/27/2007 23:45,64573,1040,qcd_225811a_151,-37.7552,146.1611
6969,Southern Slopes (Tasmania),Southern Slopes (mainland),1080,2,163.79,rare,0.3641,6/27/2007 5:45,6/27/2007 23:40,64965,1054,qcd_226819_74,-38.3182,146.566
6971,Southern Slopes (Tasmania),Southern Slopes (mainland),1080,3,163.63,rare,0.3788,2/2/2005 11:35,2/3/2005 5:30,130413,2044,qcd_586033_151,-37.9512,145.4033
6972,Southern Slopes (Tasmania),Southern Slopes (mainland),1080,3,157.35,rare,0.3996,2/2/2005 11:55,2/3/2005 5:50,65752,1071,qcd_228373_151,-37.8466,145.3133
6990,Southern Slopes (Tasmania),Southern Slopes (Tasmania),1440,3,87.5,frequent,14.4584,10/8/1992 8:15,10/9/1992 8:10,7143,809,qcd_0112_129,-41.6509,146.6145
6999,Southern Slopes (Tasmania),Southern Slopes (Tasmania),1440,1,53.11,frequent,18.4154,12/20/1985 23:55,12/21/1985 23:50,56174,713,qcd_091104,-41.5397,147.2033
7000,Southern Slopes (Tasmania),Southern Slopes (Tasmania),1440,1,51.76,frequent,21.0171,1/4/1944 1:05,1/5/1944 1:00,56165,713,qcd_091104,-41.5397,147.2033
7001,Southern Slopes (Tasmania),Southern Slopes (Tasmania),1440,2,51,frequent,18.4137,8/9/2007 17:35,8/10/2007 17:30,7484,816,qcd_0126_129,-42.4119,146.7782
7002,Southern Slopes (Tasmania),Southern Slopes (Tasmania),1440,2,96.74,frequent,18.7145,3/16/1996 3:25,3/17/1996 3:20,2260,778,qcd_0033_129,-41.9383,146.2618
7004,Southern Slopes (Tasmania),Southern Slopes (Tasmania),1440,2,52.58,frequent,19.3584,10/21/1986 23:40,10/22/1986 23:35,56175,713,qcd_091104,-41.5397,147.2033
7005,Southern Slopes (Tasmania),Southern Slopes (Tasmania),1440,2,82.18,frequent,19.4315,12/15/1993 0:00,12/15/1993 23:55,10681,827,qcd_0159_129,-42.56,145.68
7006,Southern Slopes (Tasmania),Southern Slopes (Tasmania),1440,2,75.37,frequent,21.3024,9/21/1980 2:35,9/22/1980 2:30,56638,742,qcd_096015,-42.1,146.2167
7007,Southern Slopes (Tasmania),Southern Slopes (Tasmania),1440,2,82.32,frequent,28.0937,5/21/1977 20:00,5/22/1977 19:55,56907,745,qcd_097008,-42.0661,145.5681
7010,Southern Slopes (Tasmania),Southern Slopes (Tasmania),1440,3,87.71,frequent,15.3683,7/17/1974 11:05,7/18/1974 11:00,55759,709,qcd_091033,-41.3203,146.7378
6758,Southern Slopes (Tasmania),Southern Slopes (Tasmania),1440,2,127.87,intermediate,5.1584,3/16/1996 5:00,3/17/1996 4:55,1039,767,qcd_0016_129,-42.1289,145.84
6805,Southern Slopes (Tasmania),Southern Slopes (Tasmania),1440,1,109.8,intermediate,5.9095,6/14/2002 11:40,6/15/2002 11:35,56290,736,qcd_094157,-43.1639,147.8333
6842,Southern Slopes (Tasmania),Southern Slopes (Tasmania),1440,2,76.31,intermediate,5.6054,4/24/1983 18:00,4/25/1983 17:55,56700,743,qcd_096044,-42.1025,146.7544
6913,Southern Slopes (Tasmania),Southern Slopes (Tasmania),1440,2,97,intermediate,8.055,1/12/2011 5:20,1/13/2011 5:15,55700,708,qcd_091009,-41.0661,145.9431
6976,Southern Slopes (Tasmania),Southern Slopes (Tasmania),1440,2,69.53,intermediate,8.7866,12/7/1982 7:55,12/8/1982 7:50,56699,743,qcd_096044,-42.1025,146.7544
6978,Southern Slopes (Tasmania),Southern Slopes (Tasmania),1440,2,111.52,intermediate,11.772,10/21/2005 18:45,10/22/2005 18:40,8240,820,qcd_0144_129,-41.3143,146.0538
6983,Southern Slopes (Tasmania),Southern Slopes (Tasmania),1440,3,62,intermediate,12.5479,8/30/2005 5:10,8/31/2005 5:05,5510,802,qcd_0093_129,-41.75,147.12
6996,Southern Slopes (Tasmania),Southern Slopes (Tasmania),1440,1,101.04,intermediate,5.7055,8/16/1995 14:05,8/17/1995 14:00,10682,827,qcd_0159_129,-42.56,145.68
6997,Southern Slopes (Tasmania),Southern Slopes (Tasmania),1440,2,94.25,intermediate,10.9955,12/14/1961 22:25,12/15/1961 22:20,55756,709,qcd_091033,-41.3203,146.7378
6998,Southern Slopes (Tasmania),Southern Slopes (Tasmania),1440,3,85.6,intermediate,10.0204,2/1/1990 7:20,2/2/1990 7:15,2189,777,qcd_0031_129,-41.1984,145.1181
5930,Southern Slopes (Tasmania),Southern Slopes (mainland),1440,1,320.79,rare,0.0305,6/27/2007 8:45,6/28/2007 8:40,64457,1038,qcd_225809_74,-37.4961,146.8576
6257,Southern Slopes (Tasmania),Southern Slopes (mainland),1440,3,166.59,rare,0.5078,2/2/2005 6:55,2/3/2005 6:50,66654,1085,qcd_229603_151,-37.6458,144.9729
6292,Southern Slopes (Tasmania),Southern Slopes (mainland),1440,1,235.4,rare,0.2409,6/27/2007 5:45,6/28/2007 5:40,64493,1039,qcd_225810_74,-37.5421,147.0126
6706,Southern Slopes (Tasmania),Southern Slopes (Tasmania),1440,2,144.93,rare,2.0566,2/6/1999 13:40,2/7/1999 13:35,2737,784,qcd_0041_129,-42.3555,145.6504
6933,Southern Slopes (Tasmania),Southern Slopes (Tasmania),1440,2,162.2,rare,1.161,8/9/2007 12:40,8/10/2007 12:35,5466,801,qcd_0091_129,-41.8702,145.6197
6966,Southern Slopes (Tasmania),Southern Slopes (Tasmania),1440,2,90.25,rare,1.8126,8/16/1995 16:30,8/17/1995 16:25,11568,834,qcd_0172_129,-42.6905,146.707
6968,Southern Slopes (Tasmania),Southern Slopes (mainland),1440,2,241.98,rare,0.2703,6/27/2007 5:15,6/28/2007 5:10,64573,1040,qcd_225811a_151,-37.7552,146.1611
6970,Southern Slopes (Tasmania),Southern Slopes (mainland),1440,2,181.84,rare,0.3521,6/27/2007 3:10,6/28/2007 3:05,64965,1054,qcd_226819_74,-38.3182,146.566
6994,Southern Slopes (Tasmania),Southern Slopes (mainland),1440,3,152.71,rare,0.5204,2/2/2005 6:25,2/3/2005 6:20,68143,1104,qcd_229638_151,-37.8464,145.1384
6995,Southern Slopes (Tasmania),Southern Slopes (mainland),1440,2,144.36,rare,0.6196,2/2/2005 5:55,2/3/2005 5:50,65499,1066,qcd_228365_151,-38.0636,145.4218
6488,Southern Slopes (Tasmania),Southern Slopes (Tasmania),1800,1,85.1,frequent,14.4288,10/9/1979 23:55,10/11/1979 5:50,40078,746,qcd_097047,-41.4892,145.2083
7008,Southern Slopes (Tasmania),Southern Slopes (Tasmania),1800,2,94.93,frequent,21.3234,5/21/1977 10:30,5/22/1977 16:25,56907,745,qcd_097008,-42.0661,145.5681
7019,Southern Slopes (Tasmania),Southern Slopes (Tasmania),1800,1,58.19,frequent,20.0511,6/24/1938 19:35,6/26/1938 1:30,55885,711,qcd_091049,-41.4264,147.1275
7021,Southern Slopes (Tasmania),Southern Slopes (Tasmania),1800,2,91.2,frequent,16.512,3/19/2003 20:40,3/21/2003 2:35,56329,737,qcd_094163,-43.0156,147.3275
7022,Southern Slopes (Tasmania),Southern Slopes (Tasmania),1800,2,81.98,frequent,21.9237,2/20/1956 17:10,2/21/1956 23:05,55689,708,qcd_091009,-41.0661,145.9431
7023,Southern Slopes (Tasmania),Southern Slopes (Tasmania),1800,2,118.6,frequent,26.112,8/9/2007 8:50,8/10/2007 14:45,56768,744,qcd_097006,-41.9933,145.5725
7025,Southern Slopes (Tasmania),Southern Slopes (Tasmania),1800,2,53.03,frequent,26.9765,2/13/1945 19:20,2/15/1945 1:15,56193,713,qcd_091104,-41.5397,147.2033
7027,Southern Slopes (Tasmania),Southern Slopes (Tasmania),1800,2,108.2,frequent,28.6456,12/4/2002 14:55,12/5/2002 20:50,5465,801,qcd_0091_129,-41.8702,145.6197
7030,Southern Slopes (Tasmania),Southern Slopes (Tasmania),1800,3,83.88,frequent,15.6027,12/9/1979 13:30,12/10/1979 19:25,56989,746,qcd_097047,-41.4892,145.2083
7032,Southern Slopes (Tasmania),Southern Slopes (Tasmania),1800,3,49.4,frequent,22.8865,8/8/2004 19:55,8/10/2004 1:50,56507,740,qcd_095048,-42.4842,146.7106
6310,Southern Slopes (Tasmania),Southern Slopes (mainland),1800,2,310.63,intermediate,3.5292,7/31/1990 22:05,8/2/1990 4:00,119407,1926,qcd_568086_231,-35.0219,150.4631
6337,Southern Slopes (Tasmania),Southern Slopes (mainland),1800,3,287.39,intermediate,3.5909,3/18/1978 22:30,3/20/1978 4:25,43161,559,qcd_068195,-34.6368,150.4026
6759,Southern Slopes (Tasmania),Southern Slopes (Tasmania),1800,2,146.77,intermediate,4.6037,3/16/1996 2:35,3/17/1996 8:30,1039,767,qcd_0016_129,-42.1289,145.84
6942,Southern Slopes (Tasmania),Southern Slopes (Tasmania),1800,3,153.4,intermediate,5.4837,5/14/2009 0:15,5/15/2009 6:10,56772,744,qcd_097006,-41.9933,145.5725
6979,Southern Slopes (Tasmania),Southern Slopes (Tasmania),1800,2,122.13,intermediate,10.866,10/21/2005 15:45,10/22/2005 21:40,8240,820,qcd_0144_129,-41.3143,146.0538
6984,Southern Slopes (Tasmania),Southern Slopes (Tasmania),1800,3,69.8,intermediate,9.9685,8/30/2005 2:25,8/31/2005 8:20,5510,802,qcd_0093_129,-41.75,147.12
7013,Southern Slopes (Tasmania),Southern Slopes (Tasmania),1800,2,106.63,intermediate,5.4949,10/8/1992 5:45,10/9/1992 11:40,7194,810,qcd_0114_129,-41.3973,146.4946
7014,Southern Slopes (Tasmania),Southern Slopes (Tasmania),1800,2,110.71,intermediate,5.3048,2/6/1999 11:30,2/7/1999 17:25,10693,827,qcd_0159_129,-42.56,145.68
7016,Southern Slopes (Tasmania),Southern Slopes (Tasmania),1800,2,84,intermediate,4.0357,8/8/2007 19:50,8/10/2007 1:45,11600,834,qcd_0172_129,-42.6905,146.707
7017,Southern Slopes (Tasmania),Southern Slopes (mainland),1800,3,115.11,intermediate,3.4597,10/14/1983 21:00,10/16/1983 2:55,69364,1123,qcd_230105_151,-37.7271,144.8361
4220,Southern Slopes (Tasmania),Southern Slopes (mainland),1800,2,296.79,rare,0.6311,4/21/2001 9:35,4/22/2001 15:30,70617,1149,qcd_233802_74,-38.6242,143.7311
6161,Southern Slopes (Tasmania),Southern Slopes (mainland),1800,2,196.51,rare,0.5912,4/20/1990 15:20,4/21/1990 21:15,50002,640,qcd_085034,-37.9085,146.8046
6249,Southern Slopes (Tasmania),Southern Slopes (mainland),1800,1,145.38,rare,0.6966,2/18/1951 4:10,2/19/1951 10:05,50223,643,qcd_085103,-38.1858,146.3317
6259,Southern Slopes (Tasmania),Southern Slopes (mainland),1800,3,146.19,rare,0.4406,2/5/1973 3:55,2/6/1973 9:50,53707,684,qcd_087105,-37.95,144.6167
6287,Southern Slopes (Tasmania),Southern Slopes (mainland),1800,1,173.03,rare,0.1291,2/5/1973 3:00,2/6/1973 8:55,53148,677,qcd_087033,-37.991,144.4943
6293,Southern Slopes (Tasmania),Southern Slopes (mainland),1800,1,263.57,rare,0.2049,6/27/2007 5:15,6/28/2007 11:10,64493,1039,qcd_225810_74,-37.5421,147.0126
6831,Southern Slopes (Tasmania),Southern Slopes (Tasmania),1800,3,173.8,rare,0.8263,3/20/2003 10:20,3/21/2003 16:15,56293,736,qcd_094157,-43.1639,147.8333
6859,Southern Slopes (Tasmania),Southern Slopes (Tasmania),1800,3,84.89,rare,2.2564,2/22/1969 6:00,2/23/1969 11:55,56189,713,qcd_091104,-41.5397,147.2033
6934,Southern Slopes (Tasmania),Southern Slopes (Tasmania),1800,2,205.6,rare,0.6601,8/8/2007 19:00,8/10/2007 0:55,5466,801,qcd_0091_129,-41.8702,145.6197
7011,Southern Slopes (Tasmania),Southern Slopes (mainland),1800,2,241.05,rare,0.6194,6/22/1998 17:55,6/23/1998 23:50,63607,1018,qcd_222219_74,-37.4991,148.2736
7003,Southern Slopes (Tasmania),Southern Slopes (Tasmania),2160,1,119.66,frequent,16.3836,3/16/1996 1:15,3/17/1996 13:10,2260,778,qcd_0033_129,-41.9383,146.2618
7009,Southern Slopes (Tasmania),Southern Slopes (Tasmania),2160,2,108.24,frequent,15.6907,5/21/1977 8:00,5/22/1977 19:55,56907,745,qcd_097008,-42.0661,145.5681
7020,Southern Slopes (Tasmania),Southern Slopes (Tasmania),2160,2,64.41,frequent,16.0711,6/24/1938 20:05,6/26/1938 8:00,55885,711,qcd_091049,-41.4264,147.1275
7024,Southern Slopes (Tasmania),Southern Slopes (Tasmania),2160,2,133.2,frequent,21.8042,8/9/2007 4:10,8/10/2007 16:05,56768,744,qcd_097006,-41.9933,145.5725
7028,Southern Slopes (Tasmania),Southern Slopes (Tasmania),2160,2,128,frequent,17.4736,12/4/2002 8:10,12/5/2002 20:05,5465,801,qcd_0091_129,-41.8702,145.6197
7031,Southern Slopes (Tasmania),Southern Slopes (Tasmania),2160,3,91.52,frequent,14.7118,12/9/1979 7:35,12/10/1979 19:30,56989,746,qcd_097047,-41.4892,145.2083
7035,Southern Slopes (Tasmania),Southern Slopes (Tasmania),2160,1,55.52,frequent,28.3802,1/2/1992 16:10,1/4/1992 4:05,11140,829,qcd_0162_129,-41.8157,147.5671
7036,Southern Slopes (Tasmania),Southern Slopes (Tasmania),2160,2,63.42,frequent,17.2706,7/4/1944 2:40,7/5/1944 14:35,55897,711,qcd_091049,-41.4264,147.1275
7037,Southern Slopes (Tasmania),Southern Slopes (Tasmania),2160,2,101.91,frequent,17.8663,7/6/1974 10:30,7/7/1974 22:25,11236,832,qcd_0168_129,-42.2145,147.7808
7038,Southern Slopes (Tasmania),Southern Slopes (Tasmania),2160,3,111,frequent,15.9057,5/13/2009 20:15,5/15/2009 8:10,57058,747,qcd_097053,-42.7681,146.0461
6311,Southern Slopes (Tasmania),Southern Slopes (mainland),2160,2,339.4,intermediate,3.3812,7/31/1990 22:05,8/2/1990 10:00,119407,1926,qcd_568086_231,-35.0219,150.4631
6345,Southern Slopes (Tasmania),Southern Slopes (mainland),2160,2,120.78,intermediate,3.2679,3/26/1902 13:55,3/28/1902 1:50,51486,658,qcd_086071,-37.8075,144.97
6440,Southern Slopes (Tasmania),Southern Slopes (Tasmania),2160,1,123.63,intermediate,6.7827,5/17/1975 18:05,5/19/1975 6:00,56947,745,qcd_097008,-42.0661,145.5681
6760,Southern Slopes (Tasmania),Southern Slopes (Tasmania),2160,2,160.49,intermediate,4.5485,3/16/1996 0:35,3/17/1996 12:30,1039,767,qcd_0016_129,-42.1289,145.84
6914,Southern Slopes (Tasmania),Southern Slopes (Tasmania),2160,1,110,intermediate,7.3117,1/12/2011 6:45,1/13/2011 18:40,55700,708,qcd_091009,-41.0661,145.9431
6943,Southern Slopes (Tasmania),Southern Slopes (Tasmania),2160,3,176.2,intermediate,4.1867,5/13/2009 23:55,5/15/2009 11:50,56772,744,qcd_097006,-41.9933,145.5725
6947,Southern Slopes (Tasmania),Southern Slopes (Tasmania),2160,3,147.4,intermediate,12.2381,10/13/2007 9:45,10/14/2007 21:40,56771,744,qcd_097006,-41.9933,145.5725
6964,Southern Slopes (Tasmania),Southern Slopes (Tasmania),2160,3,128.35,intermediate,7.3825,8/9/2007 9:25,8/10/2007 21:20,9415,823,qcd_0151_129,-41.2141,145.3204
7015,Southern Slopes (Tasmania),Southern Slopes (Tasmania),2160,2,117.74,intermediate,5.295,2/6/1999 6:30,2/7/1999 18:25,10693,827,qcd_0159_129,-42.56,145.68
7018,Southern Slopes (Tasmania),Southern Slopes (mainland),2160,3,121.82,intermediate,3.3823,10/14/1983 20:45,10/16/1983 8:40,69364,1123,qcd_230105_151,-37.7271,144.8361
4221,Southern Slopes (Tasmania),Southern Slopes (mainland),2160,1,334.1,rare,0.4366,4/21/2001 12:45,4/23/2001 0:40,70617,1149,qcd_233802_74,-38.6242,143.7311
4235,Southern Slopes (Tasmania),Southern Slopes (mainland),2160,2,267.58,rare,0.7968,2/1/1990 3:55,2/2/1990 15:50,55273,702,qcd_090087,-38.6636,143.4495
6162,Southern Slopes (Tasmania),Southern Slopes (mainland),2160,2,210.63,rare,0.5084,4/20/1990 14:25,4/22/1990 2:20,50002,640,qcd_085034,-37.9085,146.8046
6294,Southern Slopes (Tasmania),Southern Slopes (mainland),2160,1,287.65,rare,0.1788,6/27/2007 2:05,6/28/2007 14:00,64493,1039,qcd_225810_74,-37.5421,147.0126
6299,Southern Slopes (Tasmania),Southern Slopes (mainland),2160,2,267.58,rare,0.7968,2/1/1990 3:55,2/2/1990 15:50,55263,702,qcd_090087,-38.6636,143.4495
6832,Southern Slopes (Tasmania),Southern Slopes (Tasmania),2160,3,198.6,rare,0.5867,3/20/2003 9:45,3/21/2003 21:40,56293,736,qcd_094157,-43.1639,147.8333
6860,Southern Slopes (Tasmania),Southern Slopes (Tasmania),2160,2,99.07,rare,1.3322,2/22/1969 0:20,2/23/1969 12:15,56189,713,qcd_091104,-41.5397,147.2033
6935,Southern Slopes (Tasmania),Southern Slopes (Tasmania),2160,2,235.8,rare,0.5242,8/8/2007 16:10,8/10/2007 4:05,5466,801,qcd_0091_129,-41.8702,145.6197
7012,Southern Slopes (Tasmania),Southern Slopes (mainland),2160,2,266.49,rare,0.5611,6/22/1998 16:45,6/24/1998 4:40,63607,1018,qcd_222219_74,-37.4991,148.2736
7033,Southern Slopes (Tasmania),Southern Slopes (mainland),2160,1,138.05,rare,0.6954,4/22/2001 3:00,4/23/2001 14:55,70897,1158,qcd_235255_74,-38.2702,144.2937
6986,Southern Slopes (Tasmania),Southern Slopes (Tasmania),2880,3,68.6,frequent,15.3819,6/4/2003 15:55,6/6/2003 15:50,56212,713,qcd_091104,-41.5397,147.2033
7045,Southern Slopes (Tasmania),Southern Slopes (Tasmania),2880,1,155,frequent,16.3102,1/27/2004 17:50,1/29/2004 17:45,11092,828,qcd_0161_129,-41.5186,147.9858
7047,Southern Slopes (Tasmania),Southern Slopes (Tasmania),2880,1,164,frequent,22.6028,5/17/2003 4:35,5/19/2003 4:30,4827,800,qcd_0081_129,-41.6804,146.38
7051,Southern Slopes (Tasmania),Southern Slopes (Tasmania),2880,2,99.51,frequent,16.9521,5/20/1977 16:10,5/22/1977 16:05,56992,746,qcd_097047,-41.4892,145.2083
7053,Southern Slopes (Tasmania),Southern Slopes (Tasmania),2880,2,120.4,frequent,17.6351,9/16/2003 2:20,9/18/2003 2:15,57063,747,qcd_097053,-42.7681,146.0461
7056,Southern Slopes (Tasmania),Southern Slopes (Tasmania),2880,2,139.52,frequent,22.2275,9/27/1991 21:15,9/29/1991 21:10,1042,767,qcd_0016_129,-42.1289,145.84
7057,Southern Slopes (Tasmania),Southern Slopes (Tasmania),2880,2,90.61,frequent,22.5957,12/26/1993 2:45,12/28/1993 2:40,3641,792,qcd_0060_129,-42.1468,147.1719
7058,Southern Slopes (Tasmania),Southern Slopes (Tasmania),2880,2,89.07,frequent,24.7629,8/5/1973 4:15,8/7/1973 4:10,55698,708,qcd_091009,-41.0661,145.9431
7059,Southern Slopes (Tasmania),Southern Slopes (Tasmania),2880,2,51.2,frequent,33.1739,9/4/2000 19:25,9/6/2000 19:20,56511,740,qcd_095048,-42.4842,146.7106
7061,Southern Slopes (Tasmania),Southern Slopes (Tasmania),2880,3,68.42,frequent,15.5622,5/24/1987 8:00,5/26/1987 7:55,56197,713,qcd_091104,-41.5397,147.2033
6441,Southern Slopes (Tasmania),Southern Slopes (Tasmania),2880,2,142.57,intermediate,5.5175,5/17/1975 8:05,5/19/1975 8:00,56947,745,qcd_097008,-42.0661,145.5681
6489,Southern Slopes (Tasmania),Southern Slopes (Tasmania),2880,1,118.72,intermediate,5.9857,10/10/1979 0:20,10/12/1979 0:15,40078,746,qcd_097047,-41.4892,145.2083
6915,Southern Slopes (Tasmania),Southern Slopes (Tasmania),2880,1,134.8,intermediate,3.8882,1/12/2011 10:00,1/14/2011 9:55,55700,708,qcd_091009,-41.0661,145.9431
6944,Southern Slopes (Tasmania),Southern Slopes (Tasmania),2880,2,207.2,intermediate,3.5193,5/13/2009 23:35,5/15/2009 23:30,56772,744,qcd_097006,-41.9933,145.5725
6974,Southern Slopes (Tasmania),Southern Slopes (Tasmania),2880,3,86.4,intermediate,4.7741,7/19/2000 3:05,7/21/2000 3:00,56190,713,qcd_091104,-41.5397,147.2033
6981,Southern Slopes (Tasmania),Southern Slopes (Tasmania),2880,1,113.9,intermediate,8.5294,7/4/1963 14:05,7/6/1963 14:00,55694,708,qcd_091009,-41.0661,145.9431
6993,Southern Slopes (Tasmania),Southern Slopes (Tasmania),2880,2,76.8,intermediate,4.9309,8/8/2007 19:05,8/10/2007 19:00,56510,740,qcd_095048,-42.4842,146.7106
7029,Southern Slopes (Tasmania),Southern Slopes (Tasmania),2880,2,151.4,intermediate,13.9392,12/4/2002 7:15,12/6/2002 7:10,5465,801,qcd_0091_129,-41.8702,145.6197
7041,Southern Slopes (Tasmania),Southern Slopes (Tasmania),2880,2,169.25,intermediate,7.0109,11/4/1994 21:45,11/6/1994 21:40,1066,767,qcd_0016_129,-42.1289,145.84
7044,Southern Slopes (Tasmania),Southern Slopes (Tasmania),2880,3,75.3,intermediate,9.8926,7/4/1944 18:20,7/6/1944 18:15,56184,713,qcd_091104,-41.5397,147.2033
4222,Southern Slopes (Tasmania),Southern Slopes (mainland),2880,1,387.36,rare,0.2915,4/21/2001 10:50,4/23/2001 10:45,70617,1149,qcd_233802_74,-38.6242,143.7311
6260,Southern Slopes (Tasmania),Southern Slopes (mainland),2880,3,167.29,rare,0.4084,2/4/1973 9:55,2/6/1973 9:50,53707,684,qcd_087105,-37.95,144.6167
6288,Southern Slopes (Tasmania),Southern Slopes (mainland),2880,2,201.32,rare,0.1107,2/4/1973 9:00,2/6/1973 8:55,53148,677,qcd_087033,-37.991,144.4943
6295,Southern Slopes (Tasmania),Southern Slopes (mainland),2880,2,319.71,rare,0.1743,6/26/2007 22:05,6/28/2007 22:00,64493,1039,qcd_225810_74,-37.5421,147.0126
6366,Southern Slopes (Tasmania),Southern Slopes (mainland),2880,3,545.42,rare,0.144,3/19/1978 2:25,3/21/1978 2:20,43210,560,qcd_068203,-35.085,150.23
6833,Southern Slopes (Tasmania),Southern Slopes (Tasmania),2880,3,227.2,rare,0.469,3/19/2003 21:15,3/21/2003 21:10,56293,736,qcd_094157,-43.1639,147.8333
6861,Southern Slopes (Tasmania),Southern Slopes (Tasmania),2880,2,113.55,rare,1.0359,2/21/1969 19:10,2/23/1969 19:05,56189,713,qcd_091104,-41.5397,147.2033
6936,Southern Slopes (Tasmania),Southern Slopes (Tasmania),2880,2,297.4,rare,0.2963,8/8/2007 17:25,8/10/2007 17:20,5466,801,qcd_0091_129,-41.8702,145.6197
7034,Southern Slopes (Tasmania),Southern Slopes (mainland),2880,1,168.53,rare,0.3845,4/21/2001 23:05,4/23/2001 23:00,70897,1158,qcd_235255_74,-38.2702,144.2937
7040,Southern Slopes (Tasmania),Southern Slopes (mainland),2880,1,149.61,rare,0.5968,4/21/2001 16:10,4/23/2001 16:05,70237,1139,qcd_233200b_102,-38.1434,144.1871
7026,Southern Slopes (Tasmania),Southern Slopes (Tasmania),4320,3,74.87,frequent,17.3352,2/12/1945 2:55,2/15/1945 2:50,56193,713,qcd_091104,-41.5397,147.2033
7046,Southern Slopes (Tasmania),Southern Slopes (Tasmania),4320,1,175.4,frequent,14.8047,1/27/2004 17:45,1/30/2004 17:40,11092,828,qcd_0161_129,-41.5186,147.9858
7048,Southern Slopes (Tasmania),Southern Slopes (Tasmania),4320,2,193.6,frequent,15.3353,5/16/2003 18:00,5/19/2003 17:55,4827,800,qcd_0081_129,-41.6804,146.38
7069,Southern Slopes (Tasmania),Southern Slopes (Tasmania),4320,1,140.15,frequent,17.5533,12/3/1976 1:15,12/6/1976 1:10,56914,745,qcd_097008,-42.0661,145.5681
7070,Southern Slopes (Tasmania),Southern Slopes (Tasmania),4320,2,143.4,frequent,15.2306,8/16/2001 9:55,8/19/2001 9:50,56928,745,qcd_097008,-42.0661,145.5681
7073,Southern Slopes (Tasmania),Southern Slopes (Tasmania),4320,2,142.98,frequent,15.5143,6/3/1975 16:40,6/6/1975 16:35,56913,745,qcd_097008,-42.0661,145.5681
7074,Southern Slopes (Tasmania),Southern Slopes (Tasmania),4320,2,75.66,frequent,16.5788,4/14/1956 14:25,4/17/1956 14:20,56199,713,qcd_091104,-41.5397,147.2033
7075,Southern Slopes (Tasmania),Southern Slopes (Tasmania),4320,2,73.3,frequent,19.1065,4/19/1965 21:10,4/22/1965 21:05,56218,713,qcd_091104,-41.5397,147.2033
7079,Southern Slopes (Tasmania),Southern Slopes (Tasmania),4320,2,137,frequent,19.8322,9/28/2007 0:25,10/1/2007 0:20,57068,747,qcd_097053,-42.7681,146.0461
7081,Southern Slopes (Tasmania),Southern Slopes (Tasmania),4320,3,152.25,frequent,18.7967,1/24/1996 5:50,1/27/1996 5:45,2263,778,qcd_0033_129,-41.9383,146.2618
6442,Southern Slopes (Tasmania),Southern Slopes (Tasmania),4320,2,169.9,intermediate,4.8647,5/16/1975 6:55,5/19/1975 6:50,56947,745,qcd_097008,-42.0661,145.5681
6449,Southern Slopes (Tasmania),Southern Slopes (Tasmania),4320,3,157.4,intermediate,5.1541,9/11/2005 4:20,9/14/2005 4:15,56303,736,qcd_094157,-43.1639,147.8333
7039,Southern Slopes (Tasmania),Southern Slopes (Tasmania),4320,2,176.2,intermediate,4.8772,5/13/2009 6:35,5/16/2009 6:30,57058,747,qcd_097053,-42.7681,146.0461
7042,Southern Slopes (Tasmania),Southern Slopes (Tasmania),4320,2,225.48,intermediate,3.5781,11/4/1994 17:55,11/7/1994 17:50,1066,767,qcd_0016_129,-42.1289,145.84
7052,Southern Slopes (Tasmania),Southern Slopes (Tasmania),4320,2,130.69,intermediate,8.9655,5/20/1977 5:45,5/23/1977 5:40,56992,746,qcd_097047,-41.4892,145.2083
7054,Southern Slopes (Tasmania),Southern Slopes (Tasmania),4320,1,147.4,intermediate,13.6793,9/16/2003 17:35,9/19/2003 17:30,57063,747,qcd_097053,-42.7681,146.0461
7064,Southern Slopes (Tasmania),Southern Slopes (Tasmania),4320,1,119.57,intermediate,10.1738,6/22/1955 13:15,6/25/1955 13:10,55706,708,qcd_091009,-41.0661,145.9431
7066,Southern Slopes (Tasmania),Southern Slopes (Tasmania),4320,2,85.8,intermediate,14.2668,9/28/2007 16:00,10/1/2007 15:55,11603,834,qcd_0172_129,-42.6905,146.707
7067,Southern Slopes (Tasmania),Southern Slopes (Tasmania),4320,3,99.8,intermediate,4.4471,2/12/1945 3:50,2/15/1945 3:45,55898,711,qcd_091049,-41.4264,147.1275
7068,Southern Slopes (Tasmania),Southern Slopes (Tasmania),4320,3,81.08,intermediate,13.5334,7/1/1942 7:55,7/4/1942 7:50,55894,711,qcd_091049,-41.4264,147.1275
4223,Southern Slopes (Tasmania),Southern Slopes (mainland),4320,1,493.89,rare,0.0715,4/21/2001 4:15,4/24/2001 4:10,70617,1149,qcd_233802_74,-38.6242,143.7311
4226,Southern Slopes (Tasmania),Southern Slopes (mainland),4320,1,373.7,rare,0.3614,4/21/2001 4:00,4/24/2001 3:55,70638,1150,qcd_233803_74,-38.5479,143.8602
4236,Southern Slopes (Tasmania),Southern Slopes (mainland),4320,1,332.86,rare,0.6014,2/1/1990 3:00,2/4/1990 2:55,55273,702,qcd_090087,-38.6636,143.4495
6245,Southern Slopes (Tasmania),Southern Slopes (mainland),4320,3,149.6,rare,1.8298,1/11/2011 9:25,1/14/2011 9:20,54957,699,qcd_089111,-37.5174,143.7791
6300,Southern Slopes (Tasmania),Southern Slopes (mainland),4320,1,332.86,rare,0.6014,2/1/1990 3:00,2/4/1990 2:55,55263,702,qcd_090087,-38.6636,143.4495
6364,Southern Slopes (Tasmania),Southern Slopes (mainland),4320,3,171.72,rare,1.3534,4/20/1960 10:10,4/23/1960 10:05,51513,658,qcd_086071,-37.8075,144.97
6385,Southern Slopes (Tasmania),Southern Slopes (mainland),4320,2,487.5,rare,1.9253,6/9/1991 6:40,6/12/1991 6:35,121007,1952,qcd_568171_233,-34.5703,150.7684
6390,Southern Slopes (Tasmania),Southern Slopes (mainland),4320,2,224.15,rare,1.9271,3/18/1978 20:10,3/21/1978 20:05,43578,567,qcd_070012,-34.8996,149.9709
7062,Southern Slopes (Tasmania),Southern Slopes (mainland),4320,2,398.34,rare,0.6529,4/20/2001 13:55,4/23/2001 13:50,64938,1053,qcd_226818_74,-38.4302,146.5412
7063,Southern Slopes (Tasmania),Southern Slopes (mainland),4320,1,190.76,rare,0.8137,4/21/2001 22:05,4/24/2001 22:00,65507,1066,qcd_228365_151,-38.0636,145.4218
7076,Southern Slopes (Tasmania),Southern Slopes (Tasmania),5760,2,80.65,frequent,17.3332,4/18/1965 17:05,4/22/1965 17:00,56218,713,qcd_091104,-41.5397,147.2033
7090,Southern Slopes (Tasmania),Southern Slopes (Tasmania),5760,1,146,frequent,29.0584,9/5/2002 13:30,9/9/2002 13:25,57081,747,qcd_097053,-42.7681,146.0461
7091,Southern Slopes (Tasmania),Southern Slopes (Tasmania),5760,1,94.03,frequent,39.6067,6/19/1945 12:40,6/23/1945 12:35,55705,708,qcd_091009,-41.0661,145.9431
7092,Southern Slopes (Tasmania),Southern Slopes (Tasmania),5760,2,202.72,frequent,14.866,10/1/1988 17:20,10/5/1988 17:15,1093,767,qcd_0016_129,-42.1289,145.84
7095,Southern Slopes (Tasmania),Southern Slopes (Tasmania),5760,2,156.6,frequent,18.9496,8/23/2009 17:15,8/27/2009 17:10,57069,747,qcd_097053,-42.7681,146.0461
7096,Southern Slopes (Tasmania),Southern Slopes (Tasmania),5760,2,112,frequent,23.8778,7/2/2009 23:15,7/6/2009 23:10,56301,736,qcd_094157,-43.1639,147.8333
7097,Southern Slopes (Tasmania),Southern Slopes (Tasmania),5760,2,101.51,frequent,25.916,5/15/1975 13:15,5/19/1975 13:10,56591,741,qcd_096014,-42.2539,146.62
7098,Southern Slopes (Tasmania),Southern Slopes (Tasmania),5760,2,99.39,frequent,28.4545,7/19/1974 1:15,7/23/1974 1:10,56597,741,qcd_096014,-42.2539,146.62
7100,Southern Slopes (Tasmania),Southern Slopes (Tasmania),5760,3,157.6,frequent,18.1025,6/8/2002 12:15,6/12/2002 12:10,56941,745,qcd_097008,-42.0661,145.5681
7103,Southern Slopes (Tasmania),Southern Slopes (Tasmania),5760,3,120.43,frequent,23.4133,2/9/1964 1:20,2/13/1964 1:15,55769,709,qcd_091033,-41.3203,146.7378
6450,Southern Slopes (Tasmania),Southern Slopes (Tasmania),5760,3,178.6,intermediate,3.427,9/10/2005 5:10,9/14/2005 5:05,56303,736,qcd_094157,-43.1639,147.8333
7049,Southern Slopes (Tasmania),Southern Slopes (Tasmania),5760,2,215,intermediate,12.6546,5/15/2003 8:05,5/19/2003 8:00,4827,800,qcd_0081_129,-41.6804,146.38
7055,Southern Slopes (Tasmania),Southern Slopes (Tasmania),5760,2,187,intermediate,6.8821,9/15/2003 15:50,9/19/2003 15:45,57063,747,qcd_097053,-42.7681,146.0461
7060,Southern Slopes (Tasmania),Southern Slopes (Tasmania),5760,3,73.97,intermediate,13.621,9/2/2000 21:25,9/6/2000 21:20,56511,740,qcd_095048,-42.4842,146.7106
7065,Southern Slopes (Tasmania),Southern Slopes (Tasmania),5760,3,140.97,intermediate,6.3128,6/22/1955 7:35,6/26/1955 7:30,55706,708,qcd_091009,-41.0661,145.9431
7071,Southern Slopes (Tasmania),Southern Slopes (Tasmania),5760,2,176.8,intermediate,8.0852,8/16/2001 4:35,8/20/2001 4:30,56928,745,qcd_097008,-42.0661,145.5681
7080,Southern Slopes (Tasmania),Southern Slopes (Tasmania),5760,2,172.6,intermediate,11.1476,9/27/2007 20:15,10/1/2007 20:10,57068,747,qcd_097053,-42.7681,146.0461
7084,Southern Slopes (Tasmania),Southern Slopes (Tasmania),5760,1,169,intermediate,12.5895,8/8/2004 14:00,8/12/2004 13:55,57077,747,qcd_097053,-42.7681,146.0461
7086,Southern Slopes (Tasmania),Southern Slopes (Tasmania),5760,2,207.6,intermediate,12.7324,10/14/1988 0:40,10/18/1988 0:35,1084,767,qcd_0016_129,-42.1289,145.84
7088,Southern Slopes (Tasmania),Southern Slopes (Tasmania),5760,3,92.63,intermediate,9.9287,5/9/1931 3:05,5/13/1931 3:00,55901,711,qcd_091049,-41.4264,147.1275
4224,Southern Slopes (Tasmania),Southern Slopes (mainland),5760,1,510.64,rare,0.0598,4/21/2001 0:05,4/25/2001 0:00,70617,1149,qcd_233802_74,-38.6242,143.7311
4237,Southern Slopes (Tasmania),Southern Slopes (mainland),5760,1,348.56,rare,0.5206,1/31/1990 17:55,2/4/1990 17:50,55273,702,qcd_090087,-38.6636,143.4495
4305,Southern Slopes (Tasmania),Southern Slopes (mainland),5760,2,531.22,rare,1.7951,6/8/1991 6:40,6/12/1991 6:35,119416,1926,qcd_568086_231,-35.0219,150.4631
6246,Southern Slopes (Tasmania),Southern Slopes (mainland),5760,3,178,rare,0.926,1/10/2011 8:00,1/14/2011 7:55,54957,699,qcd_089111,-37.5174,143.7791
6301,Southern Slopes (Tasmania),Southern Slopes (mainland),5760,1,348.56,rare,0.5206,1/31/1990 17:55,2/4/1990 17:50,55263,702,qcd_090087,-38.6636,143.4495
6320,Southern Slopes (Tasmania),Southern Slopes (mainland),5760,2,268.6,rare,0.7305,3/24/2000 7:55,3/28/2000 7:50,51098,655,qcd_085278,-37.7196,146.3888
6386,Southern Slopes (Tasmania),Southern Slopes (mainland),5760,3,583,rare,1.0505,6/8/1991 5:05,6/12/1991 5:00,121007,1952,qcd_568171_233,-34.5703,150.7684
6443,Southern Slopes (Tasmania),Southern Slopes (Tasmania),5760,3,207.97,rare,2.9014,5/15/1975 8:35,5/19/1975 8:30,56947,745,qcd_097008,-42.0661,145.5681
7043,Southern Slopes (Tasmania),Southern Slopes (Tasmania),5760,2,261.41,rare,2.9953,11/4/1994 17:05,11/8/1994 17:00,1066,767,qcd_0016_129,-42.1289,145.84
7082,Southern Slopes (Tasmania),Southern Slopes (mainland),5760,3,542.5,rare,1.9024,6/8/1991 5:25,6/12/1991 5:20,119673,1931,qcd_568119_233,-34.5688,150.8656
6562,Southern Slopes (Tasmania),Southern Slopes (Tasmania),7200,2,165.8,frequent,27.5035,8/2/2009 14:25,8/7/2009 14:20,57089,747,qcd_097053,-42.7681,146.0461
7107,Southern Slopes (Tasmania),Southern Slopes (Tasmania),7200,1,151.4,frequent,18.7343,5/1/1997 23:10,5/6/1997 23:05,56009,712,qcd_091079,-41.0867,145.5517
7110,Southern Slopes (Tasmania),Southern Slopes (Tasmania),7200,1,143.99,frequent,24.6407,7/17/1974 6:50,7/22/1974 6:45,56003,712,qcd_091079,-41.0867,145.5517
7112,Southern Slopes (Tasmania),Southern Slopes (Tasmania),7200,2,214,frequent,15.1229,10/11/1988 1:50,10/16/1988 1:45,2780,784,qcd_0041_129,-42.3555,145.6504
7114,Southern Slopes (Tasmania),Southern Slopes (Tasmania),7200,2,220.6,frequent,16.7754,9/3/2002 23:35,9/8/2002 23:30,5487,801,qcd_0091_129,-41.8702,145.6197
7117,Southern Slopes (Tasmania),Southern Slopes (Tasmania),7200,2,172.53,frequent,19.2835,4/22/1986 14:35,4/27/1986 14:30,56893,745,qcd_097008,-42.0661,145.5681
7118,Southern Slopes (Tasmania),Southern Slopes (Tasmania),7200,2,157,frequent,20.608,6/7/2002 20:15,6/12/2002 20:10,963,766,qcd_0015_129,-42.2769,146.274
7119,Southern Slopes (Tasmania),Southern Slopes (Tasmania),7200,2,140.24,frequent,37.4165,9/28/1988 19:25,10/3/1988 19:20,10743,827,qcd_0159_129,-42.56,145.68
7120,Southern Slopes (Tasmania),Southern Slopes (Tasmania),7200,3,179.6,frequent,14.7975,7/3/2002 23:35,7/8/2002 23:30,56955,745,qcd_097008,-42.0661,145.5681
7121,Southern Slopes (Tasmania),Southern Slopes (Tasmania),7200,3,179.8,frequent,16.9027,6/20/2002 21:15,6/25/2002 21:10,57080,747,qcd_097053,-42.7681,146.0461
6490,Southern Slopes (Tasmania),Southern Slopes (Tasmania),7200,1,185.77,intermediate,3.5984,10/9/1979 23:55,10/14/1979 23:50,40078,746,qcd_097047,-41.4892,145.2083
6987,Southern Slopes (Tasmania),Southern Slopes (Tasmania),7200,3,99.4,intermediate,7.9308,6/1/2003 15:55,6/6/2003 15:50,56212,713,qcd_091104,-41.5397,147.2033
7050,Southern Slopes (Tasmania),Southern Slopes (Tasmania),7200,3,238.2,intermediate,10.0673,5/14/2003 18:00,5/19/2003 17:55,4827,800,qcd_0081_129,-41.6804,146.38
7072,Southern Slopes (Tasmania),Southern Slopes (Tasmania),7200,1,201.8,intermediate,5.9372,8/16/2001 5:45,8/21/2001 5:40,56928,745,qcd_097008,-42.0661,145.5681
7085,Southern Slopes (Tasmania),Southern Slopes (Tasmania),7200,2,202.4,intermediate,8.3476,8/8/2004 16:50,8/13/2004 16:45,57077,747,qcd_097053,-42.7681,146.0461
7087,Southern Slopes (Tasmania),Southern Slopes (Tasmania),7200,2,243.6,intermediate,8.5462,10/14/1988 7:55,10/19/1988 7:50,1084,767,qcd_0016_129,-42.1289,145.84
7089,Southern Slopes (Tasmania),Southern Slopes (Tasmania),7200,3,107.62,intermediate,5.5591,5/8/1931 3:30,5/13/1931 3:25,55901,711,qcd_091049,-41.4264,147.1275
7093,Southern Slopes (Tasmania),Southern Slopes (Tasmania),7200,2,245.6,intermediate,8.0488,10/1/1988 14:05,10/6/1988 14:00,1093,767,qcd_0016_129,-42.1289,145.84
7101,Southern Slopes (Tasmania),Southern Slopes (Tasmania),7200,2,199,intermediate,6.6528,6/7/2002 18:40,6/12/2002 18:35,56941,745,qcd_097008,-42.0661,145.5681
7106,Southern Slopes (Tasmania),Southern Slopes (Tasmania),7200,2,189,intermediate,12.7173,12/22/2000 1:10,12/27/2000 1:05,57071,747,qcd_097053,-42.7681,146.0461
2644,Southern Slopes (Tasmania),Murray Basin,7200,1,253.98,rare,0.3154,3/17/1950 17:15,3/22/1950 17:10,43871,569,qcd_070015,-35.3,149.1
4238,Southern Slopes (Tasmania),Southern Slopes (mainland),7200,1,353.5,rare,0.5181,1/31/1990 18:00,2/5/1990 17:55,55273,702,qcd_090087,-38.6636,143.4495
4306,Southern Slopes (Tasmania),Southern Slopes (mainland),7200,2,604.62,rare,1.1681,6/7/1991 8:25,6/12/1991 8:20,119416,1926,qcd_568086_231,-35.0219,150.4631
6315,Southern Slopes (Tasmania),Southern Slopes (mainland),7200,3,822.53,rare,2.4234,6/7/1991 0:40,6/12/1991 0:35,119080,1921,qcd_568078_231,-34.7042,150.6267
6387,Southern Slopes (Tasmania),Southern Slopes (mainland),7200,3,669,rare,0.5913,6/7/1991 1:35,6/12/1991 1:30,121007,1952,qcd_568171_233,-34.5703,150.7684
6444,Southern Slopes (Tasmania),Southern Slopes (Tasmania),7200,2,237.6,rare,2.1068,5/15/1975 15:45,5/20/1975 15:40,56947,745,qcd_097008,-42.0661,145.5681
6451,Southern Slopes (Tasmania),Southern Slopes (Tasmania),7200,3,195.4,rare,2.3679,9/9/2005 5:10,9/14/2005 5:05,56303,736,qcd_094157,-43.1639,147.8333
7083,Southern Slopes (Tasmania),Southern Slopes (mainland),7200,3,573.5,rare,1.7692,6/7/1991 5:45,6/12/1991 5:40,119673,1931,qcd_568119_233,-34.5688,150.8656
7104,Southern Slopes (Tasmania),Southern Slopes (mainland),7200,3,546.5,rare,1.1647,6/7/1991 4:35,6/12/1991 4:30,120468,1942,qcd_568153_233,-34.3674,150.9098
7105,Southern Slopes (Tasmania),Southern Slopes (mainland),7200,3,836.93,rare,2.8173,6/7/1991 7:15,6/12/1991 7:10,119031,1920,qcd_568076_231,-34.6967,150.6894
6563,Southern Slopes (Tasmania),Southern Slopes (Tasmania),8640,2,193.2,frequent,21.4926,8/2/2009 16:00,8/8/2009 15:55,57089,747,qcd_097053,-42.7681,146.0461
7122,Southern Slopes (Tasmania),Southern Slopes (Tasmania),8640,3,204.8,frequent,15.4313,6/20/2002 1:35,6/26/2002 1:30,57080,747,qcd_097053,-42.7681,146.0461
7125,Southern Slopes (Tasmania),Southern Slopes (Tasmania),8640,1,105.4,frequent,24.5215,5/28/2007 14:45,6/3/2007 14:40,57130,748,qcd_098000,-40.0092,144.1111
7127,Southern Slopes (Tasmania),Southern Slopes (Tasmania),8640,1,129.8,frequent,25.7643,8/15/2001 20:05,8/21/2001 20:00,56466,739,qcd_095018,-42.3003,146.4486
7128,Southern Slopes (Tasmania),Southern Slopes (Tasmania),8640,2,118.36,frequent,24.316,5/1/1997 14:40,5/7/1997 14:35,55724,708,qcd_091009,-41.0661,145.9431
7129,Southern Slopes (Tasmania),Southern Slopes (Tasmania),8640,2,226.4,frequent,28.0108,7/18/2000 23:30,7/24/2000 23:25,5484,801,qcd_0091_129,-41.8702,145.6197
7130,Southern Slopes (Tasmania),Southern Slopes (Tasmania),8640,2,94,frequent,36.112,9/22/2009 16:10,9/28/2009 16:05,56341,737,qcd_094163,-43.0156,147.3275
7131,Southern Slopes (Tasmania),Southern Slopes (Tasmania),8640,2,107.48,frequent,39.4596,4/13/1956 2:05,4/19/1956 2:00,55721,708,qcd_091009,-41.0661,145.9431
7132,Southern Slopes (Tasmania),Southern Slopes (Tasmania),8640,2,110.77,frequent,39.9766,6/11/1956 13:55,6/17/1956 13:50,56250,714,qcd_091116,-41.15,147.5167
7133,Southern Slopes (Tasmania),Southern Slopes (Tasmania),8640,3,121.47,frequent,16.1771,12/22/1993 12:30,12/28/1993 12:25,3651,792,qcd_0060_129,-42.1468,147.1719
6473,Southern Slopes (Tasmania),Southern Slopes (mainland),8640,2,110.56,intermediate,4.8993,11/10/1970 9:35,11/16/1970 9:30,54624,694,qcd_089016,-37.711,142.8395
6491,Southern Slopes (Tasmania),Southern Slopes (Tasmania),8640,1,202.66,intermediate,3.4212,10/8/1979 20:25,10/14/1979 20:20,40078,746,qcd_097047,-41.4892,145.2083
6988,Southern Slopes (Tasmania),Southern Slopes (Tasmania),8640,3,114.8,intermediate,3.9986,5/31/2003 20:50,6/6/2003 20:45,56212,713,qcd_091104,-41.5397,147.2033
7077,Southern Slopes (Tasmania),Southern Slopes (Tasmania),8640,3,100.11,intermediate,9.0956,4/16/1965 17:05,4/22/1965 17:00,56218,713,qcd_091104,-41.5397,147.2033
7102,Southern Slopes (Tasmania),Southern Slopes (Tasmania),8640,2,223.6,intermediate,4.9062,6/7/2002 19:05,6/13/2002 19:00,56941,745,qcd_097008,-42.0661,145.5681
7108,Southern Slopes (Tasmania),Southern Slopes (Tasmania),8640,2,179.2,intermediate,11.5863,5/1/1997 12:20,5/7/1997 12:15,56009,712,qcd_091079,-41.0867,145.5517
7111,Southern Slopes (Tasmania),Southern Slopes (Tasmania),8640,1,177,intermediate,12.3759,7/17/1974 6:50,7/23/1974 6:45,56003,712,qcd_091079,-41.0867,145.5517
7113,Southern Slopes (Tasmania),Southern Slopes (Tasmania),8640,2,268.8,intermediate,5.7489,10/11/1988 6:00,10/17/1988 5:55,2780,784,qcd_0041_129,-42.3555,145.6504
7115,Southern Slopes (Tasmania),Southern Slopes (Tasmania),8640,2,256.4,intermediate,10.3121,9/3/2002 18:55,9/9/2002 18:50,5487,801,qcd_0091_129,-41.8702,145.6197
7123,Southern Slopes (Tasmania),Southern Slopes (Tasmania),8640,2,263.2,intermediate,8.4003,7/3/2002 19:10,7/9/2002 19:05,5486,801,qcd_0091_129,-41.8702,145.6197
2295,Southern Slopes (Tasmania),Central Slopes,8640,3,1132.21,rare,0.0056,4/30/1996 15:45,5/6/1996 15:40,110846,1782,qcd_540007_66,-28.2356,152.48
2454,Southern Slopes (Tasmania),Central Slopes,8640,2,263.76,rare,0.9649,4/30/1996 16:40,5/6/1996 16:35,29867,394,qcd_041060,-28.0092,151.5861
2655,Southern Slopes (Tasmania),Murray Basin,8640,2,154.36,rare,2.0622,4/6/1974 15:15,4/12/1974 15:10,44947,582,qcd_072150,-35.1583,147.4575
2719,Southern Slopes (Tasmania),Murray Basin,8640,2,233.71,rare,1.2001,6/6/1995 2:45,6/12/1995 2:40,71855,1177,qcd_403233_74,-36.7215,146.882
2730,Southern Slopes (Tasmania),Murray Basin,8640,2,146.31,rare,2.2048,7/10/1964 23:15,7/16/1964 23:10,44669,579,qcd_072060,-36.2254,148.1431
2767,Southern Slopes (Tasmania),Murray Basin,8640,2,230.68,rare,2.4381,4/13/1956 19:00,4/19/1956 18:55,49002,625,qcd_083033,-37.5696,146.2541
4239,Southern Slopes (Tasmania),Southern Slopes (mainland),8640,2,369.44,rare,0.4239,1/31/1990 17:55,2/6/1990 17:50,55273,702,qcd_090087,-38.6636,143.4495
4307,Southern Slopes (Tasmania),Southern Slopes (mainland),8640,2,639.58,rare,1.0276,6/6/1991 20:25,6/12/1991 20:20,119416,1926,qcd_568086_231,-35.0219,150.4631
4324,Southern Slopes (Tasmania),Southern Slopes (mainland),8640,1,168.82,rare,2.8908,6/28/1980 19:35,7/4/1980 19:30,50834,651,qcd_085240,-38.2456,145.9347
6445,Southern Slopes (Tasmania),Southern Slopes (Tasmania),8640,2,259.61,rare,1.839,5/14/1975 17:05,5/20/1975 17:00,56947,745,qcd_097008,-42.0661,145.5681
6564,Southern Slopes (Tasmania),Southern Slopes (Tasmania),10080,2,219.8,frequent,19.7295,8/2/2009 7:15,8/9/2009 7:10,57089,747,qcd_097053,-42.7681,146.0461
7099,Southern Slopes (Tasmania),Southern Slopes (Tasmania),10080,3,123.54,frequent,22.5969,7/16/1974 16:25,7/23/1974 16:20,56597,741,qcd_096014,-42.2539,146.62
7126,Southern Slopes (Tasmania),Southern Slopes (Tasmania),10080,1,114,frequent,20.8133,5/28/2007 1:15,6/4/2007 1:10,57130,748,qcd_098000,-40.0092,144.1111
7134,Southern Slopes (Tasmania),Southern Slopes (Tasmania),10080,2,126.83,frequent,14.501,12/22/1993 12:30,12/29/1993 12:25,3651,792,qcd_0060_129,-42.1468,147.1719
7135,Southern Slopes (Tasmania),Southern Slopes (Tasmania),10080,1,245.2,frequent,29.2971,7/23/2005 8:40,7/30/2005 8:35,5490,801,qcd_0091_129,-41.8702,145.6197
7136,Southern Slopes (Tasmania),Southern Slopes (Tasmania),10080,2,142.11,frequent,15.5472,2/6/1964 13:40,2/13/1964 13:35,56251,714,qcd_091116,-41.15,147.5167
7137,Southern Slopes (Tasmania),Southern Slopes (Tasmania),10080,2,240.8,frequent,36.0435,5/31/2003 17:05,6/7/2003 17:00,5488,801,qcd_0091_129,-41.8702,145.6197
7138,Southern Slopes (Tasmania),Southern Slopes (Tasmania),10080,2,106.6,frequent,38.0998,8/19/2000 23:30,8/26/2000 23:25,56307,736,qcd_094157,-43.1639,147.8333
7139,Southern Slopes (Tasmania),Southern Slopes (Tasmania),10080,2,111.08,frequent,42.4168,5/30/1952 16:05,6/6/1952 16:00,55725,708,qcd_091009,-41.0661,145.9431
7140,Southern Slopes (Tasmania),Southern Slopes (Tasmania),10080,3,98.6,frequent,30.6609,6/25/2008 20:35,7/2/2008 20:30,11635,834,qcd_0172_129,-42.6905,146.707
6270,Southern Slopes (Tasmania),Southern Slopes (mainland),10080,3,175.4,intermediate,10.0381,2/8/2010 17:55,2/15/2010 17:50,44333,576,qcd_071042,-36.6022,148.4677
6400,Southern Slopes (Tasmania),Southern Slopes (mainland),10080,3,187.22,intermediate,4.6353,9/14/1959 4:35,9/21/1959 4:30,50726,650,qcd_085237,-37.8833,146
6494,Southern Slopes (Tasmania),Southern Slopes (mainland),10080,2,165.89,intermediate,5.6126,1/30/1973 17:00,2/6/1973 16:55,52258,667,qcd_086234,-37.7869,145.2847
6498,Southern Slopes (Tasmania),Southern Slopes (mainland),10080,3,166.02,intermediate,9.8344,12/22/1993 9:20,12/29/1993 9:15,68743,1114,qcd_229690_151,-37.7958,145.3759
6500,Southern Slopes (Tasmania),Southern Slopes (mainland),10080,3,196.54,intermediate,8.3455,8/1/1976 4:20,8/8/1976 4:15,50492,647,qcd_085176,-37.8283,146.18
7078,Southern Slopes (Tasmania),Southern Slopes (Tasmania),10080,2,107.37,intermediate,6.766,4/16/1965 0:35,4/23/1965 0:30,56218,713,qcd_091104,-41.5397,147.2033
7094,Southern Slopes (Tasmania),Southern Slopes (Tasmania),10080,2,299.52,intermediate,6.4891,9/29/1988 3:10,10/6/1988 3:05,1093,767,qcd_0016_129,-42.1289,145.84
7109,Southern Slopes (Tasmania),Southern Slopes (Tasmania),10080,1,192.4,intermediate,11.1799,5/1/1997 14:00,5/8/1997 13:55,56009,712,qcd_091079,-41.0867,145.5517
7116,Southern Slopes (Tasmania),Southern Slopes (Tasmania),10080,2,282.6,intermediate,8.2496,9/2/2002 23:45,9/9/2002 23:40,5487,801,qcd_0091_129,-41.8702,145.6197
7124,Southern Slopes (Tasmania),Southern Slopes (Tasmania),10080,2,296.2,intermediate,5.3443,7/2/2002 18:20,7/9/2002 18:15,5486,801,qcd_0091_129,-41.8702,145.6197
2615,Southern Slopes (Tasmania),Central Slopes,10080,3,228.48,rare,1.156,1/10/2004 8:15,1/17/2004 8:10,75703,1274,qcd_419016_77,-31.0598,151.1265
2731,Southern Slopes (Tasmania),Murray Basin,10080,1,154.5,rare,1.5358,7/10/1964 13:55,7/17/1964 13:50,44669,579,qcd_072060,-36.2254,148.1431
2785,Southern Slopes (Tasmania),Central Slopes,10080,3,196.6,rare,2.3513,1/10/2004 13:45,1/17/2004 13:40,34484,453,qcd_055136,-30.9672,151.3451
2828,Southern Slopes (Tasmania),Central Slopes,10080,3,208.66,rare,1.5541,3/8/1956 21:30,3/15/1956 21:25,40642,527,qcd_062026,-32.8079,149.977
2832,Southern Slopes (Tasmania),Murray Basin,10080,3,215.74,rare,2.7843,5/23/1999 19:40,5/30/1999 19:35,71509,1170,qcd_403205_74,-36.7267,146.9567
4325,Southern Slopes (Tasmania),Southern Slopes (mainland),10080,1,208.97,rare,0.9386,6/28/1980 10:00,7/5/1980 9:55,50834,651,qcd_085240,-38.2456,145.9347
4329,Southern Slopes (Tasmania),Southern Slopes (mainland),10080,2,175.35,rare,1.3344,1/30/1973 10:25,2/6/1973 10:20,52015,664,qcd_086147,-38.0333,145.1
4333,Southern Slopes (Tasmania),S-SW Flatlands (East),10080,3,219.08,rare,1.3105,4/21/1971 5:35,4/28/1971 5:30,13905,193,qcd_023785,-35,138.7167
6446,Southern Slopes (Tasmania),Southern Slopes (Tasmania),10080,3,281.24,rare,1.5928,5/13/1975 16:15,5/20/1975 16:10,56947,745,qcd_097008,-42.0661,145.5681
6492,Southern Slopes (Tasmania),Southern Slopes (Tasmania),10080,3,226.89,rare,2.5062,10/5/1979 21:25,10/12/1979 21:20,40078,746,qcd_097047,-41.4892,145.2083
