EventID, Duration, TimeStep, Region, AEP, Increments,,,,,,,,,,,,,,,,,,,,,,,,,,,,,,,,,,,,,,,,,,,,,,,,,,,,,,,
2849,10,5,Wet Tropics,frequent,53.95,46.05,,,,,,,,,,,,,,,,,,,,,,,,,,,,,,,,,,,,,,,,,,,,,,,,,,,,,,
8540,10,5,Wet Tropics,frequent,50.13,49.87,,,,,,,,,,,,,,,,,,,,,,,,,,,,,,,,,,,,,,,,,,,,,,,,,,,,,,
8541,10,5,Wet Tropics,frequent,45,55,,,,,,,,,,,,,,,,,,,,,,,,,,,,,,,,,,,,,,,,,,,,,,,,,,,,,,
8542,10,5,Wet Tropics,frequent,44.33,55.67,,,,,,,,,,,,,,,,,,,,,,,,,,,,,,,,,,,,,,,,,,,,,,,,,,,,,,
8543,10,5,Wet Tropics,frequent,57.89,42.11,,,,,,,,,,,,,,,,,,,,,,,,,,,,,,,,,,,,,,,,,,,,,,,,,,,,,,
8544,10,5,Wet Tropics,frequent,52.16,47.84,,,,,,,,,,,,,,,,,,,,,,,,,,,,,,,,,,,,,,,,,,,,,,,,,,,,,,
8547,10,5,Wet Tropics,frequent,51.72,48.28,,,,,,,,,,,,,,,,,,,,,,,,,,,,,,,,,,,,,,,,,,,,,,,,,,,,,,
8548,10,5,Wet Tropics,frequent,53.85,46.15,,,,,,,,,,,,,,,,,,,,,,,,,,,,,,,,,,,,,,,,,,,,,,,,,,,,,,
8549,10,5,Wet Tropics,frequent,43.02,56.98,,,,,,,,,,,,,,,,,,,,,,,,,,,,,,,,,,,,,,,,,,,,,,,,,,,,,,
8550,10,5,Wet Tropics,frequent,40.07,59.93,,,,,,,,,,,,,,,,,,,,,,,,,,,,,,,,,,,,,,,,,,,,,,,,,,,,,,
8522,10,5,Wet Tropics,intermediate,53.85,46.15,,,,,,,,,,,,,,,,,,,,,,,,,,,,,,,,,,,,,,,,,,,,,,,,,,,,,,
8523,10,5,Wet Tropics,intermediate,51.16,48.84,,,,,,,,,,,,,,,,,,,,,,,,,,,,,,,,,,,,,,,,,,,,,,,,,,,,,,
8524,10,5,Wet Tropics,intermediate,41.67,58.33,,,,,,,,,,,,,,,,,,,,,,,,,,,,,,,,,,,,,,,,,,,,,,,,,,,,,,
8525,10,5,Wet Tropics,intermediate,40.05,59.95,,,,,,,,,,,,,,,,,,,,,,,,,,,,,,,,,,,,,,,,,,,,,,,,,,,,,,
8529,10,5,Wet Tropics,intermediate,48.84,51.16,,,,,,,,,,,,,,,,,,,,,,,,,,,,,,,,,,,,,,,,,,,,,,,,,,,,,,
8532,10,5,Wet Tropics,intermediate,48.13,51.87,,,,,,,,,,,,,,,,,,,,,,,,,,,,,,,,,,,,,,,,,,,,,,,,,,,,,,
8533,10,5,Wet Tropics,intermediate,75.53,24.47,,,,,,,,,,,,,,,,,,,,,,,,,,,,,,,,,,,,,,,,,,,,,,,,,,,,,,
8535,10,5,Wet Tropics,intermediate,33.87,66.13,,,,,,,,,,,,,,,,,,,,,,,,,,,,,,,,,,,,,,,,,,,,,,,,,,,,,,
8538,10,5,Wet Tropics,intermediate,51.87,48.13,,,,,,,,,,,,,,,,,,,,,,,,,,,,,,,,,,,,,,,,,,,,,,,,,,,,,,
8539,10,5,Wet Tropics,intermediate,56.52,43.48,,,,,,,,,,,,,,,,,,,,,,,,,,,,,,,,,,,,,,,,,,,,,,,,,,,,,,
8507,10,5,Wet Tropics,rare,50.16,49.84,,,,,,,,,,,,,,,,,,,,,,,,,,,,,,,,,,,,,,,,,,,,,,,,,,,,,,
8508,10,5,Wet Tropics,rare,56.06,43.94,,,,,,,,,,,,,,,,,,,,,,,,,,,,,,,,,,,,,,,,,,,,,,,,,,,,,,
8510,10,5,Wet Tropics,rare,46.71,53.29,,,,,,,,,,,,,,,,,,,,,,,,,,,,,,,,,,,,,,,,,,,,,,,,,,,,,,
8511,10,5,Wet Tropics,rare,47.03,52.97,,,,,,,,,,,,,,,,,,,,,,,,,,,,,,,,,,,,,,,,,,,,,,,,,,,,,,
8512,10,5,Wet Tropics,rare,42.42,57.58,,,,,,,,,,,,,,,,,,,,,,,,,,,,,,,,,,,,,,,,,,,,,,,,,,,,,,
8513,10,5,Wet Tropics,rare,59.18,40.82,,,,,,,,,,,,,,,,,,,,,,,,,,,,,,,,,,,,,,,,,,,,,,,,,,,,,,
8514,10,5,Wet Tropics,rare,40.29,59.71,,,,,,,,,,,,,,,,,,,,,,,,,,,,,,,,,,,,,,,,,,,,,,,,,,,,,,
8517,10,5,Wet Tropics,rare,52.17,47.83,,,,,,,,,,,,,,,,,,,,,,,,,,,,,,,,,,,,,,,,,,,,,,,,,,,,,,
8519,10,5,Wet Tropics,rare,41.25,58.75,,,,,,,,,,,,,,,,,,,,,,,,,,,,,,,,,,,,,,,,,,,,,,,,,,,,,,
8520,10,5,Wet Tropics,rare,47.97,52.03,,,,,,,,,,,,,,,,,,,,,,,,,,,,,,,,,,,,,,,,,,,,,,,,,,,,,,
2987,15,5,Wet Tropics,frequent,22.92,31.94,45.14,,,,,,,,,,,,,,,,,,,,,,,,,,,,,,,,,,,,,,,,,,,,,,,,,,,,,
3223,15,5,Wet Tropics,frequent,24.39,38.92,36.69,,,,,,,,,,,,,,,,,,,,,,,,,,,,,,,,,,,,,,,,,,,,,,,,,,,,,
8588,15,5,Wet Tropics,frequent,45.5,26.69,27.81,,,,,,,,,,,,,,,,,,,,,,,,,,,,,,,,,,,,,,,,,,,,,,,,,,,,,
8589,15,5,Wet Tropics,frequent,50.4,21.89,27.71,,,,,,,,,,,,,,,,,,,,,,,,,,,,,,,,,,,,,,,,,,,,,,,,,,,,,
8590,15,5,Wet Tropics,frequent,32.93,33.17,33.9,,,,,,,,,,,,,,,,,,,,,,,,,,,,,,,,,,,,,,,,,,,,,,,,,,,,,
8592,15,5,Wet Tropics,frequent,29.63,37.04,33.33,,,,,,,,,,,,,,,,,,,,,,,,,,,,,,,,,,,,,,,,,,,,,,,,,,,,,
8593,15,5,Wet Tropics,frequent,34.8,27.6,37.6,,,,,,,,,,,,,,,,,,,,,,,,,,,,,,,,,,,,,,,,,,,,,,,,,,,,,
8595,15,5,Wet Tropics,frequent,42.18,34.38,23.44,,,,,,,,,,,,,,,,,,,,,,,,,,,,,,,,,,,,,,,,,,,,,,,,,,,,,
8596,15,5,Wet Tropics,frequent,30,44,26,,,,,,,,,,,,,,,,,,,,,,,,,,,,,,,,,,,,,,,,,,,,,,,,,,,,,
8598,15,5,Wet Tropics,frequent,27.34,17.58,55.08,,,,,,,,,,,,,,,,,,,,,,,,,,,,,,,,,,,,,,,,,,,,,,,,,,,,,
2922,15,5,Wet Tropics,intermediate,52.97,13.56,33.47,,,,,,,,,,,,,,,,,,,,,,,,,,,,,,,,,,,,,,,,,,,,,,,,,,,,,
8570,15,5,Wet Tropics,intermediate,46.84,25.65,27.51,,,,,,,,,,,,,,,,,,,,,,,,,,,,,,,,,,,,,,,,,,,,,,,,,,,,,
8574,15,5,Wet Tropics,intermediate,33.07,42.62,24.31,,,,,,,,,,,,,,,,,,,,,,,,,,,,,,,,,,,,,,,,,,,,,,,,,,,,,
8575,15,5,Wet Tropics,intermediate,32.5,35,32.5,,,,,,,,,,,,,,,,,,,,,,,,,,,,,,,,,,,,,,,,,,,,,,,,,,,,,
8576,15,5,Wet Tropics,intermediate,24.31,38.12,37.57,,,,,,,,,,,,,,,,,,,,,,,,,,,,,,,,,,,,,,,,,,,,,,,,,,,,,
8578,15,5,Wet Tropics,intermediate,36.77,37.68,25.55,,,,,,,,,,,,,,,,,,,,,,,,,,,,,,,,,,,,,,,,,,,,,,,,,,,,,
8580,15,5,Wet Tropics,intermediate,29.63,29.63,40.74,,,,,,,,,,,,,,,,,,,,,,,,,,,,,,,,,,,,,,,,,,,,,,,,,,,,,
8582,15,5,Wet Tropics,intermediate,38.61,30.88,30.51,,,,,,,,,,,,,,,,,,,,,,,,,,,,,,,,,,,,,,,,,,,,,,,,,,,,,
8583,15,5,Wet Tropics,intermediate,24.56,27.51,47.93,,,,,,,,,,,,,,,,,,,,,,,,,,,,,,,,,,,,,,,,,,,,,,,,,,,,,
8586,15,5,Wet Tropics,intermediate,31.7,21.71,46.59,,,,,,,,,,,,,,,,,,,,,,,,,,,,,,,,,,,,,,,,,,,,,,,,,,,,,
2963,15,5,Wet Tropics,rare,31.5,34,34.5,,,,,,,,,,,,,,,,,,,,,,,,,,,,,,,,,,,,,,,,,,,,,,,,,,,,,
8509,15,5,Wet Tropics,rare,27.47,40.66,31.87,,,,,,,,,,,,,,,,,,,,,,,,,,,,,,,,,,,,,,,,,,,,,,,,,,,,,
8518,15,5,Wet Tropics,rare,31.69,35.64,32.67,,,,,,,,,,,,,,,,,,,,,,,,,,,,,,,,,,,,,,,,,,,,,,,,,,,,,
8534,15,5,Wet Tropics,rare,45.63,14.78,39.59,,,,,,,,,,,,,,,,,,,,,,,,,,,,,,,,,,,,,,,,,,,,,,,,,,,,,
8551,15,5,Wet Tropics,rare,27.14,33.93,38.93,,,,,,,,,,,,,,,,,,,,,,,,,,,,,,,,,,,,,,,,,,,,,,,,,,,,,
8554,15,5,Wet Tropics,rare,23.64,47.27,29.09,,,,,,,,,,,,,,,,,,,,,,,,,,,,,,,,,,,,,,,,,,,,,,,,,,,,,
8559,15,5,Wet Tropics,rare,24.14,39.08,36.78,,,,,,,,,,,,,,,,,,,,,,,,,,,,,,,,,,,,,,,,,,,,,,,,,,,,,
8560,15,5,Wet Tropics,rare,43.09,32.11,24.8,,,,,,,,,,,,,,,,,,,,,,,,,,,,,,,,,,,,,,,,,,,,,,,,,,,,,
8566,15,5,Wet Tropics,rare,26.96,39.13,33.91,,,,,,,,,,,,,,,,,,,,,,,,,,,,,,,,,,,,,,,,,,,,,,,,,,,,,
8569,15,5,Wet Tropics,rare,27.88,32.59,39.53,,,,,,,,,,,,,,,,,,,,,,,,,,,,,,,,,,,,,,,,,,,,,,,,,,,,,
2988,20,5,Wet Tropics,frequent,18.75,26.14,36.93,18.18,,,,,,,,,,,,,,,,,,,,,,,,,,,,,,,,,,,,,,,,,,,,,,,,,,,,
8594,20,5,Wet Tropics,frequent,16.83,28.94,22.96,31.27,,,,,,,,,,,,,,,,,,,,,,,,,,,,,,,,,,,,,,,,,,,,,,,,,,,,
8614,20,5,Wet Tropics,frequent,44,14.18,16.97,24.85,,,,,,,,,,,,,,,,,,,,,,,,,,,,,,,,,,,,,,,,,,,,,,,,,,,,
8615,20,5,Wet Tropics,frequent,39.62,21.9,10.78,27.7,,,,,,,,,,,,,,,,,,,,,,,,,,,,,,,,,,,,,,,,,,,,,,,,,,,,
8617,20,5,Wet Tropics,frequent,23.69,21.05,31.58,23.68,,,,,,,,,,,,,,,,,,,,,,,,,,,,,,,,,,,,,,,,,,,,,,,,,,,,
8619,20,5,Wet Tropics,frequent,19.52,30.48,28.1,21.9,,,,,,,,,,,,,,,,,,,,,,,,,,,,,,,,,,,,,,,,,,,,,,,,,,,,
8620,20,5,Wet Tropics,frequent,28.3,26.97,24.34,20.39,,,,,,,,,,,,,,,,,,,,,,,,,,,,,,,,,,,,,,,,,,,,,,,,,,,,
8622,20,5,Wet Tropics,frequent,28.49,26.77,25.76,18.98,,,,,,,,,,,,,,,,,,,,,,,,,,,,,,,,,,,,,,,,,,,,,,,,,,,,
8624,20,5,Wet Tropics,frequent,34.36,9.49,14.4,41.75,,,,,,,,,,,,,,,,,,,,,,,,,,,,,,,,,,,,,,,,,,,,,,,,,,,,
8626,20,5,Wet Tropics,frequent,24.71,13.96,28.18,33.15,,,,,,,,,,,,,,,,,,,,,,,,,,,,,,,,,,,,,,,,,,,,,,,,,,,,
8526,20,5,Wet Tropics,intermediate,24.25,36.31,14.6,24.84,,,,,,,,,,,,,,,,,,,,,,,,,,,,,,,,,,,,,,,,,,,,,,,,,,,,
8536,20,5,Wet Tropics,intermediate,18.22,23.85,19.62,38.31,,,,,,,,,,,,,,,,,,,,,,,,,,,,,,,,,,,,,,,,,,,,,,,,,,,,
8571,20,5,Wet Tropics,intermediate,38.35,21.01,22.53,18.11,,,,,,,,,,,,,,,,,,,,,,,,,,,,,,,,,,,,,,,,,,,,,,,,,,,,
8577,20,5,Wet Tropics,intermediate,19.64,30.8,30.36,19.2,,,,,,,,,,,,,,,,,,,,,,,,,,,,,,,,,,,,,,,,,,,,,,,,,,,,
8581,20,5,Wet Tropics,intermediate,22.85,22.86,31.43,22.86,,,,,,,,,,,,,,,,,,,,,,,,,,,,,,,,,,,,,,,,,,,,,,,,,,,,
8584,20,5,Wet Tropics,intermediate,18.91,19.91,22.31,38.87,,,,,,,,,,,,,,,,,,,,,,,,,,,,,,,,,,,,,,,,,,,,,,,,,,,,
8607,20,5,Wet Tropics,intermediate,16.41,28.36,32.84,22.39,,,,,,,,,,,,,,,,,,,,,,,,,,,,,,,,,,,,,,,,,,,,,,,,,,,,
8609,20,5,Wet Tropics,intermediate,19.04,26.39,28.71,25.86,,,,,,,,,,,,,,,,,,,,,,,,,,,,,,,,,,,,,,,,,,,,,,,,,,,,
8610,20,5,Wet Tropics,intermediate,20,25,30,25,,,,,,,,,,,,,,,,,,,,,,,,,,,,,,,,,,,,,,,,,,,,,,,,,,,,
8613,20,5,Wet Tropics,intermediate,24.79,25.4,29.01,20.8,,,,,,,,,,,,,,,,,,,,,,,,,,,,,,,,,,,,,,,,,,,,,,,,,,,,
8552,20,5,Wet Tropics,rare,20.23,21.65,27.07,31.05,,,,,,,,,,,,,,,,,,,,,,,,,,,,,,,,,,,,,,,,,,,,,,,,,,,,
8555,20,5,Wet Tropics,rare,21.43,18.57,37.14,22.86,,,,,,,,,,,,,,,,,,,,,,,,,,,,,,,,,,,,,,,,,,,,,,,,,,,,
8561,20,5,Wet Tropics,rare,34.53,25.74,19.87,19.86,,,,,,,,,,,,,,,,,,,,,,,,,,,,,,,,,,,,,,,,,,,,,,,,,,,,
8567,20,5,Wet Tropics,rare,19.58,21.68,31.47,27.27,,,,,,,,,,,,,,,,,,,,,,,,,,,,,,,,,,,,,,,,,,,,,,,,,,,,
8587,20,5,Wet Tropics,rare,22.06,24.71,16.92,36.31,,,,,,,,,,,,,,,,,,,,,,,,,,,,,,,,,,,,,,,,,,,,,,,,,,,,
8599,20,5,Wet Tropics,rare,23.81,28.57,26.19,21.43,,,,,,,,,,,,,,,,,,,,,,,,,,,,,,,,,,,,,,,,,,,,,,,,,,,,
8600,20,5,Wet Tropics,rare,21.67,29.66,25.86,22.81,,,,,,,,,,,,,,,,,,,,,,,,,,,,,,,,,,,,,,,,,,,,,,,,,,,,
8601,20,5,Wet Tropics,rare,20.38,33.33,24.07,22.22,,,,,,,,,,,,,,,,,,,,,,,,,,,,,,,,,,,,,,,,,,,,,,,,,,,,
8602,20,5,Wet Tropics,rare,23.48,24.24,26.52,25.76,,,,,,,,,,,,,,,,,,,,,,,,,,,,,,,,,,,,,,,,,,,,,,,,,,,,
8605,20,5,Wet Tropics,rare,25.25,31.9,21.9,20.95,,,,,,,,,,,,,,,,,,,,,,,,,,,,,,,,,,,,,,,,,,,,,,,,,,,,
5231,25,5,Wet Tropics,frequent,19.15,19.15,19.15,18.71,23.84,,,,,,,,,,,,,,,,,,,,,,,,,,,,,,,,,,,,,,,,,,,,,,,,,,,
8616,25,5,Wet Tropics,frequent,32.47,17.95,8.84,22.7,18.04,,,,,,,,,,,,,,,,,,,,,,,,,,,,,,,,,,,,,,,,,,,,,,,,,,,
8623,25,5,Wet Tropics,frequent,25.16,23.64,22.75,16.76,11.69,,,,,,,,,,,,,,,,,,,,,,,,,,,,,,,,,,,,,,,,,,,,,,,,,,,
8644,25,5,Wet Tropics,frequent,22.05,29.41,19.12,14.71,14.71,,,,,,,,,,,,,,,,,,,,,,,,,,,,,,,,,,,,,,,,,,,,,,,,,,,
8646,25,5,Wet Tropics,frequent,21.56,25.49,17.65,19.61,15.69,,,,,,,,,,,,,,,,,,,,,,,,,,,,,,,,,,,,,,,,,,,,,,,,,,,
8647,25,5,Wet Tropics,frequent,22.86,25.71,20,17.14,14.29,,,,,,,,,,,,,,,,,,,,,,,,,,,,,,,,,,,,,,,,,,,,,,,,,,,
8648,25,5,Wet Tropics,frequent,17.64,20.44,18.64,21.65,21.63,,,,,,,,,,,,,,,,,,,,,,,,,,,,,,,,,,,,,,,,,,,,,,,,,,,
8649,25,5,Wet Tropics,frequent,20.11,20.11,21.74,20.11,17.93,,,,,,,,,,,,,,,,,,,,,,,,,,,,,,,,,,,,,,,,,,,,,,,,,,,
8650,25,5,Wet Tropics,frequent,16.37,14.19,17.99,30.51,20.94,,,,,,,,,,,,,,,,,,,,,,,,,,,,,,,,,,,,,,,,,,,,,,,,,,,
8651,25,5,Wet Tropics,frequent,20.33,12.62,15.46,34.19,17.4,,,,,,,,,,,,,,,,,,,,,,,,,,,,,,,,,,,,,,,,,,,,,,,,,,,
8527,25,5,Wet Tropics,intermediate,20.91,31.31,12.59,21.42,13.77,,,,,,,,,,,,,,,,,,,,,,,,,,,,,,,,,,,,,,,,,,,,,,,,,,,
8618,25,5,Wet Tropics,intermediate,15.55,20,17.78,26.67,20,,,,,,,,,,,,,,,,,,,,,,,,,,,,,,,,,,,,,,,,,,,,,,,,,,,
8625,25,5,Wet Tropics,intermediate,28.68,7.92,12.02,34.85,16.53,,,,,,,,,,,,,,,,,,,,,,,,,,,,,,,,,,,,,,,,,,,,,,,,,,,
8634,25,5,Wet Tropics,intermediate,18.42,23.68,26.32,18.42,13.16,,,,,,,,,,,,,,,,,,,,,,,,,,,,,,,,,,,,,,,,,,,,,,,,,,,
8636,25,5,Wet Tropics,intermediate,13.22,24.14,22.99,21.26,18.39,,,,,,,,,,,,,,,,,,,,,,,,,,,,,,,,,,,,,,,,,,,,,,,,,,,
8637,25,5,Wet Tropics,intermediate,23.13,20,22.75,20.82,13.3,,,,,,,,,,,,,,,,,,,,,,,,,,,,,,,,,,,,,,,,,,,,,,,,,,,
8639,25,5,Wet Tropics,intermediate,16.17,17.02,26.38,21.28,19.15,,,,,,,,,,,,,,,,,,,,,,,,,,,,,,,,,,,,,,,,,,,,,,,,,,,
8640,25,5,Wet Tropics,intermediate,20,26.52,19.57,17.39,16.52,,,,,,,,,,,,,,,,,,,,,,,,,,,,,,,,,,,,,,,,,,,,,,,,,,,
8642,25,5,Wet Tropics,intermediate,19.69,16.53,12.8,23.54,27.44,,,,,,,,,,,,,,,,,,,,,,,,,,,,,,,,,,,,,,,,,,,,,,,,,,,
8643,25,5,Wet Tropics,intermediate,20.93,19.95,14.4,19.91,24.81,,,,,,,,,,,,,,,,,,,,,,,,,,,,,,,,,,,,,,,,,,,,,,,,,,,
2964,25,5,Wet Tropics,rare,19.08,20.72,22.37,22.7,15.13,,,,,,,,,,,,,,,,,,,,,,,,,,,,,,,,,,,,,,,,,,,,,,,,,,,
5106,25,5,Wet Tropics,rare,12.78,13.7,19.78,36.08,17.66,,,,,,,,,,,,,,,,,,,,,,,,,,,,,,,,,,,,,,,,,,,,,,,,,,,
8553,25,5,Wet Tropics,rare,17.21,16.75,17.92,22.41,25.71,,,,,,,,,,,,,,,,,,,,,,,,,,,,,,,,,,,,,,,,,,,,,,,,,,,
8556,25,5,Wet Tropics,rare,18.3,15.85,31.71,19.51,14.63,,,,,,,,,,,,,,,,,,,,,,,,,,,,,,,,,,,,,,,,,,,,,,,,,,,
8562,25,5,Wet Tropics,rare,28.82,21.48,16.58,16.57,16.55,,,,,,,,,,,,,,,,,,,,,,,,,,,,,,,,,,,,,,,,,,,,,,,,,,,
8603,25,5,Wet Tropics,rare,20.25,20.92,22.88,22.22,13.73,,,,,,,,,,,,,,,,,,,,,,,,,,,,,,,,,,,,,,,,,,,,,,,,,,,
8606,25,5,Wet Tropics,rare,21.29,26.91,18.47,17.67,15.66,,,,,,,,,,,,,,,,,,,,,,,,,,,,,,,,,,,,,,,,,,,,,,,,,,,
8611,25,5,Wet Tropics,rare,17.02,21.28,25.53,21.28,14.89,,,,,,,,,,,,,,,,,,,,,,,,,,,,,,,,,,,,,,,,,,,,,,,,,,,
8628,25,5,Wet Tropics,rare,28.88,9.68,9.68,23.74,28.02,,,,,,,,,,,,,,,,,,,,,,,,,,,,,,,,,,,,,,,,,,,,,,,,,,,
8632,25,5,Wet Tropics,rare,20.83,23.88,17.69,17.3,20.3,,,,,,,,,,,,,,,,,,,,,,,,,,,,,,,,,,,,,,,,,,,,,,,,,,,
8645,30,5,Wet Tropics,frequent,20.01,26.67,17.33,13.33,13.33,9.33,,,,,,,,,,,,,,,,,,,,,,,,,,,,,,,,,,,,,,,,,,,,,,,,,,
8660,30,5,Wet Tropics,frequent,28.57,23.38,6.94,8.65,15.58,16.88,,,,,,,,,,,,,,,,,,,,,,,,,,,,,,,,,,,,,,,,,,,,,,,,,,
8661,30,5,Wet Tropics,frequent,12.91,13.36,13.36,19.24,24.24,16.89,,,,,,,,,,,,,,,,,,,,,,,,,,,,,,,,,,,,,,,,,,,,,,,,,,
8665,30,5,Wet Tropics,frequent,9.63,24.1,16.87,19.28,19.28,10.84,,,,,,,,,,,,,,,,,,,,,,,,,,,,,,,,,,,,,,,,,,,,,,,,,,
8666,30,5,Wet Tropics,frequent,16.83,19.83,18.08,18.78,12.87,13.61,,,,,,,,,,,,,,,,,,,,,,,,,,,,,,,,,,,,,,,,,,,,,,,,,,
8668,30,5,Wet Tropics,frequent,14.8,17.49,14.35,22.42,18.83,12.11,,,,,,,,,,,,,,,,,,,,,,,,,,,,,,,,,,,,,,,,,,,,,,,,,,
8669,30,5,Wet Tropics,frequent,10.87,21.74,15.22,21.74,17.39,13.04,,,,,,,,,,,,,,,,,,,,,,,,,,,,,,,,,,,,,,,,,,,,,,,,,,
8674,30,5,Wet Tropics,frequent,18.96,16.28,20.34,17.58,13.42,13.42,,,,,,,,,,,,,,,,,,,,,,,,,,,,,,,,,,,,,,,,,,,,,,,,,,
8675,30,5,Wet Tropics,frequent,10.26,11.4,15.27,19.92,23.98,19.17,,,,,,,,,,,,,,,,,,,,,,,,,,,,,,,,,,,,,,,,,,,,,,,,,,
8677,30,5,Wet Tropics,frequent,10.73,10.29,15.04,17.89,26.28,19.77,,,,,,,,,,,,,,,,,,,,,,,,,,,,,,,,,,,,,,,,,,,,,,,,,,
8528,30,5,Wet Tropics,intermediate,19.05,28.52,11.46,19.51,12.54,8.92,,,,,,,,,,,,,,,,,,,,,,,,,,,,,,,,,,,,,,,,,,,,,,,,,,
8537,30,5,Wet Tropics,intermediate,8.58,12.53,14.37,18.82,15.48,30.22,,,,,,,,,,,,,,,,,,,,,,,,,,,,,,,,,,,,,,,,,,,,,,,,,,
8572,30,5,Wet Tropics,intermediate,28.69,15.71,16.85,13.54,14.25,10.96,,,,,,,,,,,,,,,,,,,,,,,,,,,,,,,,,,,,,,,,,,,,,,,,,,
8579,30,5,Wet Tropics,intermediate,10.43,10.7,9.79,25.4,26.03,17.65,,,,,,,,,,,,,,,,,,,,,,,,,,,,,,,,,,,,,,,,,,,,,,,,,,
8627,30,5,Wet Tropics,intermediate,9,18.74,10.58,21.37,25.13,15.18,,,,,,,,,,,,,,,,,,,,,,,,,,,,,,,,,,,,,,,,,,,,,,,,,,
8635,30,5,Wet Tropics,intermediate,9.52,16.67,21.43,23.81,16.67,11.9,,,,,,,,,,,,,,,,,,,,,,,,,,,,,,,,,,,,,,,,,,,,,,,,,,
8655,30,5,Wet Tropics,intermediate,14.04,8.94,17.45,17.02,22.55,20,,,,,,,,,,,,,,,,,,,,,,,,,,,,,,,,,,,,,,,,,,,,,,,,,,
8656,30,5,Wet Tropics,intermediate,15.51,20.69,18.97,15.52,12.07,17.24,,,,,,,,,,,,,,,,,,,,,,,,,,,,,,,,,,,,,,,,,,,,,,,,,,
8657,30,5,Wet Tropics,intermediate,13.86,15.38,27.69,15.38,15.38,12.31,,,,,,,,,,,,,,,,,,,,,,,,,,,,,,,,,,,,,,,,,,,,,,,,,,
8658,30,5,Wet Tropics,intermediate,19.89,19.9,22.66,16.93,9.97,10.65,,,,,,,,,,,,,,,,,,,,,,,,,,,,,,,,,,,,,,,,,,,,,,,,,,
5107,30,5,Wet Tropics,rare,11.58,12.42,17.92,32.7,16.01,9.37,,,,,,,,,,,,,,,,,,,,,,,,,,,,,,,,,,,,,,,,,,,,,,,,,,
8521,30,5,Wet Tropics,rare,16.66,23.83,25.84,10.46,12.28,10.93,,,,,,,,,,,,,,,,,,,,,,,,,,,,,,,,,,,,,,,,,,,,,,,,,,
8557,30,5,Wet Tropics,rare,15.95,13.83,27.66,17.02,12.77,12.77,,,,,,,,,,,,,,,,,,,,,,,,,,,,,,,,,,,,,,,,,,,,,,,,,,
8563,30,5,Wet Tropics,rare,24.72,18.43,14.23,14.22,14.2,14.2,,,,,,,,,,,,,,,,,,,,,,,,,,,,,,,,,,,,,,,,,,,,,,,,,,
8568,30,5,Wet Tropics,rare,14.97,14.97,16.58,24.06,20.86,8.56,,,,,,,,,,,,,,,,,,,,,,,,,,,,,,,,,,,,,,,,,,,,,,,,,,
8604,30,5,Wet Tropics,rare,18.13,18.71,20.47,19.88,12.28,10.53,,,,,,,,,,,,,,,,,,,,,,,,,,,,,,,,,,,,,,,,,,,,,,,,,,
8629,30,5,Wet Tropics,rare,26.18,8.77,8.77,21.51,25.39,9.38,,,,,,,,,,,,,,,,,,,,,,,,,,,,,,,,,,,,,,,,,,,,,,,,,,
8633,30,5,Wet Tropics,rare,17.45,20.02,14.84,14.51,17.03,16.15,,,,,,,,,,,,,,,,,,,,,,,,,,,,,,,,,,,,,,,,,,,,,,,,,,
8652,30,5,Wet Tropics,rare,24.63,10.56,9.83,17.48,15.11,22.39,,,,,,,,,,,,,,,,,,,,,,,,,,,,,,,,,,,,,,,,,,,,,,,,,,
8654,30,5,Wet Tropics,rare,16.98,17.92,17.3,16.04,13.21,18.55,,,,,,,,,,,,,,,,,,,,,,,,,,,,,,,,,,,,,,,,,,,,,,,,,,
8693,45,5,Wet Tropics,frequent,14.77,18.18,12.5,10.23,12.5,7.95,4.55,5.68,13.64,,,,,,,,,,,,,,,,,,,,,,,,,,,,,,,,,,,,,,,,,,,,,,,
8694,45,5,Wet Tropics,frequent,11.71,20.07,13.71,12.37,6.69,3.34,11.04,11.71,9.36,,,,,,,,,,,,,,,,,,,,,,,,,,,,,,,,,,,,,,,,,,,,,,,
8695,45,5,Wet Tropics,frequent,10.61,13.41,8.38,3.35,16.76,8.38,11.73,15.09,12.29,,,,,,,,,,,,,,,,,,,,,,,,,,,,,,,,,,,,,,,,,,,,,,,
8697,45,5,Wet Tropics,frequent,16.07,6.97,9.04,16.27,15.16,5.35,10.45,6.13,14.56,,,,,,,,,,,,,,,,,,,,,,,,,,,,,,,,,,,,,,,,,,,,,,,
8698,45,5,Wet Tropics,frequent,7.35,9.73,13.59,7.04,15.9,15.67,15.67,8.9,6.15,,,,,,,,,,,,,,,,,,,,,,,,,,,,,,,,,,,,,,,,,,,,,,,
8699,45,5,Wet Tropics,frequent,7.74,13.02,10.43,12.25,10.52,5.16,11.77,16.64,12.47,,,,,,,,,,,,,,,,,,,,,,,,,,,,,,,,,,,,,,,,,,,,,,,
8700,45,5,Wet Tropics,frequent,6.37,12.72,12.38,16.88,7.09,12.24,7.62,19.97,4.73,,,,,,,,,,,,,,,,,,,,,,,,,,,,,,,,,,,,,,,,,,,,,,,
8702,45,5,Wet Tropics,frequent,13.1,11.64,4.41,9.85,13.02,10.97,14.54,13.26,9.21,,,,,,,,,,,,,,,,,,,,,,,,,,,,,,,,,,,,,,,,,,,,,,,
8703,45,5,Wet Tropics,frequent,5.45,9.99,12.71,6.36,4.54,12.71,16.35,19.98,11.91,,,,,,,,,,,,,,,,,,,,,,,,,,,,,,,,,,,,,,,,,,,,,,,
8704,45,5,Wet Tropics,frequent,8.1,6.19,7.14,12.38,10.95,11.9,16.19,18.1,9.05,,,,,,,,,,,,,,,,,,,,,,,,,,,,,,,,,,,,,,,,,,,,,,,
8573,45,5,Wet Tropics,intermediate,8.13,6.06,22.88,12.53,13.44,10.8,11.36,8.74,6.06,,,,,,,,,,,,,,,,,,,,,,,,,,,,,,,,,,,,,,,,,,,,,,,
8608,45,5,Wet Tropics,intermediate,4.76,11.41,6.03,9.19,10.46,18.07,20.92,14.27,4.89,,,,,,,,,,,,,,,,,,,,,,,,,,,,,,,,,,,,,,,,,,,,,,,
8659,45,5,Wet Tropics,intermediate,15.08,15.09,17.18,12.84,7.56,8.07,4.17,9.5,10.51,,,,,,,,,,,,,,,,,,,,,,,,,,,,,,,,,,,,,,,,,,,,,,,
8683,45,5,Wet Tropics,intermediate,12.97,12.96,20.37,12.96,7.41,9.26,4.81,6.3,12.96,,,,,,,,,,,,,,,,,,,,,,,,,,,,,,,,,,,,,,,,,,,,,,,
8685,45,5,Wet Tropics,intermediate,12.07,13.02,8,9.78,9.23,11.72,11.64,11.98,12.56,,,,,,,,,,,,,,,,,,,,,,,,,,,,,,,,,,,,,,,,,,,,,,,
8687,45,5,Wet Tropics,intermediate,8.7,12.94,13.93,13.68,12.44,11.69,10.45,10.2,5.97,,,,,,,,,,,,,,,,,,,,,,,,,,,,,,,,,,,,,,,,,,,,,,,
8689,45,5,Wet Tropics,intermediate,10.08,11.67,14.85,13.79,9.55,8.75,14.06,10.88,6.37,,,,,,,,,,,,,,,,,,,,,,,,,,,,,,,,,,,,,,,,,,,,,,,
8690,45,5,Wet Tropics,intermediate,7.6,9.89,9.89,9.89,12.69,15.86,10.06,11.47,12.65,,,,,,,,,,,,,,,,,,,,,,,,,,,,,,,,,,,,,,,,,,,,,,,
8691,45,5,Wet Tropics,intermediate,12.39,8.85,7.08,15.93,12.39,14.16,14.16,9.73,5.31,,,,,,,,,,,,,,,,,,,,,,,,,,,,,,,,,,,,,,,,,,,,,,,
8692,45,5,Wet Tropics,intermediate,15.21,7.93,7.05,4.86,6.04,8.71,17.05,22.81,10.34,,,,,,,,,,,,,,,,,,,,,,,,,,,,,,,,,,,,,,,,,,,,,,,
5108,45,5,Wet Tropics,rare,11.92,5.86,3.96,9.06,9.72,14.03,25.59,12.53,7.33,,,,,,,,,,,,,,,,,,,,,,,,,,,,,,,,,,,,,,,,,,,,,,,
8515,45,5,Wet Tropics,rare,4.75,7.59,7.59,5.7,9.81,17.72,26.27,13.61,6.96,,,,,,,,,,,,,,,,,,,,,,,,,,,,,,,,,,,,,,,,,,,,,,,
8558,45,5,Wet Tropics,rare,10.86,9.42,18.84,11.59,8.7,8.7,10.87,8.7,12.32,,,,,,,,,,,,,,,,,,,,,,,,,,,,,,,,,,,,,,,,,,,,,,,
8564,45,5,Wet Tropics,rare,19.1,14.23,11,10.99,10.98,10.98,8.06,7.33,7.33,,,,,,,,,,,,,,,,,,,,,,,,,,,,,,,,,,,,,,,,,,,,,,,
8591,45,5,Wet Tropics,rare,13.73,13.84,14.14,12.62,5.64,12.69,7.09,8.86,11.39,,,,,,,,,,,,,,,,,,,,,,,,,,,,,,,,,,,,,,,,,,,,,,,
8612,45,5,Wet Tropics,rare,12.6,15.75,18.9,15.75,11.02,9.45,4.72,5.51,6.3,,,,,,,,,,,,,,,,,,,,,,,,,,,,,,,,,,,,,,,,,,,,,,,
8678,45,5,Wet Tropics,rare,13,15.48,10.84,4.02,8.67,14.55,15.79,10.53,7.12,,,,,,,,,,,,,,,,,,,,,,,,,,,,,,,,,,,,,,,,,,,,,,,
8679,45,5,Wet Tropics,rare,5.9,20.55,13.35,6.26,6.56,11.12,18.24,12.51,5.51,,,,,,,,,,,,,,,,,,,,,,,,,,,,,,,,,,,,,,,,,,,,,,,
8680,45,5,Wet Tropics,rare,11.47,11.47,11.3,9.59,10.45,10.27,10.62,11.3,13.53,,,,,,,,,,,,,,,,,,,,,,,,,,,,,,,,,,,,,,,,,,,,,,,
8681,45,5,Wet Tropics,rare,13.64,10.23,9.09,6.82,7.95,7.95,11.36,15.91,17.05,,,,,,,,,,,,,,,,,,,,,,,,,,,,,,,,,,,,,,,,,,,,,,,
3097,60,5,Wet Tropics,frequent,4,10,9.99,9.99,9.99,9.18,11.47,11.47,11.47,4.26,5.33,2.85,,,,,,,,,,,,,,,,,,,,,,,,,,,,,,,,,,,,,,,,,,,,
8696,60,5,Wet Tropics,frequent,7.43,1.23,2.72,9.4,11.88,7.43,2.97,14.85,7.43,10.4,13.37,10.89,,,,,,,,,,,,,,,,,,,,,,,,,,,,,,,,,,,,,,,,,,,,
8721,60,5,Wet Tropics,frequent,13.02,15.46,14.62,15.16,0.3,1.18,3.69,8.74,8.95,2.88,11.71,4.29,,,,,,,,,,,,,,,,,,,,,,,,,,,,,,,,,,,,,,,,,,,,
8722,60,5,Wet Tropics,frequent,8.06,13.72,17.85,6.77,4.85,6.1,6.97,3.21,0.56,10.46,16.47,4.98,,,,,,,,,,,,,,,,,,,,,,,,,,,,,,,,,,,,,,,,,,,,
8723,60,5,Wet Tropics,frequent,6.21,10.86,9.3,4.65,3.1,9.3,13.95,10.85,9.3,7.75,7.75,6.98,,,,,,,,,,,,,,,,,,,,,,,,,,,,,,,,,,,,,,,,,,,,
8724,60,5,Wet Tropics,frequent,6.56,10.34,11.08,12.02,11.05,10.78,6.07,8.95,8.56,5.05,5.5,4.04,,,,,,,,,,,,,,,,,,,,,,,,,,,,,,,,,,,,,,,,,,,,
8725,60,5,Wet Tropics,frequent,16.2,4.32,3.21,5.18,7.28,7.73,16.86,3.92,2.39,13.66,12.55,6.7,,,,,,,,,,,,,,,,,,,,,,,,,,,,,,,,,,,,,,,,,,,,
8727,60,5,Wet Tropics,frequent,7.57,7.57,7.57,6.06,4.55,16.67,4.55,9.09,10.61,12.12,6.06,7.58,,,,,,,,,,,,,,,,,,,,,,,,,,,,,,,,,,,,,,,,,,,,
8728,60,5,Wet Tropics,frequent,7.76,10.05,8.92,6.54,6.91,10.35,8.31,5.97,6.84,12.25,9.46,6.64,,,,,,,,,,,,,,,,,,,,,,,,,,,,,,,,,,,,,,,,,,,,
8729,60,5,Wet Tropics,frequent,3.24,7.14,10.71,6.82,8.12,4.55,6.49,9.74,11.04,12.34,9.42,10.39,,,,,,,,,,,,,,,,,,,,,,,,,,,,,,,,,,,,,,,,,,,,
8621,60,5,Wet Tropics,intermediate,6.58,3.3,7.33,1.1,1.47,10.62,5.86,15.75,15.02,13.55,11.36,8.06,,,,,,,,,,,,,,,,,,,,,,,,,,,,,,,,,,,,,,,,,,,,
8638,60,5,Wet Tropics,intermediate,12.71,10.98,12.49,11.43,7.3,4.87,6.59,7.41,6.18,7,6.31,6.73,,,,,,,,,,,,,,,,,,,,,,,,,,,,,,,,,,,,,,,,,,,,
8684,60,5,Wet Tropics,intermediate,4.91,11.48,11.48,18.03,11.48,6.56,8.2,4.26,5.57,11.48,5.39,1.16,,,,,,,,,,,,,,,,,,,,,,,,,,,,,,,,,,,,,,,,,,,,
8686,60,5,Wet Tropics,intermediate,6.5,9.68,10.44,6.42,7.84,7.4,9.4,9.34,9.61,10.07,8.99,4.31,,,,,,,,,,,,,,,,,,,,,,,,,,,,,,,,,,,,,,,,,,,,
8714,60,5,Wet Tropics,intermediate,5.64,4.8,6.3,6.36,19.12,9.89,6.55,13.25,4.67,9.32,7.69,6.41,,,,,,,,,,,,,,,,,,,,,,,,,,,,,,,,,,,,,,,,,,,,
8715,60,5,Wet Tropics,intermediate,4.45,7.78,7.78,9.17,5,6.94,12.22,13.33,10.28,9.72,6.94,6.39,,,,,,,,,,,,,,,,,,,,,,,,,,,,,,,,,,,,,,,,,,,,
8716,60,5,Wet Tropics,intermediate,2.96,3.72,9.98,9.74,11.49,12.1,11.44,8.4,8.54,8.36,7.69,5.58,,,,,,,,,,,,,,,,,,,,,,,,,,,,,,,,,,,,,,,,,,,,
8717,60,5,Wet Tropics,intermediate,11.64,10.05,7.53,10.5,12.1,7.99,5.71,4.57,5.48,5.48,8.22,10.73,,,,,,,,,,,,,,,,,,,,,,,,,,,,,,,,,,,,,,,,,,,,
8718,60,5,Wet Tropics,intermediate,5.32,12.72,7.45,9.69,10.08,11.73,6.85,5.81,8.6,5.28,5.5,10.97,,,,,,,,,,,,,,,,,,,,,,,,,,,,,,,,,,,,,,,,,,,,
8719,60,5,Wet Tropics,intermediate,4.53,4.97,21.15,1.51,2.17,7.29,4.88,5.77,8.78,15.95,15.52,7.48,,,,,,,,,,,,,,,,,,,,,,,,,,,,,,,,,,,,,,,,,,,,
2965,60,5,Wet Tropics,rare,4.85,5.04,6.25,8.47,11.69,12.7,13.71,13.91,9.27,5.24,4.84,4.03,,,,,,,,,,,,,,,,,,,,,,,,,,,,,,,,,,,,,,,,,,,,
5109,60,5,Wet Tropics,rare,14.95,5,2.68,1.46,9.77,4.8,3.25,7.42,7.96,11.49,20.96,10.26,,,,,,,,,,,,,,,,,,,,,,,,,,,,,,,,,,,,,,,,,,,,
8516,60,5,Wet Tropics,rare,6.25,8.25,8.5,3.5,3.75,6,6,4.5,7.75,14,20.75,10.75,,,,,,,,,,,,,,,,,,,,,,,,,,,,,,,,,,,,,,,,,,,,
8530,60,5,Wet Tropics,rare,9.3,3.86,9.94,13.18,10.9,6.07,8.5,8.5,6.68,12.97,6.86,3.24,,,,,,,,,,,,,,,,,,,,,,,,,,,,,,,,,,,,,,,,,,,,
8565,60,5,Wet Tropics,rare,16.58,12.37,9.55,9.54,9.53,9.53,7,6.37,6.37,6.28,5.97,0.91,,,,,,,,,,,,,,,,,,,,,,,,,,,,,,,,,,,,,,,,,,,,
8597,60,5,Wet Tropics,rare,4.66,4.67,10,14.67,8.67,8.67,10,9.33,7,3.67,9.33,9.33,,,,,,,,,,,,,,,,,,,,,,,,,,,,,,,,,,,,,,,,,,,,
8705,60,5,Wet Tropics,rare,7.53,9.78,10.06,16.48,10.06,8.1,8.1,7.54,5.31,7.26,6.15,3.63,,,,,,,,,,,,,,,,,,,,,,,,,,,,,,,,,,,,,,,,,,,,
8706,60,5,Wet Tropics,rare,9.16,6.59,3.94,5.31,12.92,10.42,4.84,10.52,9.45,7.1,7.16,12.59,,,,,,,,,,,,,,,,,,,,,,,,,,,,,,,,,,,,,,,,,,,,
8709,60,5,Wet Tropics,rare,18.45,5.02,5.53,4.28,1.19,15.68,6.91,6.75,3.95,5.47,18.24,8.53,,,,,,,,,,,,,,,,,,,,,,,,,,,,,,,,,,,,,,,,,,,,
8710,60,5,Wet Tropics,rare,7.61,9.52,9.52,11.43,10.48,7.62,7.62,7.62,6.67,6.67,7.62,7.62,,,,,,,,,,,,,,,,,,,,,,,,,,,,,,,,,,,,,,,,,,,,
5438,90,5,Wet Tropics,frequent,4.49,1.69,0.28,3.65,5.62,3.93,6.74,4.21,5.62,5.9,6.46,5.34,7.87,7.87,6.74,7.3,7.58,8.71,,,,,,,,,,,,,,,,,,,,,,,,,,,,,,,,,,,,,,
8676,90,5,Wet Tropics,frequent,3.89,1.61,1.13,2.27,5.32,3.63,4.21,5.06,4.25,2.77,6.37,5.83,6.48,8.68,11.33,13.64,10.9,2.63,,,,,,,,,,,,,,,,,,,,,,,,,,,,,,,,,,,,,,
8745,90,5,Wet Tropics,frequent,7.06,7.07,10.1,8.08,8.08,8.08,6.57,3.54,6.57,2.53,4.04,2.22,1.31,3.54,5.05,6.06,5.05,5.05,,,,,,,,,,,,,,,,,,,,,,,,,,,,,,,,,,,,,,
8746,90,5,Wet Tropics,frequent,4.46,7.78,7.3,6.11,7.52,11.75,9.07,4.09,4.64,4.57,3.67,2.94,3.81,6.46,3.78,3.41,5.22,3.42,,,,,,,,,,,,,,,,,,,,,,,,,,,,,,,,,,,,,,
8749,90,5,Wet Tropics,frequent,6.1,3.76,2.35,7.04,7.51,7.75,10.33,8.22,5.4,6.1,5.16,4.23,5.4,4.46,5.4,4.69,3.05,3.05,,,,,,,,,,,,,,,,,,,,,,,,,,,,,,,,,,,,,,
8750,90,5,Wet Tropics,frequent,5.76,5.76,2.4,4.31,2.88,4.31,3.35,9.58,10.54,8.63,5.75,4.31,5.27,4.79,5.75,7.67,5.75,3.19,,,,,,,,,,,,,,,,,,,,,,,,,,,,,,,,,,,,,,
8751,90,5,Wet Tropics,frequent,4.15,4.91,4.75,4.45,5.66,5.41,3.15,1.84,3.03,12.02,12.14,5.42,1.73,3.57,8.21,7.26,7,5.3,,,,,,,,,,,,,,,,,,,,,,,,,,,,,,,,,,,,,,
8754,90,5,Wet Tropics,frequent,7.44,11.19,8.14,5.08,3.05,3.05,1.7,3.9,4.58,2.24,1.07,2.8,7.12,9.15,8.14,6.1,6.1,9.15,,,,,,,,,,,,,,,,,,,,,,,,,,,,,,,,,,,,,,
8757,90,5,Wet Tropics,frequent,2.76,7.48,8.16,4.08,5.44,6.12,7.48,6.8,6.12,3.4,2.04,7.48,8.16,6.8,5.44,4.76,5.44,2.04,,,,,,,,,,,,,,,,,,,,,,,,,,,,,,,,,,,,,,
8758,90,5,Wet Tropics,frequent,5.17,8.02,7.2,15.47,5.45,4.59,2.49,2.41,2.86,3.06,5.37,5.5,5.32,4.66,5.69,6.39,6.16,4.19,,,,,,,,,,,,,,,,,,,,,,,,,,,,,,,,,,,,,,
8662,90,5,Wet Tropics,intermediate,2.65,5.36,6.07,5.71,5.92,5.92,8.52,10.73,7.48,3.88,1.99,1.02,0.56,4.39,12.79,9.97,4.59,2.45,,,,,,,,,,,,,,,,,,,,,,,,,,,,,,,,,,,,,,
8670,90,5,Wet Tropics,intermediate,5.37,6.34,2.93,4.88,9.76,6.83,9.76,7.8,5.85,4.39,2.93,1.95,2.44,3.9,7.32,8.29,5.85,3.41,,,,,,,,,,,,,,,,,,,,,,,,,,,,,,,,,,,,,,
8726,90,5,Wet Tropics,intermediate,5.07,8.34,11.85,6.46,2.61,0.66,17.27,1.02,2.55,7.67,4.61,2.37,3.8,4.22,4.41,11.67,3.11,2.31,,,,,,,,,,,,,,,,,,,,,,,,,,,,,,,,,,,,,,
8733,90,5,Wet Tropics,intermediate,6.59,5.96,7.21,8.78,9.72,9.4,8.78,5.64,4.08,3.13,3.45,2.19,3.45,3.45,1.25,3.13,6.27,7.52,,,,,,,,,,,,,,,,,,,,,,,,,,,,,,,,,,,,,,
8735,90,5,Wet Tropics,intermediate,5.87,4.31,5.49,7.06,6.86,7.45,6.08,6.08,5.1,5.69,5.69,4.71,5.29,4.71,4.9,5.69,4.51,4.51,,,,,,,,,,,,,,,,,,,,,,,,,,,,,,,,,,,,,,
8739,90,5,Wet Tropics,intermediate,3.93,6.27,6.08,4.9,6.47,6.27,4.12,6.08,4.51,3.53,4.71,4.71,5.69,6.27,7.25,8.43,5.29,5.49,,,,,,,,,,,,,,,,,,,,,,,,,,,,,,,,,,,,,,
8740,90,5,Wet Tropics,intermediate,8.92,5.63,3.64,6.89,3.88,9.08,4.75,2.49,2.99,2.12,2.64,2.02,3.7,6.01,10.54,8.09,11.27,5.34,,,,,,,,,,,,,,,,,,,,,,,,,,,,,,,,,,,,,,
8741,90,5,Wet Tropics,intermediate,3.98,4.37,6.16,9.54,8.35,2.58,3.78,6.16,5.17,4.97,5.37,6.96,8.75,5.17,4.57,3.98,5.77,4.37,,,,,,,,,,,,,,,,,,,,,,,,,,,,,,,,,,,,,,
8743,90,5,Wet Tropics,intermediate,4.88,4.87,4.87,4.87,0.54,1.39,3.78,4.73,0.99,6.73,8.17,8.2,10.25,7.88,8.68,8.68,6.09,4.4,,,,,,,,,,,,,,,,,,,,,,,,,,,,,,,,,,,,,,
8744,90,5,Wet Tropics,intermediate,4.83,3.74,15.38,1.92,1.78,2.32,3.02,7.88,3.94,1.77,0.5,1.63,7.05,9.43,6.28,8.13,11.71,8.69,,,,,,,,,,,,,,,,,,,,,,,,,,,,,,,,,,,,,,
5110,90,5,Wet Tropics,rare,3.06,6.03,4.12,11.11,3.72,1.99,1.09,7.26,3.56,2.41,5.51,5.91,8.53,15.56,7.62,4.46,4.17,3.89,,,,,,,,,,,,,,,,,,,,,,,,,,,,,,,,,,,,,,
8531,90,5,Wet Tropics,rare,6.61,8.77,7.25,4.04,5.66,5.66,4.45,8.64,4.57,2.16,4.45,4.04,3.5,3.66,8.49,8.89,5.64,3.52,,,,,,,,,,,,,,,,,,,,,,,,,,,,,,,,,,,,,,
8545,90,5,Wet Tropics,rare,6.33,7.81,4.27,3.28,4.06,6.7,5.91,5.43,9.96,9.14,7.84,5.49,4.3,4.75,6.21,1.63,2.95,3.94,,,,,,,,,,,,,,,,,,,,,,,,,,,,,,,,,,,,,,
8585,90,5,Wet Tropics,rare,6.75,6.38,2.86,2.12,9.56,8.51,2.86,3.1,3.13,9.57,0,1.09,4.65,6.36,6.69,7.5,13.07,5.8,,,,,,,,,,,,,,,,,,,,,,,,,,,,,,,,,,,,,,
8630,90,5,Wet Tropics,rare,3.73,5.3,4.03,8.4,7.81,3.97,4.27,3.54,4.28,6.2,5.83,3.85,3.06,10.32,3.46,3.46,8.48,10.01,,,,,,,,,,,,,,,,,,,,,,,,,,,,,,,,,,,,,,
8641,90,5,Wet Tropics,rare,5.09,8.38,11.11,8.2,7.29,6.92,6.56,4.55,4.92,3.28,2.55,3.46,3.83,6.38,4.55,3.46,4.55,4.92,,,,,,,,,,,,,,,,,,,,,,,,,,,,,,,,,,,,,,
8653,90,5,Wet Tropics,rare,2.36,8.46,13.84,5.93,5.52,9.81,8.48,12.57,7.97,2.45,2.25,2.35,3.04,2.99,3.37,2.81,3.32,2.48,,,,,,,,,,,,,,,,,,,,,,,,,,,,,,,,,,,,,,
8707,90,5,Wet Tropics,rare,7.84,7.2,3.01,1.28,4.27,6.58,6.39,4.6,2.75,3.71,9.02,7.28,3.38,7.34,6.6,4.96,5,8.79,,,,,,,,,,,,,,,,,,,,,,,,,,,,,,,,,,,,,,
8730,90,5,Wet Tropics,rare,5.71,4.59,3.1,5.89,5.26,6.12,10.86,9.17,2.35,1,1.2,1.27,1.28,7.64,16.28,3.7,5.69,8.89,,,,,,,,,,,,,,,,,,,,,,,,,,,,,,,,,,,,,,
8731,90,5,Wet Tropics,rare,2.12,6.66,9.64,5.32,7.75,7.94,8.18,7.61,3.74,8.96,5.27,3.81,4.91,5.43,2.99,3.11,3.38,3.18,,,,,,,,,,,,,,,,,,,,,,,,,,,,,,,,,,,,,,
3179,120,5,Wet Tropics,frequent,2.13,2.5,3.4,1.87,5.38,5.43,4.37,3.48,3.72,3.06,3.56,5.33,7.01,1.87,2.92,2.71,2.58,3.6,8.51,7.9,6.22,4.57,3.62,4.26,,,,,,,,,,,,,,,,,,,,,,,,,,,,,,,,
5413,120,5,Wet Tropics,frequent,1.8,6.5,1.16,3.34,2.23,2.79,4.18,4.64,2.33,1.81,0.7,2.13,3.02,3.48,4.18,4.18,8.36,6.96,7.66,6.27,5.57,6.96,5.57,4.18,,,,,,,,,,,,,,,,,,,,,,,,,,,,,,,,
8782,120,5,Wet Tropics,frequent,4.11,5.46,7.72,7.23,3.64,2.2,4.67,10.54,4.65,2.87,2.7,3.84,5.22,5.2,2.63,2.27,1.78,1.83,2.1,3.66,3.9,3.99,4.47,3.32,,,,,,,,,,,,,,,,,,,,,,,,,,,,,,,,
8783,120,5,Wet Tropics,frequent,4.2,6.99,6.99,6.99,5.59,3.5,4.89,11.19,4.89,2.56,3.03,1.82,0.98,2.1,4.2,1.64,1.64,0.52,0.35,0.31,0.29,2.96,16.08,6.29,,,,,,,,,,,,,,,,,,,,,,,,,,,,,,,,
8784,120,5,Wet Tropics,frequent,6.7,7.28,5.29,2.98,1.66,7.44,6.78,4.64,3.97,4.79,4.14,2.48,3.15,4.3,4.3,3.31,3.31,7.44,5.46,3.47,2.48,2.15,0.82,1.66,,,,,,,,,,,,,,,,,,,,,,,,,,,,,,,,
8785,120,5,Wet Tropics,frequent,5.69,3.04,0.77,4.22,5.53,5.81,6.08,2.64,2.29,6.1,4.75,3.13,3.16,3.79,1.5,5.85,8.76,1.81,2.03,4.02,2.42,4.12,7.54,4.95,,,,,,,,,,,,,,,,,,,,,,,,,,,,,,,,
8786,120,5,Wet Tropics,frequent,3.39,3.2,1.5,0.75,2.11,4.74,1.39,6.19,5.64,1.51,4.95,6.37,8.73,3.76,2.65,6.46,4.29,2.03,4.54,5.35,4.98,7.99,3.3,4.18,,,,,,,,,,,,,,,,,,,,,,,,,,,,,,,,
8788,120,5,Wet Tropics,frequent,4.67,4.67,6,3.56,3.78,4,4.89,0.89,4.22,12,11.11,7.11,2.89,1.11,1.33,1.56,3.11,1.33,1.33,0.67,2.22,6.44,5.78,5.33,,,,,,,,,,,,,,,,,,,,,,,,,,,,,,,,
8789,120,5,Wet Tropics,frequent,3.14,3,2.77,9.74,2.39,6.1,5.33,1.59,0,3.98,2.67,2.02,2.46,4.23,2.41,2.03,12.55,0.51,0.83,1.57,3.98,10.62,11.44,4.64,,,,,,,,,,,,,,,,,,,,,,,,,,,,,,,,
8791,120,5,Wet Tropics,frequent,3.26,7.13,6.2,5.07,3.38,2.53,1.6,1.5,3.37,3.37,1.12,1.88,3.37,1.95,2.92,6.75,5.62,7.87,9,7.87,5.62,3.37,3.37,1.88,,,,,,,,,,,,,,,,,,,,,,,,,,,,,,,,
8671,120,5,Wet Tropics,intermediate,4.25,1.7,0.32,0.54,2.54,4.66,5.51,2.54,4.24,8.47,5.93,8.47,6.78,5.08,3.81,2.54,1.69,2.12,3.39,6.36,7.2,5.08,2.97,3.81,,,,,,,,,,,,,,,,,,,,,,,,,,,,,,,,
8769,120,5,Wet Tropics,intermediate,4.1,5.25,6.57,5.91,5.42,5.25,5.75,5.91,4.6,3.12,2.96,3.45,3.28,2.13,2.3,2.96,2.3,2.63,3.45,5.09,5.58,5.09,3.78,3.12,,,,,,,,,,,,,,,,,,,,,,,,,,,,,,,,
8770,120,5,Wet Tropics,intermediate,2.82,2.27,1.85,3.65,7.18,12.41,7.23,8.15,5.22,1.73,3.05,5.22,2.62,2.88,3.8,4.98,5.01,3.51,3.11,2.62,2.48,2.99,2.94,2.28,,,,,,,,,,,,,,,,,,,,,,,,,,,,,,,,
8771,120,5,Wet Tropics,intermediate,3.5,2.62,3.06,3.07,3.51,4.39,4.39,4.39,5.26,5.26,3.51,7.02,7.02,4.39,3.51,3.51,4.39,4.39,4.39,5.26,4.39,3.51,3.07,2.19,,,,,,,,,,,,,,,,,,,,,,,,,,,,,,,,
8773,120,5,Wet Tropics,intermediate,3.62,6.98,2.47,2.39,2.14,2.17,2.92,6.72,4.74,4.41,4.45,4.43,4.25,5.35,4.82,3.86,2.92,2.57,5.73,4.28,4.28,5.99,3.56,4.95,,,,,,,,,,,,,,,,,,,,,,,,,,,,,,,,
8776,120,5,Wet Tropics,intermediate,5.01,3.7,2.79,2.95,5.55,1.38,2.21,2.35,10.58,4.93,7.64,1.79,1.32,7.41,3.62,1.36,1.46,2,3.58,4.58,10.59,4.03,3.94,5.23,,,,,,,,,,,,,,,,,,,,,,,,,,,,,,,,
8777,120,5,Wet Tropics,intermediate,6.64,5.17,4.61,4.97,3.31,2.03,2.58,3.31,8.1,8.1,5.89,4.05,3.5,5.71,4.6,4.79,3.5,3.68,3.31,4.05,2.76,2.21,1.47,1.66,,,,,,,,,,,,,,,,,,,,,,,,,,,,,,,,
8778,120,5,Wet Tropics,intermediate,2.08,5.22,6.1,4.88,4.01,3.66,3.31,3.14,6.97,5.57,7.67,6.62,3.66,0.87,0.35,1.22,2.79,6.45,6.79,5.05,3.66,3.66,3.31,2.96,,,,,,,,,,,,,,,,,,,,,,,,,,,,,,,,
8779,120,5,Wet Tropics,intermediate,9.49,4.26,2.95,2.95,2.95,2.95,6.51,1.89,1.89,2.7,2.9,2.21,2.03,1.3,4.91,5.57,9.29,3.71,3.82,5.84,5.84,5.84,4.1,4.1,,,,,,,,,,,,,,,,,,,,,,,,,,,,,,,,
8780,120,5,Wet Tropics,intermediate,0.77,5.17,9.67,5.24,0.98,7.16,5.73,2.14,0.5,0.5,2.33,1.44,1.83,1.9,5.5,11.44,7.65,12.03,4.11,2.42,1.06,2.66,7.32,0.45,,,,,,,,,,,,,,,,,,,,,,,,,,,,,,,,
3655,120,5,Wet Tropics,rare,4.55,4.25,6.45,6.25,9.12,6.15,5.94,5.31,7.89,4.69,2.85,3.67,1.76,2.05,1.58,1.89,1.98,1.14,2.31,2.56,3.59,2.98,7.83,3.21,,,,,,,,,,,,,,,,,,,,,,,,,,,,,,,,
8663,120,5,Wet Tropics,rare,3.6,4.11,4.61,4.05,2.91,4.41,7.29,5.67,2.91,2.03,1.85,1.32,1.61,1.47,1.76,2.29,4.63,5.24,4.93,5.11,5.11,7.36,9.27,6.46,,,,,,,,,,,,,,,,,,,,,,,,,,,,,,,,
8682,120,5,Wet Tropics,rare,3.18,5.83,4.77,4.23,2.47,1.76,3.17,5.29,5.82,5.82,3.17,6.35,4.76,4.23,3.17,3.7,3.7,5.29,7.41,7.94,2.91,1.59,1.85,1.59,,,,,,,,,,,,,,,,,,,,,,,,,,,,,,,,
8708,120,5,Wet Tropics,rare,3.47,3.54,4.1,3.84,4.06,3.9,6.04,5.55,2.32,0.99,3.29,5.08,4.93,3.55,2.12,2.86,6.95,5.61,2.6,5.66,5.09,3.82,3.85,6.78,,,,,,,,,,,,,,,,,,,,,,,,,,,,,,,,
8711,120,5,Wet Tropics,rare,4.54,5.67,5.67,6.81,6.25,4.55,4.55,4.55,3.98,3.98,4.55,4.55,3.41,3.98,2.56,1.23,0.76,1.42,3.13,3.41,5.11,6.25,5.11,3.98,,,,,,,,,,,,,,,,,,,,,,,,,,,,,,,,
8720,120,5,Wet Tropics,rare,2.24,8.67,2.81,2.73,3,12.77,0.91,1.31,4.4,2.95,3.48,5.3,9.63,9.37,4.52,2.45,2.95,3.85,3.91,4.2,3.63,2.07,0.87,1.98,,,,,,,,,,,,,,,,,,,,,,,,,,,,,,,,
8760,120,5,Wet Tropics,rare,4.25,3.64,3.64,4.85,3.64,3.03,3.03,2.42,3.64,5.45,3.03,3.03,4.24,3.03,4.24,4.85,4.85,4.85,5.45,5.45,5.45,4.85,4.24,4.85,,,,,,,,,,,,,,,,,,,,,,,,,,,,,,,,
8761,120,5,Wet Tropics,rare,3.97,9.45,9.45,3.98,4.98,4.48,4.48,3.48,1.32,1.76,0.65,1.24,1.74,2.74,3.98,3.48,2.99,3.98,5.97,5.47,3.48,2.99,8.96,4.98,,,,,,,,,,,,,,,,,,,,,,,,,,,,,,,,
8765,120,5,Wet Tropics,rare,2.89,4.58,3.86,6.02,6.27,4.82,4.82,3.86,4.34,6.02,5.06,3.86,2.89,2.41,4.1,3.61,1.2,4.58,10.84,4.58,0.72,0.72,4.34,3.61,,,,,,,,,,,,,,,,,,,,,,,,,,,,,,,,
8768,120,5,Wet Tropics,rare,5.23,8.05,5.24,4.44,2.82,4.84,3.23,2.02,4.03,4.84,3.23,5.24,4.44,4.03,3.23,1.21,2.42,4.44,5.24,4.84,4.44,3.63,4.03,4.84,,,,,,,,,,,,,,,,,,,,,,,,,,,,,,,,
3215,180,15,Wet Tropics,frequent,7.4,5.76,5.35,10.29,6.58,6.17,8.23,12.76,9.47,7.82,9.88,10.29,,,,,,,,,,,,,,,,,,,,,,,,,,,,,,,,,,,,,,,,,,,,
8787,180,15,Wet Tropics,frequent,3.02,3.2,6.28,6.6,6.22,10.81,10.49,12.38,10.45,12.16,12.64,5.75,,,,,,,,,,,,,,,,,,,,,,,,,,,,,,,,,,,,,,,,,,,,
8815,180,15,Wet Tropics,frequent,6.15,15.44,14.34,12.13,11.58,9.93,4.8,4.57,8.83,4.96,2.75,4.52,,,,,,,,,,,,,,,,,,,,,,,,,,,,,,,,,,,,,,,,,,,,
8816,180,15,Wet Tropics,frequent,13.55,7.81,15.1,11.72,12.76,7.55,1.56,3.65,6.25,10.94,2.86,6.25,,,,,,,,,,,,,,,,,,,,,,,,,,,,,,,,,,,,,,,,,,,,
8818,180,15,Wet Tropics,frequent,12.56,7.53,5.09,5.49,5.4,9.3,9.14,0.83,7.87,22.46,10.12,4.21,,,,,,,,,,,,,,,,,,,,,,,,,,,,,,,,,,,,,,,,,,,,
8819,180,15,Wet Tropics,frequent,4.93,9.99,10.6,18.18,6.81,2.6,5.71,6.11,8.42,14.63,5.51,6.51,,,,,,,,,,,,,,,,,,,,,,,,,,,,,,,,,,,,,,,,,,,,
8820,180,15,Wet Tropics,frequent,8.35,6.88,4.16,2.66,12.2,12.26,4.75,6.29,7.01,7.75,12.85,14.84,,,,,,,,,,,,,,,,,,,,,,,,,,,,,,,,,,,,,,,,,,,,
8823,180,15,Wet Tropics,frequent,10.04,8.71,5.97,4.92,3.69,10.04,7.77,6.53,11.96,7.17,10.32,12.88,,,,,,,,,,,,,,,,,,,,,,,,,,,,,,,,,,,,,,,,,,,,
8824,180,15,Wet Tropics,frequent,8.88,8.78,6.21,5.19,3.93,7.45,4.88,14.14,5.14,15.01,11.07,9.32,,,,,,,,,,,,,,,,,,,,,,,,,,,,,,,,,,,,,,,,,,,,
8825,180,15,Wet Tropics,frequent,2.18,4.2,6.51,7.96,6.94,4.85,13.69,20.8,9.76,9.98,7.5,5.63,,,,,,,,,,,,,,,,,,,,,,,,,,,,,,,,,,,,,,,,,,,,
8667,180,15,Wet Tropics,intermediate,11.06,19.76,16.33,9.67,4.22,8.38,4.36,4.48,2.37,7.75,4.18,7.44,,,,,,,,,,,,,,,,,,,,,,,,,,,,,,,,,,,,,,,,,,,,
8790,180,15,Wet Tropics,intermediate,4.58,4.7,5.78,9.88,11.87,10.57,4.26,5.47,6.63,10.62,12.37,13.27,,,,,,,,,,,,,,,,,,,,,,,,,,,,,,,,,,,,,,,,,,,,
8800,180,15,Wet Tropics,intermediate,1.6,2.84,11.47,31.69,9,11.72,0.87,0.29,0.29,2.66,22.72,4.85,,,,,,,,,,,,,,,,,,,,,,,,,,,,,,,,,,,,,,,,,,,,
8801,180,15,Wet Tropics,intermediate,10.42,7.75,4.13,5.13,14.13,11.16,11.68,9.57,8.34,10.41,3.15,4.13,,,,,,,,,,,,,,,,,,,,,,,,,,,,,,,,,,,,,,,,,,,,
8805,180,15,Wet Tropics,intermediate,4.49,12.14,7.54,14.43,5.06,9.91,11.08,7.42,6.47,9.96,5.5,6,,,,,,,,,,,,,,,,,,,,,,,,,,,,,,,,,,,,,,,,,,,,
8808,180,15,Wet Tropics,intermediate,12.39,15.2,2.66,3.07,15.38,9.16,1.63,2.82,12.65,16.18,5.17,3.69,,,,,,,,,,,,,,,,,,,,,,,,,,,,,,,,,,,,,,,,,,,,
8810,180,15,Wet Tropics,intermediate,1.92,6.85,8.61,8.52,7.43,8.92,16.01,5.56,4.65,12.35,11.38,7.8,,,,,,,,,,,,,,,,,,,,,,,,,,,,,,,,,,,,,,,,,,,,
8811,180,15,Wet Tropics,intermediate,14.02,9.65,8.79,10.99,2.6,0.95,2.89,4.16,9.62,10.21,10.17,15.95,,,,,,,,,,,,,,,,,,,,,,,,,,,,,,,,,,,,,,,,,,,,
8813,180,15,Wet Tropics,intermediate,9,9.52,5.64,3.53,5.64,7.94,5.64,13.05,13.23,7.94,8.11,10.76,,,,,,,,,,,,,,,,,,,,,,,,,,,,,,,,,,,,,,,,,,,,
8814,180,15,Wet Tropics,intermediate,10.42,4.84,6.32,5.76,10.59,5.95,4.37,9.75,9.29,10.41,8.55,13.75,,,,,,,,,,,,,,,,,,,,,,,,,,,,,,,,,,,,,,,,,,,,
8546,180,15,Wet Tropics,rare,11.47,7.09,3.71,0.7,1.33,11.4,8.09,12.58,18.79,10.14,7.53,7.17,,,,,,,,,,,,,,,,,,,,,,,,,,,,,,,,,,,,,,,,,,,,
8664,180,15,Wet Tropics,rare,5.68,7.14,8,12,4.69,3.05,6,10.57,15.02,7.97,3.56,16.32,,,,,,,,,,,,,,,,,,,,,,,,,,,,,,,,,,,,,,,,,,,,
8688,180,15,Wet Tropics,rare,12.59,20.67,16.69,7.7,1.28,4.62,3.85,3.85,10.91,7.57,7.06,3.21,,,,,,,,,,,,,,,,,,,,,,,,,,,,,,,,,,,,,,,,,,,,
8766,180,15,Wet Tropics,rare,5.64,8.55,12.92,9.83,11.28,7.1,7.1,12.19,6.55,5.28,8.19,5.37,,,,,,,,,,,,,,,,,,,,,,,,,,,,,,,,,,,,,,,,,,,,
8781,180,15,Wet Tropics,rare,6.6,8.81,15.96,0.27,4.15,10.9,10.31,2.28,3.55,16.86,12.74,7.57,,,,,,,,,,,,,,,,,,,,,,,,,,,,,,,,,,,,,,,,,,,,
8792,180,15,Wet Tropics,rare,5.8,14.21,11.12,13.44,17.44,7.48,4.82,4.72,6.03,3.94,5.44,5.56,,,,,,,,,,,,,,,,,,,,,,,,,,,,,,,,,,,,,,,,,,,,
8794,180,15,Wet Tropics,rare,6.78,8.87,5.14,11.93,7.45,8.26,7.49,9.98,10.1,7.39,7.8,8.81,,,,,,,,,,,,,,,,,,,,,,,,,,,,,,,,,,,,,,,,,,,,
8795,180,15,Wet Tropics,rare,9.5,10.12,6.26,3.27,5.18,7.5,9.9,4.66,7.84,11.26,11.15,13.36,,,,,,,,,,,,,,,,,,,,,,,,,,,,,,,,,,,,,,,,,,,,
8796,180,15,Wet Tropics,rare,10.65,7.88,3.96,5.71,3.59,8.13,8.82,9.6,10.35,12.82,9.26,9.23,,,,,,,,,,,,,,,,,,,,,,,,,,,,,,,,,,,,,,,,,,,,
8797,180,15,Wet Tropics,rare,11.73,9.25,6.91,8.47,5.56,2.33,7.75,16.03,9.09,12.94,6.17,3.77,,,,,,,,,,,,,,,,,,,,,,,,,,,,,,,,,,,,,,,,,,,,
3258,270,15,Wet Tropics,frequent,20.03,7.28,5.1,11.3,6.86,0.27,1.24,0.7,1.66,4.74,6.56,4.62,1.46,3.58,2.73,5.83,8.93,7.11,,,,,,,,,,,,,,,,,,,,,,,,,,,,,,,,,,,,,,
8817,270,15,Wet Tropics,frequent,10.41,2.76,2.12,3.61,1.91,2.76,1.7,0.64,11.04,6.37,12.31,9.55,10.4,6.16,1.27,2.97,5.1,8.92,,,,,,,,,,,,,,,,,,,,,,,,,,,,,,,,,,,,,,
8842,270,15,Wet Tropics,frequent,5.18,3.06,13.49,17.1,9.44,5.9,3.98,8.14,5.24,1.71,3.86,5.72,4.45,4.82,2.63,2.44,1.24,1.6,,,,,,,,,,,,,,,,,,,,,,,,,,,,,,,,,,,,,,
8843,270,15,Wet Tropics,frequent,5.47,6.53,1.73,4.78,3.7,6.44,8.37,7.72,5.68,0.83,0.36,0.34,4.7,8.37,11.91,11.27,7.4,4.4,,,,,,,,,,,,,,,,,,,,,,,,,,,,,,,,,,,,,,
8844,270,15,Wet Tropics,frequent,3.97,6.58,6.05,3.67,6.48,5.86,1.17,1.3,3.77,6.64,6.05,6.84,11.33,6.84,6.45,5.86,4.69,6.45,,,,,,,,,,,,,,,,,,,,,,,,,,,,,,,,,,,,,,
8845,270,15,Wet Tropics,frequent,5.7,10.78,6.44,4.41,3.61,0.71,8.55,6.46,1.42,2.37,5.73,6.21,8.56,7.69,4.74,5.68,7.01,3.93,,,,,,,,,,,,,,,,,,,,,,,,,,,,,,,,,,,,,,
8846,270,15,Wet Tropics,frequent,10.38,11.34,2.9,0.95,0.61,1.62,1.88,2.01,3.24,7.31,19.92,8.23,4.12,4.12,4.29,4.51,6.09,6.48,,,,,,,,,,,,,,,,,,,,,,,,,,,,,,,,,,,,,,
8847,270,15,Wet Tropics,frequent,4.9,2.64,1.87,1.83,1.44,6.02,3.6,4.65,12.66,9.45,8.07,8.19,2.2,2.69,9.24,10.11,6.66,3.78,,,,,,,,,,,,,,,,,,,,,,,,,,,,,,,,,,,,,,
8850,270,15,Wet Tropics,frequent,5.9,10.91,9.59,4.06,1.43,1.16,1.61,1.27,1.53,1.74,2.14,9.81,14.62,10.16,3.61,3.34,11.06,6.06,,,,,,,,,,,,,,,,,,,,,,,,,,,,,,,,,,,,,,
8852,270,15,Wet Tropics,frequent,2.93,3.38,4.5,4.04,4.04,4.04,4.49,4.27,4.94,5.84,6.74,5.62,6.74,6.97,7.19,7.87,6.74,9.66,,,,,,,,,,,,,,,,,,,,,,,,,,,,,,,,,,,,,,
8734,270,15,Wet Tropics,intermediate,7.65,12.06,11.18,5,4.26,5,6.91,3.97,2.06,2.21,3.38,3.68,10.44,9.26,5.88,2.65,2.06,2.35,,,,,,,,,,,,,,,,,,,,,,,,,,,,,,,,,,,,,,
8747,270,15,Wet Tropics,intermediate,7.1,4.62,5.35,5.63,5.06,5.36,4.69,5.02,4.96,3.56,6.5,5.16,3.45,4.56,4.97,7.03,4.55,12.43,,,,,,,,,,,,,,,,,,,,,,,,,,,,,,,,,,,,,,
8759,270,15,Wet Tropics,intermediate,4.71,4.93,4.57,7.29,9.69,7.22,3.15,2.1,1.17,2.48,5.47,4.32,13.59,5.56,3.69,7.18,7.42,5.46,,,,,,,,,,,,,,,,,,,,,,,,,,,,,,,,,,,,,,
8812,270,15,Wet Tropics,intermediate,9.67,6.75,3.8,0.22,3.77,11.92,6.8,5.86,6.67,0.54,1.13,2.88,5.92,4.55,9.53,12.12,4.57,3.3,,,,,,,,,,,,,,,,,,,,,,,,,,,,,,,,,,,,,,
8821,270,15,Wet Tropics,intermediate,6.22,10.77,2.17,2.23,2.83,5.18,5.89,4.86,2.93,1.88,8.61,8.66,3.35,4.44,4.95,5.47,9.08,10.48,,,,,,,,,,,,,,,,,,,,,,,,,,,,,,,,,,,,,,
8833,270,15,Wet Tropics,intermediate,29.91,12.57,2.08,3.92,9.08,0.54,0.14,0.14,0.14,0.14,0.14,0.14,0.14,0.14,2.46,7.2,13.16,17.96,,,,,,,,,,,,,,,,,,,,,,,,,,,,,,,,,,,,,,
8834,270,15,Wet Tropics,intermediate,7.91,8.02,8.14,4.62,4.24,2.54,4.05,5.97,3.82,1.01,1.65,3.55,5.3,6.99,7.39,7.45,9.87,7.48,,,,,,,,,,,,,,,,,,,,,,,,,,,,,,,,,,,,,,
8836,270,15,Wet Tropics,intermediate,5.61,11.92,9.18,5.24,3.69,0.95,0.83,3.69,10.73,8.94,4.89,8.58,4.41,4.89,4.65,4.29,2.5,5.01,,,,,,,,,,,,,,,,,,,,,,,,,,,,,,,,,,,,,,
8838,270,15,Wet Tropics,intermediate,6.1,5.96,2.41,1.97,3.71,4.47,5.61,2.73,1.73,7.14,4.48,6.9,6.65,6.9,9.36,8.18,8.3,7.4,,,,,,,,,,,,,,,,,,,,,,,,,,,,,,,,,,,,,,
8840,270,15,Wet Tropics,intermediate,4.73,5.68,2.21,4.89,2.37,1.89,4.42,5.36,4.31,6.42,9.15,7.57,5.99,7.57,5.99,10.41,7.57,3.47,,,,,,,,,,,,,,,,,,,,,,,,,,,,,,,,,,,,,,
3224,270,15,Wet Tropics,rare,4.38,5.27,11.04,4.34,5.05,5.26,6.53,4.91,3.47,4.02,5.34,4.23,5.86,6.34,6.79,6.54,5.38,5.25,,,,,,,,,,,,,,,,,,,,,,,,,,,,,,,,,,,,,,
8631,270,15,Wet Tropics,rare,6,2.38,2.32,5.07,4.2,8.22,4.48,5.26,2.58,1.8,3.8,6.45,9.95,5.96,7.83,8.3,10.82,4.58,,,,,,,,,,,,,,,,,,,,,,,,,,,,,,,,,,,,,,
8732,270,15,Wet Tropics,rare,3.91,5.53,5.11,5.68,3.67,5.61,4.21,6.89,4.56,2.97,4.94,7.53,7.12,6.44,8.31,3.94,8.96,4.62,,,,,,,,,,,,,,,,,,,,,,,,,,,,,,,,,,,,,,
8767,270,15,Wet Tropics,rare,2.77,3.19,4.71,3.6,6.23,3.6,3.05,5.96,9.28,7.76,8.86,5.26,5.12,11.5,3.32,4.57,7.06,4.16,,,,,,,,,,,,,,,,,,,,,,,,,,,,,,,,,,,,,,
8793,270,15,Wet Tropics,rare,3.44,3.45,3.84,8.78,8.66,9.42,12.98,7.74,4.02,3.14,4.03,3.17,4.49,2.75,4.38,5.22,6.37,4.12,,,,,,,,,,,,,,,,,,,,,,,,,,,,,,,,,,,,,,
8806,270,15,Wet Tropics,rare,3.88,4.16,4.73,10.45,7.87,8.19,4.86,7.82,10.25,2.71,8.18,4.94,5.83,4.01,0.43,1.81,4.92,4.96,,,,,,,,,,,,,,,,,,,,,,,,,,,,,,,,,,,,,,
8826,270,15,Wet Tropics,rare,8.57,7.78,5.95,6.04,10.16,5.06,6.38,5.59,3.63,3.38,2.68,4.7,4.58,3.72,5.82,4.72,4.53,6.71,,,,,,,,,,,,,,,,,,,,,,,,,,,,,,,,,,,,,,
8829,270,15,Wet Tropics,rare,4.58,10.17,8.05,3.98,1.86,3.98,7.71,6.36,5.85,2.8,0.93,9.32,14.58,6.1,3.73,3.22,3.47,3.31,,,,,,,,,,,,,,,,,,,,,,,,,,,,,,,,,,,,,,
8831,270,15,Wet Tropics,rare,1.47,0.99,14.38,8.27,7.15,6.61,1.94,6.15,8.73,6.1,6.27,4.06,2.54,2.95,2.78,11.19,4.38,4.04,,,,,,,,,,,,,,,,,,,,,,,,,,,,,,,,,,,,,,
8832,270,15,Wet Tropics,rare,7.91,2.4,7.18,12.92,2.43,5.6,3.73,11.77,7.75,2.3,6.03,5.66,2.03,2.93,4.31,6.89,4.31,3.85,,,,,,,,,,,,,,,,,,,,,,,,,,,,,,,,,,,,,,
5512,360,15,Wet Tropics,frequent,3.09,4.2,7.94,9.24,8.78,10.91,6.44,2.13,1.15,0.93,6.73,6.67,4.17,2.39,2.85,1.36,1.72,1.91,2.94,1.12,1.84,0.35,7.73,3.41,,,,,,,,,,,,,,,,,,,,,,,,,,,,,,,,
8865,360,15,Wet Tropics,frequent,6.78,6.25,6.34,8.19,6.04,5.48,3.5,2.33,5.87,7.37,6.32,1.33,5.08,2.94,2.98,1.07,0.9,2.25,3.34,2.27,2.7,2.86,3.86,3.95,,,,,,,,,,,,,,,,,,,,,,,,,,,,,,,,
8866,360,15,Wet Tropics,frequent,6.29,7.52,3.96,3.77,8.01,5.97,4.07,2.35,1.25,2.09,1.93,2.07,3.65,4.21,5.2,4.36,2.81,1.55,1.4,3.3,3.93,5.74,7.19,7.38,,,,,,,,,,,,,,,,,,,,,,,,,,,,,,,,
8867,360,15,Wet Tropics,frequent,11.57,9.7,3.84,4.4,6.87,4.09,2.26,1.82,4.07,2.04,1.09,1.38,0.4,0.61,2.05,3.59,5.34,5.71,1.96,3.6,8.4,10.29,2.86,2.06,,,,,,,,,,,,,,,,,,,,,,,,,,,,,,,,
8868,360,15,Wet Tropics,frequent,20.71,4.94,3.97,3.2,0.94,1.5,5.09,2.54,3.18,2.38,1.24,1.42,1.92,2.72,0.8,5.82,0.88,0.37,4.29,2.74,5.25,5.14,5.94,13.02,,,,,,,,,,,,,,,,,,,,,,,,,,,,,,,,
8869,360,15,Wet Tropics,frequent,0.67,3.19,3.88,3.31,2.96,5.59,4.56,3.42,2.96,3.08,3.65,7.3,5.82,3.19,3.31,1.37,1.94,2.05,2.51,6.04,5.36,10.38,9.58,3.88,,,,,,,,,,,,,,,,,,,,,,,,,,,,,,,,
8870,360,15,Wet Tropics,frequent,2.35,2.55,4.24,2.09,3.66,7.99,1.88,2.4,1.82,3.52,2.74,5.48,7.83,7.83,7.83,4.11,3.72,4.36,1.29,2.18,3.13,7.05,5.09,4.86,,,,,,,,,,,,,,,,,,,,,,,,,,,,,,,,
8871,360,15,Wet Tropics,frequent,4.3,2.38,3.22,2.03,1.19,4.29,3.1,6.08,6.32,12.87,5.6,5.24,1.07,1.19,0.48,1.43,0.48,9.3,7.39,6.91,2.98,3.69,4.17,4.29,,,,,,,,,,,,,,,,,,,,,,,,,,,,,,,,
8872,360,15,Wet Tropics,frequent,2.29,1.88,1.45,3.73,5.6,1.87,1.66,2.7,2.9,2.49,3.94,1.66,1.66,7.88,2.28,1.66,1.87,6.22,9.13,7.05,7.26,4.36,12.24,6.22,,,,,,,,,,,,,,,,,,,,,,,,,,,,,,,,
8874,360,15,Wet Tropics,frequent,0.56,1.26,1.94,2.29,6.4,3.66,0.8,1.14,4.34,5.49,4.69,4.57,5.49,5.6,6.51,8.57,5.94,3.09,1.37,2.74,10.63,5.49,2.17,5.26,,,,,,,,,,,,,,,,,,,,,,,,,,,,,,,,
3259,360,15,Wet Tropics,intermediate,16.33,5.94,4.15,9.2,5.59,0.22,1.01,0.57,1.35,3.86,5.34,3.76,1.19,2.92,2.23,4.75,7.27,5.79,5.34,3.26,1.63,1.48,4.15,2.67,,,,,,,,,,,,,,,,,,,,,,,,,,,,,,,,
8755,360,15,Wet Tropics,intermediate,3.15,4.17,1.64,1.72,3.44,6.35,8.71,6.88,3.66,3.33,8.07,8.61,8.03,4.66,1.17,0.98,1.38,4.43,6.67,4.66,3.09,1.72,1.61,1.87,,,,,,,,,,,,,,,,,,,,,,,,,,,,,,,,
8802,360,15,Wet Tropics,intermediate,4.69,8.57,7.76,7.04,5.3,5.83,5.76,1.73,3.11,4.46,5.54,3.27,3.08,3.57,2.14,1.26,0.19,5.26,2.57,1.25,1.06,2.33,10.31,3.92,,,,,,,,,,,,,,,,,,,,,,,,,,,,,,,,
8851,360,15,Wet Tropics,intermediate,1.64,1.76,6.49,5.66,10.64,4.37,1.71,0.93,1.13,1.28,1.08,1.48,1.78,4.34,14.63,7.59,5.59,2.25,7.96,5.58,5.58,2.41,2.11,2.01,,,,,,,,,,,,,,,,,,,,,,,,,,,,,,,,
8858,360,15,Wet Tropics,intermediate,3.39,4.1,4.8,1.6,10.14,7.47,9.96,12.63,5.87,5.34,1.78,0.89,0.89,1.25,0.71,0.53,5.52,5.69,5.87,4.8,4.09,1.25,1.07,0.36,,,,,,,,,,,,,,,,,,,,,,,,,,,,,,,,
8859,360,15,Wet Tropics,intermediate,4.04,4.66,2.08,0,0.12,3.8,9.68,3.43,0.86,2.94,5.88,9.8,2.57,0.74,2.57,5.27,8.09,9.07,11.03,3.8,6.5,0.98,0.74,1.35,,,,,,,,,,,,,,,,,,,,,,,,,,,,,,,,
8860,360,15,Wet Tropics,intermediate,1.4,3.02,1.41,4.29,4.55,3.4,3.37,3.42,3.78,1.88,3,7.71,9.2,8.75,7.95,2.72,3.7,1.92,2.63,1.91,1.71,4.73,6.79,6.76,,,,,,,,,,,,,,,,,,,,,,,,,,,,,,,,
8861,360,15,Wet Tropics,intermediate,2.89,1.92,1.29,3.46,4.03,3.87,5,6.69,8.14,6.69,5,5.8,2.66,0.81,3.55,3.87,5.48,4.59,6.37,6.77,4.59,2.18,0.48,3.87,,,,,,,,,,,,,,,,,,,,,,,,,,,,,,,,
8862,360,15,Wet Tropics,intermediate,3.37,3.65,4.05,8.1,4.28,2.96,2.75,2.99,1.31,1.64,1.74,3.6,4.68,12.18,3.74,2.22,3.81,2.86,7.47,4.59,2.61,3.56,5.67,6.17,,,,,,,,,,,,,,,,,,,,,,,,,,,,,,,,
8863,360,15,Wet Tropics,intermediate,2.42,2.42,2.64,2.09,2.09,3.09,3.28,2.95,3.29,3.19,3.61,4.55,2,3.49,3.57,5.45,5.65,4.36,4.47,9.04,13.04,3.17,5.62,4.52,,,,,,,,,,,,,,,,,,,,,,,,,,,,,,,,
3225,360,15,Wet Tropics,rare,3.78,3.11,3.09,3.13,3.85,7.35,5.59,3.91,3.68,4.97,4.83,2.9,2.83,3.93,3.85,4.26,4.99,5.1,5.43,4.55,4.61,2.99,1.87,5.4,,,,,,,,,,,,,,,,,,,,,,,,,,,,,,,,
8701,360,15,Wet Tropics,rare,10.05,6.61,2.79,1.3,3.63,2.43,0.24,0.21,0.36,1.77,3.83,7.52,8.66,7.73,2.26,4.23,3.64,9.4,4.28,4.45,2.94,3.75,2.15,5.77,,,,,,,,,,,,,,,,,,,,,,,,,,,,,,,,
8712,360,15,Wet Tropics,rare,4.05,2.61,2.03,4.35,6.09,9.56,6.96,6.38,6.09,2.32,4.06,8.41,4.49,3.53,1.64,3.14,1.04,1.52,3.91,2.56,1.01,2.8,5.65,5.8,,,,,,,,,,,,,,,,,,,,,,,,,,,,,,,,
8762,360,15,Wet Tropics,rare,3.22,3.69,2.54,4.85,6.47,3.93,2.54,3.12,1.62,1.39,3.81,9.93,6.24,3.46,9.01,4.62,3.93,3,3.46,3.46,4.93,3.39,3.93,3.46,,,,,,,,,,,,,,,,,,,,,,,,,,,,,,,,
8798,360,15,Wet Tropics,rare,3.5,2.79,1.38,1.28,6.07,2.58,1.85,3.38,6.82,4.87,3.86,4.99,2.13,2.63,5.08,9.22,5.39,6.81,2.76,2.23,2.91,4.88,8.4,4.19,,,,,,,,,,,,,,,,,,,,,,,,,,,,,,,,
8807,360,15,Wet Tropics,rare,2.81,3.86,3.27,3.5,3.97,8.78,6.61,6.88,4.09,6.57,8.61,2.27,6.87,4.15,4.9,3.37,0.36,1.52,4.14,4.17,2.55,2.69,1.25,2.81,,,,,,,,,,,,,,,,,,,,,,,,,,,,,,,,
8830,360,15,Wet Tropics,rare,1.43,5.08,1.2,1.19,0.67,5.67,9.25,6.27,2.54,1.64,5.15,6.34,5.82,4.1,1.79,0.52,12.99,10.22,4.18,3.13,2.76,3.21,2.31,2.54,,,,,,,,,,,,,,,,,,,,,,,,,,,,,,,,
8854,360,15,Wet Tropics,rare,2.43,2.26,6.09,6.26,8.98,11.25,8.42,7.59,5.71,4.38,3.6,3.05,0.83,1.11,1.55,0.83,0.72,0.78,3.21,5.1,3.49,3.38,4.27,4.71,,,,,,,,,,,,,,,,,,,,,,,,,,,,,,,,
8856,360,15,Wet Tropics,rare,10.52,11.69,8.18,7.02,4.68,5.56,2.06,0.21,0.21,0.21,0.21,0.21,4.19,1.36,0.28,0.91,1.22,0.3,4.43,5.36,3.12,5.26,8.19,14.62,,,,,,,,,,,,,,,,,,,,,,,,,,,,,,,,
8857,360,15,Wet Tropics,rare,4.45,3.69,9.49,7.98,6.38,8.4,6.55,5.79,4.62,2.85,0,0.25,0.34,0,0.08,0,0,0.08,0.42,3.11,12.09,7.98,9.32,6.13,,,,,,,,,,,,,,,,,,,,,,,,,,,,,,,,
3325,540,30,Wet Tropics,frequent,4.55,3.73,3.73,2.17,3.94,4.89,2.31,4.07,7.88,7.15,2.36,9.64,8.01,13.71,2.82,3.22,6.45,9.37,,,,,,,,,,,,,,,,,,,,,,,,,,,,,,,,,,,,,,
3369,540,30,Wet Tropics,frequent,6.83,4.03,4.94,5.26,8.07,4.33,8.18,5.44,5.66,2.76,5.21,6.12,5.71,5.57,7.48,3.42,6.14,4.85,,,,,,,,,,,,,,,,,,,,,,,,,,,,,,,,,,,,,,
5513,540,30,Wet Tropics,frequent,11.64,14.35,12.16,2.31,8.15,7.32,3.78,2.62,3.78,2.13,7.57,4.49,5.27,2.63,1.13,0.59,3.04,7.04,,,,,,,,,,,,,,,,,,,,,,,,,,,,,,,,,,,,,,
5555,540,30,Wet Tropics,frequent,1.58,2.5,3.3,6.87,9.91,4.1,2.77,4.23,5.02,6.21,7.79,7.66,3.7,4.76,5.68,14.8,4.36,4.76,,,,,,,,,,,,,,,,,,,,,,,,,,,,,,,,,,,,,,
8886,540,30,Wet Tropics,frequent,12.43,8.61,6.88,6.26,5.85,14.22,5.24,1.62,1.09,0.79,1.92,1.44,3.31,4.79,1.49,2.43,13.3,8.33,,,,,,,,,,,,,,,,,,,,,,,,,,,,,,,,,,,,,,
8889,540,30,Wet Tropics,frequent,4.42,6.12,9.4,1.97,8.58,4.75,3.58,3.75,6.35,2.54,4.45,5.65,4.51,5.84,9.66,2.8,8.13,7.5,,,,,,,,,,,,,,,,,,,,,,,,,,,,,,,,,,,,,,
8891,540,30,Wet Tropics,frequent,6.65,6.43,4.6,5.3,4.87,4.22,4.52,6.03,4.25,6.56,5.68,2.34,2.44,3.77,5.53,5.58,13.32,7.91,,,,,,,,,,,,,,,,,,,,,,,,,,,,,,,,,,,,,,
8892,540,30,Wet Tropics,frequent,7.3,6.49,5.58,6.03,4.77,0.92,1.84,11.39,2.46,12.37,3.12,2.91,2.02,4.59,7.35,1.59,11.46,7.81,,,,,,,,,,,,,,,,,,,,,,,,,,,,,,,,,,,,,,
8893,540,30,Wet Tropics,frequent,5.24,6.41,8.38,7.3,1.18,1.58,1.28,1.78,4.14,9.37,3.35,7.79,5.52,7.4,7.1,11.14,7,4.04,,,,,,,,,,,,,,,,,,,,,,,,,,,,,,,,,,,,,,
8894,540,30,Wet Tropics,frequent,3.91,2.06,4.36,8.42,4.73,1.77,1.95,8.07,2.86,3,1.41,2.62,16.53,8.11,7.27,15.12,5.28,2.53,,,,,,,,,,,,,,,,,,,,,,,,,,,,,,,,,,,,,,
8809,540,30,Wet Tropics,intermediate,6.93,5.69,6.8,3.03,3.02,14.18,4.59,10.5,2.9,15.68,2.8,1.56,0.42,2.29,12.53,3.07,0.59,3.42,,,,,,,,,,,,,,,,,,,,,,,,,,,,,,,,,,,,,,
8822,540,30,Wet Tropics,intermediate,10.46,3.85,4.1,7.86,3.45,10.74,4.69,6.08,12.81,6.44,2.3,5.23,2.9,6.5,7.63,1.72,1.42,1.82,,,,,,,,,,,,,,,,,,,,,,,,,,,,,,,,,,,,,,
8873,540,30,Wet Tropics,intermediate,2.92,1.9,1.03,3.45,4.48,4.31,2.59,7.93,3.28,4.66,4.83,3.45,7.93,3.45,14.48,10.17,15,4.14,,,,,,,,,,,,,,,,,,,,,,,,,,,,,,,,,,,,,,
8877,540,30,Wet Tropics,intermediate,4.21,5.92,8.73,7.95,7.15,8.5,7.35,11.64,6.28,1.45,2.73,3.8,4.62,3.66,4.39,4.96,4.38,2.28,,,,,,,,,,,,,,,,,,,,,,,,,,,,,,,,,,,,,,
8879,540,30,Wet Tropics,intermediate,3.78,11.99,9.03,16.83,7.55,0.99,1.56,2.22,3.12,3.12,3.28,5.99,9.44,4.6,2.22,1.23,2.13,10.92,,,,,,,,,,,,,,,,,,,,,,,,,,,,,,,,,,,,,,
8880,540,30,Wet Tropics,intermediate,2.46,4.72,4.07,5.85,2.53,3.56,6.04,3.69,5.14,10.93,3.01,7.27,10.59,9.74,7.97,0.87,1.53,10.03,,,,,,,,,,,,,,,,,,,,,,,,,,,,,,,,,,,,,,
8881,540,30,Wet Tropics,intermediate,4.86,6.7,6.13,4.92,1.9,3.59,3.72,4.95,5.22,4.35,5.63,6.97,7.04,4.99,8.53,11.35,7.25,1.9,,,,,,,,,,,,,,,,,,,,,,,,,,,,,,,,,,,,,,
8882,540,30,Wet Tropics,intermediate,6.56,3.87,6.42,6.79,4.66,5.57,3.79,4.52,2.19,2.45,4.41,6.45,8.82,3.92,5.02,9.61,7.31,7.64,,,,,,,,,,,,,,,,,,,,,,,,,,,,,,,,,,,,,,
8884,540,30,Wet Tropics,intermediate,1.32,5.62,12.21,11.67,1.55,1.31,4.46,4.08,5.36,0.43,1.56,3.78,5.44,3.4,7.36,11.86,12.44,6.15,,,,,,,,,,,,,,,,,,,,,,,,,,,,,,,,,,,,,,
8885,540,30,Wet Tropics,intermediate,3.23,2.68,4.32,7.26,5.03,5.08,1.7,2.71,4.15,7.91,4.11,2.76,3.21,4.29,5.44,7.91,12.83,15.38,,,,,,,,,,,,,,,,,,,,,,,,,,,,,,,,,,,,,,
8713,540,30,Wet Tropics,rare,3.34,4.6,3.97,8.82,11.91,8.93,5.84,8.82,3.75,2.6,4.68,2.65,7.28,5.84,3.2,3.31,7.39,3.07,,,,,,,,,,,,,,,,,,,,,,,,,,,,,,,,,,,,,,
8752,540,30,Wet Tropics,rare,6.28,7.87,7.21,3.91,6.39,2.08,0.91,2.62,0.94,2.24,1.37,10.24,11.01,4.4,5.23,6.89,10.84,9.57,,,,,,,,,,,,,,,,,,,,,,,,,,,,,,,,,,,,,,
8763,540,30,Wet Tropics,rare,7.71,10.12,6.9,3.68,7.7,7.15,1.8,1.93,3.17,3.02,4.53,5.59,5.94,3.5,2.34,10.12,6.34,8.46,,,,,,,,,,,,,,,,,,,,,,,,,,,,,,,,,,,,,,
8803,540,30,Wet Tropics,rare,3.49,7.85,5.05,11.77,8.89,8.35,3.49,7.2,4.58,4.12,1.04,5.64,1.66,9.1,4.12,2,7.46,4.19,,,,,,,,,,,,,,,,,,,,,,,,,,,,,,,,,,,,,,
8827,540,30,Wet Tropics,rare,4.77,8.49,5.89,8.25,6,4.04,3.49,4.44,5.37,5.62,4.46,5.9,5.69,7.16,7.01,4.86,4.7,3.86,,,,,,,,,,,,,,,,,,,,,,,,,,,,,,,,,,,,,,
8835,540,30,Wet Tropics,rare,5.15,5.94,4.31,2.72,4.29,3.01,3.26,3.11,6.03,10.08,7.35,3.88,7.06,2.16,4.07,8.06,10.41,9.11,,,,,,,,,,,,,,,,,,,,,,,,,,,,,,,,,,,,,,
8839,540,30,Wet Tropics,rare,6.3,9.27,6.5,1.71,0.77,0.1,1.45,2.37,6.57,6.56,3,6.24,4.66,6.15,8.05,9.52,12.37,8.41,,,,,,,,,,,,,,,,,,,,,,,,,,,,,,,,,,,,,,
8855,540,30,Wet Tropics,rare,3.48,7.93,13.73,15.27,9.7,6.43,2.36,2.45,1.04,4.4,6.39,7.11,3.35,1.54,2.9,7.16,3.13,1.63,,,,,,,,,,,,,,,,,,,,,,,,,,,,,,,,,,,,,,
8864,540,30,Wet Tropics,rare,4.3,5.68,3.31,2.94,5.75,4.03,3.58,3.25,4.6,4.5,5.06,5.15,4.77,8.22,6.66,15.92,6.47,5.81,,,,,,,,,,,,,,,,,,,,,,,,,,,,,,,,,,,,,,
8875,540,30,Wet Tropics,rare,4.46,9.4,4.98,2,3.65,2.17,5.88,8.71,2.75,6.01,5.65,11.29,11.65,8.43,3.04,3.9,3.37,2.66,,,,,,,,,,,,,,,,,,,,,,,,,,,,,,,,,,,,,,
3370,720,30,Wet Tropics,frequent,4.9,3.05,2.19,5.19,3.7,4.54,3.64,6.59,3.51,6.72,5.3,3.53,2.17,4.82,4.45,5.04,4.64,5.47,3.31,4.68,3.88,2.92,3.36,2.4,,,,,,,,,,,,,,,,,,,,,,,,,,,,,,,,
5556,720,30,Wet Tropics,frequent,3.57,2.07,0.92,1.73,2.07,2.42,1.5,2.3,3.11,7.72,7.03,3.11,2.76,3.46,4.26,6.11,6.91,6.11,3.8,3.23,6.34,11.75,3.69,4.03,,,,,,,,,,,,,,,,,,,,,,,,,,,,,,,,
8914,720,30,Wet Tropics,frequent,3.6,8.73,3.56,5.51,8.98,12.02,5.56,2.98,1.41,1.06,0.24,1.19,5.23,1.73,3.6,1.18,0.09,8.64,9.07,6.01,6.67,1.01,0.73,1.2,,,,,,,,,,,,,,,,,,,,,,,,,,,,,,,,
8915,720,30,Wet Tropics,frequent,4.76,3.4,5.19,2.77,3.64,4.31,3.7,9.15,12.85,6.22,3.63,5.26,2.83,2.12,2.55,5.05,2.24,1.9,1.04,1.19,4.18,4.92,3.09,4.01,,,,,,,,,,,,,,,,,,,,,,,,,,,,,,,,
8920,720,30,Wet Tropics,frequent,6.47,9.3,3.56,2.24,1.38,2.25,1.84,0.49,1.2,1.6,6.52,4.38,6,1.72,3.58,6.89,4.71,3,4.68,5.81,5.33,9.61,4.55,2.89,,,,,,,,,,,,,,,,,,,,,,,,,,,,,,,,
8921,720,30,Wet Tropics,frequent,2.39,2.68,3.81,4.6,9.25,6.73,3.76,1.44,4.39,2.92,2.44,2.4,1.07,4.68,1.04,1.43,2.11,4.08,3.17,5.94,6.8,13.14,4.96,4.77,,,,,,,,,,,,,,,,,,,,,,,,,,,,,,,,
8922,720,30,Wet Tropics,frequent,5.78,8.68,7.17,4.51,4.86,3.59,2.43,2.12,0.65,2.43,1.16,2.66,6.36,9.41,5.72,0.35,1.05,5.67,4.4,1.85,8.79,2.78,3.01,4.57,,,,,,,,,,,,,,,,,,,,,,,,,,,,,,,,
8923,720,30,Wet Tropics,frequent,8.15,5.15,2.82,1.16,0.33,3.16,7.97,1.99,5.32,1.33,0.17,3.49,9.47,14.45,3.82,6.48,2.49,0.66,0.66,4.98,6.15,3.32,2.66,3.82,,,,,,,,,,,,,,,,,,,,,,,,,,,,,,,,
8924,720,30,Wet Tropics,frequent,3.14,3.79,3.99,7.38,2.47,3.65,1.83,3.41,1.78,0.8,2.11,4.67,4.61,3.79,4.54,6.35,7.55,8.74,4.26,3.57,2.75,4.01,4.56,6.25,,,,,,,,,,,,,,,,,,,,,,,,,,,,,,,,
8927,720,30,Wet Tropics,frequent,6.15,3.6,3.02,1.74,2.47,4.5,3.48,5.22,6.04,7.78,2.79,1.49,1.2,0.15,0.46,2.38,9.52,8.94,3.25,4.99,6.73,1.86,9.11,3.13,,,,,,,,,,,,,,,,,,,,,,,,,,,,,,,,
3163,720,30,Wet Tropics,intermediate,2.84,3.87,2.08,3.15,3.11,2.43,4.42,7.07,6.08,4.29,4.6,3.95,4.94,5.92,3.16,3.84,3.26,3.87,5.07,5.32,4.04,5.36,3.64,3.69,,,,,,,,,,,,,,,,,,,,,,,,,,,,,,,,
8853,720,30,Wet Tropics,intermediate,2.64,1.83,1.6,3,3.69,3.46,4.15,3.92,5.65,4.72,3.23,3.34,3.69,4.15,4.38,4.61,6.34,6.11,7.37,7.6,6.8,2.65,2.65,2.42,,,,,,,,,,,,,,,,,,,,,,,,,,,,,,,,
8890,720,30,Wet Tropics,intermediate,4.8,7.37,1.54,6.72,3.72,2.8,2.94,4.98,1.99,3.49,4.43,3.54,4.58,7.57,2.19,6.37,5.88,2.89,1.99,2.39,7.07,2.64,3.63,4.48,,,,,,,,,,,,,,,,,,,,,,,,,,,,,,,,
8903,720,30,Wet Tropics,intermediate,6.94,2.07,3.49,4.92,9.53,11.52,7.38,10,5.74,1.74,1.34,4.36,2.83,1.27,1.84,1.47,2.25,1.73,1.2,1.22,3.52,6.02,2.74,4.88,,,,,,,,,,,,,,,,,,,,,,,,,,,,,,,,
8904,720,30,Wet Tropics,intermediate,4.59,5.33,12,3.53,8.73,5.28,3.73,1.77,6.6,8.81,2.27,6.74,1.25,3.18,1.33,0.99,0.64,1.75,5.94,0.07,3.93,6.74,2.56,2.24,,,,,,,,,,,,,,,,,,,,,,,,,,,,,,,,
8905,720,30,Wet Tropics,intermediate,5.06,7.41,5.64,4.56,6.01,3.01,3.89,2.74,7.18,3.86,5.45,5.54,2.93,1.51,2.41,1.32,2.74,2.69,4.7,3.22,4.95,6.77,3.51,2.9,,,,,,,,,,,,,,,,,,,,,,,,,,,,,,,,
8907,720,30,Wet Tropics,intermediate,2.33,4.15,3.64,2.29,1.89,2.74,1.85,2.61,4.95,5.83,12.63,5.37,7.61,2.98,1.6,5.1,4.45,5.64,4.17,3.38,4.35,5.37,2.81,2.26,,,,,,,,,,,,,,,,,,,,,,,,,,,,,,,,
8908,720,30,Wet Tropics,intermediate,3.1,4.93,4.08,1.75,1.75,4.28,4.67,3.05,1.04,6.8,9.01,8.68,2.07,5.38,4.86,6.03,1.88,1.62,5.96,5.7,2.98,2.66,2.66,5.06,,,,,,,,,,,,,,,,,,,,,,,,,,,,,,,,
8910,720,30,Wet Tropics,intermediate,2.76,2.97,6.52,5.86,1.96,1.21,2.26,2.59,2.1,2.81,1.96,2.15,1.16,1.14,2.32,5.36,3.66,11.48,11.72,4.05,5.14,6.96,7.48,4.38,,,,,,,,,,,,,,,,,,,,,,,,,,,,,,,,
8913,720,30,Wet Tropics,intermediate,1.4,7.21,8.79,1.5,1.93,4.53,5.41,4.35,0.65,0.99,3.05,1,0.91,1.71,5.26,4.33,1.81,4.49,2.2,4.17,2.66,10.15,16.6,4.9,,,,,,,,,,,,,,,,,,,,,,,,,,,,,,,,
3196,720,30,Wet Tropics,rare,1.29,0.79,3.31,3.31,2.73,0.93,3.31,4.6,3.31,4.6,3.02,7.05,2.16,2.73,6.04,5.82,4.03,7.26,9.2,6.18,6.54,7.91,2.23,1.65,,,,,,,,,,,,,,,,,,,,,,,,,,,,,,,,
3302,720,30,Wet Tropics,rare,9.13,6.83,7.75,4.21,7.36,2.97,1.29,5.11,4.45,0.68,0.11,3.25,3.33,3.15,6.15,8.56,3.19,3.59,7.37,1.74,4.14,1.21,3.42,1.01,,,,,,,,,,,,,,,,,,,,,,,,,,,,,,,,
8748,720,30,Wet Tropics,rare,5.46,3.17,4.86,2.4,4.76,6.57,6.89,4.67,3.2,2.49,0.99,2.34,4.9,4.39,4.42,4.17,3.69,5.06,2.97,4.82,6.26,4.15,2.94,4.43,,,,,,,,,,,,,,,,,,,,,,,,,,,,,,,,
8753,720,30,Wet Tropics,rare,3.25,4.51,3.72,5.68,6.24,5.86,3.91,4.68,1.79,1.01,2.07,0.47,1.91,0.92,7,9.69,3.44,4.57,4.43,7.15,8.81,5.03,0.87,2.99,,,,,,,,,,,,,,,,,,,,,,,,,,,,,,,,
8764,720,30,Wet Tropics,rare,6.16,6.4,7.5,2.3,6.29,6.29,1.54,1.49,2.06,2.66,3.63,3.87,5.44,2.96,1.57,7.19,5.08,7.13,3.63,3.63,4.35,3.87,2.78,2.18,,,,,,,,,,,,,,,,,,,,,,,,,,,,,,,,
8804,720,30,Wet Tropics,rare,5.2,4.61,7.48,8.87,6.95,5.26,3.48,6.64,3.84,2.46,2.15,3.46,1.19,8.96,2.63,3.06,5.37,2.55,0.25,0.82,0.26,2.89,6.78,4.84,,,,,,,,,,,,,,,,,,,,,,,,,,,,,,,,
8828,720,30,Wet Tropics,rare,1.35,2.61,2.64,4.54,2.1,4.03,7.22,5.29,6.72,5.28,3.09,3.26,3.66,4.65,4.96,3.64,5.06,4.94,6.42,5.82,3.65,3.92,3.14,2.01,,,,,,,,,,,,,,,,,,,,,,,,,,,,,,,,
8876,720,30,Wet Tropics,rare,7.42,1.28,1.77,2.35,2.47,4.64,2.6,4.15,0.66,1.41,3.66,7.69,4.08,1.63,2.99,1.78,4.81,7.13,2.25,4.92,4.63,9.24,9.54,6.9,,,,,,,,,,,,,,,,,,,,,,,,,,,,,,,,
8895,720,30,Wet Tropics,rare,4.12,4.84,6.16,3.95,2.84,4.74,4.74,2.42,4.37,2.47,4.16,5.69,4.9,4,4.37,4.42,6.48,3.48,2.13,2.2,2.78,5.21,5.61,3.92,,,,,,,,,,,,,,,,,,,,,,,,,,,,,,,,
8900,720,30,Wet Tropics,rare,6.25,3.29,1.73,2.41,3.55,6.97,3.25,1.29,3.61,4.37,4.1,1.59,2.41,2.28,4.87,4.16,2.79,5.71,5.51,7.04,5.34,7.39,4.64,5.45,,,,,,,,,,,,,,,,,,,,,,,,,,,,,,,,
5586,1080,60,Wet Tropics,frequent,6.27,2.51,3.71,3.26,6.07,4.6,6.33,3.19,9.39,8.01,6.54,4.8,0.9,1.62,2.66,9.87,9.03,11.24,,,,,,,,,,,,,,,,,,,,,,,,,,,,,,,,,,,,,,
8848,1080,60,Wet Tropics,frequent,2.89,3.24,1.53,2.07,4.34,2.5,1.92,1.72,2.7,4.35,5.27,6.8,18.48,12.88,18.14,5.39,2.93,2.85,,,,,,,,,,,,,,,,,,,,,,,,,,,,,,,,,,,,,,
8916,1080,60,Wet Tropics,frequent,0.47,1.75,5.89,6.31,5.99,7.61,17.34,7.3,6.07,3.84,6.38,1.84,5.61,6.28,4.52,6.43,3.07,3.3,,,,,,,,,,,,,,,,,,,,,,,,,,,,,,,,,,,,,,
8942,1080,60,Wet Tropics,frequent,4.08,2.42,3.78,11.97,12.81,9.03,10.25,3.51,3.05,9.66,6.61,1.83,3.69,0.8,4.3,4.09,5.77,2.35,,,,,,,,,,,,,,,,,,,,,,,,,,,,,,,,,,,,,,
8945,1080,60,Wet Tropics,frequent,10.41,16.54,13.58,8.87,3.38,7.22,0.37,1.41,4.31,4.41,2.07,3.59,6.56,2.49,3.04,3.64,3.26,4.85,,,,,,,,,,,,,,,,,,,,,,,,,,,,,,,,,,,,,,
8948,1080,60,Wet Tropics,frequent,6.33,9.63,5.51,2.62,5.23,6.89,3.86,7.85,7.3,1.24,6.2,1.65,2.07,5.79,10.33,8.68,5.51,3.31,,,,,,,,,,,,,,,,,,,,,,,,,,,,,,,,,,,,,,
8950,1080,60,Wet Tropics,frequent,10.48,8.08,1.25,2.43,2.63,2.53,5.05,11.52,3.33,11.12,4.83,4.83,5.92,8.58,1.26,4.38,3.24,8.54,,,,,,,,,,,,,,,,,,,,,,,,,,,,,,,,,,,,,,
8951,1080,60,Wet Tropics,frequent,3.98,3.67,11.44,9.25,4.77,0.11,1.62,3.66,5.29,4.96,3.18,2.07,2.48,8.8,5.56,7.06,9.76,12.34,,,,,,,,,,,,,,,,,,,,,,,,,,,,,,,,,,,,,,
8953,1080,60,Wet Tropics,frequent,4.08,4.47,8.33,1.9,9.15,7.45,0.27,1.29,2.78,0.88,2.57,11.04,10.16,3.25,4.47,12.53,9.96,5.42,,,,,,,,,,,,,,,,,,,,,,,,,,,,,,,,,,,,,,
8954,1080,60,Wet Tropics,frequent,3.04,13.06,5.11,6.58,4.61,2.79,1.46,2.3,1.05,5.49,3.98,3.29,5.19,1.16,10.66,8.32,8.02,13.89,,,,,,,,,,,,,,,,,,,,,,,,,,,,,,,,,,,,,,
5542,1080,60,Wet Tropics,intermediate,4.77,10.16,10.87,5.34,0.44,3.95,6.85,4.29,2.51,1.43,0.06,2.43,5.05,4.06,12.87,10.01,4.75,10.16,,,,,,,,,,,,,,,,,,,,,,,,,,,,,,,,,,,,,,
8841,1080,60,Wet Tropics,intermediate,1.86,9.12,2.32,3.24,3.14,2.98,2.21,3.18,3.16,2.48,5.5,8.15,8.6,15.67,16.97,4.16,5.69,1.57,,,,,,,,,,,,,,,,,,,,,,,,,,,,,,,,,,,,,,
8883,1080,60,Wet Tropics,intermediate,3.96,2.49,2.66,3.07,2.84,3.91,3.52,6.1,6.84,6.05,8.38,6.41,5.11,3.64,8.44,6.95,11.38,8.25,,,,,,,,,,,,,,,,,,,,,,,,,,,,,,,,,,,,,,
8906,1080,60,Wet Tropics,intermediate,3.06,6.16,2.16,3.47,11.25,6.79,7.57,6.02,7.97,7.68,2.86,2.4,5.43,6.15,8.96,4.6,4.12,3.35,,,,,,,,,,,,,,,,,,,,,,,,,,,,,,,,,,,,,,
8909,1080,60,Wet Tropics,intermediate,6.56,2.14,5.66,5.02,4.27,6.21,5.66,13.46,6.06,7.75,3.48,8.79,4.42,5.61,1.14,0.5,3.53,9.74,,,,,,,,,,,,,,,,,,,,,,,,,,,,,,,,,,,,,,
8933,1080,60,Wet Tropics,intermediate,7.24,11.62,19.96,8.22,2.31,0.66,0.08,0,0.63,5.18,15.64,7.31,7.18,4.41,1.26,0.71,3.24,4.35,,,,,,,,,,,,,,,,,,,,,,,,,,,,,,,,,,,,,,
8934,1080,60,Wet Tropics,intermediate,14.21,7.68,6.72,2.01,15.01,5.85,4.36,9.08,4.1,0.09,0,1.05,2.71,9.42,4.45,1.31,6.02,5.93,,,,,,,,,,,,,,,,,,,,,,,,,,,,,,,,,,,,,,
8936,1080,60,Wet Tropics,intermediate,5.2,4.8,8.59,9.29,0.57,2.7,10.7,14.18,5.03,1.52,0.93,1.82,1.43,0.41,0.1,0.08,3.77,28.88,,,,,,,,,,,,,,,,,,,,,,,,,,,,,,,,,,,,,,
8937,1080,60,Wet Tropics,intermediate,2.27,1.49,3.5,2.28,4.14,6.78,12.62,8.49,7.77,5.28,2.21,4.28,3.5,7.7,1.43,1.93,10.49,13.84,,,,,,,,,,,,,,,,,,,,,,,,,,,,,,,,,,,,,,
8940,1080,60,Wet Tropics,intermediate,4.57,4.67,7.66,6.71,4.51,1.38,5.23,2.77,7.2,6.27,9.14,6.16,8.73,8.68,3.54,2.82,6.45,3.51,,,,,,,,,,,,,,,,,,,,,,,,,,,,,,,,,,,,,,
3152,1080,60,Wet Tropics,rare,2.73,4.23,7.09,10.51,1.86,0.18,0.07,0.55,0.75,4.53,7.18,16.79,11.03,3.9,1.68,5.75,11.8,9.37,,,,,,,,,,,,,,,,,,,,,,,,,,,,,,,,,,,,,,
3233,1080,60,Wet Tropics,rare,0.16,2.33,9.38,6.06,3.81,1.77,2.6,3.06,5.91,2.97,15.88,13.88,6.19,4.63,6.31,11,3.31,0.75,,,,,,,,,,,,,,,,,,,,,,,,,,,,,,,,,,,,,,
3303,1080,60,Wet Tropics,rare,10.75,4.63,0.31,2.8,1.76,0.63,5.54,11.51,9.08,5.72,7.47,1.12,4.37,5.58,11.58,6.91,5.21,5.03,,,,,,,,,,,,,,,,,,,,,,,,,,,,,,,,,,,,,,
8772,1080,60,Wet Tropics,rare,4.08,7.66,3.68,3.22,2.7,3.53,3.19,3.31,2.81,3.91,5.89,4.38,10.21,19.22,11.71,5.1,3.13,2.27,,,,,,,,,,,,,,,,,,,,,,,,,,,,,,,,,,,,,,
8837,1080,60,Wet Tropics,rare,9.28,1.31,0.06,3.68,7.04,4.55,10.54,2.93,4.93,4.11,0.37,0.19,0.94,3.18,14.28,6.55,13.03,13.03,,,,,,,,,,,,,,,,,,,,,,,,,,,,,,,,,,,,,,
8896,1080,60,Wet Tropics,rare,5.35,6.18,4.44,4.59,8.17,5.37,6.66,4.9,5.25,7.76,6.6,7.53,3.93,4.3,7.59,3.99,3.57,3.82,,,,,,,,,,,,,,,,,,,,,,,,,,,,,,,,,,,,,,
8901,1080,60,Wet Tropics,rare,6.39,4.89,2.73,4.71,4.22,2.84,7.06,3.08,7.81,3.37,5.93,4.22,3.48,6.7,6.31,9.32,9.45,7.49,,,,,,,,,,,,,,,,,,,,,,,,,,,,,,,,,,,,,,
8911,1080,60,Wet Tropics,rare,5.31,3.9,5.32,4.77,4.1,3.02,4.21,9.11,2.34,3.57,3.61,3.02,1.69,5.65,11.14,11.61,8.9,8.73,,,,,,,,,,,,,,,,,,,,,,,,,,,,,,,,,,,,,,
8931,1080,60,Wet Tropics,rare,4.49,7.66,12.71,13.68,7.58,1.14,0.64,2.45,3.3,2.83,7.4,6.52,4.53,6.62,5.55,7.22,3.86,1.82,,,,,,,,,,,,,,,,,,,,,,,,,,,,,,,,,,,,,,
8932,1080,60,Wet Tropics,rare,4.63,0.15,2.64,10.66,4.53,7.25,2.42,6.73,10.96,6.5,7.11,6.73,2.88,6.65,2.11,6.12,2.26,9.67,,,,,,,,,,,,,,,,,,,,,,,,,,,,,,,,,,,,,,
3453,1440,60,Wet Tropics,frequent,7.03,8.43,4.65,0.46,1.52,0.76,0,0,0.03,0.62,0.84,5.73,2.07,2.24,4.57,9.23,6.71,5.26,7.46,3.97,10.11,17.33,0.5,0.48,,,,,,,,,,,,,,,,,,,,,,,,,,,,,,,,
5617,1440,60,Wet Tropics,frequent,4.85,5.69,4.13,2.11,0.79,0.36,1.03,1.36,1.71,1.29,3.66,3.67,4.8,11.7,7.57,1.39,0.9,2.41,0.42,5.3,11.8,5.08,4.09,13.89,,,,,,,,,,,,,,,,,,,,,,,,,,,,,,,,
8849,1440,60,Wet Tropics,frequent,3.16,1.48,3.31,0.63,3.16,2.25,1.64,1.68,3.9,2.15,2.09,1.57,2.11,3.9,5.17,6.56,16.82,11.75,15.09,4.46,2.95,2.17,0.7,1.3,,,,,,,,,,,,,,,,,,,,,,,,,,,,,,,,
8917,1440,60,Wet Tropics,frequent,4.58,6.51,4.28,5.93,14.48,8.48,5.87,3.32,5.17,2.45,3.59,5.59,4.12,5.86,2.8,3.04,0.84,0.17,0.17,0,1.31,3.43,4.61,3.4,,,,,,,,,,,,,,,,,,,,,,,,,,,,,,,,
8949,1440,60,Wet Tropics,frequent,2.54,4.59,1.93,1.57,6.16,8.21,3.99,3.62,2.78,6.16,3.86,7.25,5.07,3.74,3.02,2.17,0.85,7,9.54,6.16,4.35,2.9,1.45,1.09,,,,,,,,,,,,,,,,,,,,,,,,,,,,,,,,
8952,1440,60,Wet Tropics,frequent,3.3,5.72,2.77,2.21,1.44,3.11,7.34,4.54,9.6,6.94,8.01,1.15,1.18,1.13,0.99,0.17,0.6,1.66,12.14,11.69,3.42,4.27,2.09,4.53,,,,,,,,,,,,,,,,,,,,,,,,,,,,,,,,
8968,1440,60,Wet Tropics,frequent,6.56,7.27,11.77,5.81,2.35,1.29,0.38,11.39,2.57,1.27,0.2,0.54,3.87,8.24,4.73,5.98,0.91,1.98,1.06,5.48,5.41,5.72,3.24,1.98,,,,,,,,,,,,,,,,,,,,,,,,,,,,,,,,
8972,1440,60,Wet Tropics,frequent,15.02,5.85,0.32,1.27,12.66,4.91,1.74,0.95,0.47,4.11,9.18,4.11,2.22,0.16,0.32,0.16,2.06,5.54,7.75,9.02,7.28,3.48,0.63,0.79,,,,,,,,,,,,,,,,,,,,,,,,,,,,,,,,
8980,1440,60,Wet Tropics,frequent,6.24,1.94,7.33,6.33,9.68,4.66,3.8,2.41,3.41,0.96,2.56,1.24,2.4,5.13,0.85,0.45,6.75,2.99,1.3,7.07,4.85,5.49,4.18,7.98,,,,,,,,,,,,,,,,,,,,,,,,,,,,,,,,
8981,1440,60,Wet Tropics,frequent,3.78,10.37,6.87,1.69,0.81,0.38,1.09,2.7,0.08,5.78,1.6,4.77,3.45,2,6.11,3,7.9,9.08,13.84,5.95,3.56,2.72,1.08,1.39,,,,,,,,,,,,,,,,,,,,,,,,,,,,,,,,
8925,1440,60,Wet Tropics,intermediate,8.18,3.84,3.35,1.82,3.17,5.21,2.23,1.53,4.15,7.15,4.02,3.13,1.96,3.84,5.46,6.53,10.66,5.13,3.97,6.73,2.69,2.45,0.59,2.21,,,,,,,,,,,,,,,,,,,,,,,,,,,,,,,,
8935,1440,60,Wet Tropics,intermediate,12.22,6.59,5.77,1.72,12.89,5.03,3.75,7.8,3.53,0.08,0,0.9,2.33,8.1,3.83,1.13,5.18,5.1,3.53,1.35,2.33,2.78,1.88,2.18,,,,,,,,,,,,,,,,,,,,,,,,,,,,,,,,
8941,1440,60,Wet Tropics,intermediate,4.14,1.52,2.46,1.59,0.84,3.82,3.5,7.05,5.9,4.07,1.45,3.58,2.75,5.74,6.37,7.44,6.04,6.59,7.62,4.31,2.14,5.43,3.4,2.25,,,,,,,,,,,,,,,,,,,,,,,,,,,,,,,,
8955,1440,60,Wet Tropics,intermediate,4.64,1.52,1.33,1.93,3.36,3.14,7.98,7.9,4.71,4.02,3.41,1.12,2.07,1.24,1.66,5.45,2.5,4.51,1.93,5.21,9.58,6.11,10.01,4.67,,,,,,,,,,,,,,,,,,,,,,,,,,,,,,,,
8960,1440,60,Wet Tropics,intermediate,5.54,3.47,2.53,4.01,5.44,12.34,7.77,4.4,2.3,3.96,4.19,3.25,2.83,1.97,9.44,2.99,3.14,1.42,1.74,2.86,4.88,2.56,4.37,2.6,,,,,,,,,,,,,,,,,,,,,,,,,,,,,,,,
8963,1440,60,Wet Tropics,intermediate,14.8,10.29,7.91,3.46,1.45,0.07,5.19,0.63,2.36,3.61,0.55,0.8,2.82,0.21,0.56,0.85,1.79,1.28,6.07,5.57,8.07,14.23,2.49,4.94,,,,,,,,,,,,,,,,,,,,,,,,,,,,,,,,
8964,1440,60,Wet Tropics,intermediate,6.48,1.84,0.56,2.79,6.09,3.59,6.38,10.55,1.8,2.73,3.09,6.71,0.89,0.92,0.13,0.13,0.28,0.89,0.58,0.53,7.63,8.96,6.32,20.13,,,,,,,,,,,,,,,,,,,,,,,,,,,,,,,,
8965,1440,60,Wet Tropics,intermediate,0.31,3.44,6.78,0.71,0.45,0.77,0.98,1.35,4.3,6.07,2.23,8.62,16.43,2.95,0.37,3.73,12.39,2.9,10.93,3.37,0.75,1.16,2.63,6.38,,,,,,,,,,,,,,,,,,,,,,,,,,,,,,,,
8966,1440,60,Wet Tropics,intermediate,0.88,2.23,0.23,8.98,3.71,0.83,0.42,0.3,0.71,3.94,2.09,5.2,6.94,7.23,7.87,0.78,8.96,7.08,10.38,6.13,4.65,8.1,1.75,0.61,,,,,,,,,,,,,,,,,,,,,,,,,,,,,,,,
8967,1440,60,Wet Tropics,intermediate,6.32,6.02,5.1,1.67,0.2,0.42,1.03,0.42,0.46,6.53,9.06,0.16,0.07,1.31,7.42,14.53,11.58,0.36,0.74,2.66,0.67,3.78,16.12,3.37,,,,,,,,,,,,,,,,,,,,,,,,,,,,,,,,
3294,1440,60,Wet Tropics,rare,3.23,2.47,0.25,0.46,2.78,2.38,2.32,4.96,9.48,6.29,4.46,4.75,6.33,6.4,3.72,9.25,5.85,1.1,3.18,4.49,4.35,3.32,4.26,3.92,,,,,,,,,,,,,,,,,,,,,,,,,,,,,,,,
3341,1440,60,Wet Tropics,rare,6.11,2.92,6.38,4.19,2.21,6.79,4.54,6.78,4.36,8.05,4.64,1.08,1.89,2.78,4.34,10.84,3.99,1.95,3.11,4.46,1.99,1.78,3.04,1.78,,,,,,,,,,,,,,,,,,,,,,,,,,,,,,,,
3349,1440,60,Wet Tropics,rare,2.86,2.05,6.98,11.1,1.45,2.19,2.13,16.58,2.95,8.34,5.6,1.06,3.04,1.09,1.57,3.09,2.29,0.13,4.81,2.68,3.1,5.18,5.7,4.03,,,,,,,,,,,,,,,,,,,,,,,,,,,,,,,,
3364,1440,60,Wet Tropics,rare,2.21,0.22,1.69,4.54,2.29,11.66,3.01,2.87,1.62,0.96,5.58,4.19,5.06,3.09,2.42,3.67,3.52,3.01,6.38,10.26,6.74,4.83,4.83,5.35,,,,,,,,,,,,,,,,,,,,,,,,,,,,,,,,
3463,1440,60,Wet Tropics,rare,5.13,3.09,5.5,3.49,1.43,4.76,4.71,5.14,3.74,1.81,2.45,3.8,3.76,4.73,2.81,1.88,3.77,12.99,8.24,3.24,2.3,4.02,4.21,3,,,,,,,,,,,,,,,,,,,,,,,,,,,,,,,,
8897,1440,60,Wet Tropics,rare,3.91,5.15,2.72,3.74,6.46,4.47,4.73,3.84,4.89,5.61,4.89,5.97,2.53,4.22,5.64,2.59,2.75,2.96,1.57,3.29,4.37,3.38,6.16,4.16,,,,,,,,,,,,,,,,,,,,,,,,,,,,,,,,
8902,1440,60,Wet Tropics,rare,2.49,2.28,1.98,4.81,4.5,2.73,3.6,3.83,2.02,5.67,2.78,4.7,5.08,3.44,4.85,2.77,5.36,3.79,8.23,8.3,6.18,5.24,3.48,1.89,,,,,,,,,,,,,,,,,,,,,,,,,,,,,,,,
8912,1440,60,Wet Tropics,rare,6.91,3.25,3.59,3.3,2.1,1.59,4.21,3.09,4.21,3.78,3.25,2.39,3.34,7.22,1.85,2.83,2.86,2.4,1.34,4.48,8.83,9.2,7.06,6.92,,,,,,,,,,,,,,,,,,,,,,,,,,,,,,,,
8956,1440,60,Wet Tropics,rare,7.71,5,0.26,6,2.89,2.87,5.59,6.62,5.06,0.89,4.35,5.18,8.76,0.52,1.27,0.58,2.25,5.07,6.34,9.59,4.36,6.35,1.8,0.69,,,,,,,,,,,,,,,,,,,,,,,,,,,,,,,,
8959,1440,60,Wet Tropics,rare,1.41,3.17,3.11,5.72,7.55,6.6,5.86,3.73,3.39,3.72,12.93,7.77,3.94,6.42,3.82,2.17,3.25,2.57,1.77,1.82,1.69,2.09,2.49,3.01,,,,,,,,,,,,,,,,,,,,,,,,,,,,,,,,
8969,1800,120,Wet Tropics,frequent,11.9,13.47,2.43,10.87,1.66,1.35,9.58,8.13,2.3,7.55,7.13,3.98,0.31,13.11,6.23,,,,,,,,,,,,,,,,,,,,,,,,,,,,,,,,,,,,,,,,,
8973,1800,120,Wet Tropics,frequent,18.17,10.44,7.87,1.43,7.3,9.59,1.57,0.29,8.01,16.88,7.44,1.14,1.86,1.57,6.44,,,,,,,,,,,,,,,,,,,,,,,,,,,,,,,,,,,,,,,,,
8999,1800,120,Wet Tropics,frequent,0,13.15,4.29,1.57,16,16,1.71,0.14,0,0,0,26.71,0.71,15.43,4.29,,,,,,,,,,,,,,,,,,,,,,,,,,,,,,,,,,,,,,,,,
9000,1800,120,Wet Tropics,frequent,11.79,10.84,2.24,10.3,2.8,10.54,7.27,0.42,2.51,7.96,9.63,0.19,7.52,4.64,11.35,,,,,,,,,,,,,,,,,,,,,,,,,,,,,,,,,,,,,,,,,
9001,1800,120,Wet Tropics,frequent,12.89,19.32,5.26,5.92,0.77,4.73,4.1,1.76,4.82,4.52,5.3,6.65,5.7,8.6,9.66,,,,,,,,,,,,,,,,,,,,,,,,,,,,,,,,,,,,,,,,,
9004,1800,120,Wet Tropics,frequent,24.59,0.22,0.66,0.24,0.28,2.37,3.3,6.35,12.76,1.65,6.46,11.79,11.98,8.11,9.24,,,,,,,,,,,,,,,,,,,,,,,,,,,,,,,,,,,,,,,,,
9006,1800,120,Wet Tropics,frequent,25.31,3.38,5.73,1.13,0,0,12.17,13.3,2.01,1.11,1.59,14.95,15.21,1.16,2.95,,,,,,,,,,,,,,,,,,,,,,,,,,,,,,,,,,,,,,,,,
9008,1800,120,Wet Tropics,frequent,7.5,5.07,3.08,9,3.89,2.13,1.5,4.5,6.3,2.45,3.02,17.08,11.09,12.58,10.81,,,,,,,,,,,,,,,,,,,,,,,,,,,,,,,,,,,,,,,,,
9010,1800,120,Wet Tropics,frequent,7.16,3.58,7.42,9.52,11.62,0.87,6.43,1.36,0,0.87,1.48,4.33,2.22,10.51,32.63,,,,,,,,,,,,,,,,,,,,,,,,,,,,,,,,,,,,,,,,,
9011,1800,120,Wet Tropics,frequent,5.5,2.44,6.11,3.82,1.37,1.45,4.66,6.56,6.18,19.77,13.36,2.67,6.03,8.4,11.68,,,,,,,,,,,,,,,,,,,,,,,,,,,,,,,,,,,,,,,,,
8887,1800,120,Wet Tropics,intermediate,16.92,13.33,2.6,5.95,12.26,2.99,1.12,0.08,0.08,8.61,4.02,5.54,10.14,8.92,7.44,,,,,,,,,,,,,,,,,,,,,,,,,,,,,,,,,,,,,,,,,
8926,1800,120,Wet Tropics,intermediate,10.13,4.35,7.16,3.19,9.76,6.06,5,10.28,12.86,9.37,3.86,2.37,2.47,6.18,6.96,,,,,,,,,,,,,,,,,,,,,,,,,,,,,,,,,,,,,,,,,
8938,1800,120,Wet Tropics,intermediate,9.14,2.23,4.79,1.66,0.51,1.66,3.03,4.62,8.73,16.89,10.45,5.19,8.96,2.68,19.46,,,,,,,,,,,,,,,,,,,,,,,,,,,,,,,,,,,,,,,,,
8983,1800,120,Wet Tropics,intermediate,10.38,8.97,7.27,13.22,2.47,12.89,11.38,2.65,2.04,6.02,2.09,4.04,5.91,8.38,2.29,,,,,,,,,,,,,,,,,,,,,,,,,,,,,,,,,,,,,,,,,
8984,1800,120,Wet Tropics,intermediate,14.84,0.7,12.45,15.11,0.81,0.37,0.81,2.28,2.94,5.14,12.12,8.04,3.05,17.66,3.68,,,,,,,,,,,,,,,,,,,,,,,,,,,,,,,,,,,,,,,,,
8986,1800,120,Wet Tropics,intermediate,6.52,10.06,9.51,4.8,6.06,8,7.09,10.25,8.45,2.82,2.08,4.75,6.65,6.45,6.51,,,,,,,,,,,,,,,,,,,,,,,,,,,,,,,,,,,,,,,,,
8989,1800,120,Wet Tropics,intermediate,9.28,4.57,9.49,10.39,2.24,3.06,1.49,11.06,4.56,15.02,3.29,9.04,1.94,10.24,4.33,,,,,,,,,,,,,,,,,,,,,,,,,,,,,,,,,,,,,,,,,
8992,1800,120,Wet Tropics,intermediate,11.8,4.79,7.84,2.64,3.1,2.82,11.25,3.21,6.82,3.49,2.8,12.74,6.78,4.98,14.94,,,,,,,,,,,,,,,,,,,,,,,,,,,,,,,,,,,,,,,,,
8996,1800,120,Wet Tropics,intermediate,11.71,3.5,3.26,5.35,4.99,4.67,2.85,3.56,4.11,6.64,3.18,12.67,9.58,13.61,10.32,,,,,,,,,,,,,,,,,,,,,,,,,,,,,,,,,,,,,,,,,
8998,1800,120,Wet Tropics,intermediate,16.86,8.9,4.75,1.49,0.99,1.32,3.01,3.83,5.23,6.28,8.82,4.59,11.08,11.93,10.92,,,,,,,,,,,,,,,,,,,,,,,,,,,,,,,,,,,,,,,,,
2850,1800,120,Wet Tropics,rare,5.89,4.46,18.35,9.89,0.87,1.25,4.61,8.49,8.87,8.53,7.09,10.47,2.22,6.39,2.62,,,,,,,,,,,,,,,,,,,,,,,,,,,,,,,,,,,,,,,,,
3335,1800,120,Wet Tropics,rare,6.45,17.87,10.29,19,7.26,6.27,8.51,5.94,0.73,0.46,0.33,0,0.2,0.07,16.62,,,,,,,,,,,,,,,,,,,,,,,,,,,,,,,,,,,,,,,,,
3342,1800,120,Wet Tropics,rare,9.02,9.11,6.4,11.5,3.47,3.9,11.47,5.32,5.31,2.83,3.39,5.34,2.37,5.98,14.59,,,,,,,,,,,,,,,,,,,,,,,,,,,,,,,,,,,,,,,,,
3350,1800,120,Wet Tropics,rare,4.32,11.65,6.97,8.03,16.1,8.85,3.53,3.99,2.51,5.83,4.87,9.54,5.17,3.88,4.76,,,,,,,,,,,,,,,,,,,,,,,,,,,,,,,,,,,,,,,,,
3464,1800,120,Wet Tropics,rare,8.64,6.33,7.31,7.63,4.26,6.01,7.42,3.58,15.9,8.81,6.43,4.85,1.81,4.44,6.58,,,,,,,,,,,,,,,,,,,,,,,,,,,,,,,,,,,,,,,,,
5626,1800,120,Wet Tropics,rare,6.75,2.52,4.87,6.23,7.01,8.19,2.93,6.83,5.7,8.98,4.88,6.31,11.38,8.14,9.28,,,,,,,,,,,,,,,,,,,,,,,,,,,,,,,,,,,,,,,,,
8672,1800,120,Wet Tropics,rare,10.14,2.17,5,7.08,6.39,4.33,30.02,1.16,0.4,0.84,1.11,8.15,15.95,3.89,3.37,,,,,,,,,,,,,,,,,,,,,,,,,,,,,,,,,,,,,,,,,
8736,1800,120,Wet Tropics,rare,5.28,5.77,4.25,1.89,9.78,27.52,8.48,1.88,6.67,3.13,5.3,11.09,1.33,3.15,4.48,,,,,,,,,,,,,,,,,,,,,,,,,,,,,,,,,,,,,,,,,
8898,1800,120,Wet Tropics,rare,5.1,3.17,5.49,6.2,8.39,8.13,6.77,9.28,9.16,7.2,6.16,4.15,4.09,9.05,7.66,,,,,,,,,,,,,,,,,,,,,,,,,,,,,,,,,,,,,,,,,
8957,1800,120,Wet Tropics,rare,11.14,7.97,3.77,10.45,5.05,8.78,8.13,1.67,6.65,16.04,8.25,1.87,3.17,1.36,5.7,,,,,,,,,,,,,,,,,,,,,,,,,,,,,,,,,,,,,,,,,
8970,2160,120,Wet Tropics,frequent,8.69,0.09,0.56,10.12,12.85,2.66,8.6,2.8,0.54,8.84,7.82,2.11,4.77,8.12,3.81,0.71,11.08,5.83,,,,,,,,,,,,,,,,,,,,,,,,,,,,,,,,,,,,,,
8982,2160,120,Wet Tropics,frequent,7.04,6.81,0.42,0.53,2.97,1.68,0.6,12.39,5.85,1,2.97,5.29,5.74,5.25,6.52,15.46,15.25,4.23,,,,,,,,,,,,,,,,,,,,,,,,,,,,,,,,,,,,,,
9007,2160,120,Wet Tropics,frequent,0.34,11.25,15.03,3.86,3.86,0,0,5.26,17.43,1.86,1.47,1.62,10.17,14.27,5.3,1.4,2.75,4.13,,,,,,,,,,,,,,,,,,,,,,,,,,,,,,,,,,,,,,
9009,2160,120,Wet Tropics,frequent,6.6,2.85,2.04,6.35,4.28,3.05,8.03,3.1,1.88,1.36,3.98,5.64,2.2,2.96,15.68,9.8,10.95,9.25,,,,,,,,,,,,,,,,,,,,,,,,,,,,,,,,,,,,,,
9016,2160,120,Wet Tropics,frequent,13.56,15.59,6.16,5.53,0.81,7.64,1.12,4.32,0.65,0.54,5.39,6.38,14.77,3.94,2.72,4.32,3.15,3.41,,,,,,,,,,,,,,,,,,,,,,,,,,,,,,,,,,,,,,
9019,2160,120,Wet Tropics,frequent,2.39,4.18,1.51,4.45,24.47,16.28,2.85,0.18,0,0.27,2.67,3.91,1.87,0,4.18,9.79,13.7,7.3,,,,,,,,,,,,,,,,,,,,,,,,,,,,,,,,,,,,,,
9024,2160,120,Wet Tropics,frequent,11.68,4.92,4.32,3.45,3.82,1.01,3.68,5.34,1.89,1.15,13.02,10.86,4.6,0.09,0.05,2.02,17.34,10.76,,,,,,,,,,,,,,,,,,,,,,,,,,,,,,,,,,,,,,
9025,2160,120,Wet Tropics,frequent,4.13,2.21,3.18,6.81,7.22,3.35,3.29,21.75,14.1,5.04,0.93,0,0,3.76,3.2,8.44,7.2,5.39,,,,,,,,,,,,,,,,,,,,,,,,,,,,,,,,,,,,,,
9026,2160,120,Wet Tropics,frequent,15.96,6.38,10.03,2.98,1.53,1.96,0.9,10.26,2.06,0.99,1.8,14.45,6.18,1.71,6.1,8.81,6.38,1.52,,,,,,,,,,,,,,,,,,,,,,,,,,,,,,,,,,,,,,
9027,2160,120,Wet Tropics,frequent,11.05,14.91,6.67,2.39,1.31,1.07,0.11,1.51,2.69,1.9,2.66,8.7,14.17,9.51,2.63,5.99,9.14,3.59,,,,,,,,,,,,,,,,,,,,,,,,,,,,,,,,,,,,,,
8774,2160,120,Wet Tropics,intermediate,5.31,3.62,4.55,7.24,14.34,8.3,7.68,3.94,4.87,8.14,1.84,1.99,2.14,6.29,5.6,8.21,5.02,0.92,,,,,,,,,,,,,,,,,,,,,,,,,,,,,,,,,,,,,,
8888,2160,120,Wet Tropics,intermediate,6.88,9.89,14,3.2,5.01,10.66,1.22,3.26,0.2,0.07,0.18,10.52,0.68,6.28,10.76,6.8,3.98,6.41,,,,,,,,,,,,,,,,,,,,,,,,,,,,,,,,,,,,,,
8946,2160,120,Wet Tropics,intermediate,4.8,4,1.34,7.51,17.59,7.33,4.56,3.4,3.75,6.05,3.13,3.98,6.78,9.4,0.11,1.69,10.92,3.66,,,,,,,,,,,,,,,,,,,,,,,,,,,,,,,,,,,,,,
8974,2160,120,Wet Tropics,intermediate,16.3,1.38,13.68,2.24,3.48,10.32,2.11,0.37,5.47,12.81,9.2,1.12,2.11,1.37,0.37,9.58,5.6,2.49,,,,,,,,,,,,,,,,,,,,,,,,,,,,,,,,,,,,,,
8985,2160,120,Wet Tropics,intermediate,2,13.77,0.65,11.55,14.02,0.75,0.34,0.75,2.12,2.73,4.77,11.25,7.47,2.83,16.39,3.42,0.52,4.67,,,,,,,,,,,,,,,,,,,,,,,,,,,,,,,,,,,,,,
8990,2160,120,Wet Tropics,intermediate,13.29,3.53,0.64,2.63,9.95,3.85,12.9,1.67,8.73,2.31,7.7,2.5,4.75,1.03,4.17,8.73,0.39,11.23,,,,,,,,,,,,,,,,,,,,,,,,,,,,,,,,,,,,,,
9002,2160,120,Wet Tropics,intermediate,9.53,9.99,15.25,3.42,4.05,2.19,3.82,2.53,2.74,4.65,2.57,5.57,4.97,6.08,8.45,7.8,3.48,2.91,,,,,,,,,,,,,,,,,,,,,,,,,,,,,,,,,,,,,,
9013,2160,120,Wet Tropics,intermediate,11.53,20.42,2.31,0.59,0.33,8.95,5,0,1.45,0.39,0.26,0,10.07,7.04,9.61,2.17,4.41,15.47,,,,,,,,,,,,,,,,,,,,,,,,,,,,,,,,,,,,,,
9014,2160,120,Wet Tropics,intermediate,2.98,2.26,12.13,6.22,8.52,2.39,4.3,2.09,17.88,1.34,0.69,1.95,15.64,0.71,2.91,5.32,2.55,10.12,,,,,,,,,,,,,,,,,,,,,,,,,,,,,,,,,,,,,,
9015,2160,120,Wet Tropics,intermediate,2.99,5.68,3.57,4.13,10.52,4.77,4.13,1.46,2.4,5.69,13.91,14.57,7.1,4.33,3.48,5.87,2.98,2.42,,,,,,,,,,,,,,,,,,,,,,,,,,,,,,,,,,,,,,
2851,2160,120,Wet Tropics,rare,14.08,4.59,0.12,0.05,0.69,0.26,5.32,4.03,16.58,8.93,0.78,1.13,4.17,7.67,8.02,7.71,6.41,9.46,,,,,,,,,,,,,,,,,,,,,,,,,,,,,,,,,,,,,,
3242,2160,120,Wet Tropics,rare,3.2,10.37,8.4,10.66,17.46,6.64,3.44,2.17,2.05,0.37,1.35,5.94,9.39,2.83,3.44,3.32,5.04,3.93,,,,,,,,,,,,,,,,,,,,,,,,,,,,,,,,,,,,,,
3295,2160,120,Wet Tropics,rare,4.38,8.02,5.35,3.95,0.83,1.27,3.84,0.59,5.26,6.78,10.12,6.72,9.48,11.68,3.66,6.75,5.36,5.96,,,,,,,,,,,,,,,,,,,,,,,,,,,,,,,,,,,,,,
3343,2160,120,Wet Tropics,rare,3.5,3.56,6.57,5.31,7.86,7.76,8.41,2.86,4.87,10.47,3.46,4.46,3.16,2.02,5.63,1.54,7.76,10.8,,,,,,,,,,,,,,,,,,,,,,,,,,,,,,,,,,,,,,
3465,2160,120,Wet Tropics,rare,5.88,6.66,3.71,7.84,6.15,3.97,6.5,4.48,7.59,13.66,4.44,6.01,2.46,2.23,6.63,4.8,4.84,2.15,,,,,,,,,,,,,,,,,,,,,,,,,,,,,,,,,,,,,,
3504,2160,120,Wet Tropics,rare,13.06,1.59,0.75,1.95,1.3,7.03,2.84,5.24,3.14,2,0,0.05,4.94,4.49,15.31,3.14,20.1,13.07,,,,,,,,,,,,,,,,,,,,,,,,,,,,,,,,,,,,,,
5627,2160,120,Wet Tropics,rare,5.78,4.47,1.13,6.99,5.21,9.13,3.47,4.09,4.94,9.45,4.32,7.61,6.8,8.36,7.09,6.58,2.91,1.67,,,,,,,,,,,,,,,,,,,,,,,,,,,,,,,,,,,,,,
8673,2160,120,Wet Tropics,rare,9.24,1.98,4.55,6.44,5.82,3.95,27.33,1.05,0.36,0.76,1.01,7.42,14.52,3.54,3.07,3.5,2.33,3.13,,,,,,,,,,,,,,,,,,,,,,,,,,,,,,,,,,,,,,
8899,2160,120,Wet Tropics,rare,4.01,4.29,3.19,2.49,5.67,6.07,8.38,6.85,7.37,8.5,5.67,7.75,3.85,3.79,6.47,6.93,5.67,3.05,,,,,,,,,,,,,,,,,,,,,,,,,,,,,,,,,,,,,,
8958,2160,120,Wet Tropics,rare,10.47,5.16,4.75,10.07,4.9,7.86,7.65,1.52,6.04,13.14,8.84,2.05,2.84,1.16,4.87,2.34,5.35,0.99,,,,,,,,,,,,,,,,,,,,,,,,,,,,,,,,,,,,,,
8943,2880,120,Wet Tropics,frequent,4.17,9.53,14.54,9.93,8.25,6.25,3.02,5.56,5.17,1.7,1.21,1,0,0,0,0,0,0.05,1.13,0.58,2.08,9.33,12.72,3.78,,,,,,,,,,,,,,,,,,,,,,,,,,,,,,,,
9028,2880,120,Wet Tropics,frequent,1.95,1.2,3.85,12.15,12.3,1.93,1.55,0.65,0.82,1.1,1.14,2.66,2.1,3.74,11.33,11.28,4.3,2.71,8.28,5.9,0.58,1.46,3.64,3.38,,,,,,,,,,,,,,,,,,,,,,,,,,,,,,,,
9036,2880,120,Wet Tropics,frequent,4.6,7.29,4.11,1.27,2.62,6.26,12.55,4.27,4.3,6.36,1.14,0.62,0.42,0.3,0.04,1.61,3.48,0.98,3.03,2.4,1.94,13.79,8.07,8.55,,,,,,,,,,,,,,,,,,,,,,,,,,,,,,,,
9037,2880,120,Wet Tropics,frequent,6.41,6.2,16.5,0.48,0.1,3.89,2.02,7.74,4.29,2.44,4.4,0.58,0.88,1.48,3.11,0.62,5.18,3.81,3.12,3.15,2.53,6.42,8.67,5.98,,,,,,,,,,,,,,,,,,,,,,,,,,,,,,,,
9042,2880,120,Wet Tropics,frequent,3.54,6.54,3.18,13.01,5.88,1.45,7.17,5.53,2.57,5.22,4.14,2,8.72,0.51,0.11,0.1,0,0.12,3.66,3.01,7.05,6.64,4.44,5.41,,,,,,,,,,,,,,,,,,,,,,,,,,,,,,,,
9043,2880,120,Wet Tropics,frequent,16.6,4.3,2.71,0.56,1.41,2.34,0.13,0.15,2.96,1.49,3.31,5.96,1.18,9.73,4.8,0.92,1.34,7.67,4.54,2.45,6.79,11.41,3.9,3.35,,,,,,,,,,,,,,,,,,,,,,,,,,,,,,,,
9045,2880,120,Wet Tropics,frequent,5.11,8.27,5.8,6.98,8.91,3.62,1.46,1.1,2.93,1.98,0.7,3.29,3.9,3.74,4.73,6.11,4.27,3.94,5.04,4.52,3.71,3.11,2.81,3.97,,,,,,,,,,,,,,,,,,,,,,,,,,,,,,,,
9047,2880,120,Wet Tropics,frequent,2.38,1.3,3.32,3.44,9.97,12.43,4.52,1.14,0.15,0.21,0.11,0.28,0.75,1.83,0.57,8.28,9.95,7.23,9.29,4.51,5.7,2.74,3.3,6.6,,,,,,,,,,,,,,,,,,,,,,,,,,,,,,,,
9048,2880,120,Wet Tropics,frequent,4.04,2.31,4.1,2.44,1.86,2.67,3.78,1.92,3.18,4.47,2.44,3,5.8,5.87,6.27,10.07,2.77,6.25,6.14,6.21,6.26,3.09,1.78,3.28,,,,,,,,,,,,,,,,,,,,,,,,,,,,,,,,
9051,2880,120,Wet Tropics,frequent,6.68,2.44,5.37,2.24,6.34,0.62,0.54,0.41,4.38,0,0.1,2.35,6.97,0,2.22,7.69,2.47,0.35,0.53,7.76,4,10.85,12.94,12.75,,,,,,,,,,,,,,,,,,,,,,,,,,,,,,,,
3454,2880,120,Wet Tropics,intermediate,2.42,3.06,3.4,7.45,7.67,2.11,0.36,1.29,0.68,0.68,0.29,0.42,0.13,10.92,3.62,1.62,0,0.46,4.65,3.05,9.76,8.47,8.08,19.41,,,,,,,,,,,,,,,,,,,,,,,,,,,,,,,,
8878,2880,120,Wet Tropics,intermediate,0.05,3.07,3.17,0.71,0.26,12.3,15.91,6.55,8.1,5.1,0.69,0.02,0.19,0.24,3.3,7.14,0.99,8.72,1.96,1.67,7.87,1.13,1.78,9.08,,,,,,,,,,,,,,,,,,,,,,,,,,,,,,,,
8928,2880,120,Wet Tropics,intermediate,0.44,2.98,7.43,8.4,1.82,0.07,2,2.01,3.95,0.81,0.26,0.19,0.67,2.62,4.47,6.13,4.95,5.79,10.94,3.21,10.17,8.39,8.62,3.68,,,,,,,,,,,,,,,,,,,,,,,,,,,,,,,,
8971,2880,120,Wet Tropics,intermediate,14.84,2.28,1.35,2.31,6.55,3.03,2.46,6.81,2.41,0.27,1.5,5.85,2.52,0,2.02,8.93,9.43,1.49,8.32,1.07,2.13,7.22,5.24,1.97,,,,,,,,,,,,,,,,,,,,,,,,,,,,,,,,
8975,2880,120,Wet Tropics,intermediate,13.83,1.29,0.21,0,1.39,0,0.11,13.2,1.18,10.09,4.18,0.97,9.66,3.43,0.21,2.47,9.87,10.84,1.29,2.15,0.97,0.43,7.83,4.4,,,,,,,,,,,,,,,,,,,,,,,,,,,,,,,,
8987,2880,120,Wet Tropics,intermediate,3.43,4.09,5.23,7.63,3.76,4.06,5.03,4.55,6.1,6.99,2.21,1.5,2.74,4.27,4.16,4.58,3.04,2.62,1.11,2.83,6.7,6.23,3.25,3.89,,,,,,,,,,,,,,,,,,,,,,,,,,,,,,,,
8991,2880,120,Wet Tropics,intermediate,6.54,3.17,6.28,7.63,1.56,2.13,0.99,7.73,3.17,10.48,2.28,6.12,1.45,7.11,2.39,2.44,1.14,6.07,3.94,0.99,9.44,0.93,4.41,1.61,,,,,,,,,,,,,,,,,,,,,,,,,,,,,,,,
8997,2880,120,Wet Tropics,intermediate,4.33,7.15,1.42,0.26,2.7,1.67,2.65,9.62,1.22,3.89,3.67,3.98,3.07,3.14,2.22,5.08,3.9,3.66,12.39,5.35,14.36,3.63,0.4,0.24,,,,,,,,,,,,,,,,,,,,,,,,,,,,,,,,
9033,2880,120,Wet Tropics,intermediate,9.24,0.27,0.41,21.68,17.85,2.42,0.49,0,0,0.29,9.25,0.1,0.1,3.72,2.31,4.4,0.1,4.26,0.75,0.38,4.82,4.72,8.92,3.52,,,,,,,,,,,,,,,,,,,,,,,,,,,,,,,,
9034,2880,120,Wet Tropics,intermediate,6.52,10.1,6.03,6.05,7.17,2.98,3.86,1.2,1.08,6.35,4.81,4.15,1,3.68,4.61,3.32,1.26,1.86,3.09,2.8,2.43,2.1,5.07,8.48,,,,,,,,,,,,,,,,,,,,,,,,,,,,,,,,
2852,2880,120,Wet Tropics,rare,4.08,1.4,13,1.97,0.08,0.06,0.59,0.54,4.43,3.44,14.29,6.77,0.58,1.29,5.01,7.01,4.69,6.24,8.66,4.68,2.04,4.39,1.86,2.9,,,,,,,,,,,,,,,,,,,,,,,,,,,,,,,,
3243,2880,120,Wet Tropics,rare,6.36,2.57,3.09,1.69,1.58,2.46,3.23,1.16,0.81,5.63,11.22,3.31,14.28,11.67,3.9,2.36,1.58,0.74,0.67,2.39,9.39,3.55,2.14,4.22,,,,,,,,,,,,,,,,,,,,,,,,,,,,,,,,
3296,2880,120,Wet Tropics,rare,1.51,2.06,4.71,1.68,7.59,4.74,3.65,0.52,1.69,2.94,0.63,4.91,8.83,7.67,5.43,8.39,11.38,2.87,6.18,4.9,4.83,1.85,0.78,0.26,,,,,,,,,,,,,,,,,,,,,,,,,,,,,,,,
3336,2880,120,Wet Tropics,rare,5.51,2.41,8.93,0.75,0,0.16,0,0,1.18,5.24,14.49,8.34,15.4,5.88,5.08,6.9,4.81,0.59,0.37,0.27,0,0.16,0.05,13.48,,,,,,,,,,,,,,,,,,,,,,,,,,,,,,,,
3505,2880,120,Wet Tropics,rare,4.49,4.96,10.28,5,14.54,9.26,1.6,3.17,1.02,1.76,1.09,1.41,1.88,2.81,1.99,2.66,2.89,3.2,3.05,0.51,1.91,3.09,6.64,10.79,,,,,,,,,,,,,,,,,,,,,,,,,,,,,,,,
8737,2880,120,Wet Tropics,rare,2.99,5.74,3.84,2.52,1.19,21.09,15.12,2.92,5.38,3.1,4.93,3.21,8.4,2.48,1.51,2.82,0.81,0.1,1.43,3.16,0.04,1.29,1.47,4.46,,,,,,,,,,,,,,,,,,,,,,,,,,,,,,,,
8775,2880,120,Wet Tropics,rare,4.9,3.37,3.39,9.5,9.17,5.61,5.94,2.65,5.22,4.62,1.43,1.38,3.34,5.22,4.08,6.53,2.39,0.74,2.49,1.76,3.93,5.38,2.81,4.15,,,,,,,,,,,,,,,,,,,,,,,,,,,,,,,,
9029,2880,120,Wet Tropics,rare,3.15,6.19,5.42,4.49,1.62,4.6,1.9,2.76,3.97,1.43,0.78,3.09,1.26,1.04,4.57,5.9,8.5,9.65,8.55,3.05,5.58,4.9,3.21,4.39,,,,,,,,,,,,,,,,,,,,,,,,,,,,,,,,
9030,2880,120,Wet Tropics,rare,16.38,2.65,2.04,4.89,9.45,0.14,0.27,0.54,0.34,0.61,0.34,2.92,2.18,4.08,7.82,6.25,6.46,4.28,2.38,6.39,8.43,6.53,2.86,1.77,,,,,,,,,,,,,,,,,,,,,,,,,,,,,,,,
9031,2880,120,Wet Tropics,rare,0.66,0.25,1.39,3.23,5.69,4.3,7.01,4.81,18.74,5.28,0.05,0.67,0.26,1.34,5.69,3.89,4.86,6.81,4.71,6.55,2,1.89,6.9,3.02,,,,,,,,,,,,,,,,,,,,,,,,,,,,,,,,
3610,4320,180,Wet Tropics,frequent,3.24,3.71,3.11,5.09,12.97,2,3.08,5.42,5.5,5.76,3.95,2.62,4.58,3.87,6.74,5.11,4.23,6.64,4.56,4.16,1.27,0.89,0.65,0.85,,,,,,,,,,,,,,,,,,,,,,,,,,,,,,,,
8944,4320,180,Wet Tropics,frequent,0.76,2.62,8.93,19.73,7.66,8.74,5.17,5.26,1.73,0.87,0,0,0,0.6,0.88,7.64,11.83,5.1,0.36,0.16,7.35,4.05,0.56,0,,,,,,,,,,,,,,,,,,,,,,,,,,,,,,,,
9053,4320,180,Wet Tropics,frequent,1.79,7.11,5.93,6.29,6.34,2.15,3.17,8.23,14.21,2.4,0.26,0.72,1.53,1.64,6.49,8.38,0.05,0,0.05,0.87,1.99,6.6,11.91,1.89,,,,,,,,,,,,,,,,,,,,,,,,,,,,,,,,
9055,4320,180,Wet Tropics,frequent,7.46,4.23,4.75,8.93,2.82,0.72,1.14,1.29,0,0.99,1.94,5.95,8.18,3.85,7.84,5.79,6.6,7.07,4.3,1.75,0.03,0.19,6.3,7.88,,,,,,,,,,,,,,,,,,,,,,,,,,,,,,,,
9057,4320,180,Wet Tropics,frequent,10.55,1.87,1.38,2.4,11.4,2.58,0.66,3.63,4.58,2.81,10.46,3.61,5.43,5.53,5.92,3.25,6.42,2.8,2.68,0.77,0.09,1.5,2.45,7.23,,,,,,,,,,,,,,,,,,,,,,,,,,,,,,,,
9061,4320,180,Wet Tropics,frequent,14.06,6.75,4.23,1.38,0.39,0.82,0.17,1.04,0.66,2.25,8.46,11.36,2.21,0.27,0.31,0.37,6.83,3.85,0.96,12.93,12.36,6.79,0.64,0.91,,,,,,,,,,,,,,,,,,,,,,,,,,,,,,,,
9062,4320,180,Wet Tropics,frequent,6.62,2.16,3.24,0,0.83,0.57,0.06,2.48,9.35,5.22,8.84,4.26,11.77,6.68,18.96,0.19,4.71,2.99,0.38,0,0.25,0.13,7.51,2.8,,,,,,,,,,,,,,,,,,,,,,,,,,,,,,,,
9063,4320,180,Wet Tropics,frequent,6.9,0,0,0,0.89,8.26,1.67,0.34,0.16,10.32,1.82,4.85,6.85,1.79,8.23,0.68,11.39,2.84,3.09,5.55,0,6.1,13.57,4.7,,,,,,,,,,,,,,,,,,,,,,,,,,,,,,,,
9065,4320,180,Wet Tropics,frequent,0.18,6.17,0.59,0,2,4.18,8.91,4.18,4.75,0.01,0.5,0,5.05,7.88,2.54,2.05,22.03,2.64,0.36,0.15,0.29,13.13,7.56,4.85,,,,,,,,,,,,,,,,,,,,,,,,,,,,,,,,
9067,4320,180,Wet Tropics,frequent,0.37,8.9,1.07,5.91,1.37,0.38,0.44,2.18,1.52,0.69,1.2,2.04,10.01,8.57,10.29,4.71,4.69,1.18,0,0,4.14,13.78,10.4,6.16,,,,,,,,,,,,,,,,,,,,,,,,,,,,,,,,
8929,4320,180,Wet Tropics,intermediate,1.02,0.93,3.44,1.25,0.7,2.9,4.31,0.57,2.87,3.08,11.11,0.89,3.15,1.53,2.85,0.31,0.61,5.99,5.45,7.6,12.39,8,13.14,5.91,,,,,,,,,,,,,,,,,,,,,,,,,,,,,,,,
8939,4320,180,Wet Tropics,intermediate,0.18,7.9,3.54,1.32,0.87,3.5,5.61,15.7,7.49,6.85,11.14,3.13,0,2.82,0.83,6.59,0.38,0.04,0.53,2.26,6.33,5.42,5.8,1.77,,,,,,,,,,,,,,,,,,,,,,,,,,,,,,,,
8976,4320,180,Wet Tropics,intermediate,10.05,5.22,7.64,1.33,0,0,1.17,8.96,2.57,0.16,1.01,0.08,9.74,6.78,4.29,4.91,5.3,0.23,9.28,8.34,1.64,0.86,5.92,4.52,,,,,,,,,,,,,,,,,,,,,,,,,,,,,,,,
8993,4320,180,Wet Tropics,intermediate,3.18,3.24,2.19,1.59,3.62,2.76,2.77,6.39,7.92,3.66,4.97,2.34,5.58,4.07,4.54,2.35,9.13,3.79,8.42,4.77,5.22,2.34,2.93,2.23,,,,,,,,,,,,,,,,,,,,,,,,,,,,,,,,
9005,4320,180,Wet Tropics,intermediate,2.19,0.39,0.56,1.92,2.39,4.4,5.69,1.85,3.19,7.3,1.2,14.6,0.52,0.14,0.76,2.81,8.9,3.3,6.36,11.45,7.53,5.08,4.03,3.44,,,,,,,,,,,,,,,,,,,,,,,,,,,,,,,,
9017,4320,180,Wet Tropics,intermediate,9.08,10.4,4.08,2.72,2.35,2.59,0.36,5.54,9.12,2.38,3.17,1.74,3.21,1.45,3.1,0.35,0.52,7.91,3.14,0.53,5.57,7.61,9.99,3.09,,,,,,,,,,,,,,,,,,,,,,,,,,,,,,,,
9020,4320,180,Wet Tropics,intermediate,16.2,14.31,0.98,2.49,0.22,0.11,0,0,0,0,0.38,4.34,3.2,1.74,11.55,16,1.79,0.05,0.22,3.96,1.14,2.55,13.18,5.59,,,,,,,,,,,,,,,,,,,,,,,,,,,,,,,,
9035,4320,180,Wet Tropics,intermediate,3.66,8.76,10.17,6.59,8.3,2.62,2.89,3.83,5.8,3.37,3.48,5.33,1.74,3.23,3.12,2.78,4.68,7.72,0.84,3.39,4.19,2,1.44,0.07,,,,,,,,,,,,,,,,,,,,,,,,,,,,,,,,
9038,4320,180,Wet Tropics,intermediate,6.38,10.64,7.27,2.11,2.53,9.24,1.97,3.81,0.79,1.58,2.35,5.65,4,2.43,7.19,8.96,3.18,3.42,3.01,2.68,5.11,2.46,1.33,1.91,,,,,,,,,,,,,,,,,,,,,,,,,,,,,,,,
9046,4320,180,Wet Tropics,intermediate,2.65,6.9,7.99,9.9,5.23,1.4,2.87,1.88,2.76,4.21,5.39,6.33,4.78,5.74,4.56,3.44,4.23,3.45,3.39,2.2,1.69,2.49,2.63,3.89,,,,,,,,,,,,,,,,,,,,,,,,,,,,,,,,
3244,4320,180,Wet Tropics,rare,2.35,0.24,0,2.77,0.37,0,3.96,4.93,3.66,1.77,3.69,2.44,2.31,12.82,9.08,16.36,4.29,2.47,0.97,2.16,10.17,3.05,4.14,6,,,,,,,,,,,,,,,,,,,,,,,,,,,,,,,,
3276,4320,180,Wet Tropics,rare,12.34,0.96,2.88,0.13,0,0,0.7,0.06,0.77,6.52,2.56,0.9,2.05,0.58,2.43,7.99,4.73,13.81,21.16,6.52,5.24,2.49,0.06,5.12,,,,,,,,,,,,,,,,,,,,,,,,,,,,,,,,
3506,4320,180,Wet Tropics,rare,8.33,1,1.9,4.32,2.93,3.87,1.21,0.03,3.65,11.33,8.73,13.26,2.48,2.39,1.99,1.3,2.05,2.99,3.02,3.17,3.41,1.24,3.47,11.93,,,,,,,,,,,,,,,,,,,,,,,,,,,,,,,,
3552,4320,180,Wet Tropics,rare,3.77,5.49,5.4,5.61,4.19,1.54,4.8,4.96,6.95,3.58,1.85,0.11,0.07,9.18,9.27,5.83,2.39,3.69,8.07,5.37,3.69,2.54,1.16,0.49,,,,,,,,,,,,,,,,,,,,,,,,,,,,,,,,
8738,4320,180,Wet Tropics,rare,0.06,0.92,1.89,5.72,3.95,1.61,23.13,5.5,5.25,4.5,7.82,2.32,3.33,0.53,0.2,3.34,0.05,1.91,3.72,2.5,2.26,6.55,4.73,8.21,,,,,,,,,,,,,,,,,,,,,,,,,,,,,,,,
8756,4320,180,Wet Tropics,rare,14.53,10.73,2.98,5.06,5.45,4.43,1.24,1.25,0.48,2.56,4.12,4.71,0.25,1.17,6.11,1.93,2.19,3.28,8.37,1.51,3.57,5.7,4.85,3.53,,,,,,,,,,,,,,,,,,,,,,,,,,,,,,,,
8799,4320,180,Wet Tropics,rare,3.94,2.65,3.29,3.46,5.1,4.67,2.54,3.3,4.97,3.26,4.17,5.51,6.27,8.45,11.34,3.93,3.27,5.4,3.07,3.16,1.92,3.22,1.53,1.58,,,,,,,,,,,,,,,,,,,,,,,,,,,,,,,,
8988,4320,180,Wet Tropics,rare,3.52,3.32,4.28,7.81,3.99,5.32,5.87,6.61,2.17,2.51,4.18,5.07,3.04,1.71,4.17,7.15,3.72,3.12,3.77,3.07,2.73,4.53,5.14,3.2,,,,,,,,,,,,,,,,,,,,,,,,,,,,,,,,
9032,4320,180,Wet Tropics,rare,4.72,12.77,0.9,0.9,2.08,1.3,0.82,0.67,0.78,3.6,5.78,6.87,15.27,6.29,0.43,0.39,2.82,7.03,6.13,5.23,5.97,2.93,5.07,1.25,,,,,,,,,,,,,,,,,,,,,,,,,,,,,,,,
9052,4320,180,Wet Tropics,rare,1.28,18,1.99,0.12,0.19,0.06,0.08,12.31,18.86,7.94,0.24,0.06,0,0.28,1.02,2.83,2.86,5.83,5,0.12,0,0,8.65,12.28,,,,,,,,,,,,,,,,,,,,,,,,,,,,,,,,
3611,5760,180,Wet Tropics,frequent,3.1,3.11,2.73,10.5,3.73,1.85,3.71,4.28,5.5,2.72,4.15,2.25,3.23,4.9,5.09,3.26,4.55,4.33,4.13,2.27,1.16,0.56,0.39,0.79,0.59,0.69,2.62,2.83,2.91,4.06,1.94,2.07,,,,,,,,,,,,,,,,,,,,,,,,
9058,5760,180,Wet Tropics,frequent,0.53,6.58,6.54,2.17,0.8,4.34,8.89,0.93,1.04,3.96,3.59,4.49,8.14,2.93,4.35,4.96,4.97,5.86,2.62,2.93,1.25,0.43,0.62,1.14,3.13,6.24,2.1,2.26,0.08,1.25,0.43,0.45,,,,,,,,,,,,,,,,,,,,,,,,
9064,5760,180,Wet Tropics,frequent,6.18,0,0,0,0.79,7.39,1.49,0.3,0.14,9.22,1.63,4.34,6.12,1.6,7.36,0.61,10.18,2.53,2.76,4.96,0,5.45,12.13,4.2,0.8,0.14,0.14,0.54,1.47,2.16,3.16,2.21,,,,,,,,,,,,,,,,,,,,,,,,
9073,5760,180,Wet Tropics,frequent,18.67,3.99,0.28,0,0.09,0,0.22,0.41,2.93,0.77,6.46,5.58,2.21,0.38,0.29,8.85,14.56,1.47,2.87,0.56,4.69,0,0.18,0.12,4.53,0.36,0,0.69,15.55,2.82,0.25,0.22,,,,,,,,,,,,,,,,,,,,,,,,
9076,5760,180,Wet Tropics,frequent,9.01,3.07,4.08,1.2,0.93,0.54,0.54,2.54,1.46,2.58,4.09,3.97,2.47,0.5,4.24,5.36,2.12,3.35,0,0,0.89,5.13,12.88,5.13,2.78,0.62,0.04,0.81,0.96,6.25,6.52,5.94,,,,,,,,,,,,,,,,,,,,,,,,
9077,5760,180,Wet Tropics,frequent,1.79,0.75,4.29,2.1,5.24,10.23,4.32,4.64,4.65,5.25,2.26,1.08,0.68,5.09,6.11,4.35,9.5,2.25,0.19,3.44,0.03,0.2,0.59,7.78,2.3,0.19,0.73,0.09,0.26,3.67,3.72,2.23,,,,,,,,,,,,,,,,,,,,,,,,
9078,5760,180,Wet Tropics,frequent,1.73,0.15,2.78,0.58,2.41,1.34,2.54,0.81,2.29,1.69,3.7,5.73,8.18,1.3,5.35,3.21,2.97,3.27,9.6,2.4,5.62,8.04,1.59,2.48,2.38,0.66,3.35,0.05,2.1,2.45,4.95,4.3,,,,,,,,,,,,,,,,,,,,,,,,
9079,5760,180,Wet Tropics,frequent,7.8,5.15,1.9,0.42,0.6,4.67,4.01,3.07,1.24,0.34,0.23,0.81,2.95,6.43,0.88,0.46,0.4,0.13,2.55,1.04,0.95,7.61,6.24,13.05,5.66,7.63,4.57,2.47,0.79,0.04,2.5,3.41,,,,,,,,,,,,,,,,,,,,,,,,
9083,5760,180,Wet Tropics,frequent,3.87,1.39,1.15,1.03,6.11,0.19,0.19,1.26,2.3,2.05,1.62,1.87,0.43,1.36,1.46,1.1,11.92,6.51,3.81,5.62,3.67,2.55,4.37,6.01,3.92,2.15,2.25,2.33,1.33,3.55,3.86,8.77,,,,,,,,,,,,,,,,,,,,,,,,
9084,5760,180,Wet Tropics,frequent,5.78,1.12,0.26,0.79,10.72,1.43,2.72,0.65,0.79,0.39,0.63,8.24,3.41,3.6,1.28,0.43,2.79,0.37,0.36,1.57,2.43,13.15,6.51,2.22,7.31,7.85,1.82,3.55,1.21,0,2.41,4.21,,,,,,,,,,,,,,,,,,,,,,,,
3164,5760,180,Wet Tropics,intermediate,6.57,5.72,2.15,1.66,0.68,1.49,1.47,2.4,5.54,3.74,2.9,1.93,2.79,2.36,3.67,3.1,4.98,8.48,9.33,8.27,6.07,1.48,1.14,0.16,0.61,1.36,0.84,0.8,0.39,2.6,2.6,2.72,,,,,,,,,,,,,,,,,,,,,,,,
8918,5760,180,Wet Tropics,intermediate,3.2,7.89,12.16,4.78,6.5,5.07,0.24,2.72,3.95,4.01,1.6,2.89,0.48,0.16,0,0.64,0.38,0.34,5.26,2.28,2.59,1.16,2.7,4.58,3.04,2.46,4.29,4.13,5.14,3.86,0.96,0.54,,,,,,,,,,,,,,,,,,,,,,,,
8961,5760,180,Wet Tropics,intermediate,11.58,3.05,0.82,0,0.15,0.17,0.75,1.21,8.38,3.61,5.83,2.47,0.01,0.4,0.03,0.41,1.25,0.19,0.23,0.67,0.48,2.25,0.82,1.47,6.23,11.35,8.11,5.95,7.28,4.64,5.06,5.15,,,,,,,,,,,,,,,,,,,,,,,,
8994,5760,180,Wet Tropics,intermediate,2.79,2.85,1.93,1.41,3.2,2.44,2.44,5.64,6.99,3.23,4.38,2.07,4.93,3.59,4,2.07,8.06,3.35,7.43,4.21,4.61,2.06,2.58,1.97,0.83,0.28,2.46,1.04,1.77,2.95,1.36,1.08,,,,,,,,,,,,,,,,,,,,,,,,
9012,5760,180,Wet Tropics,intermediate,0.24,2.3,2.22,4.48,0.21,0.21,1.88,0.84,2.18,3.39,3.18,2.01,2.3,4.77,10.29,11.17,4.14,5.19,7.87,0.17,1.88,0,3.35,1.26,0.17,0,0.33,3.97,3.6,4.39,11.55,0.46,,,,,,,,,,,,,,,,,,,,,,,,
9018,5760,180,Wet Tropics,intermediate,7.78,8.9,3.5,2.33,2.01,2.22,0.31,4.75,7.81,2.03,2.71,1.49,2.75,1.24,2.66,0.3,0.44,6.77,2.69,0.45,4.77,6.52,8.56,2.65,0.29,0.63,1.98,0.62,1.27,5.68,3.48,0.41,,,,,,,,,,,,,,,,,,,,,,,,
9021,5760,180,Wet Tropics,intermediate,3.87,0.55,0.74,0.69,0.4,0.6,0.6,1.04,14.84,13.1,0.89,2.28,0.2,0.1,0,0,0,0,0.35,3.97,2.93,1.59,10.57,14.64,1.64,0.05,0.2,3.62,1.04,2.33,12.06,5.11,,,,,,,,,,,,,,,,,,,,,,,,
9039,5760,180,Wet Tropics,intermediate,5.46,8.37,6.75,1.46,2.46,7.8,1.65,3.24,0.64,1.36,1.97,4.79,3.24,2.17,5.81,7.81,2.72,2.26,3.14,1.83,4.77,2.03,0.91,0.98,2.26,1.18,2.64,1.3,1.26,1.7,2.49,3.55,,,,,,,,,,,,,,,,,,,,,,,,
9049,5760,180,Wet Tropics,intermediate,1.13,2.71,3.61,1.61,2.65,2.48,4.32,1.82,3.75,5.04,8.03,3.9,5.1,6.17,4.76,2.01,2.35,2.18,1.13,1.56,1.76,3.28,1.36,3.11,1.83,2.19,3.13,3.97,2.75,7.38,2.02,0.91,,,,,,,,,,,,,,,,,,,,,,,,
9056,5760,180,Wet Tropics,intermediate,6.94,0.45,0.71,0.47,0.54,3.27,0.6,1.43,5.99,3.76,4.28,7.33,2.69,0.6,0.47,1.75,0,0.85,1.3,5.26,7.08,3.37,5.76,5.77,5.42,6.31,3.72,1.67,0.03,0,4.44,7.74,,,,,,,,,,,,,,,,,,,,,,,,
2853,5760,180,Wet Tropics,rare,2.3,2.94,3.6,3.7,3.45,3.03,2.84,4.02,0.39,0.6,0.61,0.16,0.47,0.36,0.22,0.63,2.86,10.86,0.46,0.07,0.48,4.03,6.71,10.1,0.81,4.48,7.16,5.58,8.46,2.52,3.35,2.75,,,,,,,,,,,,,,,,,,,,,,,,
3337,5760,180,Wet Tropics,rare,5.82,0.27,0.1,5.03,8.87,0.39,0.13,0,1.62,14.55,11.45,13.07,5.77,8.48,0.61,0.48,0.13,0.04,11.01,1.44,0.35,0.04,0.13,0.31,1.62,0.04,0.22,2.88,3.1,2.05,0,0,,,,,,,,,,,,,,,,,,,,,,,,
3391,5760,180,Wet Tropics,rare,2.03,0.38,0.09,2.02,4,0,0,0.41,1.24,0.23,0.64,5.74,7.26,10.57,4.5,7.81,8.92,1.61,0,3.4,10.62,7.44,3.49,1.15,0.78,0.32,0.05,0,0,0.05,13.14,2.11,,,,,,,,,,,,,,,,,,,,,,,,
3507,5760,180,Wet Tropics,rare,4.14,6.31,0.1,0.05,0.58,5.68,4.69,1.61,0.81,4.01,2.67,2.83,0.76,0.1,2.98,9.74,8.76,9.84,1.82,1.89,1.61,1.19,1.82,2.42,2.65,2.83,2.45,1.26,3.05,10.14,0.93,0.28,,,,,,,,,,,,,,,,,,,,,,,,
3513,5760,180,Wet Tropics,rare,1.79,0.12,0,1.23,1.85,1.8,6.45,7.17,10.82,4.01,2.95,0.4,0.6,2.44,2.51,0.4,3.38,6.95,9.49,2.34,1.26,1.32,1.88,2.72,2.12,1.99,0.66,0.29,0.43,2.19,9.67,8.77,,,,,,,,,,,,,,,,,,,,,,,,
3592,5760,180,Wet Tropics,rare,7.99,9.05,0.87,0,0,0,0.22,0,5.02,3.78,0.03,0,0.07,0,0,12.01,2.24,2.91,0.68,1.37,3.26,0.08,1.69,7.74,4.95,7.79,3.87,4.08,5.18,6.31,3.98,4.83,,,,,,,,,,,,,,,,,,,,,,,,
3596,5760,180,Wet Tropics,rare,0.5,0.36,4.37,1.89,0.7,0.02,0.46,0.5,4.76,6.61,1.95,8.59,0.28,0.09,5.34,2.1,0.8,3.98,0.35,4.03,12.27,5.52,2.42,12.72,2.26,6.18,7.12,1.18,2.33,0.04,0.09,0.19,,,,,,,,,,,,,,,,,,,,,,,,
3626,5760,180,Wet Tropics,rare,2.08,4.9,3.55,4.24,4.03,2.69,3.13,1.94,2.15,4.52,1.97,0.51,1.52,2.16,2.87,2.43,2.18,3.8,3.09,2.41,6.72,3.27,2.53,1.31,1.67,3.2,4.86,4.48,4.8,3.61,3.92,3.46,,,,,,,,,,,,,,,,,,,,,,,,
9068,5760,180,Wet Tropics,rare,0.88,1.24,1.5,2.34,1.07,3.64,3.66,2.68,1.29,1.24,1.75,2.19,2.82,5.17,5.93,1.77,3.86,1.65,2.43,8.5,1.69,8.53,11.27,5.54,3.78,1.85,1.95,1.54,1.37,2.87,1.9,2.1,,,,,,,,,,,,,,,,,,,,,,,,
9072,5760,180,Wet Tropics,rare,3.68,8.35,3.57,0,0,0,7.96,2.37,0.79,9.11,0.74,0.06,5.3,0,0,2.06,2.56,5.63,2.37,0.77,4.01,0.28,1.42,1.18,2.7,12.87,6.96,9.61,2.21,2.31,0.73,0.4,,,,,,,,,,,,,,,,,,,,,,,,
9059,7200,180,Wet Tropics,frequent,6.79,5.63,1.73,0.65,4.74,7.6,0.63,1.3,3.79,2.99,4.93,6.59,2.85,4.22,4.28,4.38,5.56,2.39,2.54,1.14,0.35,0.59,1.14,3.34,5.32,2.07,1.77,0.07,1.17,0.38,0.4,0.3,2.1,1.71,1.04,0.19,0.52,0.18,0.41,2.22,,,,,,,,,,,,,,,,
9074,7200,180,Wet Tropics,frequent,0.38,1.58,4.64,0.56,0.36,0,0.68,0.27,0,2.6,17.98,0.47,0.03,0.09,0,0.18,0.03,2.9,0.51,6.14,0.32,6.16,1.09,0.17,0.65,20.01,1.53,3.09,0.8,3.81,0.55,0,0.27,1.04,3.44,0,0,8.42,8,1.25,,,,,,,,,,,,,,,,
9091,7200,180,Wet Tropics,frequent,1.04,14.42,11.91,2.76,0.3,0.36,7.5,1.48,12.08,1.29,0.2,0,0,0.21,0.34,0.34,1.05,0,0,0,0,2.73,2.92,0.18,0,0,0,0,0,1.04,8.02,2.04,0.06,2.19,1.01,0,1.66,8.48,11.67,2.72,,,,,,,,,,,,,,,,
9092,7200,180,Wet Tropics,frequent,5.09,4.77,0.63,3.19,6.66,6.63,8.3,0.6,3.22,0.22,0,0.6,0.19,7.83,1.23,0.54,0.69,3.38,1.2,1.96,1.58,0.92,0.44,0.51,0.35,0.03,0,0.09,3.22,3,4.99,4.8,2.08,1.61,0,0.35,3.47,4.52,1.45,9.66,,,,,,,,,,,,,,,,
9093,7200,180,Wet Tropics,frequent,2.69,12.55,1.24,0.14,1.45,3.1,5.23,0.92,0.61,5.53,3.8,0.54,0.58,0.06,0.42,0.06,0,0,0.03,0.13,0.6,3.24,5.31,2.45,0.06,0.19,0.06,0,0,0,0,0,2.89,1.64,1.55,6.46,5.7,13.26,8.86,8.65,,,,,,,,,,,,,,,,
9094,7200,180,Wet Tropics,frequent,4.97,7.55,3.93,5.02,4.96,2.38,0.48,1.71,11.39,2.07,0.55,0.98,0.15,0.09,0.03,0.93,2.23,0.09,1.25,3.23,3.16,0.14,0.1,0.13,0.59,0.26,0.13,4.69,0.25,0.25,0.5,0.43,0.42,1.26,4.72,2.15,6.7,7.48,3.54,9.11,,,,,,,,,,,,,,,,
9096,7200,180,Wet Tropics,frequent,2.41,6.88,6.56,6.57,1.51,0.53,1.96,2.53,1.04,3.23,3.85,4.99,0.42,0.08,1.95,0.99,2.39,9.76,5.13,1.19,2.4,3.93,5.11,0.77,1.12,1.64,6.89,0.6,0.49,0.55,0.26,1.27,4.01,1.17,0.4,0.4,0.83,1.59,0.97,1.63,,,,,,,,,,,,,,,,
9098,7200,180,Wet Tropics,frequent,6.47,0.02,1.32,1.99,0.3,0.31,0.07,1.24,0.2,0.34,9.26,0.65,0.03,0,0.48,2.76,1.45,0.34,2.52,1.86,2.71,3.71,10.22,4.16,2.07,1.66,1.64,2.85,0.32,0.12,0.69,8.36,2.23,0.64,6.9,4.07,6.2,3.95,2.85,3.04,,,,,,,,,,,,,,,,
9100,7200,180,Wet Tropics,frequent,1.19,5.83,1.86,4.56,0.35,1.37,4.81,4.39,1.83,0,0.04,0,0,0,2.49,2.28,0.14,0.35,0.14,1.65,4.67,2.14,1.3,2.18,1.68,3.83,1.47,2.77,1.97,3.16,5.48,1.05,0.7,2.81,1.33,7.44,5.79,6.49,4.11,6.35,,,,,,,,,,,,,,,,
9102,7200,180,Wet Tropics,frequent,1.06,5.57,4.7,0.36,3.89,2.3,1.64,2.61,0.2,0,0,0,0,0,0,0,1.58,0.51,2.3,1.12,3.63,0.46,0.97,0.46,0,0.15,0.05,3.89,1.43,5.27,0.26,1.74,10.33,16.67,4.45,4.91,5.73,5.93,3.94,1.89,,,,,,,,,,,,,,,,
8919,7200,180,Wet Tropics,intermediate,0.07,0,0.08,2.24,6.16,10.71,3.99,5.04,4.4,0.35,1.91,3.52,3.15,1.54,2.34,0.41,0.15,0,0.5,0.33,0.29,4.26,1.94,2.04,1.03,2.21,3.58,2.64,1.93,3.57,3.5,4.27,3.25,0.78,0.45,0.17,5.73,6.8,2.91,1.76,,,,,,,,,,,,,,,,
8930,7200,180,Wet Tropics,intermediate,4.38,0.58,0,0,3.31,0.09,0,0.2,2.47,0.28,0,0.73,0.12,0.67,0.82,1.53,2.68,0.75,0.27,4.95,1.22,0.63,2.31,10.56,2.54,1.3,1.98,3.27,0.22,0.57,3.47,6.28,5.21,9.33,4.29,13.28,8.17,1.24,0.14,0.16,,,,,,,,,,,,,,,,
8962,7200,180,Wet Tropics,intermediate,0.16,1.81,2.59,0.27,0.06,0.52,3.09,2.43,10.42,2.08,0.57,0.1,0.08,0.1,0.74,1.07,8.37,2.57,5.81,1.34,0.12,0.23,0.03,0.47,1.06,0.15,0.18,0.85,0.2,2.1,0.9,1.81,5.17,11.56,6.22,5.34,7.4,2.9,4.67,4.46,,,,,,,,,,,,,,,,
8977,7200,180,Wet Tropics,intermediate,2.62,3.16,7.33,3.4,5.6,2.86,0.12,0,0,1.31,8.34,0.18,0,0.77,0.36,7.69,7.51,0.95,6.67,0.72,3.4,9.48,1.13,1.31,2.8,4.23,1.73,0.12,0,0,0,0.12,0.06,1.91,2.38,0.18,1.61,0.89,1.07,7.99,,,,,,,,,,,,,,,,
8995,7200,180,Wet Tropics,intermediate,1.54,2.38,0.7,0.3,1.8,1.98,2.51,1.61,0.98,3.44,2.6,3.73,4.83,6.59,4.06,1.42,2.34,5.74,3.57,2.31,6.13,4.31,7.37,2.57,4.77,2.19,1.99,3.06,0.82,0.37,0.77,2.13,1.22,2.91,1.51,0.87,1.03,0.88,0.49,0.18,,,,,,,,,,,,,,,,
9040,7200,180,Wet Tropics,intermediate,1.76,3.95,5.46,8.45,0.06,2.41,5.33,3.01,3.57,0.5,0.91,1.95,3.22,2.86,2.84,3.63,6.59,4.04,1.72,2.55,1.05,4.93,1.48,1.05,0.87,1.27,1.67,2.38,1.14,0.76,1.82,1.01,3.42,2.69,0.62,0.08,0.44,1.87,2.36,4.28,,,,,,,,,,,,,,,,
9050,7200,180,Wet Tropics,intermediate,2.41,3.04,1.3,2.35,2.39,2.43,2.49,2.39,4.17,5.29,5.89,3.85,5.12,4.49,2.23,1.97,1.79,1.04,1.02,1.54,2.16,1.95,1.82,2.49,1.48,2.23,4.05,1.73,6.43,1.51,1.64,0.04,0.04,0.69,1.21,1.62,4.11,2.47,2.73,2.4,,,,,,,,,,,,,,,,
9080,7200,180,Wet Tropics,intermediate,1.33,0.05,0.01,1.9,5.36,6.01,1.95,0.3,0.56,1.29,5.88,2.19,1.38,0.5,0.1,0.62,0.79,6.29,1.68,0.41,0.26,0.23,0.72,2.31,0.73,3.9,7.05,8.47,7.05,5.89,4.82,2.04,1.34,0.03,0.75,3.07,2.69,4.18,3.46,2.41,,,,,,,,,,,,,,,,
9086,7200,180,Wet Tropics,intermediate,4.13,0.77,2.58,4.64,2.34,1.44,2.02,3.28,8.54,2.92,1.33,1.09,1.03,7.32,6.68,3.24,0.41,0.34,1.03,1.03,1.12,0.43,4.64,4.08,1.09,0.21,0.49,0.11,0.11,0.45,1.57,3.24,2.43,1.57,1.93,2.23,6.01,6.53,2.36,3.24,,,,,,,,,,,,,,,,
9088,7200,180,Wet Tropics,intermediate,2.15,0.43,0.2,1.97,2.17,0.98,0.76,5.15,12.16,4.11,1.16,2.32,1.29,0.66,10.62,0.53,2.07,2.17,0.88,0.88,3.15,4.06,6.46,0.91,0.63,1.97,0.28,2.95,1.19,1.77,3.66,3.05,0.2,2.09,0.3,0.43,4.01,4.09,5,1.14,,,,,,,,,,,,,,,,
3165,7200,180,Wet Tropics,rare,2,3.36,2.34,3.64,2.16,3.88,1.89,1.5,1.99,1.14,0.62,0.6,1,0.64,0.44,0.41,0.9,0.93,1.37,5.38,4.37,1.44,1.28,0.6,1.19,1.29,2.15,4.59,3.06,1.99,2.04,1.98,2.02,3.26,2.31,4.59,7.29,7.44,7.41,3.51,,,,,,,,,,,,,,,,
3245,7200,180,Wet Tropics,rare,2.35,0.31,0.03,2.96,4.51,3.04,1.49,3.23,2.26,1.97,9.15,8.55,14.61,4.27,2.18,0.92,1.36,9.05,2.73,3.62,4.51,1.34,0,0.08,0,0.08,0.24,0.87,0.73,1.31,0.39,1.49,1.02,0.45,0.29,0,1.05,6.9,0.24,0.42,,,,,,,,,,,,,,,,
3392,7200,180,Wet Tropics,rare,0.8,0,0.18,0.39,2.89,0.22,0.13,0.09,1.14,1.14,0.09,1.89,3.86,0,0,0.39,1.18,0.09,0.75,0.09,9.69,10.87,5.09,7.41,4.95,6.14,0.04,1.4,10.43,6.05,5.26,1.14,1.05,0.61,0,0.04,0,0,9.86,4.65,,,,,,,,,,,,,,,,
3482,7200,180,Wet Tropics,rare,11.49,1.98,2.67,2.02,0.32,0.9,1.85,2.53,7.3,17.92,0.91,2.35,0.06,5.12,0.41,0.14,1.74,4.09,0.63,0.35,1.39,0.23,2.78,1.72,2.47,0.27,0.02,0.16,1.14,0.74,0,1.25,5.6,0.18,3.05,6.26,4.18,0.16,3.43,0.19,,,,,,,,,,,,,,,,
3508,7200,180,Wet Tropics,rare,1.5,2.41,0.51,0.02,0.02,0,0,0,3.95,6.03,0.1,0.05,0.55,5.42,4.48,1.54,0.77,3.83,2.56,2.7,0.72,0.1,2.84,9.31,8.37,9.4,1.74,1.81,1.54,1.13,1.74,2.31,2.53,2.7,2.34,1.21,2.92,9.69,0.89,0.27,,,,,,,,,,,,,,,,
3590,7200,180,Wet Tropics,rare,1.32,1.43,0.36,0.12,0.38,3.13,4.73,2.18,3.61,3.74,3.09,3.76,0.41,4.76,2.85,2.69,2.7,3.28,12.28,2.97,1.26,0.63,2,0.37,2.6,0.13,3.48,0.13,0.17,1.59,2.13,3.73,3.01,2.68,0.09,0.04,0.64,2.28,4.13,9.12,,,,,,,,,,,,,,,,
3624,7200,180,Wet Tropics,rare,1.68,9.56,0,0,0,0,1.82,0,0,0,0,0,0,0.1,13.4,5.46,0.6,2.67,1.2,2.56,0.81,4.72,5.38,6.31,3.43,16.14,0.42,0,10.82,5.71,0,0,0,0,0,0,0,2.9,4.06,0.25,,,,,,,,,,,,,,,,
3627,7200,180,Wet Tropics,rare,1.97,2.3,2.83,2.05,1.96,1.3,1.42,1.66,5.17,2.38,3.81,3.1,2.05,2.7,1.7,1.65,4.28,1.24,0.45,1.72,1.65,2.25,2.26,1.7,3.45,2.43,2.18,5.69,2.81,1.9,1.44,1.32,2.66,4.5,3.77,3.91,3.15,3.55,2.37,1.27,,,,,,,,,,,,,,,,
9069,7200,180,Wet Tropics,rare,1.52,1.33,1.41,2.74,1.17,1.19,1.43,0.82,0.78,1.09,1.35,2.07,0.9,3.22,3.26,2.23,1.23,1.16,1.55,1.87,2.42,4.52,5.36,1.58,3.47,1.42,2.13,7.12,1.88,7.5,9.76,5.01,3.48,1.67,1.72,1.36,1.2,2.49,1.76,1.83,,,,,,,,,,,,,,,,
9085,7200,180,Wet Tropics,rare,0.68,1.85,2.63,3.59,3.88,3.79,4.82,5.87,5.84,6.63,1.45,3.52,1.65,0.29,0.82,0.19,0.11,0.06,0.11,0.21,2.62,0.12,0.07,0.08,0.27,0.56,1.72,10.38,0.34,0.07,2.1,9.9,4.29,3.99,5.91,3.15,2.88,1.41,1.12,1.03,,,,,,,,,,,,,,,,
9060,8640,180,Wet Tropics,frequent,6.26,5.2,1.61,0.6,4.39,7.04,0.59,1.2,3.51,2.77,4.56,6.1,2.64,3.91,3.96,4.06,5.15,2.21,2.35,1.05,0.32,0.54,1.06,3.09,4.92,1.92,1.63,0.07,1.08,0.35,0.37,0.28,1.94,1.59,0.96,0.18,0.48,0.17,0.38,2.06,0.59,0.04,1.83,0.27,1.1,1.54,1.18,0.9,,,,,,,,
9095,8640,180,Wet Tropics,frequent,4.81,2.99,2.9,6.69,2.03,4.86,2.37,1.86,0.22,2.31,9.01,0.65,0.89,0.32,0.11,0.09,0.24,0.56,1.73,0.42,0.68,3.32,1.75,0.04,0.04,0.18,0.41,0.28,1.2,2.66,0.03,0.2,0.6,0.17,0.7,0.92,4.29,1.51,7.35,3.54,3.23,7.33,3.55,3.07,1.1,0.37,0.26,6.16,,,,,,,,
9099,8640,180,Wet Tropics,frequent,10.04,6.43,0.85,0.22,0,0.76,5.43,0.21,0.13,1.89,0.67,0.32,0.11,0.93,0.25,0.03,5.46,2.54,0.14,0,0,1.47,1.72,0.71,0.74,1.84,2.28,2.12,7.69,4.37,2.11,1.85,0.74,1.42,1.61,0.19,0.2,2.82,5.23,1.19,1.52,6.87,4.93,3.19,1.37,2.42,1.74,1.25,,,,,,,,
9103,8640,180,Wet Tropics,frequent,0,1.02,0.74,1.03,3.78,1.82,4.61,0.64,4.37,1.77,2.5,0.98,0,0,0,0,0,0,0,0.98,0.79,2.01,1.18,3.63,0.25,0.59,1.18,0,0.1,0.1,2.99,1.42,4.47,1.52,1.33,3.83,19,4.91,5.6,4.86,6.14,5.89,0.83,1.28,0,0.39,1.03,0.44,,,,,,,,
9105,8640,180,Wet Tropics,frequent,1.15,5.45,1.99,0,0.1,0,0,0,0.73,0.2,2.41,8.81,0.62,1.58,0.53,2,2.31,8.93,18.28,0,0.11,0.11,0,0,0,0,0,0.21,0.32,0,5.15,2.1,0,0.32,0.53,0.11,0.84,0,1.05,2.94,16.81,8.93,0.42,0.11,0.11,0.53,2.42,1.79,,,,,,,,
9106,8640,180,Wet Tropics,frequent,4.05,2.55,1.99,5,1.77,5.78,3.83,10.57,5.6,0.25,0.5,0.43,0.04,0.71,0.07,0,0,0,0,0,0.32,1.38,3.3,0.46,3.41,2.34,4.08,2.45,2.02,1.45,1.21,4.11,2.41,1.14,2.06,0.82,0.92,1.6,1.92,2.94,5.85,2.55,2.23,2.34,0.85,1.56,0.43,0.71,,,,,,,,
9107,8640,180,Wet Tropics,frequent,16.94,10.78,0.01,0,0,0,0,0.93,0.59,0,1.9,11.65,0,0,0,0.18,1.31,2.97,0.1,0,0,0,0,2.34,11.72,0.01,0,0.04,3.89,0,0,0,3.21,2.2,2.85,0.86,0.21,0.03,0,0.96,1.33,2.29,2.29,0.64,7.23,5.16,2.06,3.32,,,,,,,,
9108,8640,180,Wet Tropics,frequent,2.52,0.27,8.36,1.7,2.25,1.16,0,1.21,0,0,0,5.51,3.63,0.77,4.19,0.55,0,0.22,2.31,2.15,0.61,1.16,7.16,3.3,1.49,0.11,0.22,0.33,6.44,1.43,3.14,0.55,0.61,0.06,0.33,0.06,8.26,2.04,0,0.17,0.06,0.28,5.29,2.26,0.5,3.69,8.31,5.34,,,,,,,,
9109,8640,180,Wet Tropics,frequent,14.31,0.07,0,0.06,0,0,0,0,0,0,0,0,0,0,0,0,0.06,0,0,0,1.8,1.68,9.01,5.71,1.38,0.36,2.88,2.82,2.1,0.18,2.1,8.29,4.63,9.5,9.56,2.4,0.6,0.18,0.48,1.8,3.73,0.54,0,0,1.14,4.03,4.93,3.67,,,,,,,,
9110,8640,180,Wet Tropics,frequent,2.72,1.02,3.64,1,4.5,2.15,1.59,0,0,0.37,0.08,0,0,0.22,0.93,1.61,0,0,0.08,6.97,8.79,1.12,0,0,0,0,3.14,0.66,0,5.2,0.08,1.93,1.91,11.82,7.67,11.9,2.65,1.95,2.95,0.15,0.21,1.16,0.33,2.92,0.71,1.21,4.46,0.2,,,,,,,,
3455,8640,180,Wet Tropics,intermediate,3.49,0.53,0,2.58,0.93,8,2.29,0,0,0,0,0,0,0,0,0,0,0,0.42,0.44,0.78,0,0.45,0,0.34,0.95,2.44,0.48,0.52,0.14,0.57,2.05,3.99,6.3,6.56,0.93,1.25,0.71,0.31,0.31,10.5,1.43,0.02,3.75,4.64,11.08,11.25,9.57,,,,,,,,
8742,8640,180,Wet Tropics,intermediate,1.15,2.49,0.34,0.65,0.43,0.56,2.83,3.7,0.78,2.56,4.48,2.6,1.35,0.04,0.11,0.96,0.02,0.27,0,0,0.09,0.36,0.02,1.35,0.16,0.96,0.18,1.46,2.58,4.28,4.37,14.75,0.38,0.07,0.02,3.23,1.55,6.1,5.4,0.16,0.04,0,0.02,8.79,4.71,6.32,5.67,1.66,,,,,,,,
9003,8640,180,Wet Tropics,intermediate,1.29,0.32,0.07,0.68,2.62,1.04,6.2,1.95,0.17,1.09,0.13,0.84,2.6,1.37,7.49,11.82,3.09,2.08,2.7,2.27,3.11,4.41,4.23,6.13,5.21,2.78,2.98,2.56,1.01,0.33,0.03,0.46,0.37,0.43,0,0,1.42,0.41,0.03,0,0,0,4.66,5.99,0.67,0.26,1.28,1.42,,,,,,,,
9022,8640,180,Wet Tropics,intermediate,1.15,0,0.04,1.99,0.09,0.44,0.4,0,0.27,4.12,0.53,0,0.93,0.18,0.04,3.81,0.13,0.66,0.62,0.35,0.93,0.18,1.02,13.72,11.07,0.8,2.21,0,0.09,0,0,0,0,2.57,1.37,3.1,1.37,9.83,12.31,1.28,0.13,0.35,3.81,0.09,2.57,10.98,3.85,0.62,,,,,,,,
9041,8640,180,Wet Tropics,intermediate,0.52,0.87,1.67,4.07,10.65,0.25,2.01,1.13,5.98,2.63,1.13,1.06,1.7,0.71,4.15,1.99,2.46,4.61,6.05,1.05,3.19,0.96,4.43,1.12,1.55,0.59,1.23,1.23,1.93,1.08,1.02,0.87,1.35,2.8,2.37,1.1,0.25,0.01,1.07,2.13,3.52,1.58,0.09,0.27,0.01,3.3,5.41,0.85,,,,,,,,
9054,8640,180,Wet Tropics,intermediate,1.16,3.87,0.7,1.12,0.99,4.49,4.25,4.22,3.46,1.68,3.07,5.57,8.34,0.73,0.13,0.63,0.82,1.48,4.35,4.82,0.03,0,0.33,0.69,0.86,6.1,5.97,1.15,0.03,0.03,0.13,0,0,0,1.55,1.48,0.76,3.03,0.4,0.69,2.97,0.1,2.64,6.7,3.07,2.87,2.24,0.3,,,,,,,,
9075,8640,180,Wet Tropics,intermediate,1.99,1.2,3.37,2.98,0.16,0,0,0.1,0.05,0.77,2.84,2.4,0.46,0.33,0,0.72,0.14,0.02,12.46,6.37,0.23,0,0.08,0,0.18,0.06,2.65,0.37,5.68,3.07,3.4,0.27,0.14,5.68,13.46,1.46,2.59,0.46,3.89,0,0.1,0.15,3.41,0.65,0,0.16,13.11,2.39,,,,,,,,
9081,8640,180,Wet Tropics,intermediate,3.18,6.78,2.67,0.92,0.32,0.47,4.46,3.07,1.66,1.06,0.18,0.31,0.57,3.32,4.39,0.34,0.32,0.34,0.09,2.31,0.46,0.99,6.45,8.13,7.17,4.29,5.39,3.6,1.79,0.62,0.05,2.35,2.66,2.32,3.33,4.3,0.43,0.36,0.27,0.03,0.18,0.46,0.68,2.88,0.63,0.55,1.21,1.66,,,,,,,,
9089,8640,180,Wet Tropics,intermediate,1.71,0.97,3.52,0.71,0.39,0.66,0.59,2.36,0,0.43,1.4,1.42,1.88,0.46,1.35,11.95,5.81,1.4,1.83,1.49,0.62,9.34,0.94,1.92,0.69,2.08,0.18,2.01,2.93,7.12,1.81,0.09,1.85,0.62,0.21,3.39,1.37,2.17,3.73,0.73,1.4,0.85,0.11,2.45,4.03,4.94,0.92,1.17,,,,,,,,
9104,8640,180,Wet Tropics,intermediate,3.34,0.43,0.6,0.36,0.08,1.73,0.41,1.33,3.35,8.52,7.33,0.43,3.38,0.2,0.58,0,0.32,0,0.83,0.29,5.64,4.18,3.32,0.58,4.35,0.99,0,0,0,0,0,0,0,0.36,0.02,2.8,5.23,2.31,1.35,3.04,2.7,0.03,0.05,0.05,4.72,7.99,7.2,9.58,,,,,,,,
3166,8640,180,Wet Tropics,rare,1.8,1.9,1.88,2.96,2.31,3.27,2.02,3.58,1.77,1.36,1.88,1.04,0.6,0.55,0.9,0.6,0.43,0.36,0.85,0.86,1.14,4.98,4.06,1.37,1.2,0.53,1.1,1.17,1.97,4.22,2.82,1.9,1.79,1.89,1.81,3.03,2.14,4.22,6.61,6.87,6.85,3.32,1.1,0.73,0.13,0.48,1.05,0.6,,,,,,,,
3246,8640,180,Wet Tropics,rare,0,1.03,2.04,0.2,0,2.3,0.3,0,3.13,4.16,2.95,1.41,3.15,2.09,1.84,9.94,7.9,13.7,3.79,2.02,0.83,1.44,8.71,2.6,3.41,4.62,0.96,0.05,0.03,0,0.08,0.23,0.91,0.66,1.24,0.4,1.44,0.98,0.43,0.25,0,1.03,6.69,0.15,0.4,0,0.33,0.18,,,,,,,,
3393,8640,180,Wet Tropics,rare,3.47,0.21,0.63,0.21,0.71,0.04,0.13,0.13,0.29,2.93,0.08,0.13,0.08,1.92,0.21,0.08,2.63,2.84,0,0,0.38,1.13,0.21,0.59,5.56,7.31,8.82,3.84,7.56,8.19,0.92,0,4.26,8.9,6.98,2.59,1.09,0.75,0.17,0.04,0,0,0.25,11.99,1.67,0,0.04,0.04,,,,,,,,
3412,8640,180,Wet Tropics,rare,2.52,0.2,0.53,3.96,0.59,4.05,1.38,1.18,0.07,0.07,0.13,0.13,4.06,4.4,7.43,4.8,1.88,0.34,0.31,0.51,1.78,0.45,0.77,0,0,0.02,0.31,0.04,0.45,2.71,3.68,0.81,0.09,1.28,3.62,1.08,7.48,1.48,1.7,3.4,3.11,2.47,2.59,0.85,14.07,4.3,0.04,2.88,,,,,,,,
3483,8640,180,Wet Tropics,rare,9.78,1.69,2.27,1.72,0.28,0.77,1.57,2.15,6.22,15.25,0.77,2,0.05,4.36,0.35,0.12,1.48,3.48,0.54,0.3,1.18,0.19,2.36,1.47,2.1,0.23,0.01,0.14,0.97,0.63,0,1.06,4.77,0.15,2.59,5.33,3.56,0.13,2.92,0.16,0.28,2.38,2.15,2.99,4.26,1.52,0.76,0.56,,,,,,,,
3557,8640,180,Wet Tropics,rare,3.78,6.55,4.72,2.61,0.55,1.75,0.58,1.71,1.83,1.75,1.56,1.52,2.53,0.62,0.78,6.66,8.65,6.31,1.13,0.82,1.25,2.34,0.16,0.27,0.12,4.01,0.47,0,0.23,0.55,0.27,0,0.16,0.31,0,0.47,0.51,1.64,0.12,0.23,0.12,0.16,1.83,0.74,11.57,6.04,1.64,8.38,,,,,,,,
3569,8640,180,Wet Tropics,rare,5.91,2.21,0.89,5.11,2.39,3.2,1.67,1.59,5.39,2.82,1.79,0.95,0.43,1.44,1.23,0.82,1.07,1.87,2.01,3.58,8.02,1.38,0.72,3.15,4.92,2.17,0.08,0.12,0.05,0.05,0.59,0.34,0.12,0.05,1.2,1.38,0.67,0.69,0.22,0.15,3.18,7.49,4.14,1.66,0.92,2.18,2.94,5.05,,,,,,,,
3656,8640,180,Wet Tropics,rare,0.63,1.38,2.06,0.96,2.82,3.27,6.16,2.29,0.83,0.21,0.25,2.47,0.79,0,0,0.17,0.05,0,3.64,0.29,0.67,0.23,0,0.03,0.04,1.97,0.08,0.04,1.57,0,0.01,0.02,0,0.08,2.07,4.1,5.25,4.32,0.63,4.79,13.75,4.93,3.22,5.87,5.65,1.83,3.01,7.57,,,,,,,,
8978,8640,180,Wet Tropics,rare,1.78,2.35,2.51,7.2,3.46,5.47,1.51,0,0,0,6.48,2.62,0.11,0.73,0,6.14,2.9,5.75,2.07,5.36,0.22,5.7,6.76,1.34,0.61,4.02,3.13,1.06,0,0,0,0,0.11,0.06,3.24,0.78,1.06,1.01,0.56,0.89,7.65,0.73,0.56,0.28,0.22,0.28,0.11,3.18,,,,,,,,
9070,8640,180,Wet Tropics,rare,0.75,0.81,1.4,2.12,1.22,0.92,0.89,1.53,1.38,1.21,1.27,2.48,1.06,1.08,1.29,0.75,0.7,0.99,1.22,1.87,0.81,2.91,2.94,2.01,1.11,1.05,1.4,1.69,2.19,4.08,4.84,1.43,3.14,1.28,1.92,6.43,1.7,6.78,8.82,4.52,3.15,1.51,1.55,1.23,1.08,2.25,1.59,1.65,,,,,,,,
3680,10080,180,Wet Tropics,frequent,0.79,0.7,2.38,2.31,3.04,4.73,3.44,4.24,2.52,1.31,0.81,2.5,4.45,0.4,0.57,0.25,0.13,0.14,0.07,0.45,0.99,0.83,2.04,3.21,0.91,0.03,0,0.35,0.6,0.64,0.74,1.63,0.49,0.33,0.37,0.07,1.78,4.18,9.99,6.4,5.5,3.3,1.76,4.38,2.98,2.53,0.46,0.06,0.65,1.77,0.64,0.53,1.65,1.16,1.45,0.37
9044,10080,180,Wet Tropics,frequent,3.61,1.64,1.36,0.21,0,0.05,0.03,0.05,2.03,1.41,0.5,1.68,4.29,3.24,3.73,1.02,0.49,0.49,0,0,0.48,0.93,0.04,0.19,0.1,0.86,0.03,0,0.62,0.8,0.46,0.05,0,0.76,0.05,0.05,0.86,0.87,3.4,10.62,2.37,0.77,1.86,0.14,1.91,2.72,4.34,3.47,6.51,0.46,5.83,3.84,5.52,8.3,2.8,2.16
9097,10080,180,Wet Tropics,frequent,3.62,3.97,1.01,0.14,0.82,1.27,1.05,8.84,4.83,1.66,2,3.5,4.38,0.61,1.04,0.92,5.5,1.6,0.32,0.12,0.68,0.87,2.05,2.52,0.47,0.35,0.6,1.42,0.84,1.3,0.28,0,0.02,0.47,0,0.74,0.45,0.03,0.09,0.45,0.82,0.8,0.43,0.68,0.19,1.44,0.9,1.07,1.68,4.53,9.31,0.92,4.62,3.11,3.56,5.11
9113,10080,180,Wet Tropics,frequent,19.53,0,0,3.37,3.52,3.77,2.32,1.86,3.82,2.97,7.75,5.84,1.41,1.91,1.41,0.55,0.1,0.05,0,0,0,0,0,0,0,0,0,0,0,0,0,0.45,0,0.05,0,0,0,0,0,0,5.94,0.96,0,0,0.2,1.06,1.41,8.51,10.97,2.47,1.36,0.86,1.06,3.62,0.6,0.3
9114,10080,180,Wet Tropics,frequent,2.06,3.85,1.91,2.79,0.01,0.03,0.27,0.11,1.06,6.89,0.17,5.47,0.96,0.57,0.32,3.57,2,2.84,3.92,9.84,7,0.33,2.23,2.84,0.12,0,0,0,6.4,3.06,0.68,0.35,0.01,0,0,0,0,0,9.87,0.27,0.22,0.6,0.34,0.81,0.11,0.67,0.43,0.18,1.11,6.9,2.47,0.13,0,0.03,0.33,3.87
9115,10080,180,Wet Tropics,frequent,2.04,4.26,3.32,0.94,0.83,1.02,0.65,0.34,2.33,1.88,0.19,0.15,0.39,2.07,4.65,5.31,7.15,4.56,0.59,0.36,0.57,0.34,0.09,1.1,1.12,1.42,0.41,0.62,0.14,0.31,0.12,0.27,0.41,0.34,0.08,0.33,0.58,0.48,2.16,2.9,1.91,1.38,1.41,1.55,2.58,7.31,6.81,0.69,0.69,1.52,3.42,5.98,1.18,1.9,1.27,3.58
9116,10080,180,Wet Tropics,frequent,0.06,1.48,2.88,1.81,3.68,2.06,1.84,0.08,0.34,1.31,0.25,0.59,3.96,0.7,0.07,0.63,1.74,0.82,0.89,2.1,5.08,2.89,1.73,1.55,2.35,3.45,0.08,0.26,1.16,1.42,0.43,0.65,1,1.85,0.56,0.06,0.09,0.81,6.13,0.17,1.7,1.84,0.34,3.1,3.43,11.5,0.52,0.06,6.98,1.85,1.09,0.89,0.64,4.92,1.8,0.33
9117,10080,180,Wet Tropics,frequent,1.47,0.58,0,0.01,6.02,3.16,4.91,0.29,1.09,0.46,0,1.97,0.75,0.4,0.42,0.41,0,0.88,0.04,1.2,0.39,0.03,0.95,0.58,0.34,0,8.04,6.31,4.99,1.62,0.2,0.91,0.31,4.08,6.29,4.46,1.53,2.29,2.26,0.55,0.21,0.92,0.02,0,0.15,2.77,0.94,0.44,0.75,1.36,0.78,2.38,1.62,8.46,7.6,1.41
9118,10080,180,Wet Tropics,frequent,0.18,0.31,0.85,2.72,1.05,0.13,0.13,0.06,0.3,0,3.08,0,0,3.29,4.55,8.56,2.86,5.47,3.47,2.65,2.09,2.25,6.81,1.98,10.68,4.77,1.26,2.11,1.77,0.66,1.18,1.4,1.77,4.74,0.33,0,0,2.74,0.2,1.67,0.47,3.03,0.61,0.68,0.41,0.15,0.07,1.42,0.74,0.65,0.34,0.26,0.73,0,0.79,1.58
9119,10080,180,Wet Tropics,frequent,2.42,0.92,5.17,0.19,0.09,0.09,0,0,0,0.05,0.37,1.45,6.4,1.26,3.46,0.56,4.02,2.01,0.61,0.42,1.96,0.75,0,0.05,0,0,0,0.56,2.2,0.89,0.05,0.56,0,0.37,2.57,0.51,2.43,3.88,5.23,3.6,2.2,1.03,1.73,4.06,5.42,3.5,0.19,0.75,3.46,11.96,6.21,1.87,1.12,0.47,0.65,0.28
3456,10080,180,Wet Tropics,intermediate,3.31,0.5,0,2.44,0.88,7.58,2.17,0,0,0,0,0,0,0,0,0,0,0,0.4,0.42,0.74,0,0.42,0,0.32,0.9,2.32,0.45,0.5,0.13,0.54,1.94,3.78,5.97,6.21,0.88,1.18,0.67,0.29,0.29,9.95,1.36,0.02,3.56,4.39,10.49,10.66,9.06,0.18,0,0,0.32,1,1.27,1.55,0.96
8947,10080,180,Wet Tropics,intermediate,0.37,1.23,2.3,0.69,2.18,2.68,1.08,1.42,0.8,1.95,0.16,2.74,1.18,0.18,0.53,0,0.09,0.12,0,0.4,0.28,0,0.32,3.99,1.69,0.11,0.28,0.12,0.32,1.12,0.92,2.63,0.29,0.42,0.19,0.79,0.6,0.62,4.83,1.21,10.59,8.32,3.16,3.66,4.44,3.47,8.15,1.1,4,5.54,0.08,0.81,2.83,1.96,0.56,0.5
9023,10080,180,Wet Tropics,intermediate,0.76,0.86,1.16,0,0,0,1.12,0,1.72,0.34,0.39,0.43,0,0,0.3,4.48,0,0.04,0.95,0.13,2.45,1.38,0.56,0.43,0.43,0.65,0.47,0.99,9.21,13.9,1.72,2.07,0.26,0.09,0,0,0,0,0.3,3.31,1.98,1.51,5.51,14.85,3.44,0.09,0.13,2.5,1.59,0.9,9.85,5.42,0.77,0.56,0,0
9066,10080,180,Wet Tropics,intermediate,3.37,1.23,0,1.33,0.38,7.29,1.92,4.85,0.24,0.34,0,3.25,3.8,2.98,0.89,7.77,9.43,0,0.34,0,4.72,5.73,6.49,0.28,0,0,0,0,3.27,0.74,0.21,1.26,0.16,0.67,0.07,0,3.84,2.29,0.08,0.04,0.28,0.44,1.97,1.17,0.32,0.25,3.83,4.87,3.28,0.1,0.21,0,0.17,0.08,3.52,0.25
9082,10080,180,Wet Tropics,intermediate,0,0,1.19,0.03,0.83,2.86,6.44,2.47,0.71,0.39,0.37,4.28,2.87,1.43,1,0.17,0.26,0.54,3.37,3.88,0.32,0.35,0.23,0.14,2.14,0.39,0.95,6.38,7.7,6.25,4.54,4.52,3.41,1.67,0.5,0.18,2.09,2.54,2.21,3.1,3.96,0.35,0.37,0.21,0.03,0.17,0.48,0.61,2.75,0.54,0.52,1.12,1.57,1.46,1.4,1.76
9087,10080,180,Wet Tropics,intermediate,2.69,0.44,2.29,0.43,1.07,2.45,0.11,0.09,0.79,1.27,2.38,1.06,1.31,2.52,0.77,2.27,4.47,1.48,0.91,1.68,3.54,7.23,1.31,1.11,1.11,0.68,7.48,4.67,2.24,0.29,0.45,0.79,0.93,0.77,0.86,3.79,3.35,0.54,0.27,0.34,0.07,0.09,0.47,1.57,2.79,2,1.25,1.45,1.77,6.83,3.9,2.11,2.56,0.68,0.05,0.18
9090,10080,180,Wet Tropics,intermediate,0.86,1.81,0,0,1.6,0.8,0.22,3.8,0.28,0.87,0.15,0.95,1.69,0.41,0.3,1.63,2.04,0.61,0.65,6.38,9.28,2.84,0.98,2.08,1.17,0.46,9.18,0.39,1.65,2.17,0.54,0.98,3.04,3.47,5.25,0.48,0.91,1.43,0.13,2.78,0.85,1.8,3.04,2.43,0.13,1.82,0.24,0.37,4.1,2.91,4.25,1.02,0.26,0.89,0.63,1
9101,10080,180,Wet Tropics,intermediate,1.53,3.44,8.44,0.2,0.03,0,0.03,0,0.03,0,0,0.32,1.88,0.72,4.97,1.59,1.44,2.48,1.21,2.31,4.85,1.7,0.26,0.03,0,0,0,1.7,1.94,0.35,0.2,0.17,0.09,4.1,2.37,1.39,1.07,2.08,2.46,1.24,1.62,2.22,1.94,4.48,2.28,0.69,1.94,0.64,4.28,5.98,6.62,1.53,5.35,2.34,0.52,0.95
9111,10080,180,Wet Tropics,intermediate,1.97,1.73,0.59,1.35,0.93,2.46,3.47,4.37,7.61,0.78,0.43,5.47,0.65,5.04,7.15,0.34,0.17,0.32,0.43,0.88,1.23,3.68,3.23,1.01,0,0.17,0.11,0.06,0.15,0.02,0.06,0.04,0.41,0.04,0.45,0.26,0.11,0.02,0,0.73,0.97,1.08,4.89,4.29,1.96,4.7,2.28,2.28,2.56,3.84,1.53,0.28,4.57,3.92,1.27,1.66
9112,10080,180,Wet Tropics,intermediate,11.7,1.3,0,0,0,0,0.27,0.82,2.66,4.67,0.09,0,0,0,0.61,0,0,0,0,0,5.39,0,3.36,0,0,0,0,0,0,0,0,0,0,0,1.44,0.97,3.14,0.18,1.89,0.62,3,2.96,3.8,4.65,5.39,5.74,5.98,0.34,1.15,2.88,8.74,6.21,7.5,0.09,0.34,2.12
3167,10080,180,Wet Tropics,rare,0.23,0.08,0.85,1.88,1.41,1.6,3.94,0.66,3.4,2.66,2.41,1.51,1.76,1.32,0.82,0.59,0.39,0.96,0.58,0.2,0.63,0.66,0.72,1.65,5.17,3.18,0.83,0.97,0.73,1.01,1.27,2.11,3.84,2.59,1.39,2.1,1.34,1.89,3.06,2.34,3.82,6.83,5.94,6.62,2.04,0.81,0.43,0.18,0.61,0.91,0.49,0.49,0.92,1.81,1.68,1.69
3247,10080,180,Wet Tropics,rare,1.47,0.32,0.02,0,0,0.05,0.94,0.07,0,0.02,0,0,0,0.25,1.78,1.09,0.1,0.07,2.18,0.3,0.2,5.02,2.92,2.35,1.9,2.99,1.34,3.61,9.15,10.26,10.66,3.22,1.93,0.32,3.46,7.22,2.5,3.12,4.72,0.2,0.07,0,0,0.22,0.3,1.04,0.82,0.77,0.87,1.06,0.89,0.52,0,0,2.47,5.22
3413,10080,180,Wet Tropics,rare,2.79,1.91,0.29,1.69,2.53,0.49,3.93,0.9,1.09,0.04,0.08,0.12,0.1,3.81,4.53,7.78,3.05,1.57,0.43,0.17,0.77,1.33,0.56,0.56,0,0,0.19,0.12,0.14,0.35,2.75,3.25,0.61,0.04,1.82,2.73,1.52,7.06,0.61,2.01,2.81,2.73,2.84,2.22,0.74,14.19,2.32,0.04,2.8,0.19,0.04,0,2.16,1.25,1.15,0.8
3509,10080,180,Wet Tropics,rare,2.95,1.5,0.3,0,0,0.02,0,0.8,0,0,0,0,0.02,0,0,0,1.41,2.28,0.48,0.02,0.02,0,0,0,3.73,5.69,0.09,0.05,0.52,5.12,4.23,1.46,0.73,3.62,2.41,2.55,0.68,0.09,2.69,8.78,7.9,8.88,1.64,1.71,1.46,1.07,1.64,2.18,2.39,2.55,2.21,1.14,2.75,9.15,0.84,0.25
3558,10080,180,Wet Tropics,rare,3.15,3.36,3.43,5.67,4.36,2.03,0.48,1.55,0.52,1.55,1.72,1.48,1.31,1.41,2.34,0.38,0.69,6.08,7.76,5.32,0.89,0.72,1.24,1.96,0.1,0.24,0.17,3.5,0.38,0,0.21,0.52,0.21,0,0.17,0.24,0,0.41,0.45,1.44,0.1,0.21,0.1,0.14,1.65,0.62,10.44,5.12,1.48,7.35,0.96,0.24,0.41,0.07,1.27,2.4
3570,10080,180,Wet Tropics,rare,5.55,1.99,0.87,4.3,2,3.46,1.56,1.45,4.93,2.58,1.63,0.89,0.38,1.23,1.2,0.81,0.97,1.64,1.84,3.31,7.29,1.31,0.68,2.9,4,2.52,0.07,0.11,0.05,0.05,0.34,0.51,0.11,0.05,1.07,1.21,0.67,0.65,0.19,0.15,2.66,6.72,3.96,1.71,0.77,2.02,2.45,4.67,2.39,1.27,0.63,0.13,0.04,0,0,4.06
3597,10080,180,Wet Tropics,rare,12.02,0.66,0,0,0,0.17,0.22,0.22,0,0.04,0,0,0,1.44,1.48,0.03,0.1,0,0,0,0.03,1.28,0.59,0.03,0,0,0,0.05,0.06,0.24,0.3,2.93,2.17,1.07,0.04,0.4,0.09,3.26,5.47,2.94,2.59,5.1,0.1,4.62,1.27,1.2,2.08,1.57,1.89,10.7,6.17,1.81,5.14,7.86,3.17,7.4
3657,10080,180,Wet Tropics,rare,3.66,5.75,1.69,1.62,0.4,0.58,0.97,1.61,1.18,1.58,2.64,5.49,2.32,1.03,0.21,0.22,1.18,1.6,0,0,0.12,0.06,0,1.58,1.61,0.72,0.21,0,0.02,0.04,1.58,0.16,0.04,1.23,0.11,0.01,0.02,0,0,1.82,2.45,5.49,3.23,1.03,0.66,14.74,4.17,2.72,4.08,5.08,1.87,2.63,6.46,0.81,0.04,1.48
8979,10080,180,Wet Tropics,rare,2.21,2.37,6.56,3.18,4.92,1.54,0,0,0,5.58,2.77,0.1,0.61,0.05,4.92,2.41,6.25,1.79,5.02,0.2,4.97,6.4,1.23,0.61,3.53,2.97,1.02,0,0,0,0,0.1,0.05,2.87,0.82,0.87,0.97,0.51,0.87,6.97,0.67,0.56,0.26,0.2,0.2,0.15,2.87,0.05,0.26,0.36,0.31,0.72,0,0.72,0.05,7.38
9071,10080,180,Wet Tropics,rare,0.88,0.5,0.79,1.73,0.81,0.46,0.46,1.5,0.09,1.07,1.85,1.43,1.22,0.78,0.78,1.81,1.06,0.88,1.89,1.93,0.72,1.39,0.82,0.67,0.87,0.84,1.62,0.93,2.05,2.94,2.23,1.39,1.16,0.87,1.19,1.75,3.05,4.57,2.57,2.36,2.32,1.01,1.86,6.38,2.71,8.63,6.13,3.83,1.21,1.67,1.05,1.15,1.39,2.21,0.91,1.63
