EventID,Duration,TimeStep,Region,Area,Increments
5347,720,30,Murray Basin,100,2.61,3.49,3.84,2.76,2.66,3.64,3.36,3.48,4.31,4.19,5.55,4.81,5.75,6.57,7.18,6.52,5.39,4.99,3.95,3.61,2.82,2.46,3.39,2.67
5348,720,30,Murray Basin,100,1.89,2.04,1.92,2.09,2.75,3.63,3.65,2.65,3.16,3.91,4.58,6.13,5.34,5.7,5.48,5.71,2.64,2.45,0.71,3.65,7.02,8.63,9.93,4.34
5349,720,30,Murray Basin,100,3.31,8.3,10.62,4.58,3.09,5.14,3.15,4.58,6.84,3.38,6.15,7.08,7.91,3.81,2.21,2.55,2.02,1.57,2.69,2.83,2.97,1.59,1.71,1.92
5350,720,30,Murray Basin,100,3.34,4.96,2.46,1.88,2.09,0.8,0.49,1.07,0.48,1.25,2.02,1.04,1.33,6.17,4.33,3.81,6.92,9.79,10.22,16.79,8.15,5.72,3.23,1.66
5351,720,30,Murray Basin,100,1.8,1.69,3.01,2.42,5.89,1.42,1.37,0.36,1.95,7.18,6.26,6.81,8.24,6.68,3.85,4.35,5.52,3.6,4.05,3.6,5.53,4.6,5.56,4.26
5352,720,30,Murray Basin,100,2.34,1.72,1.95,1.54,1.16,2.03,3.71,6.17,7.16,6.5,4.89,5.16,4.49,3.12,2.7,3.21,6.41,5.84,5.92,5.68,3.05,5.64,6.06,3.55
5353,720,30,Murray Basin,100,0.05,0.11,0.85,1.16,1.88,4.61,5.85,8.02,7.81,4.58,3.26,2.38,6.76,7.24,4.7,5.44,1.78,0.92,3.76,5,6.61,10.79,3.5,2.94
5354,720,30,Murray Basin,100,4.88,37.49,6.89,2.13,4.73,3.01,0.09,0.11,0.55,0.7,1.49,0.36,2.28,2.44,5.02,3.36,2.94,1.36,2.04,3.33,10.15,3.78,0.83,0.04
5355,720,30,Murray Basin,100,3.49,5.29,5.38,5.34,6.72,5.6,5.22,5.49,4.97,4.18,3.86,3.45,4.02,3.1,2.79,2.98,3.59,4.53,3.37,3.66,3.28,3.68,3.35,2.66
5356,720,30,Murray Basin,100,0.84,1.16,0.78,0.38,0.61,1.99,2.7,2.77,3.52,6.12,6.96,7.72,11.54,10.75,10.51,7.71,6.12,7.67,3.92,1.61,1.35,0.85,1.74,0.68
5357,720,30,Murray Basin,200,2.6,3.44,3.82,2.75,2.65,3.62,3.36,3.48,4.28,4.17,5.49,4.82,5.72,6.59,7.19,6.5,5.4,5.01,4.02,3.66,2.91,2.47,3.36,2.69
5358,720,30,Murray Basin,200,2.04,2.19,2,2.07,2.73,3.56,3.72,3.17,3.27,3.87,4.48,5.98,5.71,5.88,5.4,5.31,2.3,2.25,1.13,3.82,6.89,8.68,10.2,3.35
5359,720,30,Murray Basin,200,3.37,4.87,4.17,2.54,3.36,1.59,0.9,1.14,0.63,1.67,2.01,1.03,0.62,3.18,4.67,4.22,5.71,6.42,11.03,14.44,9.28,4.65,5.82,2.68
5360,720,30,Murray Basin,200,3.12,7.61,9.54,4.5,3.14,5,3.2,4.53,6.5,3.18,5.94,7.21,8.18,4.28,2.33,2.66,2.4,1.87,3.02,2.86,3.03,1.77,2,2.13
5361,720,30,Murray Basin,200,2.49,1.85,2.07,1.7,1.43,2.32,3.65,6.04,6.91,6.11,4.56,4.85,4.89,3.4,2.91,3.46,6.33,5.51,5.83,5.63,2.92,5.55,5.97,3.62
5362,720,30,Murray Basin,200,2.54,3.12,2.51,2.61,2.66,3.45,5.31,5.54,5.08,5.51,4.62,4.55,5.09,4.53,4.73,5.01,5.53,5.31,5.35,4.67,4.28,3.02,2.24,2.74
5363,720,30,Murray Basin,200,5.02,4.55,4.03,4.75,4.77,6,7.46,4.11,4.02,4.83,7.35,3.62,4.47,5.26,4.39,5.28,2.32,2.47,1.24,2.23,2.3,0.88,4.82,3.83
5364,720,30,Murray Basin,200,2.62,2.58,2.64,4.44,7.14,6.82,8.74,5.97,5.23,4.14,3.39,3.49,4.57,3.2,3.05,3.33,4.26,6.03,2.79,1.63,2.54,2.81,5.73,2.86
5365,720,30,Murray Basin,200,0.05,0.12,0.9,1.24,1.93,4.59,5.49,7.78,7.94,4.82,3.88,2.94,6.26,7.08,5.12,5.73,1.91,0.98,3.73,5.24,6.54,9.58,3.26,2.89
5366,720,30,Murray Basin,200,5.41,5.11,4.31,7.38,7.6,7.7,12.79,9.32,5.21,3.87,0.39,0.62,0.46,0.44,0.53,0.39,2.63,2.57,3.49,3.86,4.34,4.6,3.84,3.14
5367,720,30,Murray Basin,500,2.64,3.3,3.71,2.54,2.45,3.5,3.26,3.33,4.06,4.04,5.42,4.86,5.76,6.35,7.03,6.53,5.51,5.08,4.12,3.94,3.15,2.74,3.73,2.95
5368,720,30,Murray Basin,500,3.31,3.74,1.21,1.72,3.85,6.9,5.47,4.65,3.53,1.48,3.04,2.75,3.05,3.31,4.14,1.57,3.17,6.44,2.92,5.81,4.89,7.87,9.02,6.16
5369,720,30,Murray Basin,500,3.57,2.19,2.91,3.7,1.71,3.58,1.88,4.04,2.56,3.97,2.86,2.06,3.4,4.27,6.08,4.71,9.19,7.42,4.73,3.33,6.01,4.87,4.37,6.59
5370,720,30,Murray Basin,500,2.09,2.13,1.97,2.2,2.84,4.06,4.1,3.71,3.63,4.16,4.64,5.93,5.83,5.81,5.34,4.93,2.58,2.53,1.47,3.57,6.34,8.35,8.73,3.06
5371,720,30,Murray Basin,500,2.65,2.97,2.65,5.15,7.06,7.46,9.06,6.63,4.98,4.01,3.14,3.17,3.98,2.93,2.95,3.63,4.09,5.63,2.9,1.64,2.84,2.39,5.61,2.48
5372,720,30,Murray Basin,500,2.75,6.51,8.01,4.4,3.11,4.79,3.23,4.32,5.82,2.81,5.49,7.22,8.43,5.09,2.54,2.84,3.07,2.4,3.54,2.89,3.1,2.22,2.94,2.48
5373,720,30,Murray Basin,500,2.34,4.07,2.63,2.51,3.04,3.05,2.94,4.86,3.84,3.57,4.6,4.92,4.59,5.48,4.39,4.74,5.08,5.42,5.45,5.45,5.16,5.32,3.18,3.37
5374,720,30,Murray Basin,500,2.59,1.96,2.29,1.89,1.72,2.5,3.53,5.85,6.57,5.76,4.37,4.59,5.15,3.69,3.3,3.67,6.08,5.33,5.79,5.61,2.96,5.43,5.65,3.72
5375,720,30,Murray Basin,500,2.75,3.02,5.81,9.58,8.16,7.21,5.29,0.81,1.25,7.5,5.58,2.08,0.51,1.9,2.89,4.86,3.76,3.85,5.02,5.23,3.92,4.19,2.58,2.25
5376,720,30,Murray Basin,500,3.01,3.04,24.77,23.82,5.92,2.27,1.97,1.78,2.29,0.54,2.12,3.77,11.71,4.92,0,0.11,0.02,0.05,0.54,0.03,0,0.11,0.57,6.64
5377,720,30,Murray Basin,1000,2.91,3.34,2.62,2.61,3.4,3.14,3.31,3.93,3.92,4.88,4.84,5.66,6.49,7.25,6.65,5.53,5.01,4.37,4.3,3.44,2.97,3.94,3.19,2.3
5378,720,30,Murray Basin,1000,5,9.56,4.99,5.44,3.22,1.47,3.05,2.68,3.23,4.86,4.51,1.87,2.74,6.97,2.35,4.85,5.52,6.74,6.97,8.63,2.31,1.51,0.74,0.79
5379,720,30,Murray Basin,1000,0.86,1.07,2.28,1.7,2.28,2.74,3.52,7.67,6.17,5.97,3.47,9.77,8.03,6.81,5.06,5.68,6.21,3.46,3.11,4.22,4.05,2.06,1.83,1.98
5380,720,30,Murray Basin,1000,3.35,3.88,4.35,4.23,4.45,4.05,4.12,5.28,5.73,3.9,6.64,4.68,5.63,5.3,4.14,3.29,2.66,3.7,3.86,3.57,3.42,3.93,4.25,1.59
5381,720,30,Murray Basin,1000,3.19,3.57,4.28,2.92,4.19,3.14,1.94,2.09,1.44,2.49,5.51,7.28,8.95,4.35,3.05,2.73,3.56,4.75,7.37,7.17,6.25,3.91,2.79,3.08
5382,720,30,Murray Basin,1000,2.65,6.09,7.13,4.94,3.26,4.69,3.65,4.17,5.26,2.61,4.99,7.29,8.42,5.16,2.72,3.27,3.73,2.88,3.8,2.88,2.99,2.15,2.84,2.43
5383,720,30,Murray Basin,1000,2.54,3.2,6.22,8.97,7.76,7.67,6.63,1.48,1.53,8.21,5.78,1.95,0.6,2.1,2.43,4.27,3.16,4.51,4.7,4.49,3.51,3.87,2.24,2.18
5384,720,30,Murray Basin,1000,0.87,0.92,0.78,0.76,0.5,0.63,2.66,2.5,3.35,4.1,7.24,7.9,8.16,12.77,11.39,7.86,6.34,5.48,6.88,3.28,1.95,1.61,0.85,1.22
5385,720,30,Murray Basin,1000,3.33,2.51,2.31,2.7,2.8,3.15,3.3,4.06,5.97,6.42,4.89,4.64,4.24,5.21,4.08,4.04,4.52,5.82,4.16,4.86,5,3.01,4.25,4.73
5386,720,30,Murray Basin,1000,3.09,3.27,22.65,21.99,6.68,2.8,2.6,1.83,2.36,0.76,2.55,5.11,11.92,4.67,0.04,0.1,0.04,0.13,0.69,0.06,0,0.1,0.63,5.93
5387,720,30,Murray Basin,2500,2.62,2.91,2.13,2.15,2.88,2.63,2.8,3.49,3.85,4.64,4.86,5.57,6.35,7.06,6.56,5.99,5.57,4.95,4.82,3.84,3.68,4.92,3.32,2.41
5388,720,30,Murray Basin,2500,0.76,1.65,4.91,8.82,4.2,4.74,2.68,1.32,2.81,3.44,4.41,5.78,5.46,2.42,3.07,7.35,2.65,4.74,5.49,6.27,5.94,7.34,2.22,1.53
5389,720,30,Murray Basin,2500,3.14,3.63,3.62,3,4.61,3.6,2.78,2.78,1.56,2.19,4.89,7.17,8.62,5.5,3.85,4.2,4.29,5.82,6.83,5.73,4.79,3.02,2.05,2.33
5390,720,30,Murray Basin,2500,3.01,1.82,4,5.82,6.04,7.62,5.86,4.81,4.07,4.57,4.4,5.72,4.92,5.08,4.73,5.32,4.85,3.14,2.44,3.19,1.85,4.62,1.47,0.65
5391,720,30,Murray Basin,2500,2.36,3.4,3.58,4.01,4.49,4.26,4.75,4.57,4.31,5.19,5.59,3.78,4.5,5.19,3.96,5.23,6.09,5.21,5.4,6.71,4.24,2.13,0.58,0.47
5392,720,30,Murray Basin,2500,3.27,3.54,4.31,3.79,3.89,3.68,4.04,4.89,5.28,3.59,6.34,4.57,5.93,5.18,4.22,3.36,2.91,3.83,4,3.78,3.7,4.92,5.02,1.96
5393,720,30,Murray Basin,2500,2.88,3.49,6.38,7.44,7.33,6.62,5.27,5.29,5.84,3.89,3.85,5.07,6.06,5.67,4.69,4.08,2.83,1.55,0.99,0.52,0.99,2.59,3.39,3.29
5394,720,30,Murray Basin,2500,0.7,0.95,6.81,10.43,2.6,1.97,1.31,0.35,0.19,0.31,0.23,0.93,2.8,4.93,16.56,21.51,3.97,3.03,3.03,2.88,8.33,3.06,2.84,0.28
5395,720,30,Murray Basin,2500,3.32,2.7,2.52,2.84,2.72,2.84,3.17,4.21,5.91,6.22,4.81,4.59,4.34,5,4.08,4.17,4.63,5.66,4.42,5.12,4.73,3.17,4.24,4.59
5396,720,30,Murray Basin,2500,2.32,2.18,2.35,3.34,5.64,7.47,6.69,7.82,6.99,2.25,1.94,8.64,5.27,1.86,0.75,2.42,2.71,4.51,3,5.2,5.16,4.44,3.54,3.51
5397,720,30,Murray Basin,5000,1.97,1.93,2.78,2.53,2.63,3.18,3.55,4.55,4.87,5.5,6.27,6.96,6.58,6.19,5.63,5.17,5.62,4.33,4.08,5.27,4.02,2.94,2.13,1.32
5398,720,30,Murray Basin,5000,3.09,2.2,2.85,2.23,3.24,2.85,1.68,2.45,2.11,2.77,2.18,3.18,3.31,3.27,3.81,4.96,5.43,8.38,11.57,8.6,4.75,4.59,5.06,5.44
5399,720,30,Murray Basin,5000,0,0,0.19,0.11,1.22,7.13,1.71,7.78,4.07,10.13,19.84,4.32,6.24,3.48,3.09,8.97,13.38,5.45,2.52,0.3,0.01,0.03,0.03,0
5400,720,30,Murray Basin,5000,1.73,1.83,4.24,7.21,2.42,3.02,1.91,1.4,2.18,4.07,5.45,6.37,6.97,4,4.7,7.22,4.87,4.25,5.41,4.45,4.78,6.23,2.83,2.46
5401,720,30,Murray Basin,5000,2.72,2.52,2.42,2.74,2.63,3.15,3.21,3.74,4.22,4.18,4.59,4.61,4.04,5.41,5.4,4.56,4.6,5.87,5.29,5.35,4.91,4.33,4.47,5.04
5402,720,30,Murray Basin,5000,3.64,3.58,5.49,4.25,3.38,3.26,2.02,2.52,5.17,7.39,8.89,6.12,5.17,4.77,4.59,5.68,6.37,5.05,3.99,2.79,1.94,2,1.43,0.51
5403,720,30,Murray Basin,5000,3.71,4.02,3.72,3.97,5.99,4.89,5.58,4.47,3.68,4.65,3.95,7.57,5.99,4.63,3.07,1.75,2.26,5.2,6.39,4.65,2.7,2.62,1.96,2.58
5404,720,30,Murray Basin,5000,3.07,3.63,4.05,3.91,3.62,3.24,3.86,4.92,5.6,3.69,6.33,4.35,5.38,4.69,4.18,3.48,3.03,3.81,3.96,3.83,4.09,5.9,5.11,2.27
5405,720,30,Murray Basin,5000,1.82,2.15,3.01,2.47,2.4,2.96,2.26,1.99,3.36,3.76,5.06,5.69,6.11,5.23,4.77,4.6,4.8,4.49,5.03,6.17,6.57,6.1,5.24,3.96
5406,720,30,Murray Basin,5000,2.43,2.4,2.87,5.33,8.61,5.28,4.8,7.57,4.39,5.95,6.75,4.66,2.27,0.99,2.11,4.16,4.26,4.7,0.52,0.29,8.45,3.64,4.83,2.74
5407,720,30,Murray Basin,10000,2.79,2.09,2.59,2.19,3.64,3.01,1.88,2.39,2.25,2.6,2.48,3.3,3.26,3.68,3.57,4.76,5.11,8.5,10.89,8.06,4.62,4.84,5.29,6.21
5408,720,30,Murray Basin,10000,1.59,1.73,2.1,2.29,1.61,1.68,2.27,2.2,2.39,2.88,3.39,4.35,4.96,5.97,7.3,7.41,7.07,6.65,5.88,5.69,5.96,4.58,4.62,5.43
5409,720,30,Murray Basin,10000,2.81,2.62,2.54,2.82,2.62,3.23,3.31,3.89,4.32,4.28,4.68,4.7,4.12,5.38,5.34,4.61,4.64,5.74,5.2,5.3,4.93,4.04,4.19,4.69
5410,720,30,Murray Basin,10000,2.1,2.22,2.96,3.72,3.54,3.62,5.44,4.32,3.31,3.33,2.24,2.46,4.71,6.58,8.24,5.83,5.09,4.66,4.38,5.31,5.49,4.48,3.42,2.55
5411,720,30,Murray Basin,10000,3.91,4.02,3.69,3.86,5.57,4.79,5.44,4.29,3.62,4.65,4.46,7.81,6.19,4.7,3.12,1.96,2.78,5.03,6.03,4.29,2.7,2.64,2.03,2.42
5412,720,30,Murray Basin,10000,0,0,0.43,0.17,1.28,5.35,1.45,7.16,5.21,8.63,14.93,5.12,6.17,4.43,3.24,8.17,13.29,5.99,4.1,3.63,0.4,0.65,0.11,0.09
5413,720,30,Murray Basin,10000,2.59,3.14,3.21,3.57,3.58,4.16,5.39,3.27,4.42,4.33,1.57,5.55,5.94,2.49,2.69,4.43,4.98,4.82,4.07,6.12,5.37,5.54,4.88,3.89
5414,720,30,Murray Basin,10000,9.49,6.01,7.18,3.16,3.33,5.94,2.84,4.15,4.73,2.91,2.92,4.12,4.33,3.49,4.61,5.3,2.18,2.84,2.79,5.33,1.67,3.3,5.92,1.46
5415,720,30,Murray Basin,10000,2.81,2.55,3.41,5.03,8.35,6.95,6.06,9.11,6.99,6.6,6.47,4.84,3.93,2.06,2.08,3.12,3.02,3.41,0.46,0.42,5.2,2.45,3.05,1.63
5416,720,30,Murray Basin,10000,2.36,4.72,6.78,5.22,6.05,3.79,4.01,7.69,4.64,4.76,5.43,5.37,5.18,5.15,2.27,2.18,1.86,2.21,2.77,3.44,4.59,3.43,3.23,2.87
5417,720,30,Murray Basin,20000,3.61,2.13,1.91,2.47,2.55,2.58,2.77,3.59,3.06,2.49,2.94,4.28,3.24,3.07,5.96,6.91,7.5,7.97,5.26,4.72,6.12,5.04,6.74,3.09
5418,720,30,Murray Basin,20000,2.92,2.44,3.85,3.15,2.06,2.55,2.42,2.93,3,3.47,3.52,4.12,3.33,4.66,5.05,7.14,8.65,6.41,4.02,5.49,5.88,6.99,3.02,2.93
5419,720,30,Murray Basin,20000,2.32,2.59,2.94,3.6,3.7,3.23,3.68,3.51,3.32,4.47,4.09,4.51,4.4,4.66,6.09,6.23,6.12,5.31,4.21,4.47,4.4,4.12,4.13,3.9
5420,720,30,Murray Basin,20000,3.14,3.87,3.88,3.98,5.4,4.41,3.31,4.24,3,2.42,4.06,5.55,7.35,5.78,4.86,5.01,4.62,5.65,5.06,4.59,3.5,2.62,1.9,1.8
5421,720,30,Murray Basin,20000,2.73,2.06,0.99,2.4,3.87,5.65,4.27,3.76,5.83,7.58,2.51,2.03,3.22,3.19,3.37,2.92,4.11,6.2,7.91,6.77,6.5,3.7,4.93,3.5
5422,720,30,Murray Basin,20000,2.93,3.34,3.23,4.87,7.68,6.45,6.25,9,5.73,7.23,7.68,5.21,4.4,2.41,2.29,3.37,3.15,2.63,0.62,0.57,4.83,1.82,2.49,1.82
5423,720,30,Murray Basin,20000,4.3,2.97,2.78,3.34,3.46,5.15,6.95,5.98,5.42,4.59,4.35,4.1,4.52,5.13,3.88,4.97,4.14,3.49,3.36,3.6,3.93,3.15,3.15,3.29
5424,720,30,Murray Basin,20000,3.04,3.52,4.46,2.38,4.01,4.16,2.01,6.18,6.13,2.69,2.53,4.55,4.8,5.46,4.62,6.04,5.05,6.34,5.55,4.12,3.74,2.28,2.83,3.51
5425,720,30,Murray Basin,20000,3.69,3.48,3.62,3.46,4.38,4.02,4.04,3.62,4.34,4.42,5.74,5.76,4.92,4.63,4.96,4.98,5.09,3.75,3.58,4.72,4.78,2.53,2.32,3.17
5426,720,30,Murray Basin,20000,2.14,4.96,1.49,7.86,5.95,8.86,12.59,5.42,5.93,4.49,3.93,7.8,11.82,5.35,3.95,3.73,1.36,1.15,0.56,0.51,0.11,0.04,0,0
5427,720,30,Murray Basin,40000,4.15,2.53,2.12,2.74,2.54,2.61,2.87,3.52,2.77,2.69,2.86,4.58,3.51,3.6,6.14,6.51,7.49,7.77,5.1,4.48,5.71,4.71,6.01,2.99
5428,720,30,Murray Basin,40000,2.9,3.16,3.32,3.95,4.16,3.83,4.11,3.58,3.76,3.88,4.42,5.52,6.23,6.47,6.46,6.07,5.88,4.96,3.58,3.45,3.06,2.7,2.37,2.18
5429,720,30,Murray Basin,40000,2.83,3.24,3.17,4.6,7.01,6.28,6.45,8.5,5.74,7.16,7.96,6,5.15,3.32,2.83,3.45,3.32,2.31,0.62,0.67,4.1,1.6,2.11,1.58
5430,720,30,Murray Basin,40000,3.34,2.78,2.74,3.08,2.8,3.96,5.21,4.57,4.5,4.7,5.11,5.28,4.96,4.8,4.68,4.87,4.52,4.4,4.33,4.55,4.03,3.79,3.6,3.4
5431,720,30,Murray Basin,40000,0.59,0.84,1.67,1.06,1.46,1.29,3.23,4.38,5.61,2.78,2.9,2.36,7.41,14.19,11.56,8.01,7.74,5.49,5.45,4.8,3.07,2.4,1,0.71
5432,720,30,Murray Basin,40000,2.58,2.05,2.47,2.49,1.88,2.41,2.91,3.25,3.59,5.43,5.49,5.3,5.32,4.67,3.59,5.28,6.36,7.16,6.12,5.43,5.32,4.29,3.91,2.7
5433,720,30,Murray Basin,40000,3.02,3.16,3.98,3.18,3.96,3.83,4.09,6.83,4.53,2.57,3.86,4.19,6.17,5.6,6.4,6.36,5.25,7.06,4.59,3.64,2.59,2.02,1.6,1.52
5434,720,30,Murray Basin,40000,3.46,2.61,5.32,7.97,6.81,8.02,6.49,5.09,5.37,3.45,2.69,2.07,3.06,2.41,2.18,2.48,3.66,5.37,4.07,3.58,4.42,5.69,2.03,1.7
5435,720,30,Murray Basin,40000,3.28,1.51,4.51,4.72,3.23,3.67,4.77,4.84,7.91,7.16,6.42,6.72,6.16,4.3,4.21,3.23,7.09,3.98,3.72,3.47,2.21,1.4,0.98,0.51
5436,720,30,Murray Basin,40000,0.29,0.72,4.3,4.27,1.22,1.15,6.72,6.31,5.66,7.75,6.24,5.28,6.41,5.4,5.86,4.49,4.78,5.59,5.4,5.04,2.4,2.71,1.1,0.91
5437,1080,60,Murray Basin,100,0.49,2.09,4.33,3.9,4.27,6.12,4.53,5.85,6.5,8.14,8.81,11.49,9.94,7.46,5.37,4.88,3.72,2.11
5438,1080,60,Murray Basin,100,2.47,2.24,3.08,3.1,3.71,4.43,3.17,3.25,5.17,5.1,5.72,8.68,8.95,9.06,4.13,3.52,12.67,11.55
5439,1080,60,Murray Basin,100,4.21,2.6,2.85,6.55,6.67,7.41,10.46,6.17,9.29,5.88,7.14,5.51,2.63,3.58,4.49,5.6,3.47,5.49
5440,1080,60,Murray Basin,100,2.88,2.54,2.86,4.43,5.97,1.41,7.45,10.67,12.17,6.69,7.45,6.24,8.26,8,2.05,2.42,3.67,4.84
5441,1080,60,Murray Basin,100,2.21,1.64,0.75,4.46,16.55,6.72,7.24,9.99,8.32,13.12,5.28,4,3.72,5.08,2.89,3.55,3.29,1.19
5442,1080,60,Murray Basin,100,1.5,4.76,3.2,2.35,5,11.61,9.92,8.41,5.07,8.37,10.23,7.61,10.19,4.36,3.14,1.97,1.98,0.33
5443,1080,60,Murray Basin,100,4,6.43,6.69,4.37,6.05,4.92,3.74,4.13,4,2.55,5.43,4.83,4.44,7.79,10,8.94,7.84,3.85
5444,1080,60,Murray Basin,100,1.39,2.11,6.98,6.29,3.04,4.08,5.37,7.17,11.17,10.42,7.29,5.52,5,3.53,6.91,3.53,4.32,5.88
5445,1080,60,Murray Basin,100,34.13,6.6,5.65,0.22,1.49,1.43,4.06,7.87,3.21,5.23,10.25,0.6,0.25,0.14,0.68,16.82,1.34,0.03
5446,1080,60,Murray Basin,100,1.93,1.14,1.44,0.88,2.62,3.63,2.94,5.14,3.99,9.26,9.33,1.79,3.95,11.37,15.21,11.85,10.44,3.09
5447,1080,60,Murray Basin,200,0.47,2.05,4.33,3.92,4.23,6.06,4.5,5.82,6.47,8.06,8.8,11.5,9.93,7.53,5.49,4.88,3.77,2.19
5448,1080,60,Murray Basin,200,5.77,7.18,5.31,2.41,7.18,8.23,3.92,4.74,4.36,3.71,7.1,7.38,10.72,11.92,2.77,1.02,2.04,4.24
5449,1080,60,Murray Basin,200,2.54,2.22,3.01,3.23,3.94,4.47,3.4,3.28,5.07,5.56,5.75,8.43,9.34,8.63,3.67,3.99,12.55,10.92
5450,1080,60,Murray Basin,200,4.41,6.09,9.72,13.29,9.43,2.77,0.7,0.64,1.96,3.93,5.32,5.48,3.65,4.72,8.31,9.21,6.66,3.71
5451,1080,60,Murray Basin,200,4.24,2.67,2.84,6.49,6.57,7.42,10.37,6.06,9.16,6.15,7.18,5.57,2.71,3.42,4.31,5.49,3.7,5.65
5452,1080,60,Murray Basin,200,5.94,7.44,7.3,4.89,6.15,5.23,4.83,5.51,5.84,3.11,3.51,3.65,2.56,4.15,7.14,8.61,7.28,6.86
5453,1080,60,Murray Basin,200,3.58,13.47,5.75,6.29,8.04,7.41,12.47,6.39,4.47,4.88,5.23,4.56,4.18,4.23,2.99,2.93,1.52,1.61
5454,1080,60,Murray Basin,200,2.09,4.49,4.41,3.44,2.63,4.2,3.9,5.79,9.42,9.44,7.7,7.62,7.4,8.69,7.81,5.41,3.47,2.09
5455,1080,60,Murray Basin,200,1.19,1.89,6.48,5.87,2.89,3.73,4.74,6.5,11.24,11.26,7.32,5.35,5.49,4.36,7.48,3.52,4.32,6.37
5456,1080,60,Murray Basin,200,3.98,6.23,6.56,4.42,5.96,4.84,3.66,4.11,4,2.55,5.37,4.85,4.47,7.68,10.17,9.15,7.87,4.13
5457,1080,60,Murray Basin,500,0.58,1.88,4.16,3.98,4.3,5.78,4.03,5.62,5.96,7.72,8.72,11.21,10.01,7.69,5.98,5.37,4.41,2.6
5458,1080,60,Murray Basin,500,6.19,7.47,5.32,2.1,8.57,7.61,3.78,4.3,4.99,4.49,7.33,6.36,9.46,11.5,2.85,1.11,2.29,4.28
5459,1080,60,Murray Basin,500,7.13,4.23,4.42,5.08,3.86,3.03,3,3.89,3.68,3.32,3.82,3.65,6.93,9.96,17.63,5.92,5.37,5.08
5460,1080,60,Murray Basin,500,2.52,2.18,3.19,3.71,4.46,4.44,3.37,3.32,5.49,6.21,6.19,8.4,9.25,8.16,4.06,4.01,11.67,9.37
5461,1080,60,Murray Basin,500,3.83,4.41,9.6,13,9.14,5.63,5.62,4.62,6.07,6.71,3.52,6.29,2.39,0.72,3.24,3.62,5.1,6.49
5462,1080,60,Murray Basin,500,3.74,5.18,6.61,6.55,7.42,7.89,9.11,8.21,5.86,5.39,6.29,5.44,4.59,3.16,5.18,4.41,1.28,3.69
5463,1080,60,Murray Basin,500,5.96,7.21,6.98,5.2,6.51,5.64,4.92,6.22,6.02,3.04,3.48,3.76,2.83,3.72,6.64,8.25,7.2,6.42
5464,1080,60,Murray Basin,500,5.92,8.65,5.65,5.01,5.77,9.12,11.64,4.75,5.89,6.46,5.04,5.91,4.6,4.75,3.72,3.37,1.68,2.07
5465,1080,60,Murray Basin,500,4.89,6.73,9.74,11.47,9.15,2.62,1.12,0.73,1.87,3.94,5.15,5.29,3.59,4.57,7.93,9.32,7.24,4.65
5466,1080,60,Murray Basin,500,4.35,2.86,2.74,6.45,6.6,7.44,10.01,5.83,8.99,6.83,7.23,5.85,2.68,3.13,4.05,5.45,4.02,5.49
5467,1080,60,Murray Basin,1000,0.72,1.82,3.87,3.58,3.69,5.24,4.32,5.5,5.95,7.25,8.75,11.43,10.18,7.89,6.61,5.78,4.85,2.57
5468,1080,60,Murray Basin,1000,6.65,7.49,4.83,1.91,9.29,7.27,3.5,4.13,5.75,4.95,7.27,5.89,9.16,10.9,2.9,1.17,2.45,4.49
5469,1080,60,Murray Basin,1000,3.09,2.56,2.83,3.88,4.93,5.36,3.72,3.33,4.92,5.53,6.3,8.32,9.98,9.14,6.04,4.13,8.97,6.97
5470,1080,60,Murray Basin,1000,4.65,5.75,6.67,6.45,7.1,7.31,8.46,8.01,5.67,4.75,5.6,6.26,4.61,3.76,5.32,4.03,1.46,4.14
5471,1080,60,Murray Basin,1000,4.68,7.85,7.15,4.88,8.01,5.54,5.05,4.49,2.75,4.11,5.95,3.04,3.1,5.05,4.32,6.16,12.87,5
5472,1080,60,Murray Basin,1000,6.9,4.74,3.93,4.57,7.78,13,6.04,8.64,7.72,5.56,6.58,5.04,5.78,4.98,4.1,2.05,2.5,0.09
5473,1080,60,Murray Basin,1000,4.42,8.12,6.98,8.71,10.32,8.78,3.02,1.31,0.95,1.64,3.72,4.83,5.08,3.76,4.27,7.22,9.43,7.44
5474,1080,60,Murray Basin,1000,1.82,1.48,1.99,5.03,1.8,2.24,4.11,4.69,9.07,10.82,10.98,12.36,8.67,8.3,6.03,5.07,3.36,2.18
5475,1080,60,Murray Basin,1000,1.91,2.15,1.9,1.75,2.69,3.62,4.93,13.07,13.26,6.98,8.38,6.65,2.32,5.76,6.59,7.9,6.34,3.8
5476,1080,60,Murray Basin,1000,2.77,4.94,4.12,2.59,2.67,6.28,4.91,5.36,4.51,4.78,6.57,7.92,8.4,9.59,8.5,6.93,7.95,1.21
5477,1080,60,Murray Basin,2500,0.76,1.77,3.58,3.38,3.67,4.68,3.76,4.69,5.2,6.96,8.66,11.32,10.64,8.92,7.22,7,5.1,2.69
5478,1080,60,Murray Basin,2500,6.58,7.25,3.46,2.77,10.34,4.94,2.49,4.48,8.69,7.95,7.47,5.66,6.84,7.52,2.95,1.96,3.76,4.89
5479,1080,60,Murray Basin,2500,4.14,4.31,3.9,3.58,3.1,4.05,4.77,5.16,4.36,4.04,5.66,6.84,6.94,7.94,8.45,8.38,9,5.38
5480,1080,60,Murray Basin,2500,4.83,4.07,3.31,3.69,3.94,2.06,5.3,10.31,10.42,8.11,7.5,7.54,9.56,6.87,3.43,1.29,2.78,4.99
5481,1080,60,Murray Basin,2500,6.6,6.07,7.29,7.16,8.78,8.67,6.2,5.62,6.56,7.53,5.94,3.87,5.99,4.45,1.43,4.2,2.1,1.54
5482,1080,60,Murray Basin,2500,3.53,6.89,10,7.88,6.56,7.56,7.84,7.98,6.47,4.67,5.48,2.09,2.1,4.13,3.23,5.11,5.55,2.93
5483,1080,60,Murray Basin,2500,1.22,1.07,1.27,2.01,2.9,6.01,6.4,6.79,4.07,3.74,11.21,11.55,5.34,7.75,12.42,8.53,5.07,2.65
5484,1080,60,Murray Basin,2500,1.14,1.1,2.86,3.77,5.03,6.33,7.59,7.44,5.53,6.41,5.66,7.83,8.4,8.83,6.96,5.07,5.09,4.96
5485,1080,60,Murray Basin,2500,0.41,2.84,8.73,7.75,1.55,1.42,13.62,3.89,1.55,0.41,0.89,6.18,28.4,6.05,4.63,9.04,2.6,0.04
5486,1080,60,Murray Basin,2500,3.83,2.32,4.35,6.55,6.45,8.34,7.29,5.65,9.58,7.89,8.21,4.63,2.75,1.67,5.43,4.25,5.43,5.38
5487,1080,60,Murray Basin,5000,3.95,5.81,3.62,3.7,4.67,3.68,3.72,3.79,4.85,3.19,3.7,4.19,4.82,6.3,9.81,14.54,6.92,8.74
5488,1080,60,Murray Basin,5000,0.79,1.75,3.15,3.06,3.41,4.54,3.26,4.42,4.84,6.74,8.64,11.02,10.63,9,8.29,7.79,5.8,2.87
5489,1080,60,Murray Basin,5000,5.22,7.13,6.43,2.44,2.22,9.39,4.87,2.48,5.39,9.27,6.71,7.45,5.9,7.83,7.4,2.68,2.57,4.62
5490,1080,60,Murray Basin,5000,2.37,3.58,4.71,5.14,4.5,4.4,4.41,6.24,7.36,8.35,6.83,6.82,5.95,6.4,7.1,6.55,6.7,2.59
5491,1080,60,Murray Basin,5000,2.51,3.08,4.62,2.71,3.82,5.37,5.4,5.45,4.9,12.21,12.97,5.78,6.21,7.22,7.97,5.67,2.7,1.41
5492,1080,60,Murray Basin,5000,2.79,1.93,2.61,4.18,6.2,6.18,8.75,8.08,6.7,9.26,8.54,3.88,5.99,8.87,4.28,3.65,4.93,3.18
5493,1080,60,Murray Basin,5000,3.85,6.22,6.39,8.59,5.85,4.01,11.07,13.23,8.76,9.06,10.07,5.98,3.48,1.71,0.97,0.4,0.21,0.15
5494,1080,60,Murray Basin,5000,4.55,5.45,4.53,6.24,6.63,7.56,7.65,6.73,5.98,6.3,8.62,6.13,4.29,6.41,4.47,1.55,4.59,2.32
5495,1080,60,Murray Basin,5000,1.25,2.08,4.33,3.05,3.35,4.61,4.5,3.57,5.98,9.03,9.53,7.88,7.8,9.42,10.65,7.73,3.95,1.29
5496,1080,60,Murray Basin,5000,2.65,8.89,7.4,1.87,1.86,13.9,5.54,3.23,0.72,1,5.37,25.35,5.54,4.22,8.56,3.79,0.11,0
5497,1080,60,Murray Basin,10000,4.04,5.67,3.5,3.67,4.66,3.67,3.88,3.86,4.93,3.2,3.84,4.29,5.02,6.24,9.88,13.78,6.82,9.05
5498,1080,60,Murray Basin,10000,1.16,1.76,2.9,2.64,2.67,3.6,2.81,3.64,4.12,5.61,8.17,11.92,11.3,9.6,8.67,7.89,7.55,3.99
5499,1080,60,Murray Basin,10000,5.42,6.46,6.73,3.44,3.14,7.68,3.89,2.47,4.93,8.85,7.28,7.64,6.97,7.46,6.9,3.3,2.72,4.72
5500,1080,60,Murray Basin,10000,5.18,6.15,6.27,5.38,5.07,5.34,5.34,5.34,5.34,5.35,5.39,5.47,5.75,5.9,5.92,5.62,5.6,5.59
5501,1080,60,Murray Basin,10000,2.73,3.66,4.12,3.41,4.14,4.22,5.6,6.21,6.11,7.14,9,9.29,11.48,7.62,4.25,4.41,4.39,2.22
5502,1080,60,Murray Basin,10000,2.86,2.08,2.86,4.44,6.35,6.05,8.31,7.81,6.63,9.85,8.73,4.08,6.26,8.29,4.28,3.57,4.56,2.99
5503,1080,60,Murray Basin,10000,1.24,2.68,4.23,5.4,5.97,6.7,6.36,5.44,6.09,5.65,8.38,9.67,10.18,7.64,5.4,4.28,3.83,0.86
5504,1080,60,Murray Basin,10000,6.74,6.36,3.06,2.96,4.29,5.37,2.16,2.08,0.6,1.08,4.04,15.82,6.39,6.45,4.56,10.99,11.53,5.52
5505,1080,60,Murray Basin,10000,4.07,2.99,3.33,4.49,4.42,3.69,5.96,8.77,9.17,7.72,7.62,9.25,10.06,7.07,3.65,1.14,1.93,4.67
5506,1080,60,Murray Basin,10000,1.58,2.49,3.88,6,6.44,8.77,5.97,4.22,10.16,12.65,8.76,8.7,8.97,5.36,3.17,1.52,0.95,0.41
5507,1080,60,Murray Basin,20000,2.64,3.54,3.05,1.65,2.61,4.47,4.95,3.56,3.98,4.96,4.42,6.29,5.41,10.6,13.24,8.51,8.88,7.24
5508,1080,60,Murray Basin,20000,5.48,3.47,3.75,4.68,3.67,4.09,4.02,5.24,3.45,4,4.85,5.71,5.98,9.12,11.28,7.12,9.64,4.45
5509,1080,60,Murray Basin,20000,3.66,5.05,5.38,5.09,5.24,5.44,5.93,7.22,7.54,6.98,7.57,7.46,6.9,6.05,5.94,3.99,2.48,2.08
5510,1080,60,Murray Basin,20000,3.03,4.66,5.31,5.36,5.28,6.27,5.72,6.55,8.59,7.14,7.43,6.6,6.21,5.46,4.1,4.26,4.19,3.84
5511,1080,60,Murray Basin,20000,1.51,2.38,3.75,5.72,4.8,6.76,10.16,7.86,6.63,7.58,6.94,5.99,5.47,5.56,5.05,4.56,5.7,3.58
5512,1080,60,Murray Basin,20000,1.28,2.58,4.73,9.89,7.49,5.82,4,6.58,5.46,7.24,8.78,7.22,6.52,6.31,8.69,4.5,1.79,1.12
5513,1080,60,Murray Basin,20000,3.54,2.72,3.61,4.33,4.49,3.94,5.74,8.18,9.73,8.35,7.85,9.88,9.66,6.82,3.97,1,1.8,4.39
5514,1080,60,Murray Basin,20000,8.12,9.2,8.64,8.14,7.74,6.98,6.37,5.06,5.74,5.9,4.91,3.05,3.65,3.64,3.51,3.72,2.89,2.74
5515,1080,60,Murray Basin,20000,7.63,4.5,3.79,6.36,4.07,3.57,5.24,7.06,5.63,7.18,5.86,6.07,7.64,3.93,3.34,5.39,6.78,5.96
5516,1080,60,Murray Basin,20000,2.1,3.86,2.16,5.56,7.18,12.53,13.51,11.47,11.42,6.03,5.02,5.12,1.06,5.89,3.82,1.42,1.44,0.41
5517,1080,60,Murray Basin,40000,2.45,3.71,3.75,1.69,2.45,4.43,5.43,3.96,4.2,5.21,4.45,6.06,5.8,10.32,12.45,7.81,8.49,7.34
5518,1080,60,Murray Basin,40000,3.87,3.35,3.83,4.47,5.82,6.47,6.35,6.64,7.33,7.84,7.79,6.93,5.44,5.67,5.08,4.8,4.47,3.85
5519,1080,60,Murray Basin,40000,4.86,3.58,5.48,5.21,5.01,5.68,5.85,7.71,5.69,8.47,4.29,5.62,6.91,7.56,6.54,3.69,3.65,4.2
5520,1080,60,Murray Basin,40000,4.94,4.71,5.46,7.91,7.43,8.4,7.89,7.73,7.21,7.18,6.32,5.66,4.97,5.02,3.3,2.29,2.19,1.39
5521,1080,60,Murray Basin,40000,2.27,4.31,2.42,5.98,7.12,11.75,12.73,10.48,11.65,7.06,5.44,4.8,1.14,5.09,3.42,1.77,2.05,0.52
5522,1080,60,Murray Basin,40000,3.9,5.16,4.45,4.9,4.84,6.99,7.3,7.47,5.15,7.27,7.41,8.38,7.66,4.81,5.64,5.52,1.14,2.01
5523,1080,60,Murray Basin,40000,5.4,5.77,6.58,6.59,6.1,7.44,6.83,5.61,4.62,5.74,4.74,4.01,5.61,6.26,5.87,4.32,4.14,4.37
5524,1080,60,Murray Basin,40000,0.65,3.75,3.75,6.95,9.16,5.93,2.95,5.28,5.54,6.33,5.98,6.29,5.8,6.42,8.74,7.96,5.31,3.21
5525,1080,60,Murray Basin,40000,1.01,2.02,2.79,4.84,2.28,6.54,6.03,7.78,4.26,5.16,8.2,11.51,7.95,7.8,6.39,8.73,4.6,2.11
5526,1080,60,Murray Basin,40000,3.1,2.22,4.12,3.8,4.12,3.43,4.84,7.22,9.44,9.09,7.54,10.33,9.2,7.43,5.49,1.7,2.35,4.58
5527,1440,60,Murray Basin,100,0.88,2.69,2.52,2.66,3.39,2.44,2.17,1.95,2.53,2.62,3.22,3.81,2.85,2.79,4.29,4.49,4.84,7.27,7.9,7.52,3.2,3.29,10.83,9.85
5528,1440,60,Murray Basin,100,4.46,4.32,6.6,3.51,4.79,3.88,3.86,3.9,5.54,3.53,2.09,3.26,2.18,2.36,4.72,5.93,6.54,5.82,4.77,3.59,3.54,2.98,4.23,3.6
5529,1440,60,Murray Basin,100,2.08,1.76,1.34,2.48,2.95,3.6,1.31,4.2,6.46,6.02,7.31,7.81,5.98,7.16,6.31,6.22,2.96,2.22,2.23,5.92,3.65,4.41,3.29,2.33
5530,1440,60,Murray Basin,100,4.47,5.71,3.94,2.12,4.1,4.59,8.58,9.03,6.88,4.62,4.22,3.36,3.43,5.35,2.36,5.06,2.79,0.34,2.01,3.3,4.15,5.5,2.01,2.08
5531,1440,60,Murray Basin,100,1.88,2.55,2.62,2.35,3.55,6.28,2.1,1.74,10.15,11.36,7.96,7.45,5.78,6.89,7.67,4.51,1.51,2.64,3.79,4.14,0.18,0,1.62,1.28
5532,1440,60,Murray Basin,100,3.34,2.91,2.68,2.91,1.98,2.58,2.7,3.48,5.61,5.69,4.43,4.55,3.59,2.85,3.79,2.64,1.74,6.25,3.15,5.23,7.2,8.18,7.5,5.02
5533,1440,60,Murray Basin,100,0,0.1,1.19,1.35,1.82,1.89,9.73,12.75,6.91,6.48,8.57,11.1,9.84,4,3.01,4.64,3.82,3.04,3.61,2.08,0.9,1.68,0.99,0.5
5534,1440,60,Murray Basin,100,0.02,0.38,0.27,1.47,4.65,3.11,2.28,4.86,11.3,9.65,8.19,4.94,8.15,9.97,7.4,9.92,4.25,3.06,1.92,1.92,0.32,0.58,0.99,0.4
5535,1440,60,Murray Basin,100,3.25,6.58,6.44,5.89,6.91,10.14,12.27,3.94,5.69,1.22,0.6,0.01,0.03,0.36,2.84,1.78,3.94,6.77,6.15,5.01,2.46,2.16,2.38,3.18
5536,1440,60,Murray Basin,100,4.57,2.91,1.43,3.27,7.6,8.44,11.42,8.85,7.23,4.75,3.47,3.93,3.01,3.47,2.2,2.95,1.93,0.32,1.6,2.28,2.19,2.75,4.65,4.78
5537,1440,60,Murray Basin,200,1.18,3.27,5.91,5.01,3.44,3.63,7.87,5.76,3.06,3.89,4.23,2.71,6.36,7.81,12.82,4.7,1.68,1.06,3.44,2.73,1.09,0.95,3.32,4.08
5538,1440,60,Murray Basin,200,0.96,2.81,2.59,2.67,3.38,2.55,2.17,1.89,2.55,2.75,3.36,3.79,2.89,2.79,4.31,4.72,4.89,7.17,7.95,7.34,3.12,3.4,10.67,9.28
5539,1440,60,Murray Basin,200,4.84,4.39,7.11,3.8,5.12,4.1,3.86,3.94,5.2,3.44,1.98,3.32,2.22,2.19,4.45,5.92,6.52,5.67,4.62,3.53,3.29,2.81,4.1,3.58
5540,1440,60,Murray Basin,200,3.98,5.28,3.65,2.12,3.54,3.97,8.05,9.65,7.06,4.66,4.63,3.59,4.2,5.45,2.61,5.22,2.48,0.46,2.4,3.15,4.19,5.39,2.11,2.16
5541,1440,60,Murray Basin,200,2.01,1.9,1.39,2.51,3.02,3.52,1.43,4.17,6.41,5.94,7.4,7.59,5.8,7.29,6.33,6.35,3.05,2.22,2.08,5.7,3.57,4.47,3.47,2.38
5542,1440,60,Murray Basin,200,1.07,0.17,0.37,0.9,6.6,7.34,9.61,13.88,5.7,0.64,0.57,0.58,3.27,4.61,5.61,4.38,4.43,5.47,9.47,6.45,6.18,1.57,0.23,0.9
5543,1440,60,Murray Basin,200,0.07,0.85,1.55,1.36,1.5,7.72,10.64,5.84,5.26,7.26,9.88,10.59,4.06,3.98,5.25,4.44,4.49,4.15,3.47,2.25,2.65,1.37,1.37,0
5544,1440,60,Murray Basin,200,3.33,2.93,2.68,2.91,1.99,2.58,2.71,3.5,5.64,5.68,4.46,4.57,3.6,2.87,3.79,2.65,1.77,6.14,3.2,5.11,7.23,8.25,7.38,5.03
5545,1440,60,Murray Basin,200,1.24,2.5,3.14,3.79,2.51,3.63,4.35,4.06,6.77,8.21,7.83,7.45,7.15,8.15,8.24,6.92,4.06,3.55,1.44,2.14,1.48,0.25,0.41,0.73
5546,1440,60,Murray Basin,200,2.12,0.46,1.34,1.3,0.06,6.64,1.36,2.15,13.38,0.09,1.39,0.93,4.34,8.37,3.16,12.55,11.82,4.57,6.32,5.97,4.95,4.41,1.89,0.43
5547,1440,60,Murray Basin,500,3.14,3.19,3.61,3.65,4.34,6.74,3.67,4.31,4.4,3.44,2.97,3.35,3.7,2.94,3.49,3.81,2.7,4.05,5.64,6.73,4.35,6.69,6.8,2.29
5548,1440,60,Murray Basin,500,1.5,3.59,6.44,5.14,3.17,3.73,8.37,5.38,2.97,3.79,5.15,3.22,6.12,6.91,10.77,5.61,1.68,1.12,3.58,2.89,1.4,1.25,2.91,3.31
5549,1440,60,Murray Basin,500,3.64,4.51,3.05,2.32,3.39,4.61,9.13,10.24,7.26,4.53,3.92,3.31,4.52,5.07,3.17,4.75,1.68,0.53,2.4,3.08,4.24,5.15,2.38,3.12
5550,1440,60,Murray Basin,500,1.07,2.82,2.73,2.84,3.4,2.67,2.22,1.91,2.59,3.06,3.85,3.83,2.92,2.84,4.57,5.26,5.16,7.09,8.08,6.76,3.27,3.55,9.71,7.8
5551,1440,60,Murray Basin,500,4.98,4.13,7.19,4.12,5.18,4.68,4,4.23,5.67,3.53,1.82,3.31,2.41,2.24,4.01,5.88,6.53,5.62,4.34,3.29,2.76,2.63,4.01,3.44
5552,1440,60,Murray Basin,500,1.93,2.12,1.66,2.86,3.44,3.4,1.74,3.96,6.38,5.84,7.47,7.16,5.45,7.67,6.16,5.96,3.14,2.09,1.83,5.58,3.84,4.65,3.33,2.34
5553,1440,60,Murray Basin,500,1.19,2.68,3.83,5.54,6.35,5.73,8.14,7.73,7.22,6.52,4.55,5.81,5.14,5.58,2.11,3.83,5.51,1.8,2.73,2.61,1.02,2.03,1.03,1.32
5554,1440,60,Murray Basin,500,0.21,1.1,1.53,1.41,1.13,5.59,8.19,5.35,4.74,5.46,8.63,11.01,4.49,5.57,6.11,4.76,5.6,4.36,4.5,3.51,3.19,1.59,1.95,0.02
5555,1440,60,Murray Basin,500,0.73,0.46,1.24,5.22,8.49,7.08,9.55,11.35,4.34,0.55,0.85,0.7,2.66,4.41,5.02,4.19,4.02,5.08,8.89,6.54,6.01,1.75,0.16,0.71
5556,1440,60,Murray Basin,500,1.15,2.28,1.62,3.31,1.92,5.02,4.04,4.77,6.11,5.81,7.47,7.9,7.17,8.23,8.55,8.22,5.14,2.82,0.93,2.12,3.31,0.78,0.65,0.68
5557,1440,60,Murray Basin,1000,0.28,0.42,0.42,0.62,0.97,0.8,1.59,3.7,3.81,3.96,5.31,4.05,5.23,5.25,6.53,8.24,10.91,9.74,7.73,6.44,5.5,5.11,2.97,0.42
5558,1440,60,Murray Basin,1000,1.36,2.09,5.65,6.58,4.45,1.81,8.06,6.17,3.12,3.52,4.71,4.43,6.48,5.15,7.57,9.53,2.6,1.07,2.16,3.82,2.47,1.47,1.83,3.9
5559,1440,60,Murray Basin,1000,1.06,2.77,2.67,2.85,3.55,2.84,2.58,2.11,2.36,3.22,4.11,4.46,3.14,2.79,4.09,4.59,5.12,7.15,8.6,7.56,4.42,3.56,8.16,6.24
5560,1440,60,Murray Basin,1000,2.18,4.19,5.2,6.02,5.82,6.42,6.6,7.65,7.24,5.12,4.29,5.06,5.66,4.17,3.4,4.81,3.65,1.32,3.74,1.64,1.51,2.01,1,1.3
5561,1440,60,Murray Basin,1000,2.83,2.1,2.24,2.15,3.79,4.4,4.38,5.41,5.27,4.37,5.33,4.98,4.27,4.93,4.45,2.45,2.79,4.13,3.87,3.88,5.48,6.3,5.4,4.8
5562,1440,60,Murray Basin,1000,3.16,2.62,3.11,4.91,7.58,6.73,4.02,6.91,4.83,4.33,3.96,2.51,3.46,4.67,2.53,2.86,4.11,3.45,6.04,11.39,4.01,1.07,1.14,0.6
5563,1440,60,Murray Basin,1000,0.57,1.49,4.03,7.43,6.38,7.98,9.44,8.03,2.76,1.2,0.87,1.5,3.41,4.42,4.65,3.44,3.91,6.61,8.63,6.81,4.47,0.97,0.42,0.58
5564,1440,60,Murray Basin,1000,2.3,1.1,0.53,2.93,5.88,3.98,2.95,4.54,7.06,12.74,4.73,6.95,6.42,5.45,6.51,4.74,5.57,5.1,4.78,2.44,3.03,0.04,0,0.23
5565,1440,60,Murray Basin,1000,3.58,4.23,3.54,3.89,6.68,5.2,5.41,2.48,3.07,2.91,6.74,6.43,4.15,4.2,2.88,2.87,5.87,4.57,5.41,3.47,3.47,2.72,4.66,1.57
5566,1440,60,Murray Basin,1000,0.78,0.42,1.16,1.13,1.93,1.48,1.87,4.49,1.91,2.13,3.56,4.32,7.51,9.72,9.32,10.62,7.69,7.97,5.4,4.34,3.04,2.57,3.63,3.01
5567,1440,60,Murray Basin,2500,0.26,0.35,0.38,0.64,0.92,0.73,1.72,3.47,3.27,3.55,4.53,3.64,4.55,5.04,6.73,8.39,10.96,10.31,8.65,6.99,6.78,4.94,2.6,0.6
5568,1440,60,Murray Basin,2500,2.12,3.19,5.91,6.19,2.8,1.73,9.34,4.57,2.17,3.62,7.13,6.36,6.32,4.32,5.99,7.14,2.56,1.52,3.12,4.26,3.5,2.09,2.46,1.59
5569,1440,60,Murray Basin,2500,3.48,5.11,3.48,2.19,3.19,3.71,6.93,8.9,6.79,5.11,5.6,5.46,5.55,5.08,3.13,4.24,1.63,1.3,3.21,2.68,4.17,4.63,2.24,2.19
5570,1440,60,Murray Basin,2500,3.94,3.22,2.79,2.42,2.78,3.82,4.81,4.75,3.28,3.07,4.84,5.55,6.11,7.67,8.87,8,5.99,4.18,8.24,5.22,0.29,0.05,0.01,0.1
5571,1440,60,Murray Basin,2500,2.43,1.8,2.91,3.68,3.33,2.08,3.76,5.88,5.73,7.39,6.29,4.8,8.08,6.5,6.54,3.66,2.16,1.43,4.91,3.84,4.85,4.14,2.53,1.28
5572,1440,60,Murray Basin,2500,3.86,4.55,5.44,4.91,6.05,5.82,7.33,7.47,5.38,5,5.83,6.92,5.42,3.42,5.26,3.93,1.19,3.65,1.84,1.31,1.71,1.13,1.32,1.26
5573,1440,60,Murray Basin,2500,1.28,2.17,1.48,1.99,3.37,5.14,6.22,9.47,8.25,6.17,6.97,7.31,3.08,5.4,9.54,3.74,3.62,5.47,3.45,0.49,0.17,0.84,2.53,1.85
5574,1440,60,Murray Basin,2500,0.48,1.23,1.05,1.02,2.64,3.47,4.65,5.84,7.01,6.86,5.1,5.92,5.23,7.23,7.76,8.15,6.42,4.69,4.69,4.58,0.78,1.7,2.15,1.35
5575,1440,60,Murray Basin,2500,0,0.03,0.08,0.08,0.69,2.38,4.67,3.94,3.2,3.57,3.82,1.99,5.13,9.97,10.07,7.85,7.25,7.29,9.25,6.65,3.31,1.26,2.69,4.83
5576,1440,60,Murray Basin,2500,2.93,2.25,1.07,3.95,6.77,4.59,4.02,4.64,7.34,11.81,5.78,7.74,6.43,4.94,5.38,4.85,4.68,3.86,3.19,1.77,1.65,0.25,0.01,0.1
5577,1440,60,Murray Basin,5000,1.38,2.2,2.85,2.96,3.66,3.13,3.31,4.88,3.03,3.11,3.91,3.08,3.12,3.18,4.07,2.67,3.1,3.52,4.04,5.27,8.23,12.18,5.8,7.32
5578,1440,60,Murray Basin,5000,1.6,2.04,4.4,5.98,5.4,2.05,1.87,7.89,4.09,2.08,4.53,7.78,5.63,6.26,4.96,6.57,6.21,2.24,2.16,3.88,5.06,3.38,2.18,1.76
5579,1440,60,Murray Basin,5000,2.15,2.39,2.92,2.93,2.25,1.58,2.03,3.08,4.04,4.41,3.86,3.77,3.79,5.35,6.31,7.16,5.86,5.85,5.1,5.49,6.1,5.62,5.74,2.22
5580,1440,60,Murray Basin,5000,0.31,0.29,0.6,0.93,1.03,1.7,2.99,2.8,2.89,3.8,2.93,3.83,4.08,5.47,7.75,11.27,10.86,9.17,8.07,7.14,7.04,3.69,1.17,0.19
5581,1440,60,Murray Basin,5000,0,2.58,0.52,3.73,6.84,16.36,9.72,3.68,3.4,3.56,4.21,4.35,2.45,1.82,0.82,1.42,2.79,0.95,2.58,4.38,6.05,5.82,5.69,6.28
5582,1440,60,Murray Basin,5000,4.73,5.89,5.08,4.94,5.68,6.72,6.55,5.78,5.59,4.01,1.34,2.1,3.2,2.81,4.02,3.49,2.37,2.7,2.41,4.4,5.51,4.72,2.91,3.05
5583,1440,60,Murray Basin,5000,3.24,2.6,2.6,4.59,7.61,6.43,5.25,7.07,4.06,3.72,3.37,2.29,3.02,4.61,2.91,3.42,4.33,3.87,6.24,10.74,4.72,1.09,1.03,1.19
5584,1440,60,Murray Basin,5000,0.02,0.03,0.08,0.21,1.19,1.94,4.02,2.83,3.11,4.28,4.18,3.31,5.55,8.39,8.85,7.31,7.25,8.74,9.89,7.18,3.67,1.19,2.06,4.72
5585,1440,60,Murray Basin,5000,0.11,0.1,0.53,0.81,1.62,1.38,1.06,3.06,4.62,4.91,5.86,6.13,7.24,5.54,6.84,5.67,7.05,6.5,7.48,6.91,4.33,5.71,5.7,0.84
5586,1440,60,Murray Basin,5000,0.31,1.06,3.36,5.41,5.77,5.91,4.94,5.38,6.01,7.8,6.03,5.12,3.36,1.58,0.3,0.02,0.55,2.58,7.42,5.22,8.37,3.58,5.72,4.2
5587,1440,60,Murray Basin,10000,2.84,3,3.72,3.12,3.34,4.69,2.9,3.04,3.86,3.04,3.21,3.2,4.08,2.65,3.18,3.55,4.16,5.17,8.18,11.41,5.65,7.49,3.51,1.01
5588,1440,60,Murray Basin,10000,1.39,2.14,4.48,6.16,5.41,2.6,2.1,6.39,3.49,2.19,4.2,7.14,5.85,6.97,5.59,6.43,6.14,2.65,2.42,3.7,4.77,3.63,2.34,1.82
5589,1440,60,Murray Basin,10000,0.3,0.26,0.57,0.93,1.1,1.69,2.79,2.54,2.57,3.47,2.71,3.5,3.97,5.41,7.88,11.49,10.89,9.25,8.37,7.61,7.28,3.84,1.38,0.2
5590,1440,60,Murray Basin,10000,3.52,3.07,3.46,3.69,5,5.62,5.39,6.84,8.55,8.23,8.74,4.87,3.47,3.62,3.45,2.08,2.13,2.33,1.94,1.97,3.03,3.49,3,2.51
5591,1440,60,Murray Basin,10000,1.8,3.31,2.47,3.34,3.08,1.76,2.46,3.92,4.31,3.79,5.78,6.91,3.16,3.84,4.07,4.23,4.78,7.2,5.95,3.3,2.15,3.65,9.32,5.42
5592,1440,60,Murray Basin,10000,0.01,5.85,1.38,4.78,7.31,13.71,8.95,4.55,3.19,3.34,3.97,3.88,2.23,1.6,0.78,1.35,2.73,0.92,2.67,4.47,6.14,5.22,5.1,5.87
5593,1440,60,Murray Basin,10000,0.53,1.63,2.7,1.96,2.72,4.21,6.01,5.73,7.87,7.41,6.28,9.33,8.28,3.86,5.94,7.86,4.06,3.39,4.31,2.83,0.55,0.24,0.62,1.68
5594,1440,60,Murray Basin,10000,1.43,0.87,0.95,1.38,3.33,5.41,7.7,9.47,8.09,7.08,8.15,7.77,5.69,3.9,2.47,4.1,5.08,2.71,2.31,2.05,3.72,2.71,2.66,0.97
5595,1440,60,Murray Basin,10000,1.78,7.9,5.49,0.5,0.27,0.28,0.85,0.97,0.75,1.76,0.31,5.5,11.42,7.62,6.82,5.15,5.62,5.18,5.76,7.3,3.69,5.98,3.66,5.44
5596,1440,60,Murray Basin,10000,1.3,4.26,6.09,1.99,1.46,2.87,5.56,3.8,3.2,4.51,2.71,4.46,5.35,11.7,10.7,3.96,6.08,5.89,5.54,3.62,1.86,1.09,0.41,1.59
5597,1440,60,Murray Basin,20000,0.21,1.21,2.2,2.42,3.25,2.81,1.52,2.39,4.11,4.54,3.26,3.66,4.55,4.06,5.77,4.95,9.72,12.15,7.81,8.15,6.64,2.95,1.26,0.41
5598,1440,60,Murray Basin,20000,2.54,2.85,3.13,3.99,3,3.34,4.26,2.65,2.86,3.6,2.79,3.36,3.11,4.29,2.84,3.15,3.72,4.78,5.28,7.99,10.35,5.65,7.56,2.91
5599,1440,60,Murray Basin,20000,2.58,3.02,3.31,3.25,2.67,2.95,3.4,4.62,5.17,4.86,5.36,6.38,6.38,6.82,5.93,5.02,5.13,4.92,4.97,4.16,3.55,2.59,1.64,1.32
5600,1440,60,Murray Basin,20000,2.59,2.38,3.49,2.55,3.92,4.47,4.5,4.44,5.27,4.8,5.5,7.21,6,6.23,5.54,5.22,4.59,3.44,3.58,3.53,3.22,2.96,2.33,2.24
5601,1440,60,Murray Basin,20000,4.15,1.6,1.25,1.41,1.55,3.52,5.22,7.18,8.44,7.97,6.48,7.53,6.97,5.27,3.63,2.34,4.25,4.62,2.69,2.23,2.55,3.5,2.99,2.66
5602,1440,60,Murray Basin,20000,2.05,7.03,7.44,0.83,0.21,0.36,0.82,0.9,0.71,1.09,2.22,4.07,8.51,6.44,5.01,3.45,5.66,4.7,6.23,7.55,6.21,5.61,5.43,7.47
5603,1440,60,Murray Basin,20000,1.76,1.93,2.41,1.31,2.1,3.3,5.02,4.22,5.94,8.93,6.91,5.83,6.66,6.1,5.26,4.79,4.88,4.44,4.01,5,3.14,2.39,2.21,1.46
5604,1440,60,Murray Basin,20000,3.28,6.63,7.22,5.13,2.2,1.86,4.64,2.94,2.08,4,6.88,4.86,5.7,5.25,5.59,5.12,2.98,3.13,4.46,5.52,3.55,3.28,1.77,1.93
5605,1440,60,Murray Basin,20000,1.33,4.55,6.99,11.12,8.03,5.4,3.76,3.83,4.62,4.49,2.61,1.55,0.94,2.02,3.1,1.09,2.78,4.28,5.81,4.27,4.44,5.98,5.31,1.7
5606,1440,60,Murray Basin,20000,7.17,8.13,7.64,7.19,6.84,6.17,5.63,4.47,5.08,5.22,4.34,2.7,3.22,3.22,3.09,3.29,2.56,2.42,2.32,2.45,2.28,2.07,1.41,1.09
5607,1440,60,Murray Basin,40000,0.26,1.06,2.48,2.22,3.36,3.41,1.53,2.22,4.01,4.92,3.58,3.81,4.72,4.03,5.49,5.25,9.35,11.28,7.08,7.7,6.65,3.24,1.7,0.65
5608,1440,60,Murray Basin,40000,2.36,2.92,3.14,3.29,2.85,3.25,3.81,4.95,5.51,5.41,5.65,6.24,6.68,6.63,5.9,4.63,4.83,4.33,4.08,3.8,3.28,2.94,2.16,1.36
5609,1440,60,Murray Basin,40000,4.98,3.57,3.83,4.69,4.31,5.43,4.81,2.93,3.48,3.55,2.58,3.28,2.9,4.51,3.31,2.87,4.04,4.88,4.55,5.99,6.4,3.76,6.52,2.83
5610,1440,60,Murray Basin,40000,2.35,3.21,3.59,3.17,3.36,3.35,3.94,3.71,4.41,6.56,5.8,6.64,6.18,6.17,5.83,5.74,5.14,4.64,4.12,4.21,2.79,1.97,1.91,1.21
5611,1440,60,Murray Basin,40000,3.36,3.37,3.3,4.3,4.58,5.23,5.24,4.85,5.92,5.42,4.45,3.67,4.57,3.77,3.19,4.46,4.97,4.67,3.43,3.29,3.47,4.05,3.09,3.35
5612,1440,60,Murray Basin,40000,3.7,6.75,7.15,7,4.24,3,4.61,2.64,2.14,3.31,3.87,3.4,4.97,4.23,4.19,4.81,2.88,2.21,3.87,6.83,4.93,4.92,2.23,2.12
5613,1440,60,Murray Basin,40000,3.65,2.65,1.98,3.52,3,2.03,2.75,2.18,1.75,4.63,3.02,2.75,3.12,1.81,3.39,3.93,5.93,8.5,8.01,8.14,5.69,5.43,6.37,5.77
5614,1440,60,Murray Basin,40000,2.35,5.98,6.94,10.34,8.25,7.93,4.68,4.08,4.07,3.89,2.5,1.36,0.85,2.14,2.83,1,2.43,3.77,5.26,3.8,4.05,5.48,4.53,1.49
5615,1440,60,Murray Basin,40000,0.72,0.89,1.42,2.24,4.39,2.26,5.64,6.65,10.6,11.71,9.88,11.16,7.12,4.71,4.08,1.26,4.41,3.1,2.42,2.13,0.47,1.38,0.9,0.46
5616,1440,60,Murray Basin,40000,1.01,1.73,2.05,3.01,2.03,4.01,3.5,3.75,3.24,4.66,6.81,8.16,7.55,6.7,10.22,8.73,7.26,4.99,1.73,2.22,3.98,1.88,0.57,0.21
5617,2160,120,Murray Basin,100,4.98,7.3,6.86,5.87,5.42,4.73,3.94,3.56,8.59,7.73,4.9,4.12,5.2,4.41,5.32,5.46,5.45,6.16
5618,2160,120,Murray Basin,100,0.35,1.72,4.47,5.62,4,4.33,5.49,6.11,6.88,8.76,14.04,10.88,12.65,9.5,0.03,1.66,3.24,0.27
5619,2160,120,Murray Basin,100,6.22,2.41,4.04,8.09,5.22,11.04,13.34,7.4,5.69,6.47,6.59,1.96,6.25,6.29,2.54,1.98,1.97,2.5
5620,2160,120,Murray Basin,100,0.95,1.13,0.92,0.08,0.24,4.34,3.26,5.8,4.48,10.91,14.75,12.77,10.74,6.72,6.65,7.49,6.23,2.54
5621,2160,120,Murray Basin,100,2.3,5.11,4.09,6,5.78,1.99,2.77,5.32,3.68,4.58,1.95,1.98,7.78,21.8,12.57,0.39,10.41,1.5
5622,2160,120,Murray Basin,100,0.32,0.6,0.58,1.76,0.94,5.83,5.2,4.26,5.78,10.54,8.37,6.01,6,7.45,7.82,14.36,11.68,2.5
5623,2160,120,Murray Basin,100,3.91,4.32,10.14,9.69,6.17,8.04,12.77,10.42,11.82,6.31,0.22,0.02,0.37,7.78,4.23,0.94,0.75,2.1
5624,2160,120,Murray Basin,100,0.81,0.7,1.99,7.35,10.67,7.29,8.27,9.43,7.39,3.32,1.75,2.47,3.7,5.23,5.63,8.09,12.08,3.83
5625,2160,120,Murray Basin,100,0.63,4.34,3.35,7.69,9.38,10.29,9.27,10.63,15.84,9.93,4.34,0.78,5.77,0,0.1,3.11,4.37,0.18
5626,2160,120,Murray Basin,100,1.74,1.28,2.47,2.85,15.8,16.14,5.83,7.95,6.15,11.82,12.5,5.97,0.8,0.05,0,3.71,2.43,2.51
5627,2160,120,Murray Basin,200,4.93,7.15,6.79,5.99,5.74,4.66,4.04,3.67,8.22,7.48,5.08,4.32,5.24,4.38,5.31,5.56,5.44,6
5628,2160,120,Murray Basin,200,0.42,1.55,5.12,5.74,4.47,4.22,5.8,6.35,6.74,9.13,14.36,9.95,13.36,8.9,0.08,1.38,2.25,0.18
5629,2160,120,Murray Basin,200,6.56,2.32,3.61,7.38,4.68,9.92,13.81,7.67,6.44,6.65,6.36,2.36,6.06,6.21,2.54,2.4,2.11,2.92
5630,2160,120,Murray Basin,200,1.01,1.21,1.03,0.08,0.25,4.35,3.37,5.83,4.48,10.82,14.62,12.41,11.03,6.8,6.36,7.39,6.39,2.57
5631,2160,120,Murray Basin,200,0.34,0.59,0.57,1.72,0.93,5.85,5.23,4.27,5.79,10.56,8.41,6.04,6,7.37,7.77,14.45,11.57,2.54
5632,2160,120,Murray Basin,200,0.37,0.39,1.43,6.75,10.91,7.37,8.22,9.98,7.74,3.38,1.85,2.46,3.19,4.85,5.95,7.49,12.98,4.69
5633,2160,120,Murray Basin,200,4.36,2.88,13.07,4.68,0.72,9.76,0.5,6.79,11.42,10.18,7.79,7.29,5.74,4.14,5.5,3.31,1.23,0.64
5634,2160,120,Murray Basin,200,3.38,4.12,9.94,9.84,6.52,8.24,12.69,10.66,12.06,6.43,0.5,0.03,0.38,7.27,4.17,1.14,0.71,1.92
5635,2160,120,Murray Basin,200,6.3,12.74,13.09,19.21,9.47,0.83,0.3,3.83,7.21,11.1,5.01,5.02,3.07,0.5,0.65,1.66,0,0.01
5636,2160,120,Murray Basin,200,6.36,11.45,12.52,12.68,12.96,10.78,0.89,0.1,0.72,9.38,8.53,5.25,3.25,0.69,2.23,0.89,1.18,0.14
5637,2160,120,Murray Basin,500,1.82,0.84,2.03,4.3,5.67,8.05,9.33,7.94,5.93,6.06,5.58,5.83,8.03,8.34,12.13,3.26,0.09,4.77
5638,2160,120,Murray Basin,500,5.27,6.72,6.82,6.66,5.96,4.32,4.38,4.57,8.04,7.09,4.56,4.12,5.12,4.64,4.98,5.52,5.33,5.9
5639,2160,120,Murray Basin,500,7.04,2.63,3.23,6.04,4.56,10.96,13.97,6.76,6.25,6.57,5.13,2.35,5.84,6.01,3.16,3.39,2.33,3.78
5640,2160,120,Murray Basin,500,4.97,5.56,5.33,4.7,4.68,4.92,6.02,3.92,2.41,1.25,1.99,3.93,8.55,9.44,11.53,10.17,5.25,5.38
5641,2160,120,Murray Basin,500,0.74,1.84,5.17,5.82,4.5,4.34,6.59,6.3,7.1,10.01,14.25,9.85,12.65,7.73,0.07,1.1,1.78,0.16
5642,2160,120,Murray Basin,500,1.73,1.41,4.03,6.25,6.54,9.41,10.42,11.41,10.93,9.97,13.79,5.2,5.62,1.15,0.22,0.55,0.71,0.66
5643,2160,120,Murray Basin,500,1.01,1.71,0.68,0.1,1.72,3.74,4,6.27,5.32,11.34,13.64,12.35,11.83,5.1,6.82,7.75,5.57,1.05
5644,2160,120,Murray Basin,500,0.19,0.04,0.07,0.02,0.02,63.29,0.26,0.19,0.17,0.5,0.26,0.43,0.36,0.26,0.05,0,0,33.89
5645,2160,120,Murray Basin,500,0.52,0.71,1.12,0.53,4.84,4.82,4.57,5.29,9.29,8.09,6.4,6.28,6.19,7.26,14.14,14.07,5.67,0.21
5646,2160,120,Murray Basin,500,0.31,0.44,1.43,5.92,11.2,7.55,8.05,9.55,7.91,3.73,2.07,2.64,2.81,4.48,6.52,7.32,13.51,4.56
5647,2160,120,Murray Basin,1000,6.75,6.84,3.82,5.84,6.83,8.54,6,3.77,5.2,5.28,3.8,6.06,5.24,6.17,4.95,3.73,5.11,6.07
5648,2160,120,Murray Basin,1000,5.12,6.1,4.87,4.17,1.9,0.96,3.59,5.49,9.11,9.47,10.96,9.57,6.36,6.77,5.59,3.63,3.78,2.56
5649,2160,120,Murray Basin,1000,0.16,0.27,0.48,1.89,3.73,6.96,9.49,9.52,4.98,8.66,9.49,6.35,7.85,8.95,6.22,6.62,4.1,4.28
5650,2160,120,Murray Basin,1000,12.34,13.32,15.83,7.63,11.14,2.82,17.76,3.83,0,0,0,0,15.33,0,0,0,0,0
5651,2160,120,Murray Basin,1000,4.35,5.37,4.28,8.43,14.88,14.68,8.51,7.24,5.79,4.84,1.33,3.2,6.04,6.32,1.8,0.78,1.07,1.09
5652,2160,120,Murray Basin,1000,4.07,2.13,1.58,0.52,1.68,0.5,2.27,1.45,2.96,1.27,1.75,8.19,7.91,14.47,13.59,13.96,12.04,9.66
5653,2160,120,Murray Basin,1000,0.41,3.89,10.22,9.32,10.1,11.94,8.03,2.06,0.43,9.35,12.38,8.94,5.46,1.89,0.86,2.55,1.7,0.47
5654,2160,120,Murray Basin,1000,1.61,0.13,0.46,1.81,6.43,11.1,7.57,8.99,9.48,8.54,4.21,2.56,2.79,1.71,3.56,7.94,7.56,13.55
5655,2160,120,Murray Basin,1000,0,0.08,0.9,1.18,2.27,3.72,5.85,3.92,6.63,14.71,16.02,14.51,8.59,5.86,7.2,4.48,2.57,1.51
5656,2160,120,Murray Basin,1000,0.06,0.14,3.52,5.68,5.23,7.53,12.71,24.16,10.84,5.59,11.46,3.66,3.65,0.88,0.91,3.3,0.66,0.02
5657,2160,120,Murray Basin,2500,7.4,6.83,5.17,5.43,5.77,8.34,7.13,4.41,3.95,5.15,4.71,4.95,5.38,5.42,5.86,3.68,4.81,5.61
5658,2160,120,Murray Basin,2500,6.05,2.13,2.79,5.89,3.35,6.44,10.07,8.88,9.87,7.12,3.41,4.04,5.22,4.79,3.23,5.69,5.57,5.46
5659,2160,120,Murray Basin,2500,1.04,2.3,1.03,0.11,1.58,3.68,4.14,6.14,5.15,10.08,12.23,12.21,12.62,6.09,5.65,7.76,6.7,1.49
5660,2160,120,Murray Basin,2500,0.89,1.36,6.29,5.78,8.98,5.98,4.39,9.65,6.14,4.52,9.01,7.43,5.54,5.07,4.65,2.45,5.88,5.99
5661,2160,120,Murray Basin,2500,3.79,4.56,5.01,3.04,7.58,5.93,8.77,16.38,15.07,9.21,6.68,0.92,1.09,0.15,0.29,4.81,5.27,1.45
5662,2160,120,Murray Basin,2500,0.9,0.8,1.05,0.51,1.6,1.95,5.75,9.85,13.05,10.35,11.72,14.95,10.43,8.72,2.34,3.29,2.02,0.72
5663,2160,120,Murray Basin,2500,4.08,5.17,4.85,2.14,9.25,11.37,14.46,10.37,7.02,5.59,3.39,1.99,3.98,7.79,5.21,1.13,0.34,1.87
5664,2160,120,Murray Basin,2500,1.15,1.22,5.73,5.28,6.74,7.58,7.26,10.9,14.04,12.27,7.51,0.52,0.15,4.14,1.63,3.02,6.44,4.42
5665,2160,120,Murray Basin,2500,4.12,1.98,1.57,0.54,2.15,0.52,2.29,1.71,3.25,1.15,1.94,8.19,8.43,14.46,13.24,13.81,11.63,9.02
5666,2160,120,Murray Basin,2500,10.73,7.45,9.3,11.95,4.58,2.04,6.35,5.48,5.86,1.63,3.15,2.08,3.78,5.42,7.71,2.7,5.04,4.75
5667,2160,120,Murray Basin,5000,5.25,3.11,3.39,7.83,7.2,8.74,8.56,6.49,2.49,4.57,5.52,3.56,5.12,7.3,4.41,6.74,4.66,5.06
5668,2160,120,Murray Basin,5000,8.78,6.44,7.55,7.35,6.84,6.98,9.74,19.89,13.62,5.58,0.89,0.4,0.2,0.32,0.91,1.34,0.33,2.84
5669,2160,120,Murray Basin,5000,4.31,5.07,5.61,8.16,9.44,12.34,12.61,6.38,5.08,3.44,2.35,5.42,5.08,3.07,2.6,3.19,2.62,3.23
5670,2160,120,Murray Basin,5000,2.28,2.55,3.38,3.93,5.82,6.81,7.81,14.77,15.4,10.08,10.05,3.38,4.5,0.74,0.23,3.59,3.58,1.1
5671,2160,120,Murray Basin,5000,6.8,3.84,3.02,6.71,4.85,0.48,0.1,0.75,1.3,7.24,3.76,4.38,5.6,8.19,6.68,15.09,12.17,9.04
5672,2160,120,Murray Basin,5000,8.12,10.09,10.61,10.04,12,8.13,4.97,5.68,3.14,2.73,3.64,2.58,1.32,1.87,6.45,3.12,1.52,3.99
5673,2160,120,Murray Basin,5000,0.93,6.78,7.54,7.18,6.86,9.13,6.07,7,4.8,6.93,4.36,2.78,4.6,6.38,6.84,6.74,4.27,0.81
5674,2160,120,Murray Basin,5000,1.1,0.25,3.08,0.12,0.25,3.16,3.85,5.66,4.83,8.02,11.42,9.38,13.83,10.24,3.56,7.8,9.31,4.14
5675,2160,120,Murray Basin,5000,5.48,6.13,8.67,5.5,4.66,9.03,6.21,4.62,7.61,8.12,4.89,5.4,3.84,2.74,5.16,4.84,3.44,3.66
5676,2160,120,Murray Basin,5000,4.26,5.11,4.91,2.86,8.69,10.58,14.3,11.56,7.2,5.93,3.2,1.64,4,7.09,4.9,1.31,0.33,2.13
5677,2160,120,Murray Basin,10000,0.74,0.91,2.17,2.28,2.49,3.21,5.16,6.02,7.08,5.23,6.09,5.65,5.93,5.94,8.23,17.29,11.59,3.99
5678,2160,120,Murray Basin,10000,3.16,1.74,3.14,2.13,4.58,5.23,4.29,5.62,6.73,10.47,6.18,6.21,9.98,6.97,5.18,12.62,4.44,1.33
5679,2160,120,Murray Basin,10000,5.02,4.52,7.3,7.79,10.02,10.43,7.62,8.54,5.37,3.38,5.16,4.71,3.44,2.58,3.2,3.36,3.38,4.18
5680,2160,120,Murray Basin,10000,1,3.23,4.36,4.85,4.83,4.95,4.51,6.14,5.4,7.01,7.01,5.74,4.62,7.12,7.33,8.79,6.94,6.17
5681,2160,120,Murray Basin,10000,2.03,2.54,3.78,4.37,6.07,6.91,8.26,13.63,15.18,11.64,10.57,2.67,3.35,0.71,0.24,3.34,3.48,1.23
5682,2160,120,Murray Basin,10000,2.48,0.78,0.47,0.68,2.59,7.76,8.23,5.11,0.49,1.55,2.14,4.96,16.22,10.2,9.22,11.12,8.24,7.76
5683,2160,120,Murray Basin,10000,0.04,3.71,4.17,18.89,11.43,6.17,7.77,3.71,2.25,3.74,6.4,10.32,10.74,6.54,3.05,0.01,0.05,1.01
5684,2160,120,Murray Basin,10000,6.46,6.15,7.67,8.89,6.84,3.01,4.61,5.35,4.22,7.78,8.77,5.13,7.84,5.21,5.49,1.88,1.95,2.75
5685,2160,120,Murray Basin,10000,1.88,6.23,9.94,12.53,11.59,10.03,7.9,8.12,4.61,5.49,4.69,3.74,4.37,3.26,2.01,1.77,1.51,0.33
5686,2160,120,Murray Basin,10000,0.59,2.01,3.41,0.94,0.3,20.83,6.61,7.09,7.52,7.01,6.42,6.35,5.82,5.67,5.68,6.49,5.67,1.59
5687,2160,120,Murray Basin,20000,2.58,3,5.09,3.61,4.75,6.06,7.29,7.65,9.06,9.47,7.52,9.59,3.96,4.26,3.31,4.1,3.62,5.08
5688,2160,120,Murray Basin,20000,1.34,4.39,5.74,3.71,8.2,6.56,8.17,10.16,20.73,15.14,9.1,1.59,0.23,0.49,0,0.81,2.25,1.39
5689,2160,120,Murray Basin,20000,4.27,5.77,5.1,6.54,7.99,8.95,10.95,10.72,10.45,8.04,5.28,2.57,3.19,2.72,1.7,2.03,1.97,1.76
5690,2160,120,Murray Basin,20000,3.89,4.6,5.08,5.44,5.43,6.37,6.34,7.36,6.71,6.32,5.08,6.85,5.81,6.82,5.87,5.46,3.78,2.79
5691,2160,120,Murray Basin,20000,1.21,2.53,4.65,4.22,5.12,7.11,7.59,8.55,10.79,10.38,9.14,6.82,6.03,5.24,3.88,1.51,3.35,1.88
5692,2160,120,Murray Basin,20000,7.92,9.17,6.53,2.91,5.07,4.92,6.65,5.01,6.77,5.71,6.01,5.39,4.48,4.23,6,8.17,2.09,2.97
5693,2160,120,Murray Basin,20000,0.48,10.52,6.3,2.18,0.47,0.41,2.04,0.3,0.32,2.41,7.43,2.68,3.47,8.96,17.12,14.2,13.04,7.67
5694,2160,120,Murray Basin,20000,7.41,8.88,6.83,9,7.92,8.66,4.89,4.94,2.82,3.4,5.9,7.07,6.6,4.78,2.55,2.23,3.4,2.72
5695,2160,120,Murray Basin,20000,1.04,1.75,1.72,3.15,3.24,3.82,3,7.31,8.93,13.92,10.98,10,8.5,7.42,7.15,4.04,2.42,1.61
5696,2160,120,Murray Basin,20000,2.51,2.37,4.47,7.72,6.42,3.15,4.45,3.92,3.44,6.51,4.93,3.59,7.44,12.88,9.65,8.46,7.38,0.71
5697,2160,120,Murray Basin,40000,1.21,4.43,6.38,3.54,8.4,6.96,8.24,10.11,19.41,13.9,9.3,2.21,0.48,0.85,0.01,0.78,2.18,1.61
5698,2160,120,Murray Basin,40000,3.07,3.82,5.28,5.34,6.14,9.1,9.63,11.24,10.9,8.23,7.31,6.16,4.44,2.22,2.18,1.54,1.62,1.78
5699,2160,120,Murray Basin,40000,2.17,2.03,1.77,3.08,4.01,5.8,5.53,6.41,7.15,10.8,11.46,10.52,9.5,7.48,5.86,3.15,1.81,1.47
5700,2160,120,Murray Basin,40000,2.53,2.27,4.2,6.48,6.44,3.51,4.93,3.61,2.98,5.82,4.45,3.94,7.47,12.51,10.49,8.95,7.17,2.25
5701,2160,120,Murray Basin,40000,4.06,4.91,5.45,5.8,5.59,6.47,6.48,7.24,6.23,6.49,5.79,6.98,5.33,5.64,5.21,5.24,4.01,3.08
5702,2160,120,Murray Basin,40000,1.29,0.87,2.26,4.8,7.43,11.45,1.09,0.89,1.18,2.37,11.24,8.83,7.87,8.37,10.54,9.32,7.86,2.34
5703,2160,120,Murray Basin,40000,1.19,2.58,5.1,4.19,5.21,7.07,7.52,8.06,9.71,10.07,9.72,7.12,6.29,5.57,4.07,1.49,3.32,1.72
5704,2160,120,Murray Basin,40000,3.75,3.4,3.51,3.4,3.73,4.09,7,9.69,9.09,7.81,6.38,5.33,4.56,4.89,5.95,6.4,4.86,6.16
5705,2160,120,Murray Basin,40000,6.3,5.28,8.81,9.78,8.45,11.78,9.65,10.08,2.61,4.72,4.01,2.03,1.05,0.79,0.49,1.98,5.91,6.28
5706,2160,120,Murray Basin,40000,0.97,5.75,7.15,7.9,11.45,8.32,8.04,6.32,4.92,2.33,1.32,1.93,5.45,5.13,8.91,8.81,4.19,1.11
5707,2880,120,Murray Basin,100,2.48,2.52,4.12,5.9,5.45,5.02,4.23,3.69,3.03,3.09,6.99,6.09,3.43,3.08,4.02,3.79,4.24,4.37,4.46,5.16,2.51,4.08,4.61,3.64
5708,2880,120,Murray Basin,100,5.32,2.26,2,8.01,4.24,6.76,13.53,8.09,6.25,6.99,6.69,1.57,5.16,6.66,2.68,1.61,2.08,1.96,2.18,2.16,0.63,1.46,0.93,0.78
5709,2880,120,Murray Basin,100,1.75,1.78,5.21,3.59,7.13,16.41,21.61,11.36,8.41,3.19,4.16,1.77,0.64,0.68,0.22,0.3,0.56,0.57,1.04,0.31,0.52,1.71,3.43,3.65
5710,2880,120,Murray Basin,100,0.6,0.84,0.6,1.14,3.88,5.03,4.39,4.75,8.19,9.12,7.33,5.98,3.95,8.48,11.19,14.13,6.36,0.58,0.03,0,0.65,1.24,0.72,0.82
5711,2880,120,Murray Basin,100,0,0.7,0,0,0,0,2.3,5.1,4.06,5.96,5.73,1.97,2.74,5.28,3.65,4.54,1.93,1.96,7.72,21.64,12.5,0.38,10.34,1.5
5712,2880,120,Murray Basin,100,1.97,7.64,11.09,7.7,9.26,9.48,7.39,2.97,1.8,2.08,1.75,3.84,6.46,8.37,12.73,3.37,0.07,0.11,0,0.15,0.05,0.07,0.47,1.18
5713,2880,120,Murray Basin,100,0.1,3.32,1.65,0.97,0,0.91,1.1,2.65,3.57,5.53,5.61,2.07,1.75,4.61,5.24,3.56,5.08,8.96,10.42,12.98,8.97,6.56,4.38,0.01
5714,2880,120,Murray Basin,100,4.01,4.57,1.38,9.26,8.87,0.42,0.05,3.35,2.51,3.34,6.68,12.04,9.85,9.12,6.67,5.12,1.53,1.56,2.59,4.67,1.91,0,0,0.5
5715,2880,120,Murray Basin,100,2.43,2.46,15.32,16.58,5.43,7.22,5.53,10.84,11.53,5.96,0.9,0.01,0.01,4.26,2.22,2.77,0,0,0,0.09,0,0.01,0,6.43
5716,2880,120,Murray Basin,100,4.53,8.5,4.12,1.26,0.13,0,0,0,0,0,0,0,1.57,5.91,7.79,6.2,6.69,6.89,12.29,10.57,13.87,8.92,0.66,0.1
5717,2880,120,Murray Basin,200,2.41,2.33,4.07,5.76,5.5,5.05,4.61,3.66,3.24,3.2,6.66,5.97,3.89,3.4,4.19,3.7,4.26,4.51,4.44,4.95,2.41,4.08,4.02,3.69
5718,2880,120,Murray Basin,200,5.43,2.36,1.87,7.49,4.02,6.83,13.65,7.68,5.99,6.66,6.49,1.5,4.96,6.5,2.87,1.92,2.14,2.05,2.35,2.37,0.94,1.82,1.09,1.02
5719,2880,120,Murray Basin,200,0.86,0.52,1.44,3.22,5.36,6.94,7.57,6.76,5.85,5.27,5.5,5.48,9.83,10.92,12.63,3.03,0.22,4.98,0.01,0.08,0.01,0.21,0.04,3.27
5720,2880,120,Murray Basin,200,0.54,0.83,0.6,1.1,3.89,5.04,4.42,4.78,8.23,9.14,7.36,5.99,3.98,8.41,11.13,14.07,6.38,0.62,0.04,0,0.66,1.24,0.73,0.82
5721,2880,120,Murray Basin,200,11.44,0,1.72,0.01,0,0,0,0.05,5.16,3.42,10.47,2.97,2.66,6.91,0.22,7.92,9.95,8.97,6.11,7.11,4.03,4.05,4.57,2.26
5722,2880,120,Murray Basin,200,2.58,3.52,7.99,9.77,7.02,6.85,12.05,8.27,13.18,7.91,0.49,0.05,0.11,6.71,4.25,0.68,1.09,1.27,1.8,0.75,0.89,1.36,0.5,0.91
5723,2880,120,Murray Basin,200,3.97,6.54,9.83,9.7,6.97,5.72,3.57,2.04,1.88,1.32,1.3,1.34,1.15,1.04,1.35,1.11,4,3.68,2.24,9.47,8.58,3.27,5.29,4.64
5724,2880,120,Murray Basin,200,4.53,2.09,1.2,0.68,0.28,0,0.4,5.22,7.37,13.41,1.17,4.48,0.13,0.6,0.67,2.75,8.63,10.07,8.04,6.7,5.8,3.39,5.74,6.65
5725,2880,120,Murray Basin,200,0.12,0.28,1.7,1.58,2.43,3.44,7.24,11.84,9.74,5.1,6.59,9.86,8.52,7.84,4.65,1.31,1.44,2.08,5.97,2.85,2.18,2.06,1.12,0.06
5726,2880,120,Murray Basin,200,0,0,0.11,2.71,3.66,8.01,7.01,13.32,14.11,8.83,6.15,5.77,5.69,1.48,2.29,4.44,7.98,2.08,0.54,0.3,0.82,2.47,1.57,0.66
5727,2880,120,Murray Basin,500,2.14,2.8,4.58,5.79,5.39,5,4.96,2.8,3.66,4.34,6.61,5.27,3.48,3.68,4.13,3.06,4.76,4.31,4.44,4.45,2.6,3.84,4.05,3.86
5728,2880,120,Murray Basin,500,0.95,0.7,0.15,0.33,0.22,0.11,0.16,0.7,1.89,0.96,2.16,4.49,6.03,7.12,9.26,7.76,5.7,6.29,5.72,5.8,8.64,9.86,12,3
5729,2880,120,Murray Basin,500,5.92,2.14,2.84,5.75,3.78,8.16,12.63,6.38,6.16,5.89,4.92,2.33,4.96,5.15,2.47,2.73,2.44,3.02,2.89,2.26,1.92,2.39,1.33,1.54
5730,2880,120,Murray Basin,500,2.69,3.88,4.69,4.41,4.36,3.18,4.28,5.2,4.26,3.42,1.5,0.56,2.47,3.92,7.58,8.21,9.61,7.72,4.35,3.94,3.42,2.54,2.36,1.45
5731,2880,120,Murray Basin,500,0.92,0.97,2.65,0.93,31.55,3.3,0.92,0.79,0.74,0.35,0.52,0.26,0.27,0.78,0.12,0.07,51.65,0.13,0.03,0.14,0.16,0.34,2.11,0.3
5732,2880,120,Murray Basin,500,2.84,1.83,2.48,22.56,3.7,3.4,0.9,1.41,2.18,2.9,1.53,0.54,1.14,0.22,0.28,32.08,1.27,1.57,1.7,1.2,1.43,4.45,4.86,3.53
5733,2880,120,Murray Basin,500,11.89,0.15,2.36,0.69,0,0,0,0,4.27,3.31,13.65,3.42,1.53,8.15,0.74,6.29,9.56,8.99,6.89,5.72,3.97,2.66,3.71,2.05
5734,2880,120,Murray Basin,500,0.76,3.52,2.15,1.15,1.01,0.12,0.17,1.51,1.28,3.09,1.8,0.93,4.33,7.39,9.37,14.89,11.68,12.91,11.26,6.34,2.87,0.79,0.56,0.12
5735,2880,120,Murray Basin,500,4.38,8.84,4.01,6.07,5.64,2.3,4.86,2.85,0.75,0,0.09,2.26,0.44,11.44,3.98,2.44,3.3,2.53,4.01,9.36,12.2,3.45,3.43,1.37
5736,2880,120,Murray Basin,500,4.78,9.43,8.14,7.44,8.94,8.83,4.73,1.6,2.49,2.47,3.6,4.58,7.28,13.59,7.47,0.47,0.18,0,0.18,0.05,0.05,0.26,1.65,1.79
5737,2880,120,Murray Basin,1000,3.27,4.86,5.91,5.38,5.13,5.19,2.9,4.42,5.18,6.47,4.56,2.86,3.95,4,2.88,4.59,3.96,4.69,3.75,2.82,3.88,4.6,3.81,0.94
5738,2880,120,Murray Basin,1000,3.01,6.62,8.25,9.12,10.53,6.79,7.83,5.57,6.05,3.56,2.22,2.11,1.74,1.69,0.66,0.94,3.8,5.12,1.13,2.46,3.92,2.57,2.44,1.87
5739,2880,120,Murray Basin,1000,4.85,4.25,11.01,17.33,16.82,11.16,6.64,4.48,4.66,2.66,1.11,1.11,0.4,0.21,0.82,0.49,0.92,0.3,0.5,2.34,4.19,3.23,0.52,0
5740,2880,120,Murray Basin,1000,0.02,0.11,1.18,0.94,0.85,0.14,0.26,0.44,1.77,3.41,6.5,9.08,8.17,4.67,7.71,8.5,5.68,7.16,9.17,6.16,6.6,3.85,3.88,3.75
5741,2880,120,Murray Basin,1000,9.94,0.84,0.87,1.85,0,0,0,0,2.46,3.34,14.14,4.99,0.78,8.54,2.07,4.56,10.24,8.82,8.11,5.93,4.28,2.42,3.49,2.33
5742,2880,120,Murray Basin,1000,0.11,0,0.05,0.06,0.55,1.42,4.56,2.02,1.53,0.47,0.74,0.49,2.31,1.68,3.2,1.28,1.92,8.15,8.4,14.39,12.88,13.5,11.35,8.94
5743,2880,120,Murray Basin,1000,1.18,5.74,6.88,4.44,4.4,1.41,0.45,0.08,0.29,7.12,21.83,17.77,7.51,6.36,0.12,0.04,0.26,5.7,1.87,0.75,0.18,1.09,2.83,1.7
5744,2880,120,Murray Basin,1000,0.02,0,0,0,0.33,1.79,0.09,0.4,0.74,3.07,8.66,11.32,6.8,8.77,8.84,6.23,2.83,2.38,2.26,2.39,4.39,8.77,10.98,8.94
5745,2880,120,Murray Basin,1000,2.97,11.61,11.74,17.74,10.35,1.99,0.07,2.7,4.5,10.61,6.79,4.02,4.81,0.63,0.42,2.96,0,0.02,0,0.32,0.38,2.4,2.55,0.42
5746,2880,120,Murray Basin,1000,10.35,2.74,13.82,8.59,4.98,7.44,3.28,1.21,2.5,5.39,2.51,2.75,3.14,4.11,5.72,6.51,5.48,2.57,1.02,0.45,0.7,0.74,1.59,2.41
5747,2880,120,Murray Basin,2500,2.83,2.79,4.97,5.8,6.21,5.82,5.04,3.74,3.75,3.63,6.15,5.49,3.26,2.81,3.8,3.29,3.68,3.96,3.87,4.28,2.52,3.34,4.08,4.89
5748,2880,120,Murray Basin,2500,7.34,9.12,12.25,8.78,5.92,4.8,2.94,1.47,3.31,6.59,4.5,0.97,0.28,1.62,1.94,1.43,0.49,0.72,0.33,1.46,4.8,5.66,7.46,5.82
5749,2880,120,Murray Basin,2500,0.09,1.08,0.93,0.85,0.1,0.24,0.41,1.62,3.17,6.17,8.53,7.49,4.28,7.02,7.93,5.28,6.72,8.63,6.01,6.31,3.62,3.55,3.47,6.5
5750,2880,120,Murray Basin,2500,0,0.05,0.08,3.88,4.85,5.06,3.02,7.89,5.88,9.15,16.02,14.56,8.82,6.36,0.89,1.03,0.13,0.27,4.61,5.21,1.44,0.73,0.05,0.02
5751,2880,120,Murray Basin,2500,0.24,0.73,0.8,6.7,7.48,6.64,6.6,9.4,5.71,6.93,4.39,6.49,4.29,2.46,4.03,5.8,6.81,7.04,4.65,0.69,0.35,0.65,0.86,0.26
5752,2880,120,Murray Basin,2500,0.43,0.94,2.93,5.05,2.64,2.45,1.38,1.89,2.06,2.12,4.81,8.32,5.19,7.48,8.2,2.27,2.82,0.53,11.6,14.54,8.98,1.94,0.95,0.48
5753,2880,120,Murray Basin,2500,0.02,0,0.02,0.15,1.05,3.09,2.42,1.63,1.24,2.07,0.3,1.55,1.44,3.13,1.95,0.95,4.72,8.06,9.8,14.4,12.52,13.21,10.42,5.86
5754,2880,120,Murray Basin,2500,0,0,1.08,1.17,5.6,5.19,6.64,7.45,7.15,10.73,13.82,12.09,7.4,0.52,0.15,4.08,1.6,2.97,6.34,4.35,0.04,0.87,0.65,0.11
5755,2880,120,Murray Basin,2500,13.97,0.21,1.86,0.06,0,0,0,0.02,2.11,1.79,8.16,2.72,1.7,5.48,0.36,10.18,11.79,8.83,7.07,7.24,5.16,4.3,5.56,1.43
5756,2880,120,Murray Basin,2500,9.15,3.58,13.59,9.36,5.55,6.41,3.68,1.2,2.66,4.82,2.81,2.97,3.43,4.13,5.04,6.31,5.43,2.64,0.92,0.45,0.72,0.99,1.82,2.34
5757,2880,120,Murray Basin,5000,0.86,3.84,2.8,0.96,4.63,2.73,2.98,6.86,6.3,7.67,7.5,5.69,2.18,4.01,4.84,3.12,4.49,6.4,3.86,5.92,4.09,4.43,1.85,1.99
5758,2880,120,Murray Basin,5000,3.31,4.33,4.52,4.53,3.98,4.25,3.92,4.78,3.95,3.92,1.91,0.97,2.71,3.44,5.2,5.36,6.84,7.86,6.15,6.89,4.28,2.73,2.68,1.49
5759,2880,120,Murray Basin,5000,3.67,4.29,4.71,6.86,7.93,10.39,10.61,5.35,4.27,2.89,1.98,4.55,4.27,2.57,2.18,2.68,2.21,2.71,3.05,2.67,2.91,1.88,2.48,2.89
5760,2880,120,Murray Basin,5000,9.5,5.72,2.46,0.21,0.08,0.41,0.05,0.13,1.99,5.38,1.59,1.87,7.25,14.4,11.78,12.03,7.29,4.5,4.36,2.35,3.33,1.93,0.84,0.55
5761,2880,120,Murray Basin,5000,19.57,11.01,6.31,7.98,3.75,1.87,2.75,5.52,9.18,9.01,6.65,3.71,0.01,0,0.63,0.01,0,0,0.02,0,0.18,1.13,6.71,4
5762,2880,120,Murray Basin,5000,2.77,5.22,4.03,5.69,3.2,2.52,5.59,4.05,0.4,0.08,0.62,1.09,6.05,3.13,3.64,4.67,6.84,5.58,12.59,10.15,7.55,2.7,1.12,0.72
5763,2880,120,Murray Basin,5000,7.1,9.52,12.67,9.41,6.12,4.61,3,1.5,3.17,6.03,4.41,1.06,0.29,1.69,1.9,1.42,0.47,0.8,0.33,1.27,4.4,5.56,7.4,5.87
5764,2880,120,Murray Basin,5000,5.51,6.75,4.62,4.27,7.06,5.05,3.94,5.97,8.85,4.21,5.16,3.22,2.64,4.46,4.17,2.86,2.91,1.76,0.4,0.34,6.08,3.55,3.1,3.12
5765,2880,120,Murray Basin,5000,4.7,2.27,1.42,3.17,0.36,0,0.03,0.67,0.63,0.62,0.11,0.78,0.49,5.08,6.23,12.17,10.69,6.75,4.9,6.61,5.47,7.1,14.71,5.04
5766,2880,120,Murray Basin,5000,0.13,0.53,0.92,6.55,7.29,6.93,6.62,8.82,5.86,6.75,4.64,6.7,4.21,2.7,4.44,6.16,6.61,6.52,4.13,0.79,0.45,0.82,1.09,0.34
5767,2880,120,Murray Basin,10000,1.62,1.6,0.8,0.97,0.69,0.69,0.86,2.04,2.13,2.34,3.01,4.83,5.65,6.63,4.9,5.7,5.29,5.55,5.56,7.69,16.18,10.86,3.73,0.68
5768,2880,120,Murray Basin,10000,4.49,2.62,3.02,6.62,5.66,6.41,7,5.37,2.29,3.74,4.59,3.12,4.91,6.08,3.62,5.78,4.18,4.42,1.78,1.84,2.35,2.67,3.35,4.09
5769,2880,120,Murray Basin,10000,4.56,3.61,6.11,6.47,7.52,8.31,8,8.56,5.18,3.02,3.89,3.64,2.67,2.01,2.47,2.64,2.61,3.22,2.53,2.82,2.25,2.42,2.58,2.91
5770,2880,120,Murray Basin,10000,1.02,2.44,0.2,4.3,6.8,7.87,8.09,7.22,7.4,7.41,7.53,8.08,8.01,7.77,7.63,5.12,0.13,0.9,0.67,0.01,0.1,0.65,0.21,0.44
5771,2880,120,Murray Basin,10000,5.27,2.8,1.45,2.5,1.76,4.01,4.56,3.81,5.01,6.36,9.97,5.5,6.52,9.4,7.27,4.56,11.58,3.91,1.04,1.05,0.52,0.51,0.48,0.16
5772,2880,120,Murray Basin,10000,0.74,7.9,5.15,3.33,0.49,0.08,0.46,0.09,0.15,2.04,4.55,1.75,1.72,6.22,11.81,10.9,11.42,7.07,5.09,5.98,3.57,5.23,2.86,1.4
5773,2880,120,Murray Basin,10000,1.27,1.46,4.62,8.55,9.4,7.49,8.87,5.36,7.32,2.35,3.03,2.22,3.24,6.55,6.86,4.7,3.7,1.09,1.77,2.76,1.51,2.48,2.39,1.01
5774,2880,120,Murray Basin,10000,1.26,1.65,1.85,3.38,2.27,0.7,0.43,0.62,2.33,6.96,7.38,4.58,0.43,1.39,1.91,4.46,14.56,9.16,8.27,9.99,7.4,6.96,1.82,0.24
5775,2880,120,Murray Basin,10000,17.45,10.56,5.71,7.15,3.43,2.07,3.44,5.9,9.52,9.93,6.03,2.83,0.01,0.04,0.93,0.01,0.01,0,0.01,0,0.9,2.46,8,3.61
5776,2880,120,Murray Basin,10000,4.19,4.37,3.83,4.01,3.74,4.49,3.71,3.68,1.79,0.95,2.6,3.35,5.13,5.4,6.88,7.96,7.03,8.19,5.22,3.46,3.92,2.09,1.77,2.24
5777,2880,120,Murray Basin,20000,2.57,4.26,3.5,3.31,3.3,2.14,2.41,2.36,3.99,3.4,4.47,5.02,5.48,5.72,7.42,7.38,5.48,7.26,3.49,3.52,2.8,2.76,3.44,4.52
5778,2880,120,Murray Basin,20000,1.56,2.95,4.61,4.76,4.81,6.89,7.29,8.42,10.33,9.21,8.26,6.36,2.68,2.69,2.62,1.93,1.54,1.75,1.79,1.97,2.35,1.82,1.92,1.49
5779,2880,120,Murray Basin,20000,0.56,1.33,1.77,3.61,4.04,4.56,5.36,7.27,7.89,7.73,9.82,9.65,7.99,6.01,5.97,4.55,2.95,1.66,3.21,1.62,0.69,0.8,0.41,0.55
5780,2880,120,Murray Basin,20000,2.73,3.31,3.89,3.76,5.42,4.55,5.05,5.59,5.7,6.8,6.45,3.8,5.23,5.24,4.87,6.09,6.03,4.84,3.13,2.06,1.65,1.01,1.17,1.63
5781,2880,120,Murray Basin,20000,0.63,8.25,5.82,2.82,1.29,0.17,0.17,0.11,0.19,2.14,4.74,2.06,2.5,6.6,12.85,12.09,11.65,7.43,4.33,4.56,3.26,3.39,2.14,0.81
5782,2880,120,Murray Basin,20000,0.39,1.03,1.02,3,4.61,7.63,7.12,4.29,3.99,4.4,5.64,4.61,4.74,5.25,5.45,6.58,5.36,3.65,4.09,5.88,5.09,1.68,2.55,1.95
5783,2880,120,Murray Basin,20000,1.28,0.81,1.5,2.09,3.51,3.89,3.55,3.59,3.81,5.05,5.86,6.52,7.31,5.22,4.98,6.07,5.32,4.94,5.47,5.4,4.9,2.83,4.51,1.59
5784,2880,120,Murray Basin,20000,0.15,1.9,1.71,2.08,2.76,1.16,1.21,0.49,1.83,4.56,5.29,10.8,0.72,0.5,0.64,2.45,10.06,8.36,7.4,8.08,10.23,8.08,7.73,1.81
5785,2880,120,Murray Basin,20000,3.4,1.97,4.36,5.38,4.76,6.4,6.34,3.38,3.25,4.83,4.06,4.6,8.33,5.52,5.27,6.03,3.93,2.91,1.66,2.12,2.66,3.45,2.85,2.54
5786,2880,120,Murray Basin,20000,0.15,0.25,0.43,1.02,1.71,1.68,3.07,3.16,3.73,2.92,7.15,8.73,13.61,10.73,9.77,8.32,7.26,7,3.96,2.37,1.58,0.78,0.32,0.3
5787,2880,120,Murray Basin,40000,2.92,4.01,3.65,3.49,3.26,2.29,2.34,2.34,3.95,3.26,4.29,4.78,5.56,5.94,7.07,6.87,5.91,6.92,3.49,3.48,2.86,3.09,3.59,4.64
5788,2880,120,Murray Basin,40000,1.06,2.16,2.92,3.94,5.4,5.16,7.19,8.98,10.02,10.59,7.83,6.87,5.81,4.81,2.54,1.8,1.9,1.25,1.68,1.71,1.45,1.94,1.4,1.59
5789,2880,120,Murray Basin,40000,1.56,7.23,5.2,3.64,1.2,0.33,0.93,0.21,0.2,2.04,4.63,1.98,2.11,5.8,10.97,11.15,10.64,7.06,4.76,5.56,3.93,4.8,2.75,1.32
5790,2880,120,Murray Basin,40000,0.59,1.47,2.71,3.38,4.04,4.71,5.2,5.18,5.86,5.94,6.77,5.8,5.8,4.83,6.12,4.7,5.22,4.95,4.86,3.95,3.07,2.12,1.81,0.92
5791,2880,120,Murray Basin,40000,0.09,1.36,2.53,2.85,6.55,5.98,4.75,4.12,3.78,3.7,4.79,4.34,3.71,5.51,10.85,12.14,8.37,9.13,3.98,1.1,0.06,0.01,0.25,0.05
5792,2880,120,Murray Basin,40000,0.41,1.05,1.85,2.32,2.54,3.69,3.19,3.05,5.13,7.87,11.92,11.2,10.46,8.63,7.6,7.15,4.43,3.07,1.85,1.29,0.6,0.48,0.14,0.08
5793,2880,120,Murray Basin,40000,0.42,1.03,1.05,2.85,4.87,7.25,7.05,4.33,4.1,4.81,5.13,4.41,3.8,4.82,4.68,5.97,5.22,3.52,3.81,5.72,6.41,2.98,3.52,2.25
5794,2880,120,Murray Basin,40000,0.98,0.72,1.39,1.77,2.89,3.38,3.34,3.59,4.08,5.77,6.82,6.97,7.7,4.94,4.26,5.74,5.72,4.92,5.1,5.04,4.31,2.42,4.62,3.53
5795,2880,120,Murray Basin,40000,6.69,13.8,12.91,7.01,6.36,3.09,2.39,3.06,4.95,7.23,7.61,4.8,1.92,0.13,0.27,1.19,0.15,0.05,0,0.04,0.08,3.24,5.71,7.32
5796,2880,120,Murray Basin,40000,1.47,4.69,4.14,3.69,5.57,2.97,3.92,5.85,4.28,1.38,0.43,0.5,1.09,5.42,3.63,3.1,6.45,5.66,5.41,12.12,9.55,5.31,2.08,1.29
5797,4320,180,Murray Basin,100,0.52,0.85,2.86,3.35,6.46,8.47,6.85,5.6,4.04,8.58,7.74,4.39,6,5.6,6.18,7.31,4.36,6.45,4.19,0.19,0.01,0,0,0
5798,4320,180,Murray Basin,100,0.97,0.1,0.41,1.3,6.34,8.1,6.16,9.32,6,7.38,6.07,4.12,4.35,4.32,4.71,4.99,2.42,0.79,3.4,4.95,4.97,4.5,1.27,3.06
5799,4320,180,Murray Basin,100,6.26,2.68,9.15,8.45,16.82,8.99,8.95,5.19,8.34,5.09,2.35,2.88,3.11,1.5,1.94,0.99,1.48,2.29,1.09,1.05,0.39,0.22,0.31,0.48
5800,4320,180,Murray Basin,100,6.06,9.1,5.39,5.47,5.65,10.96,1.84,2.15,11.38,1.79,1.05,0.63,1.72,3.16,4.24,0.88,1.12,10.87,4.88,0.45,0.24,0.27,2.14,8.56
5801,4320,180,Murray Basin,100,2.94,7.82,1.09,0,0,0,4.57,9.84,4.1,8.11,1.54,13.31,10.87,9.42,6.39,7.06,3.81,0.83,0.25,0.48,0.4,0.1,3.57,3.5
5802,4320,180,Murray Basin,100,4.04,1.45,18.8,12.93,8.9,9.78,14.72,3.41,0.11,3.53,2.48,1.83,0,0.08,0.01,0,5.45,1.98,0.12,4.09,0.11,0.29,3.37,2.52
5803,4320,180,Murray Basin,100,0.39,0.24,0.11,0.83,4.11,12.1,11.37,9.75,14.34,16.59,5.69,0.07,5.59,5.36,1.14,2.21,1.26,1.39,1.38,1.21,1.7,1.29,1.51,0.37
5804,4320,180,Murray Basin,100,0.21,0,0,0,4.06,0.61,0.01,2.71,2.14,0.92,0.87,2.64,5.45,8.35,3.07,4.81,7.06,5.58,12.14,17.35,13.43,8.54,0.01,0.04
5805,4320,180,Murray Basin,100,9.01,7.82,1.35,0.01,0,0,0,0,4.1,10.86,8.51,10.86,18.14,17.85,9.25,0.25,0.05,0.36,0.75,0.05,0.17,0.58,0,0.03
5806,4320,180,Murray Basin,100,5.22,4.93,5.37,8.79,6.76,3.78,2.38,1.79,4.69,10,0.13,0.14,3.07,1.94,0.36,1.05,10.92,10.48,14.79,0.69,0.17,0.32,1.86,0.37
5807,4320,180,Murray Basin,200,0.48,0.76,2.85,3.19,6.47,8.37,6.91,6.17,4.16,8.5,8.06,4.74,5.97,5.29,5.96,6.79,4.13,6.34,4.49,0.35,0.02,0,0,0
5808,4320,180,Murray Basin,200,1.73,5.8,5.31,6.93,12.47,13.28,9.62,7.88,2.98,8.88,3.34,3,3.13,3.05,1.57,1.97,1.47,2.2,2.19,1.22,0.84,0.31,0.2,0.63
5809,4320,180,Murray Basin,200,1.83,2.61,2.46,1.74,0.96,1.36,0.05,0.16,0.07,0.79,0.86,1.95,5.75,10.17,9.32,8.02,6.63,9.31,13.74,15.44,2.01,4.55,0.03,0.19
5810,4320,180,Murray Basin,200,0,0.02,0.25,0.22,0.17,0.22,0.16,23.65,0.15,0.18,0.08,0.16,0.06,0.04,0,42.44,0.11,0.06,0.16,0.17,0.15,0.06,0,31.49
5811,4320,180,Murray Basin,200,3.46,7.32,1.59,0,0,0,4.73,11.44,3.88,8.21,1.73,13.2,11.03,9.12,5.85,6.42,3.38,0.74,0.22,0.75,0.4,0.11,3.25,3.17
5812,4320,180,Murray Basin,200,1.47,0.12,1.89,9.52,11.08,12.18,10.23,4.13,3.14,2.32,7.76,12.04,7.24,0.16,0.11,0.17,0.11,1.21,1.93,4.16,2.21,2.12,3.74,0.96
5813,4320,180,Murray Basin,200,0.09,5.05,6.65,14.51,6.66,6.43,1.54,4.26,3.66,3.49,4.74,6.25,6.1,1.3,0.78,1.15,2.34,1.98,2.96,1.09,0.61,9.36,8.5,0.5
5814,4320,180,Murray Basin,200,0.21,0.13,0.07,0.59,3.71,11.92,11.72,10.38,13.98,17.09,5.86,0.12,5.33,5.32,1.26,2.09,1.47,1.57,1.27,1.12,1.71,1.25,1.52,0.31
5815,4320,180,Murray Basin,200,4.23,0,0.01,0.77,0.21,0.18,0.81,4.07,5.21,1.78,0.69,0.17,1.05,10.6,12.82,4.3,0.26,0.99,6.53,12.72,10.16,8.29,5.32,8.83
5816,4320,180,Murray Basin,200,8.65,9.24,1.11,0.03,0,0,0,0.02,4.45,10.32,12.29,13.84,14.62,10.36,5.66,1.6,0.52,2.43,3.88,0.04,0.33,0.38,0.02,0.21
5817,4320,180,Murray Basin,500,0.31,0.9,2.78,3.22,6.42,8.13,7.4,5.57,5.23,8.22,7.27,4.67,6.11,5.34,6.17,6.86,4.27,5.81,4.89,0.38,0.04,0,0,0.01
5818,4320,180,Murray Basin,500,2.56,5.46,4.32,5.56,12.41,11.67,8.05,6.81,2.43,7.69,3.93,3.28,3.38,3.91,2.87,2.74,2.42,3.23,3,1.43,1.03,0.51,0.21,1.1
5819,4320,180,Murray Basin,500,0.04,0.13,2.95,2.61,2.6,1.7,1.41,2.02,0.14,0.2,0.03,1.12,1.55,2.76,5.68,11.36,10.64,8.11,6.31,8.11,10.23,12.89,1.74,5.67
5820,4320,180,Murray Basin,500,2.53,1.81,2.11,1.64,4.71,5.84,5.48,4.44,6.2,5,2.7,1.31,4.53,9.91,11.43,8.19,5.27,4.46,2.52,1.48,0.67,0.29,1.39,6.09
5821,4320,180,Murray Basin,500,0.84,0.13,0.42,1.42,6.18,8.23,5.86,8.83,5.87,7.34,6.43,4.48,4.41,4.68,5.04,4.72,2.33,0.67,3.21,4.84,4.91,4.56,1.67,2.93
5822,4320,180,Murray Basin,500,0.89,1.12,1.11,1.15,2.59,25.73,3.55,1.13,0.89,0.53,0.55,0.61,0.35,42.38,0.06,0.06,0.19,0.38,1.87,0.19,0.15,13.88,0.27,0.37
5823,4320,180,Murray Basin,500,1.68,3.7,1.79,1.69,0.03,0.01,0.18,1.21,2.11,0.09,4.76,6.01,7.6,16.09,17.05,13.86,7.81,9.91,2.99,0.19,0.14,0.66,0.04,0.4
5824,4320,180,Murray Basin,500,5.79,9.28,7.08,5.96,7.45,10.64,1.84,4.41,8.28,1.37,0.82,0.88,1.65,2.61,3.71,1.35,1.08,5.88,7,0.6,0.07,0.53,2.29,9.43
5825,4320,180,Murray Basin,500,8.78,0.9,2.39,2.96,4.64,8.99,12.54,8.16,4.32,2.6,1.26,1.48,1.42,1.41,1,4.42,3.29,10.84,4.66,5.79,1.81,0.64,0.53,5.17
5826,4320,180,Murray Basin,500,1.3,0.52,2.04,10.69,10.7,10.71,9.72,3.19,3.31,4.47,7.95,13.8,5.84,0.26,0.01,0.21,0.11,1.39,2.11,3.29,2.06,2.49,3.11,0.72
5827,4320,180,Murray Basin,1000,6.2,5.45,4.63,5.64,4.38,1.47,2.8,6.49,9.44,11.12,6.67,6.04,4.55,3.23,1.96,1.47,0.61,3.16,4.17,2.22,3.97,2.62,1.49,0.22
5828,4320,180,Murray Basin,1000,2.85,3.4,6.6,7.9,7.66,6.2,5.66,8.21,7.14,4.41,5.82,5.08,5.76,6.48,4.18,5.83,5.8,0.97,0.04,0,0,0.01,0,0
5829,4320,180,Murray Basin,1000,19.29,2.8,1.47,2.36,2.3,0.96,0.44,0.32,35.89,1.48,1.75,2.7,4.88,2.67,0.07,0.02,20.56,0.04,0,0,0,0,0,0
5830,4320,180,Murray Basin,1000,6.09,1.45,0.78,0.47,0.04,0.6,4.07,1.84,4.01,4.07,10.97,13.68,15.55,7.15,6.53,0.29,0.03,0,0,0,0,6.03,10.66,5.69
5831,4320,180,Murray Basin,1000,10.65,1.45,2.55,4,4.27,8.69,12.01,8.27,4.45,2.57,1.24,1.32,1.81,1.23,0.99,3.96,4.02,9,5.18,4.91,2.59,0.62,0.52,3.7
5832,4320,180,Murray Basin,1000,9.82,12.47,8.71,8.63,3.08,2.66,5.67,3.1,4.11,6.57,8.3,3.73,1.05,0.73,1.63,2.27,1.02,6.65,0.02,0.24,6.36,2.38,0.13,0.67
5833,4320,180,Murray Basin,1000,13.16,1.36,2.08,0,0,0.02,2.56,9.18,2.76,7.31,3.83,15.02,11.41,8.87,5.59,5.89,1.87,0.47,0.24,3.27,0.39,1.02,2.28,1.42
5834,4320,180,Murray Basin,1000,0,0,0,0,0,4.71,7.32,6.06,7.33,6.09,2.94,0.97,1.8,3.57,3.22,2.92,2.89,7.4,13.35,10.29,5.66,4.73,2.55,6.2
5835,4320,180,Murray Basin,1000,1.2,1.71,1.27,1.62,1.86,1.83,1.93,3.16,6.85,9.92,13.16,6.46,4.17,6.89,6.21,9.11,3.72,6.08,2.65,2.15,1.43,4.21,0.95,1.46
5836,4320,180,Murray Basin,1000,5.17,2.17,0.99,0.14,3.1,4.19,6.08,9.77,7.01,41.53,6.16,0.13,0,0,0,1.17,8.81,0.16,0.03,0.04,0.31,1.48,0.85,0.71
5837,4320,180,Murray Basin,2500,0,0.02,0,0.09,0.93,2.05,4.04,5.97,8.63,8.21,7.05,4.79,6.03,8.39,4.21,5.12,4.42,5.91,5.75,4.35,4.8,6.82,2.34,0.08
5838,4320,180,Murray Basin,2500,7.06,7.89,13.31,6.35,5.93,1.63,5.06,3.63,4.09,5.02,7.37,5.89,1.45,0.83,1.2,2.19,3,4.81,0.5,0.44,6.87,4.47,0.39,0.62
5839,4320,180,Murray Basin,2500,8.49,1.1,2.32,3.39,3.88,9.25,13.2,9.5,4.97,2.63,1.36,1.47,1.61,1.32,1.05,4,4.68,8.61,5.23,5.05,2.54,0.57,0.66,3.12
5840,4320,180,Murray Basin,2500,0.27,2.55,2.28,4.29,5.53,3.37,2.91,9.37,8.34,1.93,2.35,0.35,0.19,0.24,0.65,3.57,23.88,7.89,0.31,0.21,1.54,4.5,11.04,2.44
5841,4320,180,Murray Basin,2500,4.55,7.03,6.1,7.12,5.81,2.95,0.94,1.68,3.35,3.08,2.72,2.73,7.07,12.4,9.54,5.49,4.58,2.46,5.75,3.23,0.18,0.07,1.15,0.02
5842,4320,180,Murray Basin,2500,11.51,1.52,1.74,0,0,0.02,2.22,8.71,2.65,6.33,3.94,16.29,11.37,9.58,6.76,6.82,1.63,0.37,0.18,3.6,0.29,0.98,1.72,1.77
5843,4320,180,Murray Basin,2500,1.86,2.4,0.77,2.6,7.11,9.51,11.15,7.94,3.4,15.36,9.64,6.65,5.47,1.84,2.04,1.37,0.87,0.89,2.3,1.31,0.15,0.87,2.93,1.57
5844,4320,180,Murray Basin,2500,0.17,3.47,3.3,0.06,2.22,0.04,0.24,8.46,1.45,2.84,4.71,9.11,13.08,19.91,7.23,6.14,0.88,0.09,0,0,0,0,8.27,8.33
5845,4320,180,Murray Basin,2500,1.2,1.24,1.58,2.23,1.47,2.21,3.88,8.5,11.45,10.68,4.4,5.72,6.35,7.96,8.22,4.53,4.07,2.19,1.93,2.37,2.67,1.77,1.02,2.36
5846,4320,180,Murray Basin,2500,0.01,0,0,9.14,10.38,2.05,0.01,0.01,0,1.17,8.68,0.34,0.07,0,0.08,9.61,4.78,13.15,28.18,9.03,3.29,0.01,0.01,0
5847,4320,180,Murray Basin,5000,2.24,3.03,4.82,5.57,5.01,4.63,5.24,4.6,1.7,2.58,4.82,6.92,9.34,8.06,7.92,4.95,3.26,1.99,1.59,0.92,2.3,3.76,2.02,2.73
5848,4320,180,Murray Basin,5000,0.06,0.01,0,1.22,2.46,4.35,5.93,8.25,11.86,14.08,7.4,3.81,3.55,6.12,3.23,3.44,2.89,4.25,3.69,2.99,3.25,4.84,1.74,0.58
5849,4320,180,Murray Basin,5000,4.28,0.47,0.04,0.01,0.01,0,0,5.06,24.39,7.87,8.16,3.01,4.68,12.04,13.31,3.71,0,0.76,0.02,0,0.01,0.38,4.91,6.88
5850,4320,180,Murray Basin,5000,0.91,5.7,3.37,6.84,13.31,12.65,6.84,4.43,2.27,6.52,4.17,0.54,2.16,1.99,0.59,0.71,2.75,6.48,8.89,5.04,3.8,0.02,0,0.02
5851,4320,180,Murray Basin,5000,1.91,5,6.56,3.21,6.36,3.94,10.45,4.43,3.76,2.35,4.37,3.03,2.78,0.6,19.2,3.17,2.97,3.18,3.81,3,1.41,0.01,4.5,0
5852,4320,180,Murray Basin,5000,0,0.24,5.21,7.2,11.88,22.64,15.46,4.35,1.24,0.62,0.16,0.67,0.02,0.51,0.99,5.96,2.65,2.91,4.1,4.57,6.8,1.67,0.15,0
5853,4320,180,Murray Basin,5000,0.01,1.35,5.97,5.22,1.58,2.59,0,0.69,0.86,0.24,0.68,5.09,12.16,14.62,8.88,7.95,8.09,16.91,4.71,1.33,0.54,0.5,0.02,0.01
5854,4320,180,Murray Basin,5000,7.42,4.71,1.05,0.77,2.06,15.9,0,0,0.05,0,0.05,0,0.14,14.03,12.71,3.23,7.16,0.33,1.44,2.17,3.1,4.23,8.21,11.24
5855,4320,180,Murray Basin,5000,2.65,2.48,3.97,5.13,3.02,2.64,10.76,11.01,2.38,2.22,0.3,0.33,0.42,0.78,4.39,20.47,7.31,0.33,0.22,1.5,4.17,9.85,2.35,1.32
5856,4320,180,Murray Basin,5000,6.36,5.64,5.58,5.3,10.47,4.82,7.14,9.5,3.25,1.7,0.9,1.54,1.32,1.8,3.31,0.65,2.56,2.19,2.31,1.82,0.98,6.81,4.78,9.27
5857,4320,180,Murray Basin,10000,7.41,4.29,4.4,4.76,3.47,2.23,3.39,3.01,6.11,6.42,8.61,9.98,11.06,5.31,4.12,5.58,5.53,1.66,0.38,0.09,0.32,0,0.06,1.81
5858,4320,180,Murray Basin,10000,1.63,4.81,2.68,4.47,5.45,8.07,8.74,7.87,3.69,5.72,4.2,8.27,5.57,6.45,4.56,2.56,3.16,4.24,4.38,1.32,0.67,0.36,0.27,0.86
5859,4320,180,Murray Basin,10000,3.24,6.04,5.78,8.93,10.64,10.99,10.41,4.79,5.26,4.01,3.02,3.45,3.99,3.6,3.72,3.07,3.53,3.34,1.88,0.06,0.11,0,0.07,0.07
5860,4320,180,Murray Basin,10000,0.04,0.32,3.01,0.41,7.12,10.42,10.74,10.26,10.31,10.98,11.01,10.65,4.76,0.95,0.62,0.09,0.65,0.54,0.79,0.07,5.52,0.08,0.56,0.1
5861,4320,180,Murray Basin,10000,1.47,3.89,2.79,4.92,12.54,12.19,6.05,8.41,7.82,6.07,1.26,1.25,1.82,1.67,2.07,2.38,4.99,2.35,0.49,2.84,4.76,4.44,3.51,0.02
5862,4320,180,Murray Basin,10000,4.95,0.44,0.04,0.01,0.01,0,0.03,6.4,21.74,7.94,8.07,3.07,4.99,11.65,13.03,3.51,0.01,0.86,0.02,0,0.01,0.8,5.8,6.62
5863,4320,180,Murray Basin,10000,2.49,6.48,5.58,6.9,3.99,3.6,0.14,0.61,1.12,7.51,4.41,5.76,5.85,12.64,9.8,5.38,5.62,7.52,1.25,2.18,0.54,0.54,0.05,0.04
5864,4320,180,Murray Basin,10000,1.71,2.21,3.25,2.46,2.97,3.87,2.5,1.91,3.06,4.98,3.56,5.05,5.32,5.77,5.46,10.21,4.67,8.37,14.52,1.14,4.38,1.66,0.51,0.46
5865,4320,180,Murray Basin,10000,0.33,0.38,1.57,0.77,4.89,1.67,0.86,1.08,2.33,3.11,16.5,7.19,8.89,9.57,8.18,7.69,7.25,7.96,6.07,0.12,0.16,0.19,0.24,3
5866,4320,180,Murray Basin,10000,0.92,0.63,0.18,0.22,0.94,4.05,5.03,3.68,5.16,6.2,5.56,6.73,6.79,2.58,3.89,6.45,4.38,4.44,3.65,4.74,5.06,9.57,4.98,4.17
5867,4320,180,Murray Basin,20000,0.98,2.34,1.75,6.38,4.05,4.39,4.07,3.3,2.97,3.81,4.22,6.11,6.25,8.1,7.99,7.8,4.52,3.67,3.78,5.51,4.11,2.12,0.95,0.83
5868,4320,180,Murray Basin,20000,0.13,0.1,1.12,2.73,5.01,6.14,8.08,9.01,11.47,12.11,10.1,4.62,3.71,2.52,2.45,2.42,3.29,2.75,2.62,2.54,3.19,2.18,1.32,0.39
5869,4320,180,Murray Basin,20000,0.97,4.09,5.48,6.33,7.05,7.81,7.71,9.25,7.11,7.97,6.8,8.51,7.39,4.3,2.71,1.42,2.48,0.72,0.2,0.11,0.11,0.04,0.33,1.11
5870,4320,180,Murray Basin,20000,0.83,3.9,7.97,2.88,0.51,1.01,0.34,3.25,4.49,4.19,13.48,14.22,10.27,7.27,4.84,5.92,1.85,1.26,0.95,1.99,1.27,2.86,2.34,2.11
5871,4320,180,Murray Basin,20000,0.55,0.42,1.23,2.17,5.28,5.97,8.27,10.63,11.82,13.23,10.02,8.35,6.06,2.36,3.7,1.39,0.89,0.72,0.04,0.01,0.67,1.85,1.94,2.43
5872,4320,180,Murray Basin,20000,0.96,1.11,0.21,0.04,0.08,1.01,4.05,3.8,8.88,12.46,9.3,9.35,9.28,9.37,9.17,10.88,0.11,1.66,0.09,0.27,0.28,1.26,0.83,5.55
5873,4320,180,Murray Basin,20000,1.74,5.72,10.88,9.33,4.88,6.19,7.97,7.83,7.33,7.32,5.34,7.27,7.7,3.64,2.97,0.84,0.32,0.04,0.17,0.04,0.07,1.29,0.77,0.35
5874,4320,180,Murray Basin,20000,2.05,4.44,2.54,3.76,4.8,6.8,7.77,7.37,4.04,6.13,5.72,10.12,6.7,7.07,4.25,2.25,3.41,4.05,3.73,1.06,0.63,0.33,0.24,0.74
5875,4320,180,Murray Basin,20000,6.08,0.07,0,0.02,0,0.09,3.84,8.27,16.6,8.4,6.07,4.9,5.7,10.53,9.7,2.31,0.09,0.7,0.02,0.01,0.01,4.41,7.96,4.22
5876,4320,180,Murray Basin,20000,2.23,8.21,10.96,10.66,9.61,6.15,2.51,1.76,5.32,10.72,10.72,1.97,0.29,0.09,0.6,1.08,1.08,1.47,2.74,2.59,3.58,2.54,2.18,0.94
5877,4320,180,Murray Basin,40000,5.93,4.2,4.63,4.37,3.4,3.06,3.85,4.07,5.88,6.71,8.1,7.99,8.2,4.73,3.83,4.47,5.63,4.54,2.64,1.24,1.04,0.02,0.45,1.02
5878,4320,180,Murray Basin,40000,0.35,0.13,0.22,1.86,3.73,5.91,7.28,10.63,13.2,13.62,9.43,7.59,4.39,2.64,1.86,2.24,2.16,2.47,2.01,1.91,1.62,2.18,1.52,1.05
5879,4320,180,Murray Basin,40000,1.12,4.29,7.69,3.13,0.95,1.36,0.42,3.29,4.64,4.53,12.93,13.85,9.82,6.77,5.01,5.64,1.8,1.17,0.94,1.96,1.42,2.68,2.37,2.22
5880,4320,180,Murray Basin,40000,1.1,3.64,5.44,6.15,6.93,7.43,7.73,7.93,7.22,8.52,5.79,6.25,6.63,5.06,4.06,2.59,2.82,1.58,0.36,0.22,0.14,0.14,0.53,1.74
5881,4320,180,Murray Basin,40000,0,0,0.14,0.81,1.32,2.19,3.97,3.86,4.74,7.38,10.15,10.02,7.51,8.29,7.9,7.87,7.1,6.05,5.85,0.43,1.24,0.62,1.58,0.98
5882,4320,180,Murray Basin,40000,4.45,2.38,3.46,3.14,1.22,1.16,2.49,7,5.53,8.99,8.18,7.44,7.31,5.84,4.08,15.22,0.2,2.71,1.5,2.08,0.44,0.12,0.01,5.05
5883,4320,180,Murray Basin,40000,4.76,0.07,0.04,0.04,0.01,0.12,4.9,10.49,18.19,8.81,5.33,4,4.96,9.01,7.89,1.66,0.33,1.06,0.13,0.02,0.08,5.94,8.06,4.1
5884,4320,180,Murray Basin,40000,6.65,9.67,6.27,8.99,7.47,6.14,7.75,3.86,1.5,1.21,4.96,7.15,2.07,4.42,2.72,2.38,2.89,4.35,2.52,0.99,0.72,0.49,2.17,2.66
5885,4320,180,Murray Basin,40000,0.01,0.38,0.52,0.92,2.27,4.39,9.25,9.01,11.01,10.06,6.64,5.54,5.15,8.46,7.3,4.15,3.42,3.24,2.79,3.1,1.42,0.34,0.34,0.29
5886,4320,180,Murray Basin,40000,1.17,1.54,2.16,4.57,3.62,2.01,2.78,3.86,5.01,4.29,7.32,8.34,8.58,8.77,7.14,7.94,6.47,3.66,3.51,2.78,1.64,1.79,0.79,0.26
5887,5760,180,Murray Basin,100,0.1,0.15,0.09,0.7,1.02,0.49,0.14,1.28,3.53,6.65,8.55,5.05,9.26,5.65,7.61,5.54,3.93,2.17,6.5,4.22,4.36,0.59,1.16,5.45,4.31,5.44,2.91,1.67,1.47,0,0,0.01
5888,5760,180,Murray Basin,100,0.74,0.28,2.84,0.06,0.09,0,0.03,0.25,5.96,2.55,8.76,8.1,16.12,8.61,8.56,4.96,7.98,4.85,2.25,2.76,2.97,1.44,1.86,0.96,1.41,2.19,1.05,0.99,0.38,0.22,0.31,0.47
5889,5760,180,Murray Basin,100,0.1,1.66,5.63,8.54,5.72,4.45,6.54,9.82,1.07,5.52,8.22,1.19,0.78,0.78,1.62,3.29,3.99,0.52,1.15,10.43,4.88,0.37,0.04,0.4,2.27,8.62,1.81,0,0,0.53,0,0.06
5890,5760,180,Murray Basin,100,0,0,0,0,0,2.71,2.37,14.3,15.93,8.24,8.68,14.35,5.38,0.31,1.75,3.61,2.28,0,0,0.08,0.01,5.31,1.82,0.12,4.08,0.01,0.38,1.84,3.74,1.18,1.5,0.02
5891,5760,180,Murray Basin,100,0.12,0,0.47,0.1,0.22,1.5,4.59,12.64,4.88,2.66,2.67,1.96,4.2,4.21,4.21,1.83,2.84,3.46,1.09,1.54,1.47,2.14,1.71,0.1,2.77,29.37,3.06,1.38,1.41,0.89,0.28,0.23
5892,5760,180,Murray Basin,100,1.45,2.91,2.64,2.58,4.42,0.2,0.89,0.08,0.17,1.21,13.71,4.14,0.19,0,0.11,3.35,2.76,3.75,3.31,5.96,5.32,7.2,9.33,4.6,0.82,0,0.22,0.57,2.54,1.46,8.48,5.63
5893,5760,180,Murray Basin,100,2.7,3.31,4.27,4.11,4.6,1.56,0.04,0.14,0.29,0.02,1.29,2.27,4.42,7.83,9.94,11.15,15.75,1.87,3.34,2.78,0.52,0.04,0.18,5.72,5.71,0.29,0.01,0.12,1.03,0.72,1.22,2.76
5894,5760,180,Murray Basin,100,0,0,0.02,2.6,2.45,4.48,7.77,6.65,9.43,7.38,7.44,9.24,5.54,2.77,4.3,3.65,5.01,9.12,1.64,0.43,0,0,0.19,0.23,0.8,0.49,1.58,5.43,0.6,0.34,0.42,0
5895,5760,180,Murray Basin,100,0.76,0.63,0.93,2.83,5.92,10.62,7.11,6.22,8.76,7.25,4.65,3.33,2.13,1.93,4.34,4.95,3.5,2.09,0.45,3.24,2.84,2.87,3.68,3.16,3.08,0.43,1.09,0.7,0.17,0.11,0.17,0.06
5896,5760,180,Murray Basin,100,0.27,0.2,0.39,0.94,1.7,0.15,0.16,0.54,3.05,5.99,6.1,4.18,2.72,6.22,6.76,5.4,0.4,0.4,0.82,2.34,4.05,2.17,6.8,12.46,18.83,6.12,0.5,0,0,0,0,0.34
5897,5760,180,Murray Basin,200,0.79,0.36,2.94,0.05,0.08,0,0.04,0.37,5.93,2.51,8.07,7.92,15.78,8.05,8.1,4.69,7.64,4.85,2.55,2.79,3.16,1.77,2.24,1.21,1.72,2.49,1.2,1.06,0.43,0.23,0.4,0.58
5898,5760,180,Murray Basin,200,0,0.19,0.51,0.7,0.69,0.72,1.75,25.91,2.31,0.64,0.53,0.22,0.31,0.47,0.17,43.37,0.05,0.03,0.13,0.88,0.71,0.09,0.1,13.94,0.19,0.24,0.3,0.01,0,0,0,4.84
5899,5760,180,Murray Basin,200,7.21,1.71,2.1,1.96,2.77,7.32,10.75,7.35,4.51,2.5,1.26,1.38,1.39,1.28,1.16,3.67,3.17,8.74,5.76,5.59,2.35,0.52,0.84,4.7,1.12,2.3,0.79,0.02,0.44,1.23,0.83,3.28
5900,5760,180,Murray Basin,200,8.8,9.99,7.17,2.22,5.15,5.32,8.34,4.78,6.38,2.14,2.25,2.72,2.53,1.14,1.27,1.02,2.56,3.08,3.85,1.22,1.03,0.73,0.61,0.8,0.39,2.11,1.93,0.51,0.7,0.6,2.69,5.97
5901,5760,180,Murray Basin,200,0.04,0.22,0.24,0.08,0.22,0.44,1.48,16.5,1.08,0.3,0.34,0.3,0.44,1.06,0.85,49.24,0.31,0.12,0.19,0.29,0.05,0.08,0.2,19.05,0.07,0.31,0.27,0.03,0,0,0,6.2
5902,5760,180,Murray Basin,200,2.44,3.64,4,3.46,4.25,2.14,0.04,0.02,0.38,0,0.59,2.5,3.21,6.78,7.6,9.61,19.41,2.33,2.56,4.07,1.43,0.16,0.09,5.61,5.87,1.32,0.08,0.29,1.39,1.18,1.35,2.2
5903,5760,180,Murray Basin,200,0,0,0.03,2.47,2.24,4.2,7.61,6.85,8.75,7.12,7.13,9.35,6.23,3.11,4.32,3.57,5.05,8.05,1.92,0.62,0,0,0.27,0.35,0.95,0.54,1.76,5.23,1.07,0.65,0.56,0
5904,5760,180,Murray Basin,200,0.68,0.62,0.94,2.81,6.02,10.33,6.9,6.46,8.27,7.4,4.83,3.56,2.19,2.01,4.5,5.22,3.46,2.15,0.47,3.18,2.95,2.86,3.57,3.02,2.92,0.42,1.07,0.69,0.16,0.11,0.17,0.06
5905,5760,180,Murray Basin,200,0.43,0.13,1.19,0.61,1.98,0.01,0.39,0.02,4.15,7.11,6.98,3.9,2.18,3.06,7.13,4.04,0.37,0.21,1.54,0.49,3.29,1.38,3.5,9.26,12.77,14.69,8.84,0,0,0,0,0.35
5906,5760,180,Murray Basin,200,0.22,0,0.23,0.19,0.15,4.62,2.49,2.5,1.69,1.89,2.72,0.21,0.27,0.06,1.26,1.88,3.15,5.27,11.84,11.44,8.78,5.48,8.04,5.92,10.26,1.71,7.39,0.08,0,0,0.26,0
5907,5760,180,Murray Basin,500,0.94,0.58,3.08,0.02,0.06,0.01,0.07,0.7,5.91,2.42,6.39,7.77,14.6,6.49,6.89,3.87,6.51,4.73,3.17,2.8,3.84,2.78,3.23,1.93,2.66,3.4,1.59,1.22,0.54,0.25,0.65,0.9
5908,5760,180,Murray Basin,500,0.38,0,0.43,0.31,0.07,5.85,1.9,1.68,1.36,1.79,3.64,0.09,0.13,0,0.77,1.08,1.89,3.55,10.91,11.05,9.96,4.03,9.24,5.14,8.53,2.03,13.24,0.05,0.03,0.04,0.83,0
5909,5760,180,Murray Basin,500,0,0,0,0,0,0,0.68,1.7,2.45,1.27,2.08,2.68,5.21,5.49,5.06,4.66,6.02,4.58,1.44,2.3,6.24,9.97,12.05,5.79,4.42,3.72,2.44,1.28,0.42,0.39,3.33,4.33
5910,5760,180,Murray Basin,500,0.03,0.09,0.07,0.67,0.91,0.43,0.16,1.32,3.43,6.75,8.26,4.99,8.84,5.64,7.89,5.84,3.95,2.67,6.59,4.29,4.31,0.61,1.06,5.46,4.45,5.36,2.94,1.71,1.26,0,0.01,0.01
5911,5760,180,Murray Basin,500,0.06,1.7,5.48,8.8,6.72,5.65,7.06,10.09,1.74,4.2,7.87,1.31,0.78,0.84,1.57,2.46,3.52,1.27,1.04,5.58,6.62,0.56,0.07,0.51,2.17,8.94,2.33,0.05,0,0.73,0.23,0.05
5912,5760,180,Murray Basin,500,6,3.23,1.64,2.72,2.66,7.23,11.34,8.15,5.59,2.19,1.7,1.28,1.35,0.92,1.06,2.86,3.77,6.91,6.35,4.4,2.94,0.73,0.82,1.89,3.64,2.15,1.35,0.02,0.26,1.05,0.54,3.26
5913,5760,180,Murray Basin,500,0,0.03,0,0.28,0.24,0.96,0.2,1.06,4.85,0.11,1.32,0.16,0,6.8,1.01,1.24,6.02,6.43,11.52,15.89,11.08,4.68,2.19,0.1,0,0,0,0,2.1,10.65,8.98,2.1
5914,5760,180,Murray Basin,500,0.91,2.1,1.38,1.17,5.49,3.97,4.41,4.35,5.24,2.61,4.14,1.64,1.42,7.86,12.91,5.28,6.29,1.3,0.15,0.29,2.02,2.78,1.33,0.53,0.44,1.68,2.31,3.42,2.24,4.07,2.32,3.95
5915,5760,180,Murray Basin,500,2.13,0.11,0,0.55,1.06,0.91,0.04,0.09,0.57,1.22,1.02,0.63,0.82,0.73,0.94,5.26,3.81,2.41,1.46,6.58,10.7,9.12,6.16,10.85,11.39,8.75,0.52,0.01,0.33,4.91,3.32,3.6
5916,5760,180,Murray Basin,500,3.25,3.83,4.07,4.17,4.46,1.98,0.08,0.24,0.5,0.09,1.32,2.46,4.29,6.91,7.75,9.91,12.6,2.14,3.22,4.03,1.17,0.15,0.44,6.21,5.57,0.57,0.26,0.7,1.99,1.05,2.26,2.33
5917,5760,180,Murray Basin,1000,6.1,5.37,4.55,5.53,4.31,1.45,2.74,6.38,9.28,10.93,6.56,5.94,4.46,3.19,1.94,1.45,0.61,3.1,4.1,2.17,3.9,2.59,1.47,0.22,0.27,0.71,0.48,0.2,0,0,0,0
5918,5760,180,Murray Basin,1000,6.47,5.07,1.6,3.34,3.56,6.24,10.6,8.01,5.86,2.23,1.57,1.08,1.77,1.01,1.02,2,4.7,6.32,6.29,3.13,4,0.8,0.43,1.25,3.03,1.11,1.19,0,1.21,1.62,0.9,2.59
5919,5760,180,Murray Basin,1000,3.62,3.66,0.12,1.08,0.07,0.11,4.17,1.07,2.84,3.69,7.77,11.62,18.54,7.93,6.86,0.94,0.11,0,0,0,0,3.96,7.51,8.79,1.25,0.01,0.02,0.03,0,0.16,2.22,1.85
5920,5760,180,Murray Basin,1000,3.57,3.07,10.91,17.06,13.05,5.48,1.41,2.33,0.74,1.22,3.66,2.45,1.19,1.75,1.01,1.16,2.14,1.8,1.55,1.15,0.37,0.22,0.26,1.2,7.86,3.17,0.36,0,0.03,0,6.06,3.77
5921,5760,180,Murray Basin,1000,0.02,0.07,0.29,0.12,0.09,0.31,0.12,0.01,13.02,1.35,2.07,0,0,0.02,2.53,9.09,2.73,7.25,3.79,14.88,11.3,8.79,5.53,5.82,1.84,0.47,0.24,3.23,0.39,1,2.24,1.39
5922,5760,180,Murray Basin,1000,0,0.07,0.03,0,0.19,0,0.11,0.06,0.81,1.61,1.5,1.56,1.36,2.37,1.7,2.61,4.66,10.86,12.19,8.09,4.04,7.1,5.76,8.35,5.66,5.34,3.2,2.17,2.1,3.69,1.35,1.46
5923,5760,180,Murray Basin,1000,0.95,0.97,3.96,6.08,3.05,0.06,0.08,0,1.86,11.58,6.32,2.69,0.21,2.13,1.64,1.98,1.26,17.67,17.05,2.18,0.85,1.85,0.19,4,0.33,4.84,1.8,2.92,0.43,0.09,0.91,0.07
5924,5760,180,Murray Basin,1000,7.99,6.73,1.65,2.99,0.47,2.48,10.5,12.11,8.66,4.03,1.25,0.74,0.85,1.34,3.83,2.16,1.82,0.51,0.07,2.28,5.7,8.15,2.74,0.06,0,0.16,0.24,0.65,5.18,4.31,0.11,0.24
5925,5760,180,Murray Basin,1000,0,0,0,0.44,1.41,0.21,5.87,8.38,10.28,9.15,2.17,2.84,9.12,4.38,1.49,0.79,1.27,1.96,4.6,7.16,4.08,0.79,3.24,5.01,0.88,0.79,0.69,1.35,2.82,4.75,2.62,1.46
5926,5760,180,Murray Basin,1000,1.94,8.22,12.15,8.09,7.09,0.71,0.45,0.92,8.24,6.8,1.89,3.2,0.4,1.03,0.3,0,0.72,11.21,7.97,2.49,8.01,4.29,0.23,0.76,1.03,0.71,0.36,0.53,0.01,0.25,0,0
5927,5760,180,Murray Basin,2500,4.86,3.5,1.43,2.55,2.94,6.21,11.28,10.18,6.38,2.54,1.78,1.21,1.42,1.03,1.06,2.28,5.08,6.32,5.97,3.52,3.77,0.66,0.55,1.13,3.59,1.64,1.43,0.1,0.98,1.27,0.91,2.43
5928,5760,180,Murray Basin,2500,0,0.04,0,7.28,7.96,12.76,6.38,5.84,1.59,5.21,3.38,3.84,4.88,7.21,5.69,1.36,0.73,0.95,1.86,2.29,4.93,0.5,0.43,6.06,4.26,0.35,0.64,0.52,0.17,0.13,2.76,0
5929,5760,180,Murray Basin,2500,2.22,3.1,1.5,0.36,5.76,4.27,1.74,0.05,0.05,0.08,4.91,13.63,3.84,1.45,0.3,2.8,3.11,0.19,3.43,24.5,5.49,1.45,1.54,1.2,0.31,3.12,1.26,3.74,2.64,0.94,0.35,0.67
5930,5760,180,Murray Basin,2500,0.03,0.1,0.15,0.18,0,0.31,0.05,0.19,12.61,0.4,1.51,0,0,0.6,2.93,9.51,1.79,4.93,9.44,14.71,10.14,8.72,6.26,5.94,0.84,0.18,1.73,2.24,0.15,1.62,1.41,1.33
5931,5760,180,Murray Basin,2500,3.14,3.76,5.53,10.92,7.4,3.6,0.87,3.19,2.49,1.54,0.13,0.49,1.51,5.15,3.26,2.51,3.49,5.89,9.99,12.13,1.6,2.47,1.27,2.36,1.37,0.98,1.39,0.69,0.64,0.21,0,0.03
5932,5760,180,Murray Basin,2500,5.67,18.49,14.18,7.62,2.82,1.93,1.42,0.79,3.89,2.49,1.89,1.93,2.51,1.29,2.63,2.24,2.02,1.46,0.96,0.21,0.38,0.61,6.61,4.6,0.77,0.02,0,0.06,0.36,10.05,0.1,0
5933,5760,180,Murray Basin,2500,3.36,2.75,3.66,10.07,1.75,3.6,0.98,0.3,6.63,11.2,8.95,5.27,1.5,0.45,0.52,1,2.06,2.42,1.94,0.64,0.4,2.39,7.16,7.44,4.91,0.8,0.03,0,0,0.16,2.58,5.08
5934,5760,180,Murray Basin,2500,0.39,0.05,0,0.31,1.74,10.67,4.6,1.22,0.04,0.62,0,0.07,5.92,0.3,0.05,0.54,0.83,3.04,0.28,0.2,0.9,16.3,4.43,3.46,1.55,1.7,5.62,4.81,12.76,14.72,2.83,0.05
5935,5760,180,Murray Basin,2500,4.99,1.62,0.76,0.6,1.23,1.62,0.45,3.02,4.36,9.2,5.79,0.14,0,0,0,0.06,0.08,14,22.13,16.89,1.7,0,0.08,0.08,0,9.66,0.88,0.05,0.2,0.17,0.16,0.08
5936,5760,180,Murray Basin,2500,0.45,0.3,0.5,0.47,0.87,2.6,2.01,4.79,2.14,1.45,1.62,1.87,2.07,2.91,1.65,0.54,7.73,17.08,15.45,12.04,2.1,0.99,1,2.63,1.85,2.34,2.45,1.7,0.8,2.75,2.14,0.71
5937,5760,180,Murray Basin,5000,1.06,1.5,1.59,1.88,2.02,4.29,4.86,4.6,4.68,4.63,4.32,2.56,1.57,3.63,5.83,7.55,8.05,8.38,5.56,2.9,1.89,1.57,1.04,1,4.3,1.36,2.8,1.53,1.9,0.59,0.09,0.47
5938,5760,180,Murray Basin,5000,0.53,0.06,0.17,0.71,8.49,3.53,0.2,0.04,0.05,1.73,3.8,1.54,8.15,12.55,11.99,6,7,6.17,3.12,1.29,1.11,1.58,0.76,2.44,2.01,2.75,1.01,1.04,3.46,2.65,2.88,1.19
5939,5760,180,Murray Basin,5000,0,0,0,0,0,0,0,1.28,3.42,0.05,0,0.02,0,0,2.25,19.74,12.31,8.89,3.72,3.79,9.54,13.04,7.79,0.27,0.06,0.7,0.01,0.01,0.01,1.9,8.42,2.78
5940,5760,180,Murray Basin,5000,11.19,1.69,0.7,2.5,1.99,4.17,9.49,16.86,9.85,2.36,0.95,0.09,0.14,0.32,0.23,0.41,4.05,4.18,2.59,1.58,4.62,0.72,0.06,4.84,1.19,4.3,2.87,0.2,4.01,1.15,0.6,0.1
5941,5760,180,Murray Basin,5000,1.65,1.33,0.74,0.52,0.91,0.44,0.08,2.06,2.43,2.16,5.55,3.46,2.4,2.28,16.39,4.29,1.42,1.2,0.07,0.56,0.75,2.15,16.79,10.31,1.17,0.13,0.79,4.12,8.53,3.22,1.09,1.01
5942,5760,180,Murray Basin,5000,2.24,3.49,1.58,0.46,4.63,4.89,1.62,0.03,0.06,0.11,6.5,14.2,2.72,1.5,0.39,3.68,3.42,0.22,3.82,22.99,5.21,1.87,1.68,1.38,0.37,2.34,1.34,3.19,2.31,0.8,0.33,0.63
5943,5760,180,Murray Basin,5000,8.83,8.7,6.06,5.47,9.92,4.93,2.3,9.67,3.43,0.93,0.27,0.81,1.3,1.74,2.39,0.81,3.11,2.35,4.1,0.48,0.68,2.98,5.51,9.45,0.8,0.09,0.17,2.26,0.42,0.01,0.03,0
5944,5760,180,Murray Basin,5000,0.01,0.35,0.71,3.21,6.01,2.31,0.59,3.5,13.98,0.18,0,0.05,0,0,1.13,0.32,3.76,11.23,2.35,7.99,0.96,0.45,3.23,1.65,5.57,5.66,13,10.09,1.7,0,0,0.01
5945,5760,180,Murray Basin,5000,6.27,4.27,3.61,10.85,12.03,8.38,4.05,1.1,1.66,0.56,2.01,3.39,1.74,1.97,3.26,1.81,2.04,2.77,2.78,2.54,1.56,0.84,0.45,0.48,4.01,4.78,1.36,0.3,0.01,0.08,0.02,9.02
5946,5760,180,Murray Basin,5000,1.17,7.26,2.16,3.99,0.82,1.02,4.26,5.35,7.09,5.02,25.42,14.62,1.61,0,0,0,6.26,5.74,2.07,0.06,0.06,0.14,1.02,1.2,0.82,0.82,0.44,0.37,0.48,0.08,0.5,0.15
5947,5760,180,Murray Basin,10000,1.75,4.74,0.58,0.06,0.01,0.14,0.36,3.53,2.8,3.88,3.22,6.78,6.99,8.54,5.21,4.1,4.96,5.34,6.41,6.19,5.08,3.37,2.5,3.11,4.34,2.89,0.88,0.6,0.28,0.36,0.66,0.34
5948,5760,180,Murray Basin,10000,0,0,0,0,0.24,1.07,0.59,4.06,6.2,3.55,5.15,4.57,1.8,2.35,3.58,4.27,7.09,7.49,10.35,8.75,7.18,4.44,5.2,4.79,3.99,0.55,0.03,0.3,0.07,0.03,0.33,1.98
5949,5760,180,Murray Basin,10000,9.51,2.77,0.07,0.14,0.04,1.93,4.17,2.12,9.02,13.66,11.72,5.86,5.97,5.72,2.91,1.04,1.02,1.67,1.13,2.01,1.73,3.32,0.88,0.8,2.91,3.08,2.57,1.22,0,0.82,0.19,0
5950,5760,180,Murray Basin,10000,0.98,1.44,1.65,1.77,1.98,4.3,4.59,4.33,4.42,4.4,4.09,2.53,1.55,3.43,5.46,7.09,8.13,8.58,5.66,3.47,2.15,2.24,1.93,1.42,4.26,1.41,2.58,1.4,1.67,0.55,0.1,0.44
5951,5760,180,Murray Basin,10000,0.06,0.04,0.3,0.19,1.26,3.39,2.52,1.67,2.74,1.52,0.7,1.09,2.37,9.07,5.86,7.58,5.12,6.63,7.73,3.41,3.76,18.75,1.85,1.47,0.72,0.84,0.09,0.1,0.04,7.59,0.64,0.9
5952,5760,180,Murray Basin,10000,0.05,5.17,0.04,0,0,0,0,2.92,8.13,19.22,8.01,5.96,4.01,5.81,11.98,9.9,2.43,0.05,0.8,0.02,0.01,0,1.84,7.92,3.94,0.46,0.68,0.09,0.36,0.13,0.03,0.04
5953,5760,180,Murray Basin,10000,0.02,0.13,0.13,11.54,1.06,1.55,2.36,2.71,3.77,13.87,14.74,6.97,2.28,0.64,0.14,0.2,0.42,0.09,1.19,5.59,3,2.84,2.8,3.51,0.34,0.31,5.26,4.93,2.06,1.11,1.54,2.9
5954,5760,180,Murray Basin,10000,0.1,0.27,0.4,0.23,0.36,0.4,0.3,0.36,1.56,0.76,4.8,1.64,0.84,1.06,2.28,3.06,16.21,7.06,8.74,9.4,8.03,7.54,7.13,7.81,5.97,0.12,0.16,0.18,0.23,2.94,0.01,0.05
5955,5760,180,Murray Basin,10000,0.33,1.24,2.87,7.03,5.98,4.83,5.59,8.23,4.95,2.76,13.85,2.95,1.63,0.61,0.8,0.75,0.9,1.5,2.77,1.77,1.1,2.6,1.94,0.63,3.2,4.72,10.01,1.99,0.2,0.08,1.4,0.79
5956,5760,180,Murray Basin,10000,0.07,0.62,3.94,0.8,1.36,0.54,1.24,3.49,0.33,2.66,0.46,0.09,4.59,3.97,1.42,5.39,4.74,9.71,11.68,9.08,3.94,2.5,0.1,0.06,0.16,0.62,0.39,5.74,8.67,9.38,2.25,0.01
5957,5760,180,Murray Basin,20000,0,0.01,0.19,1.01,2.28,1.72,6.21,3.94,4.27,3.98,3.21,2.89,3.72,4.11,5.94,6.08,7.9,7.78,7.59,4.4,3.58,3.69,5.35,4.01,2.06,0.93,0.82,0.02,0.34,0.91,0.81,0.25
5958,5760,180,Murray Basin,20000,0.5,0.37,0.94,3.6,6.62,2.54,0.49,0.59,0.23,2.55,3.4,3.08,10.53,11.26,8.73,6.33,4.55,5.75,1.81,1.19,0.91,1.78,1.34,2.71,2.21,2.04,0.87,2.4,2.93,3.83,3.16,0.76
5959,5760,180,Murray Basin,20000,0.66,1.29,2.18,2.01,2.52,1.38,0.68,0.82,2.21,3.3,6.07,2.79,4.27,3.62,5.46,4.31,6.33,8.34,6.33,10.43,7.11,8.83,2.5,2.47,1.83,1.32,0.36,0.22,0.13,0.21,0.02,0
5960,5760,180,Murray Basin,20000,0.35,0.08,0.1,1.11,2.71,4.99,6.1,8.03,8.94,11.39,12.04,10.01,4.59,3.68,2.51,2.43,2.41,3.27,2.73,2.6,2.53,3.16,2.17,1.31,0.37,0.02,0,0.23,0.07,0.07,0,0
5961,5760,180,Murray Basin,20000,1.38,0.22,0.14,0.08,0.22,2,4.32,2.46,3.65,4.68,6.62,7.55,7.18,3.93,5.97,5.58,9.86,6.52,6.9,4.16,2.19,3.32,3.95,3.63,1.03,0.63,0.29,0.24,0.7,0.31,0.05,0.24
5962,5760,180,Murray Basin,20000,0.58,5.96,0.07,0,0.02,0,0.09,3.74,8.06,16.19,8.2,5.92,4.77,5.56,10.26,9.46,2.25,0.09,0.69,0.02,0.01,0.01,4.31,7.75,4.12,0.77,0.53,0.1,0.27,0.1,0.03,0.07
5963,5760,180,Murray Basin,20000,2.01,5.81,8.52,5.02,6.89,5.82,4.73,5.92,3.29,1.43,0.63,3.55,7.29,2.1,4.98,2.98,1.87,1.95,3.8,2.25,0.83,0.7,0.7,3.09,3.19,3.67,3.74,1.52,0.87,0.45,0.27,0.13
5964,5760,180,Murray Basin,20000,1.37,3.18,2.65,4,5.13,6.58,4.65,1.81,0.83,2.25,3.79,3.3,1.44,1.17,9.87,1.53,2.98,1.51,2.09,3.29,6.69,10.21,5.44,4.77,3.08,3.42,0.79,0.87,0.22,0.28,0.43,0.38
5965,5760,180,Murray Basin,20000,0.17,0.74,12.59,1.19,1.95,2.59,3.05,3.49,11.71,13.09,6.5,1.83,0.4,0.06,0.11,0.26,0.16,1.8,5.82,3.19,2.61,3.54,3.93,0.33,0.37,7.66,3.46,1.48,0.95,1.76,2.36,0.85
5966,5760,180,Murray Basin,20000,1.04,3.07,3.07,3.35,2.29,2.36,1.79,0.67,0.34,0.29,0.72,3.78,5.11,8.31,7,5.86,3.69,2.72,2.4,3.55,2.56,0.94,0.51,2.36,5.3,5.05,6.21,4.63,4.86,1.86,2.76,1.55
5967,5760,180,Murray Basin,40000,3.83,6.75,2.76,0.84,1.18,0.36,2.89,4.07,3.97,11.34,12.15,8.6,5.94,4.4,4.94,1.57,1.03,0.81,1.73,1.25,2.35,2.08,1.95,0.78,2.05,2.71,3.57,2.8,0.62,0.09,0.59,0
5968,5760,180,Murray Basin,40000,2.13,4.96,6.43,4,5.81,6.32,6.86,5.81,3.12,0.88,1.26,3.7,6.55,2.65,4.32,2.12,3.36,4.44,5.61,2.72,0.9,0.62,0.54,2.52,2.82,3.23,3.41,1.15,1.05,0.36,0.18,0.17
5969,5760,180,Murray Basin,40000,3.43,2.76,2.6,1.77,0.6,0.48,0.57,1.58,3.49,6.19,7.68,8.96,5.56,5.27,4.19,3.42,3.81,3.31,2.85,2.39,3.38,4.72,4.45,4.87,3.26,3.25,1.54,2.03,1.43,0.14,0.02,0
5970,5760,180,Murray Basin,40000,0.67,4.73,0.08,0.04,0.04,0.01,0.11,4.77,10.24,17.79,8.61,5.2,3.92,4.83,8.8,7.72,1.62,0.3,1.02,0.13,0.02,0.07,5.81,7.89,4,0.65,0.44,0.11,0.22,0.07,0.02,0.07
5971,5760,180,Murray Basin,40000,0.17,0.2,0.06,0.76,1.34,1.07,3.61,2.05,1.8,4.06,5.46,1.47,0.91,1.58,2.7,4.05,4.27,2.26,1.92,5.35,9.83,10.73,8.64,8.29,5.8,5.95,4.51,1.01,0.07,0,0.04,0.04
5972,5760,180,Murray Basin,40000,0.21,1.03,0.79,0.79,1.56,2.27,3.92,4.92,4.41,3.1,5.8,5.97,7.93,5.1,1.82,5.05,4.92,5.18,5.84,6.72,5.55,3.93,5.76,4.65,1.38,0.54,0.17,0.01,0.3,0,0.14,0.24
5973,5760,180,Murray Basin,40000,0,0,0,1.16,0.87,0.95,1.49,0.38,2.37,1.49,1.64,6.67,7.9,8.42,2.02,1.82,2.36,2.63,5.9,7.02,8.66,5.19,1.86,3.42,4.05,2.17,4.51,2.62,1.71,8.22,2.14,0.36
5974,5760,180,Murray Basin,40000,0.69,1.43,2.32,1.78,1.64,1.28,1.45,2.05,2.91,2.71,1.78,3.16,4.33,6.36,6.55,6.56,5.39,6.45,8.74,8.02,7.45,3.69,3.03,2.23,1.39,2.18,1.87,1.17,0.53,0.45,0.19,0.22
5975,5760,180,Murray Basin,40000,0.8,2.07,5.61,5.47,5.11,5.17,5.32,7.93,8.41,5.99,4.95,3,0.92,0.68,0.4,0.08,0.22,0.75,0.25,2.78,5.25,3.53,4.61,5.61,6.07,2.5,0.43,0.53,0.9,3.02,1.49,0.15
5976,5760,180,Murray Basin,40000,1.14,1.91,4.59,4.72,5.42,5.17,5.4,4.79,6.64,2.2,2.93,4.1,7.42,4.68,3.96,3.65,1.72,2.15,2.27,1.99,0.97,1.14,1.36,1.35,1.76,1.56,1.86,2.47,2.16,3.18,3.57,1.77
5977,7200,180,Murray Basin,100,0,0.07,2.67,3.3,4.26,4.11,4.6,1.54,0.04,0.14,0.29,0.02,1.29,2.27,4.42,7.82,9.93,11.14,15.73,1.86,3.34,2.78,0.52,0.04,0.18,5.72,5.7,0.29,0.01,0.12,1.03,0.72,1.22,2.75,0.08,0,0,0,0,0
5978,7200,180,Murray Basin,100,0.08,0.02,0,0,0.02,0.02,0,0.46,0.37,1.07,1.09,4.56,9.37,8.66,5.9,7.46,8.52,6.61,2.99,3.03,2.12,2.93,3.83,5.13,3.53,0.41,1.92,2.63,3.24,3.37,3.48,3.16,1.6,0.43,1.01,0.59,0.04,0.17,0.11,0.07
5979,7200,180,Murray Basin,100,0.12,0.54,0.41,2.62,2.55,2.31,7.86,12.96,3.82,0.86,0.95,1.39,0.95,2.36,3.33,3.07,2.91,1.57,2.42,3.23,4.57,3.02,2.57,2.48,3.8,0.67,2.06,1.6,1.13,3.84,6.21,3.96,0.5,0,0.12,0.93,2.17,1.35,2.48,0.31
5980,7200,180,Murray Basin,100,0.05,1.08,0.76,0.62,0.21,2.1,0,0.45,0.03,2.87,3.24,0.89,0.32,0.72,0,0.06,1.42,2.7,1.33,1.07,0.01,0.74,4.15,2.22,3.11,11.76,16.74,6.29,3.1,3.05,1.98,1.92,3.88,8.25,5.85,5.41,1.37,0.23,0,0.02
5981,7200,180,Murray Basin,100,0.71,0.16,0.35,0.44,2.59,0.64,0.34,2.2,0.66,0.07,0,0.25,0.53,0.38,0.09,0.3,0.07,0.74,0.53,0.21,0.38,1.12,2.39,3.62,4.35,2.36,3.51,6.46,10.73,13.75,7.3,4.29,0.96,1.24,0.57,0.03,1.58,4.14,12.8,7.16
5982,7200,180,Murray Basin,100,1.01,5.07,0.56,1.38,3.47,0.77,1.5,0.23,0.33,3.14,3,0.47,0.29,1.54,1.21,4.39,2.57,4.33,2.39,0.37,0.08,0.07,0.02,0.04,0.83,0.74,0.27,0.46,4.19,5.49,4.13,2.37,10.41,7.69,3.7,4.35,12.1,5.04,0,0
5983,7200,180,Murray Basin,100,1.27,1.25,1.63,1.26,1.73,1.98,0.96,0.91,0.26,1.3,2.67,3.49,3.22,0.09,0.7,0.47,0.27,0.27,0.44,0.74,0.71,1.17,0.56,0.71,1.19,1.57,5.44,2.29,3.08,6.84,4.45,4.29,1.15,2.07,2.54,3.77,4.34,6.54,11.64,10.74
5984,7200,180,Murray Basin,100,1.13,8.19,3.72,1.3,2.32,2.26,5.26,0.14,0.01,0.09,0.62,1.39,15.17,14.89,1.51,0.83,1.47,0.95,2.54,6.69,3.81,0.6,0.18,0.04,0.08,0.16,0.81,3.03,2.72,3.79,3.66,1.96,0.13,0.51,0.8,2.58,2.8,0.04,0.26,1.56
5985,7200,180,Murray Basin,100,0.7,2.38,2.88,0.52,0.78,0.95,1.57,0.46,2.78,2.86,3.23,1.57,2.18,3.58,0.55,3,1.86,0.49,0.18,7.51,0.79,3.1,3.46,0.4,6.98,10.41,1.72,8.44,3.06,1.11,2.95,0.99,2.52,1.33,0.98,5.14,2.2,1.48,1.11,1.8
5986,7200,180,Murray Basin,100,0.51,0.59,0.63,0.07,0.02,0.6,0.02,0.07,2.07,3.67,9.29,5.75,5.85,1.35,3.83,3.73,0.21,1.35,3.35,3.63,5.65,4.59,3.77,8.3,7.55,3.04,1.49,0.65,6.63,0.29,0.64,3.87,4.35,0.32,0,0.01,0.7,0.24,0.95,0.37
5987,7200,180,Murray Basin,200,1.35,0.95,1.14,2.17,4.27,6.71,8.03,3.41,2.27,4.24,4.34,6.03,3.32,3.76,1.55,1.7,2.04,1.51,0.95,0.91,1.67,1.42,4.17,1.5,0.68,0.99,0.41,0.63,0.34,0.51,1.84,1.05,0.38,0.5,0.89,3.37,4.97,4.2,7.11,2.72
5988,7200,180,Murray Basin,200,5.47,3.27,1.67,2.22,2.05,6.62,10.45,7.56,5.36,2.18,1.75,1.28,1.42,1.13,1.28,3.19,3.67,6.98,6.72,5.04,3.22,0.68,0.75,2,3.55,2.17,1.17,0,0.33,1.35,0.39,3.51,0.63,0.01,0,0.02,0.06,0,0,0.85
5989,7200,180,Murray Basin,200,0.04,0.22,0.21,0.07,0.22,0.43,1.46,16.36,1.08,0.3,0.34,0.3,0.44,1.06,0.85,48.82,0.3,0.12,0.19,0.29,0.05,0.08,0.2,18.89,0.07,0.31,0.27,0.03,0,0,0,6.14,0,0,0,0,0,0,0,0.86
5990,7200,180,Murray Basin,200,5.06,2.79,0.27,0.12,0.03,0.12,0.63,0.76,1.14,1.03,0.55,0.04,0,0.37,0.5,0.57,0.11,0.04,0.67,0.53,0.47,0.62,0.71,0.16,1.16,3.31,2.5,1.11,2.5,9.32,9.91,9.41,8.64,11.65,12.21,4.73,0,0.01,1.81,4.44
5991,7200,180,Murray Basin,200,0,0.21,2.94,3.38,4.03,3.89,3.98,1.57,0.03,0.12,0.28,0.02,1.26,2,4.01,7.48,8.06,10.58,16.96,1.81,3.24,3.48,1.15,0.11,0.46,7.14,4.95,0.26,0.08,0.34,1.58,1.04,1.48,2.04,0.03,0.01,0,0,0,0
5992,7200,180,Murray Basin,200,0.03,0.01,0,0.01,0.01,0.01,0,0.44,0.38,1.06,1.09,4.5,9.3,8.51,5.87,7.38,8.24,6.76,3.28,3.19,2.16,3.13,3.98,5.24,3.54,0.43,1.87,2.78,3.21,3.3,3.35,3,1.56,0.43,0.99,0.57,0.04,0.17,0.11,0.07
5993,7200,180,Murray Basin,200,0.12,0.52,0.69,2.29,3.02,2.5,6.19,13.13,3.02,0.95,1.16,1.74,0.82,2.19,3.07,3.63,2.81,1.72,2.53,3.07,5.51,3.08,2.6,2.54,3.47,0.66,1.91,1.83,1.27,3.55,6.47,3.99,0.51,0.02,0.15,0.86,2.14,1.28,2.48,0.51
5994,7200,180,Murray Basin,200,0.04,0.01,0.1,0.21,0.65,3.19,3.68,3.7,2.57,3.19,2.17,1.54,4.51,4.74,4.5,3.16,4.32,3.64,5.75,6.23,6.65,7.52,6.6,4.93,3.12,1.89,2.16,2.05,1.62,1.36,0.99,0.47,0.78,0.74,1.09,0.13,0,0,0,0
5995,7200,180,Murray Basin,200,0.13,0.12,0.02,0.02,0.06,0.55,0.96,1.61,2.84,1.87,5.04,11.54,5.71,7.61,6.98,5.77,2.55,1.24,7.56,1.62,0.94,0.18,0.45,0.59,0.16,0.05,0.29,2.76,3.89,2.65,5.83,3.81,1.26,3.1,6.78,1.42,1.71,0.03,0,0.3
5996,7200,180,Murray Basin,200,1.45,0.77,1.67,1.51,0.74,0.93,0.88,1.71,3.42,3.15,2.97,0.78,0.66,1.19,0.33,0.93,3.14,3.69,3.24,3.75,6.43,8.84,11.89,9.71,5.4,3.98,0.53,0.75,0.18,0.03,0.58,1.07,1.04,1.47,0.86,2.91,3.24,0.91,2.27,1
5997,7200,180,Murray Basin,500,0.18,0.99,0.57,3.05,0.02,0.06,0.01,0.07,0.7,5.81,2.38,6.29,7.66,14.39,6.39,6.8,3.81,6.41,4.66,3.11,2.73,3.78,2.74,3.19,1.9,2.63,3.35,1.56,1.19,0.54,0.24,0.63,0.89,0.31,0.06,0.58,0.13,0.03,0.09,0.07
5998,7200,180,Murray Basin,500,5.91,3.18,1.63,2.69,2.63,7.14,11.19,8.03,5.51,2.15,1.67,1.26,1.34,0.9,1.06,2.82,3.71,6.8,6.26,4.35,2.9,0.71,0.79,1.87,3.6,2.12,1.33,0.02,0.26,1.03,0.53,3.21,0.42,0.05,0,0.03,0.03,0,0,0.87
5999,7200,180,Murray Basin,500,5.6,2.9,0.3,0.24,0.02,0.25,1.15,1.48,1.58,1.37,0.8,0.07,0.01,0.45,0.9,0.6,0.1,0.13,0.88,0.77,0.82,0.93,1.12,0.3,2.04,4.26,3.32,1.19,2.47,8.32,9.08,8.15,7.08,9.66,10.85,4.58,0.01,0.02,1.81,4.39
6000,7200,180,Murray Basin,500,0,0.29,3.22,3.83,4.06,4.16,4.45,1.98,0.08,0.24,0.5,0.09,1.31,2.44,4.27,6.88,7.71,9.86,12.54,2.13,3.21,4.02,1.17,0.15,0.44,6.19,5.56,0.57,0.26,0.7,1.99,1.04,2.25,2.32,0.09,0,0,0,0,0
6001,7200,180,Murray Basin,500,0.08,0.02,0,0,0.02,0.01,0,0.42,0.38,1.07,1.15,4.43,9.13,8.21,5.78,7.1,7.61,7.26,4.04,3.59,2.28,3.58,4.25,5.4,3.53,0.45,1.74,3.08,3.03,3.08,3.04,2.61,1.42,0.39,0.98,0.49,0.04,0.17,0.1,0.04
6002,7200,180,Murray Basin,500,0.02,0,0,0,0,0.43,1.25,2.01,1.19,1.98,1.87,4.61,5.19,4.99,4.48,4.68,3.71,2,1.97,5.12,7.75,9.23,6.21,4.98,4.29,2.53,1.81,0.84,0.4,1.59,4.31,1.45,3.67,2.17,1.6,0.23,0.12,0.65,0.39,0.28
6003,7200,180,Murray Basin,500,0.18,0.8,0.75,2.64,2.41,2.23,6.67,11.87,3.95,0.96,0.94,1.77,0.89,3.21,3.73,3.15,3.5,1.7,2.43,2.81,4.4,2.57,2.65,2.24,3.21,0.77,1.72,1.65,1.24,3.77,6.54,4.23,0.41,0.04,0.15,0.96,2.16,1.45,2.54,0.71
6004,7200,180,Murray Basin,500,1.88,2.36,1.09,0.18,0.21,1.14,13.18,4.15,1.12,0.32,0.5,2.72,2.34,1.48,0.47,0.44,0.66,0.25,2.44,1.41,0.51,4.42,2.01,13.49,18.8,3.6,0.18,0.19,0.46,0.49,0.02,11.58,3.73,0.45,0.69,0.79,0,0,0.07,0.18
6005,7200,180,Murray Basin,500,3.76,3.06,0.64,0.26,0.61,2.01,0.14,1.08,0.11,0.15,1.1,0.33,1.88,0.36,2.24,7.62,11.12,9.5,0.84,8.07,13.49,5.47,3.49,3.34,2.57,0.19,1.5,0.07,2.49,0.3,0.88,0.01,1.72,2.73,0.15,0.33,2.48,2.25,1.26,0.4
6006,7200,180,Murray Basin,500,1.27,0.77,1.42,1.31,0.79,0.74,0.67,1.07,2.63,4.06,2.25,1.26,0.41,1.3,0.42,0.45,1.71,4.09,3.87,2.74,5.66,8.44,10.73,12.64,6.54,7.09,2.02,1.25,0.25,0.03,0.24,0.96,0.9,1.46,0.81,0.83,3.32,0.66,1.48,1.46
6007,7200,180,Murray Basin,1000,3.59,3.06,10.88,17.01,13.02,5.46,1.4,2.33,0.74,1.22,3.65,2.44,1.18,1.75,1.01,1.16,2.14,1.8,1.54,1.14,0.37,0.22,0.26,1.2,7.85,3.17,0.36,0,0.03,0,6.04,3.76,0,0,0,0,0.12,0.06,0.02,0.02
6008,7200,180,Murray Basin,1000,1.9,3.83,6.85,7.44,1.99,3.68,0.39,1.96,8.31,12.29,8.19,3.39,0.52,0.43,0.46,1.23,3.53,1.88,1.94,0.48,0.11,2.9,6.13,7.94,2.21,0.08,0.01,0,0.03,1.04,4.91,3.28,0.18,0.14,0.02,0.01,0,0.31,0.01,0
6009,7200,180,Murray Basin,1000,2.55,0.07,0.35,0.06,1.19,1.52,1.42,1.72,1.21,0.3,0.04,0.13,0.46,0.91,0.2,0.1,0.18,0.99,0.72,1.03,1.01,0.89,0.83,3.97,3.76,2.72,1.43,4,10.31,10.34,7.18,6.63,6.76,9.16,1.79,0.02,0.15,3.62,5.39,4.89
6010,7200,180,Murray Basin,1000,0.07,0.13,0.62,0.32,0.85,0.14,0.01,0.01,0.01,0.22,0.2,3.97,1.63,5.82,3.16,4.83,3.36,3.54,3.72,3.4,5.01,6.44,5.33,6.77,5.29,4.67,3.88,3.25,2.2,6.03,3.65,7.7,0.97,1.48,0.03,0,0.01,0.81,0.38,0.09
6011,7200,180,Murray Basin,1000,0.07,0,0,1.06,2.14,5.13,3.97,3.23,3.45,1.74,1.75,0.28,0.07,0.18,1.65,3.43,3.53,4.82,3.88,3.23,3.41,1.04,2.44,4.45,2.1,0.53,0.54,6.26,5.24,6.11,5.73,6.48,5.33,1.86,4.38,0.42,0.07,0,0,0
6012,7200,180,Murray Basin,1000,0.08,0,0.02,0.02,0.19,0.14,0,0.65,0.77,1.42,1.83,5.45,8.89,8.07,6.36,7.2,7.83,6.39,3.31,3.04,1.9,3.57,4.33,4.55,2.79,0.41,2.03,2.82,2.66,3.2,3.17,2.8,1.12,0.9,0.97,0.37,0.21,0.33,0.11,0.1
6013,7200,180,Murray Basin,1000,0.06,0,0,0,0,0.3,0.96,1.79,1.75,1.81,1.72,4.53,5.87,5.08,4.44,5.06,4.12,2.49,1.59,4.69,7.6,8.28,6.79,5.4,4.24,2.4,1.56,1.06,0.44,1,4.53,1.1,3.58,1.83,2.18,0.39,0.02,0.63,0.42,0.29
6014,7200,180,Murray Basin,1000,2.73,4.31,3.24,11.99,3.53,2.09,1.65,1.23,0.94,1.61,3.91,3.9,2.34,2.27,1.98,1.61,6.57,1.4,5.29,2.25,2.41,1.8,1.45,2.54,1.38,3.72,5.97,5.74,0.62,0.11,0.14,1.46,1.37,2.33,1.33,2.73,0.06,0,0,0
6015,7200,180,Murray Basin,1000,0,0,0,0,0,0,1.64,2.52,0.65,0.2,0.13,0.27,0.09,0.12,0.5,0.89,3.02,5.04,2.96,3.84,5.18,1.85,0.74,0.36,0.12,0.15,1.46,1.94,7.99,15.38,11.26,7.47,6.94,7.4,5.31,1.9,0.4,0.33,0.52,1.43
6016,7200,180,Murray Basin,1000,0.45,0,0.3,0.24,0.8,0.6,1.93,7.27,5.64,1.5,0.71,0.17,1.4,5.6,4.03,1.54,3.48,3.24,0.24,0.11,1.56,1.41,0.14,3.29,5.91,3.7,2.07,6.08,3.26,1.33,0.9,5.95,5.27,1.65,14.96,3.16,0.01,0,0.05,0.05
6017,7200,180,Murray Basin,2500,0.49,7.31,0,0,0,0.2,2.96,9.69,0.89,0.5,1.39,1.75,3.81,0.1,0.7,0.81,0,3.49,0.94,1.55,4.12,4.72,8.71,11.04,8.62,3.91,2.73,0.11,0.01,0,0,0,1.19,6.94,8.72,2.55,0,0.03,0,0.02
6018,7200,180,Murray Basin,2500,2.81,0.71,0.04,0.37,0.04,0,0.04,0.05,0.11,1.46,1.38,0.48,0.41,0.72,0.13,0.22,2.34,2.21,3.76,4.92,2.82,2.46,9.04,8.94,1.94,2.08,0.28,0.23,0.31,0.66,4.5,18.69,7.36,0.36,0.23,1.2,3.89,9.15,2.31,1.35
6019,7200,180,Murray Basin,2500,1.78,2.38,0.14,0.05,0.65,1.15,4.53,4.35,0.48,1.05,0.37,3.12,5.27,4.04,4.85,2.67,1.5,0.76,0.42,3.26,2.8,2.97,3.74,2.3,0.93,1.3,0.77,3,0.81,0.29,1.3,2.4,2.46,2.99,1.5,0.6,0.61,3.74,11.15,11.52
6020,7200,180,Murray Basin,2500,0.09,0,0,0,0,0.18,0.9,1.56,2.17,2.09,2.48,5.5,6.62,5.56,5.46,5.36,4.58,2.85,1.95,5.28,6.56,6.69,6.14,5.37,3.79,2.05,1.24,0.89,0.52,0.78,3.95,1.3,2.96,1.45,2,0.48,0.02,0.62,0.36,0.2
6021,7200,180,Murray Basin,2500,0.71,0.52,0.16,0.34,1.42,3.69,2.14,2.92,4.02,4.92,7.77,8.72,6.6,4.17,1.1,1.81,3.28,5.32,0.86,1.14,11.36,1.9,1.94,1.22,0.68,0.59,1.59,4.3,4.3,3.12,2.68,1.27,1.17,1.59,0.14,0,0.01,0.05,0.4,0.08
6022,7200,180,Murray Basin,2500,0.31,0.49,1.15,1.31,2.48,4.16,3.07,11.21,3.53,2.08,1.55,1.23,0.92,1.63,4.01,3.64,2.35,2.2,1.78,1.43,5.94,1.35,5.08,2.34,2.29,1.97,1.39,2.56,1.44,3.88,5.69,5.47,0.66,0.14,0.16,1.46,1.42,2.31,1.35,2.57
6023,7200,180,Murray Basin,2500,1.59,2.48,0.62,0.33,0.25,0.73,8.26,12.78,1.83,0.55,0.86,2.34,3.32,1.89,0.67,0.33,0.17,1.05,2.08,1.74,0.47,4.94,3.49,13.91,16.8,4.98,0.47,0.25,0.83,0.67,0.32,2.2,4.58,0.37,0.38,0.89,0.03,0.05,0.41,0.09
6024,7200,180,Murray Basin,2500,4.6,0.53,0.16,1.69,0.95,1.04,2.02,1.79,4.31,3.42,4.59,2.15,2.72,2.44,1.99,1.94,2.99,3.6,0.9,1.41,0.63,2.51,7.98,3.8,3.84,2.36,3.53,3.9,2.57,2.43,3.61,4.44,2.03,3.07,1.88,0.27,1.07,3.23,1.27,0.34
6025,7200,180,Murray Basin,2500,0,0,0.42,1.22,4.81,1.27,0.92,2.28,1.63,0.63,0.3,1.24,3.02,2.92,0.44,1.28,1.44,1.9,3.31,2.69,6.94,1.31,0.4,0.06,0.05,0.01,0.11,0.89,0.77,0.17,1.47,4.55,3.72,2.21,4,10.49,8.48,4.95,7.14,10.56
6026,7200,180,Murray Basin,2500,0.58,0.23,0.14,0.58,1.15,0.13,0.03,0.4,0.59,1.05,2.2,1.37,0.17,0.52,0.74,1.69,1,1.42,1.2,0.53,0.87,1.98,3.27,6.14,3.42,4.02,4.02,4.78,3.87,4.94,6.65,5.99,7.99,7.74,7.08,3.44,3.38,2.13,1.64,0.93
6027,7200,180,Murray Basin,5000,5.54,5.68,2.5,4.78,15.92,11.84,6.72,2.74,1.78,1.27,0.71,3.43,2.21,1.63,1.32,1.8,0.99,2.19,1.93,1.72,1.27,0.82,0.2,0.31,0.49,5.73,3.86,0.67,0.02,0,0.03,0.56,9.01,0.08,0,0,0,0.02,0.2,0.03
6028,7200,180,Murray Basin,5000,1.78,4.19,5.62,4.31,5.14,5.84,4.51,5.65,1.48,1.83,3.09,11.43,6.85,5.22,2.42,0.3,0.49,1.11,1.92,1.44,0.56,1.28,1.09,1.1,1.99,0.91,2.48,2.18,2.21,2.47,1.32,0.35,0.19,0.64,0.55,1.25,0.58,0.25,1.13,2.85
6029,7200,180,Murray Basin,5000,4.08,5.6,0.16,0.03,0.93,0.62,1.53,5.73,4.36,1.46,0.63,2.17,4.62,4.93,5.47,2.74,1.17,0.48,0.71,1.5,2.33,2.48,2.51,1.82,0.79,0.85,0.62,2.66,0.95,0.28,1.6,2.36,1.46,2.15,1.37,1.11,0.15,2.46,8.18,14.95
6030,7200,180,Murray Basin,5000,0.03,0,0.06,1.13,2.85,4.32,3.96,3,3.44,2.29,0.72,0.35,0.17,0.31,2.76,3.33,5.37,5.83,4.45,3.1,3.18,1.43,4.01,3.49,0.96,0.47,1.62,6.3,4.34,7.23,4.57,6.01,3.21,2.35,3.09,0.23,0.04,0,0,0
6031,7200,180,Murray Basin,5000,0.44,0.22,1.21,2.03,1.37,1.7,1.58,1.68,0.6,0.69,1.56,2.03,0.35,0.24,0.44,1.1,1.03,1.09,1.3,1.37,1.85,4.29,5.1,3.86,2.19,3.91,7.79,8.28,6.86,5.01,5.03,6.49,1.54,0.21,0.28,3.1,5.81,4.38,1.05,0.94
6032,7200,180,Murray Basin,5000,0.09,0,0.01,0,0,0.17,0.94,1.59,2.19,2.21,2.7,5.54,6.44,5.61,5.6,5.42,4.75,2.92,2.01,5.14,6.37,6.5,5.85,5.37,3.71,2.02,1.24,1.12,0.65,0.8,3.9,1.31,2.8,1.38,1.98,0.52,0.02,0.61,0.34,0.18
6033,7200,180,Murray Basin,5000,0.68,0.51,0.16,0.34,1.38,3.58,2.11,2.9,3.98,4.77,7.64,8.58,6.48,4.06,1.12,1.84,3.23,5.22,0.86,1.17,11.09,1.93,1.98,1.24,0.75,0.68,1.8,4.78,4.29,3.11,2.82,1.37,1.22,1.56,0.14,0,0.01,0.07,0.42,0.13
6034,7200,180,Murray Basin,5000,0.18,1.46,3.01,0.8,0.38,0.29,0.82,7.78,12.48,1.89,0.6,1.16,2.44,3.4,2.12,1.15,0.53,0.48,1.24,2.08,1.64,0.71,5.3,3.75,15.54,14.54,3.79,0.41,0.32,1.34,0.62,0.48,1.65,3.27,0.55,0.52,0.6,0.03,0.06,0.59
6035,7200,180,Murray Basin,5000,0,0.75,0.06,0.03,0.33,0.71,0.66,1.6,2.53,8.54,2.53,0.11,0.89,0.81,5.17,2.6,2.51,4.19,2.93,1.32,0.35,0.46,1.61,0.8,2.33,5.12,4.8,1.74,5.45,2.49,3.98,1.14,3.88,7.26,2.81,10.37,6.07,0.86,0,0.21
6036,7200,180,Murray Basin,5000,1.57,1.86,2,1.57,1.19,0.36,0.3,0.46,0.74,0.71,0.96,1.53,3.34,2.88,3.32,7.23,4.94,6.09,5,4.34,4.76,8.01,9.77,4.98,2.47,3.02,3.2,1.57,1.95,0.38,2.13,3.57,1.94,0.16,0.57,0.33,0.29,0.36,0.04,0.11
6037,7200,180,Murray Basin,10000,0.12,0.09,0.27,0.19,0.38,1.84,3.8,1.63,2.09,2.4,1.09,0.64,1.44,2.46,9.75,6.69,6.88,4.77,7.36,6.16,3.32,3.99,17.04,2.44,1.09,0.89,0.3,0.09,0.05,0.02,7.51,0.67,1.05,0.47,0.07,0.02,0,0,0.78,0.15
6038,7200,180,Murray Basin,10000,0.94,0.27,7.6,0.32,0.15,0,0.04,0.52,3.52,0.73,1.24,0.5,1.13,3.17,0.32,2.4,0.43,0.09,4.17,3.61,1.28,4.9,4.3,8.79,10.57,8.22,3.58,2.28,0.1,0.06,0.15,0.58,0.36,5.21,7.86,8.51,2.05,0.01,0.04,0
6039,7200,180,Murray Basin,10000,2.07,2.53,5.07,4.14,5.38,5.37,5.48,4.76,3.96,1.09,1.17,3.93,9.01,5.56,4.99,2.19,0.37,1.36,1.77,1.61,0.67,1.29,1.45,1.1,1.31,1.71,1.54,2.67,1.54,2.47,2.08,0.97,0.56,0.66,0.91,1.29,2.12,0.21,1.2,2.44
6040,7200,180,Murray Basin,10000,0.57,0.29,0.59,1.47,2.18,2.8,1.36,1.92,3.98,2.79,4.68,1.36,1.12,0.46,0.47,0.26,1.04,3.59,6.86,3.33,8.75,9.89,8,5.33,3.18,1.83,1.87,5.65,2.43,1.92,1.6,1.26,1.21,0.76,0.84,1.3,1.25,0.83,0.63,0.35
6041,7200,180,Murray Basin,10000,3.59,5.99,0.3,0.05,0.92,0.64,1.64,5.33,5.5,1.7,0.62,2.31,4.67,4.44,4.85,2.51,1.16,0.47,0.7,1.77,2.4,2.59,2.66,1.93,0.89,0.89,0.56,2.38,0.82,0.24,1.52,2.22,1.56,2.49,1.62,1.13,0.26,2.36,7.9,14.42
6042,7200,180,Murray Basin,10000,0.79,1.2,1.52,1.07,2.01,3.43,2.79,1.9,1.69,3.15,2.47,0.93,0.61,1.31,0.93,1.19,1.03,1.24,1.21,2.21,3.89,4.33,3.27,2.55,3.47,5.55,4.76,4.57,3.53,4.71,4.2,1.19,0.5,0.54,2.98,6.05,4.32,3.22,2.9,0.79
6043,7200,180,Murray Basin,10000,0.45,0.38,0.19,0.73,1.56,0.32,0.28,1.46,0.9,0.38,0.13,0.62,0.6,2.29,1.85,0.68,0.36,0.71,1.85,1.5,2.23,2.12,1.34,0.67,1,2.8,3.26,5.37,2.09,5.07,4.89,5.03,3.66,5.23,6.81,5.54,9.33,7.82,5.29,3.21
6044,7200,180,Murray Basin,10000,0,0,0,0,0,0,0.13,0.63,2.6,2.9,3.3,2.51,2.54,3.52,3.59,3.17,1.88,0.89,0.52,5.53,3.25,4.07,2.8,1.94,4.03,5.97,3.2,2.91,1.9,0.78,3.43,8.64,6.74,7.45,4.54,1.97,1.19,0.35,0.64,0.49
6045,7200,180,Murray Basin,10000,0.73,0.29,3.21,3.44,2.64,3.72,1.66,1.12,0.28,0.66,1.06,0.83,1.23,0.65,1.7,2.44,2.06,2.92,5.39,4.59,3.22,4.44,4.75,3.85,4.96,7.18,5.8,3.59,3.28,3.86,2.84,1.81,1.39,1.26,2.72,2.08,0.9,0.31,0.58,0.56
6046,7200,180,Murray Basin,10000,0.71,1.51,1.69,2.48,1.69,1.22,2.22,1.01,1.37,2.89,3.52,2.58,0.91,1.71,2.01,3.06,2.56,3,5.37,0.87,1.88,0.36,0.1,0.66,0.41,0.47,0.35,0.63,1.42,1.86,1.96,1.13,3.81,7.33,6.33,7.25,10.61,8.7,2.26,0.1
6047,7200,180,Murray Basin,20000,0,0,0.27,0.52,0.37,0.94,3.58,6.55,2.52,0.47,0.59,0.21,2.54,3.36,3.06,10.4,11.13,8.64,6.26,4.49,5.69,1.81,1.17,0.9,1.78,1.32,2.68,2.18,2.01,0.86,2.37,2.9,3.8,3.11,0.75,0.07,0.69,0,0.01,0
6048,7200,180,Murray Basin,20000,0.35,0,0.11,0.01,1.97,5.75,8.43,4.96,6.82,5.76,4.68,5.86,3.23,1.42,0.62,3.51,7.21,2.07,4.93,2.95,1.85,1.95,3.78,2.22,0.82,0.7,0.68,3.06,3.15,3.62,3.71,1.5,0.86,0.45,0.27,0.13,0.18,0.17,0.08,0.18
6049,7200,180,Murray Basin,20000,1.59,1.3,3.05,2.53,3.83,4.9,6.28,4.46,1.73,0.82,2.16,3.63,3.15,1.38,1.14,9.42,1.47,2.85,1.44,1.98,3.13,6.38,9.76,5.2,4.57,2.94,3.27,0.76,0.82,0.21,0.27,0.41,0.35,1.02,0.64,0.57,0.35,0.19,0.05,0
6050,7200,180,Murray Basin,20000,0.02,0,0,0.23,1.09,3.04,3.07,3.35,2.26,2.34,1.79,0.67,0.34,0.29,0.71,3.76,5.08,8.28,6.98,5.84,3.69,2.7,2.4,3.55,2.56,0.94,0.51,2.36,5.27,5.03,6.18,4.61,4.82,1.85,2.76,1.55,0.07,0,0,0.01
6051,7200,180,Murray Basin,20000,0.02,0.02,0.07,0.48,1.2,2.3,1.81,1.86,1.14,0.98,1.52,2.51,2.72,1.81,3.46,4.38,7.42,7.62,7.94,6.19,6.91,8.63,7.02,6.27,3.29,2.72,2.56,1.5,1.77,1.68,0.96,0.51,0.45,0.16,0.03,0.03,0.03,0,0,0.03
6052,7200,180,Murray Basin,20000,1.79,3.11,3.43,2.89,4.69,3.49,3.79,4.89,2.24,2.81,2.39,6.12,4.13,4.14,3.8,1.53,2.04,2.29,1.83,0.81,0.68,0.9,1.39,1.74,1.19,1.85,2.29,2.14,2.73,3.13,1.87,1.81,1.8,1.26,1.4,1.86,0.44,1.3,3.38,4.63
6053,7200,180,Murray Basin,20000,0.01,0.02,0.51,0.32,0.65,1.7,1.81,2.64,1.47,1.69,4.54,2.99,4.34,1.73,1.48,0.68,0.45,0.5,2.7,3.56,6.32,3.35,9.01,9.15,7.49,5.5,2.74,1.69,1.85,4.71,2.02,2.22,1.54,1.44,1.38,0.88,1.01,1.5,1.43,0.98
6054,7200,180,Murray Basin,20000,1.18,0.66,0.99,0.79,0.74,0.64,1.47,2.23,4.05,3.49,2.2,0.3,0.61,0.75,0.48,1.18,2.61,3.32,3.27,5.37,7.54,8.51,9.74,5.85,4.14,5.33,6.65,1.31,0.15,0.26,1.02,1.02,1.55,0.75,1.24,2.83,2.12,1.33,1.62,0.71
6055,7200,180,Murray Basin,20000,0.44,0.66,0.33,3.94,0.55,0.11,2.36,1.44,1.71,5.09,3.2,3.08,1.23,1.75,2.53,1.55,1.05,10.25,19.29,6.66,6.7,0.41,1.62,2.74,4.69,0.28,0.01,0.01,0.02,0.01,0.62,9.62,5.85,0.03,0,0.03,0.03,0.02,0.04,0.05
6056,7200,180,Murray Basin,20000,0.16,0.02,0.07,1.48,9.61,10.73,10.96,7.03,1.44,1.91,0.37,0.65,2.75,1.04,3.26,2.18,1.28,1.29,1.87,4.14,0.76,0.52,1.29,2.35,5.68,6.11,0.86,0.32,1.65,0.96,7.21,4.17,1.82,0.09,0.18,0.35,0.47,0.67,1.22,1.08
6057,7200,180,Murray Basin,40000,0,0,0,0.23,0.52,0.52,1.16,4.06,6.52,3.49,0.93,0.44,0.22,2.43,3.05,2.8,9.43,11.17,8.84,5.97,4.91,5.49,1.68,1.08,0.81,1.73,1.38,2.61,2.14,2.06,0.96,2.21,2.87,3.58,3.07,0.76,0.19,0.67,0.01,0.01
6058,7200,180,Murray Basin,40000,1.8,1.57,1.55,1.54,2.13,3.31,3.64,4.43,5.74,6.85,6.71,4.46,3.13,0.83,0.35,1.04,2.2,1.93,4.53,4.75,1.8,1.81,1.54,1.81,2.98,3.07,2.11,1.03,1.11,1.8,0.99,0.37,1.26,2.08,4.37,0.65,1.02,3.3,2.5,1.91
6059,7200,180,Murray Basin,40000,0,0.05,0.08,0.53,1.31,2.2,1.58,1.56,1.08,1.31,1.87,2.58,2.34,1.67,3.16,4.21,6.57,6.6,6.46,5.26,6.23,8.86,8.13,7.56,4.01,3.01,2.57,1.51,2.29,1.8,1.1,0.58,0.5,0.21,0.21,0.27,0.53,0.13,0.04,0.04
6060,7200,180,Murray Basin,40000,0.07,0.03,0.01,0.02,0,0,0.05,0.81,2.07,5.61,5.47,5.1,5.16,5.32,7.93,8.39,5.96,4.94,3,0.92,0.68,0.4,0.08,0.22,0.75,0.25,2.77,5.23,3.53,4.59,5.6,6.04,2.48,0.43,0.53,0.88,3.02,1.49,0.15,0.02
6061,7200,180,Murray Basin,40000,0.05,0.12,1.41,8.65,9.22,7.53,5.07,1.33,1.95,0.83,1.09,3.67,1.24,2.98,2.51,1.26,1.42,1.96,4.49,0.96,0.8,1.17,2.49,4.24,3.89,2.07,0.21,1.64,1.34,9.21,6.13,2.79,0.21,0.31,0.25,1.45,1.35,0.84,0.59,1.28
6062,7200,180,Murray Basin,40000,1.64,2.53,6.3,6.34,3.37,2.63,3.97,1.52,1.49,1.66,0.47,0.85,2.58,3.33,3.87,2.24,1.19,0.71,0.89,1.02,1.21,4.87,6.83,4.02,1.53,0.68,1.23,1.1,0.81,1.3,1.23,1.7,1.29,1.7,0.98,1.1,7.94,8.03,2.6,1.25
6063,7200,180,Murray Basin,40000,0.03,0.33,0.25,0.27,3.13,0.44,0.28,1.77,1.88,1.89,4.26,2.51,3.34,2.06,2.01,2.38,1.14,1.31,8.33,19.94,7.93,6.87,0.46,1.41,2.61,4.99,0.95,0,0.01,0.02,0.02,0.56,10.1,6.08,0.34,0,0.02,0.03,0.02,0.03
6064,7200,180,Murray Basin,40000,3.39,1.33,0.17,1.84,1.35,1.03,4.29,2.55,1.7,2.72,3.93,4.78,4.19,2.87,3.07,3.33,4.37,3.04,2.34,2.06,1.95,2.61,2.06,1.51,0.87,1.6,1.15,0.8,0.86,1.91,2.16,4.45,2.38,1.31,1.72,2.38,2.23,3.98,7.36,2.36
6065,7200,180,Murray Basin,40000,0.2,0.08,0.02,0.28,0.05,0.02,0.19,1.24,2.1,0.66,1.36,1.66,1.22,1.21,2.48,1.32,1.74,1.77,2,0.56,0.36,2.27,1.44,2.84,2.86,2.79,2.39,3.56,3.33,3.05,5.12,9.5,7.97,2.82,2.18,4.64,3.77,9.29,8.47,1.19
6066,7200,180,Murray Basin,40000,0,0,0.01,0.03,0.36,1.29,2.97,2.66,1.65,0.97,0.7,1.18,2.05,2.07,2.02,3.48,4.18,3.26,1.71,3.1,3.19,2.44,1.11,1.18,1.53,1.14,1.46,1.05,1.95,3.18,5.04,6.23,5.39,4.2,4.38,5,5.32,4.41,4.27,3.84
6067,8640,180,Murray Basin,100,0,0,0,0.32,2.21,3.37,0.79,0.19,0.41,0.37,0.77,2.12,0.44,1.54,1.17,0.13,0,0.04,0.41,0.6,0.09,0.18,0.13,0.35,0.61,0.41,0.29,0.32,1.19,3.7,3.64,3.15,1.85,4.35,9.96,13.22,8.07,5.54,1.73,1.3,0.75,0.06,0.05,3.97,6.09,11.94,2.17,0.01
6068,8640,180,Murray Basin,100,1.55,0.91,1.18,1.18,1.57,1.18,1.54,1.65,1.2,0.82,0.38,1.05,2.28,3.08,3.47,0.21,0.54,0.42,0.41,0.19,0.45,0.69,0.72,0.92,0.64,0.49,1.29,1.01,4.97,2.44,2.58,6.17,4.27,4.11,1.4,1.97,2.34,3.5,3.87,6.05,10.5,9.77,1.58,0.31,0.22,0.38,1.29,1.26
6069,8640,180,Murray Basin,100,0,0,0.03,0.57,0.8,1.91,8.2,2.86,1.22,2.57,2.17,4.94,0.06,0.01,0.08,0.73,1.3,15.98,14.42,0.58,0.96,1.5,0.91,4.05,5.12,3.55,0.67,0.07,0.04,0.07,0.16,1.64,2.21,3.43,3.93,3.17,1.37,0.33,0.26,1.05,2.3,2.74,0.1,0.2,1.49,0.17,0.08,0
6070,8640,180,Murray Basin,100,0.13,0.27,0.02,0,0,0,0.31,4,0.61,1.63,7.32,18.17,8.04,0.71,0.13,0.79,0.25,0.91,4.4,5.34,3.49,0.98,0.54,2.3,3.15,0.38,2.04,1.77,1.83,1.84,4.1,1.45,1.94,3.69,4.3,2.8,0.16,0.8,0.5,0.96,0.67,2.25,0.96,2.1,1.69,0.27,0.01,0
6071,8640,180,Murray Basin,100,0.1,1.3,0.61,1.19,0.71,2.28,2.69,0.47,0.73,0.89,1.46,0.43,2.61,2.69,3.03,1.48,2.06,3.38,0.52,2.8,1.74,0.45,0.17,7.06,0.73,2.91,3.25,0.39,6.54,9.78,1.63,7.92,2.86,1.04,2.77,0.95,2.36,1.24,0.91,4.82,2.08,1.4,1.03,1.69,0.31,1.93,0.25,0.36
6072,8640,180,Murray Basin,100,1.29,3.74,2.8,2.04,1.57,2.18,1.45,1,0.47,2.17,4.76,2.05,3.29,2.54,1.29,1.11,2.83,1.75,1.29,1.32,0.16,0.96,2.15,1.95,2.71,1.6,2.34,1.8,1.13,0.85,0.34,0.67,0.54,1.07,2.39,4.29,6.24,3.55,3.05,2.71,0.91,5.5,0.81,0.2,0.34,3.52,3.42,3.86
6073,8640,180,Murray Basin,100,1.7,4.29,1.97,1.3,0.48,0.53,1.71,2.84,3.03,3.63,1.99,4.4,7.33,5.04,1.56,1.87,2.4,1.56,1.2,2.18,1,0.3,0.42,1.02,0.28,0.53,1.6,0.65,1.46,3,2.28,3.15,0.39,0.95,0.32,0.2,0.31,0.04,2,3.37,1.97,2.58,4.36,7.36,5.78,2.06,0.94,0.67
6074,8640,180,Murray Basin,100,3.49,2.69,0.74,0.87,0.72,2.17,1.02,1.98,2.29,2.45,1.35,3.03,2.52,3.94,3.21,3.63,2.16,2.25,0.75,0.67,1.46,1.81,1.3,1.07,0.62,0.51,0.98,0.84,0.76,2.24,1.22,5.05,5.2,3.64,0.9,0.7,3.07,0.39,0.37,3.67,3.87,0.48,2.62,3.98,4.23,5.21,1.28,0.6
6075,8640,180,Murray Basin,100,5.43,5.18,6,6.75,9.1,4.34,1.98,4.99,2.06,0.17,0.06,6.05,4.98,1.37,1,0.64,1.84,1,0.23,0.49,2.5,2.77,1.31,0.47,0.72,1.02,1.28,0.95,1.48,0.97,0.35,0.41,0.39,0.81,5.72,0.27,0.63,2.09,0.63,0.61,1.21,1.72,1.65,1.77,1.8,1.98,0.2,0.63
6076,8640,180,Murray Basin,100,2.1,21.4,1.92,4.1,0.13,0,0,6.61,1.85,1.37,0,0,0,0,0,0.56,1.91,0.28,0,1.43,4.59,0.02,0.31,4.28,0.01,2.53,2.92,3.39,0.05,0.32,0.06,0,0,0.13,1.66,0.45,0.07,0,0.23,1.91,0.01,3.67,6.59,0.31,0.12,0.86,12.62,9.23
6077,8640,180,Murray Basin,200,0.41,0.84,0.36,1.1,0.9,1.25,0.97,1.47,2.23,5.49,7.25,5.79,2.72,3.34,4.12,5.08,4.41,3.71,2.31,1.52,1.77,1.86,1.18,1.01,0.56,2.17,1.91,3.36,1.06,0.8,0.68,0.49,0.5,0.24,1.19,1.69,0.58,0.24,0.57,1.51,3.72,4.69,5.34,6.18,0.95,0.29,0.12,0.07
6078,8640,180,Murray Basin,200,0,0,0,0,0.2,2.22,4.26,1.45,0.15,0.13,0.03,0.17,0.66,0.91,0.86,1.25,0.14,0.03,0.01,0.53,0.61,0.25,0.1,0.04,0.84,0.32,0.7,0.48,0.46,0.24,2.45,2.29,2.29,0.86,4.39,9.83,8.61,8.39,10.27,10.39,10.86,1.37,0,0.1,3.55,2.81,3.45,1.05
6079,8640,180,Murray Basin,200,0.57,0.97,0.17,0.91,0.87,0.5,0.79,0.63,1.2,0.73,1.32,1.51,0.91,0.84,0.82,1.4,2.92,3.38,2.85,1.04,0.49,1.24,0.38,0.68,2.55,3.71,3.25,3.22,5.3,8.33,10.86,9.85,5.05,4.65,0.79,0.71,0.21,0.02,0.39,1.12,0.88,1.48,0.76,1.99,3.73,0.78,1.95,1.3
6080,8640,180,Murray Basin,200,1.64,1.02,1.32,1.03,1.43,0.96,1.32,1.57,1.16,0.9,0.26,0.94,2.63,3.9,4.36,0.19,0.53,0.63,0.37,0.18,0.44,0.83,0.96,1.01,0.84,0.58,1.36,1.18,4.75,2.51,2.85,6.12,4,4.19,1.5,2.01,2.55,4.02,4.74,6.56,5.64,9.23,2.34,0.42,0.2,0.57,1.52,0.74
6081,8640,180,Murray Basin,200,0.26,0.55,0.16,1,1.37,2,1.38,0.44,0.02,0.06,1.86,4.42,2.78,0.38,0.02,0.01,0.58,0.06,0.74,0.95,0.66,6.87,6.05,1.95,1.94,2.07,2.85,1.5,0.56,1.01,0.85,1.07,2.44,3.6,1.57,2.68,4.4,2.24,2.01,2.36,4.44,4.75,6.21,3.99,3.74,1.61,4.88,2.66
6082,8640,180,Murray Basin,200,2.4,6.92,0.89,1.12,0.76,1.56,1.81,1.01,1.16,1.77,0.75,0.37,1.03,1.34,2.67,3.08,3.71,2.76,1.25,1.37,2.21,2.33,7.8,13.81,8.7,3.4,1.08,2.79,1.78,0.01,0.04,3.9,0.99,0.11,0.3,1.23,0.19,0,0.38,7.02,0.43,0.08,0.43,0.13,0.45,1.93,0.65,0.1
6083,8640,180,Murray Basin,200,0.76,0.11,0,0,0,0.11,1.42,1.52,2.81,2.53,3.01,4.27,4.68,2.08,1.89,1.69,0.25,3.32,1.95,1.94,1.73,1.29,0.95,1.21,2.72,4.77,2.3,2.36,4.71,1.95,1.17,2.08,2.28,3.36,5.78,6.41,1.84,2.45,1.61,2.33,2.76,3.36,1.77,1.17,1.2,0.54,1.23,0.33
6084,8640,180,Murray Basin,200,0,0,0,0.04,0.84,1.09,2.5,8.85,3.4,1.5,3.16,2.82,5.11,0.09,0.02,0.07,0.68,1.24,14.72,14.65,0.5,0.93,1.33,0.84,3.6,4.4,3.21,0.6,0.06,0.03,0.05,0.13,1.48,2.28,3.63,3.72,3.1,1.16,0.31,0.27,0.86,2.19,2.58,0.1,0.39,1.23,0.16,0.08
6085,8640,180,Murray Basin,200,0.44,0.97,0.1,0.02,0.02,0,0.43,3.66,0.72,2.01,6.5,13.81,7.24,1.48,0.14,1.93,0.19,1.79,3.89,3.91,3.09,2.44,1.78,1.2,2.7,0.31,1.51,1.33,1.53,2.78,3.03,1.18,1.48,2.29,6.93,3.47,0.33,0.58,1.35,0.69,0.89,1.77,1.45,3.21,2.81,0.62,0,0
6086,8640,180,Murray Basin,200,0.12,1.51,0.72,1.41,0.82,2.21,2.26,0.5,0.64,0.86,1.66,0.4,3.06,3.16,3.31,1.45,1.97,3.02,0.48,2.3,1.66,0.4,0.15,8.34,0.82,3.43,3.79,0.45,5.6,8.52,1.76,6.99,3.23,1.16,3.09,0.92,2.16,1.14,0.8,4.73,2.33,1.59,1.06,1.44,0.33,1.7,0.24,0.31
6087,8640,180,Murray Basin,500,0,0,0,0,0.18,2.78,4.36,1.62,0.14,0.24,0.02,0.41,1.27,1.35,1.41,1.57,0.23,0.06,0.02,0.72,0.88,0.27,0.08,0.14,1.11,0.52,1.12,0.73,0.78,0.47,3.64,3,2.75,0.99,4.06,8.83,7.89,7.18,8.07,8.8,9.72,1.64,0,0.11,3.34,3.11,3.28,1.11
6088,8640,180,Murray Basin,500,2.04,1.23,0.3,0.7,0.9,0.13,0.98,1.18,0.42,0.93,0.56,1.17,0.74,1.46,1.13,0.6,0.75,0.73,1.44,3.01,3.17,1.9,0.68,0.59,1,0.31,0.74,2.61,3.91,3.06,3.61,6.05,8.36,11.6,10.61,5.76,5.53,0.89,0.88,0.2,0.03,0.51,0.91,0.77,1.35,0.77,1.45,2.35
6089,8640,180,Murray Basin,500,1.67,2.45,3.66,2.64,3.48,0.89,1.67,2,3.26,3.21,1.77,4.31,2.85,7.53,3.31,0.9,4.83,1.6,3.02,1.71,1.1,0.7,1.53,1.45,1.28,1.61,1.48,1.61,0.3,0.77,0.78,0.99,0.81,1.78,0.8,0.1,0.45,0.65,1.56,3.54,2.83,2.93,1.67,1.12,3.45,1.74,2.65,3.56
6090,8640,180,Murray Basin,500,1.79,1.02,1.34,1.15,1.35,1,1.3,1.51,1.09,1.12,0.29,0.99,2.75,3.82,3.96,0.19,0.56,0.68,0.32,0.16,0.44,0.75,0.96,0.87,0.78,0.6,1.35,1.22,4.9,2.61,2.74,6.04,4.24,4.35,1.47,1.92,2.41,4.04,4.18,5.73,7.29,9,2.33,0.5,0.3,0.48,1.21,0.9
6091,8640,180,Murray Basin,500,0.72,0.14,1.21,1.29,0.81,0.97,3.07,0.29,0.2,0.53,5.23,7.19,1.56,0.35,0.12,0.87,0.93,0.3,1.07,1.13,2.78,7.99,2.79,1.36,0.98,1.93,0.94,0.28,0.2,0.79,0.27,0.7,2.32,0.84,1.87,5.34,1.71,2.51,1.35,3.62,2.32,5.18,7,2.25,3.32,2.14,6.81,2.43
6092,8640,180,Murray Basin,500,0.66,0.15,0.13,0.38,0.42,0.45,0.4,0.95,1.25,0.29,0.45,1.42,0.9,0.18,0.18,0.74,0.76,2.23,1.16,0.27,0.49,0.72,2.22,1.36,2.87,2.21,0.61,0.64,1.17,3.25,4.06,2.44,2.2,5.1,4.5,3.76,2.7,5.59,5.31,5.48,7.99,6.93,3.52,3.07,3.91,2.23,1.56,0.74
6093,8640,180,Murray Basin,500,0.47,0.26,0.57,0.15,0.25,0.34,0.36,0.2,0.97,1.01,6.12,1.32,0.53,0.36,3.67,9.54,2.36,2.96,2.1,1.62,0.9,1.55,1.79,1.63,8.86,9.22,2.83,2.09,3.32,4,1.6,3.38,3.7,3.16,1.49,2.02,4.14,1.63,0.9,0.29,3.64,1.19,0.27,0.38,0.29,0.39,0.15,0.03
6094,8640,180,Murray Basin,500,0.28,0.61,0.09,0.02,0.01,0,0.32,3.34,0.77,2.02,6.86,15.62,6.17,1.11,0.09,2.12,0.19,1.59,4.76,4.12,3.16,2.51,1.6,1.87,2.43,0.32,1.51,1.57,1.91,2.6,2.94,1.04,1.35,2.53,5.42,3.13,0.32,0.82,0.99,0.82,0.87,1.8,1.71,3.05,2.77,0.85,0.01,0.01
6095,8640,180,Murray Basin,500,0.85,0.96,1.94,0.27,0.06,0.87,1.89,7.4,6.97,11.98,8.83,5.15,0.95,5.24,7.01,0.74,0.52,0.2,0.54,0.42,0.39,0.34,1.14,2.2,3.96,2.67,0.5,0.21,0.34,0.36,0.39,0.56,0.81,2.82,1.9,3.55,1.61,1.56,1.52,2,1.53,2.66,1.51,0.71,0.41,0.95,0.16,0.45
6096,8640,180,Murray Basin,500,4.08,1.51,0.6,0.12,0.05,0.28,1.78,0.19,3.54,2.05,0.21,2.64,0.45,2.15,2.27,1.1,5.53,2.6,0.78,1.16,1.31,3.33,1.67,1.72,1.11,0.68,0.35,2.54,1.78,2.45,1.11,1.57,1.77,1.17,1.79,3.05,2.36,5.74,2.57,3,4.6,3.97,2.43,4.05,3.74,2.33,2.41,2.31
6097,8640,180,Murray Basin,1000,0,0.19,1.08,4.92,2.58,0.69,0.31,0.05,0.45,1.59,1.35,1.35,1.25,0.78,0.04,0.02,0.39,0.9,0.22,0.08,0.04,0.57,0.89,0.99,0.71,0.85,0.78,2.56,3.99,2.79,1.37,2.4,7.83,10.12,7.61,5.45,6.57,7.72,4.29,0.15,0.04,1.89,4.58,4.9,2.52,0.15,0,0
6098,8640,180,Murray Basin,1000,0.1,0.32,0.01,0,0,0.09,0.28,1.53,0.25,1.07,5.44,2.33,10.42,5.89,1.73,1.24,2.25,0.6,1.56,3.3,3.85,2.4,2.84,1.92,1.03,5.71,1.95,4.7,2.43,2.83,1.68,1.23,2.13,1.78,2.36,5.6,7.26,0.47,0.21,0.19,1.16,0.95,2.31,0.92,3.56,0.12,0,0
6099,8640,180,Murray Basin,1000,3.86,0.84,0.05,1.18,0.82,0.72,1.57,1.18,3.56,3.19,3.07,2.23,2.64,1.69,2.26,1.87,2.31,3.4,0.89,0.88,0.83,0.41,8.37,4.93,4.11,2.82,2.39,3.96,2.6,1.63,2.77,5.83,3.43,3.43,1.77,1.21,0.66,2.73,2.63,0.51,0.13,0.48,0.65,0.39,0.36,0.02,0,2.74
6100,8640,180,Murray Basin,1000,0.24,0.23,0.32,0.61,1.55,0.58,0.35,0.35,1.1,0.79,1.45,1.64,0.63,0.52,1.02,0.27,0.77,1.13,0.54,0.82,0.54,1.22,0.7,1.36,1.48,1.1,0.87,0.78,1.26,3.12,3.74,2.53,1.74,0.45,1.35,0.42,0.45,2.26,4.24,3.86,3.38,5.96,8.35,10.78,10.91,5.69,5.54,1.01
6101,8640,180,Murray Basin,1000,1.44,1.01,1.34,1.23,1.26,1.25,1.4,1.41,1.08,0.67,0.39,0.95,2.22,2.96,3.29,0.18,0.5,0.56,0.38,0.21,0.5,0.74,0.87,0.67,0.59,0.58,1.15,1.08,4.41,2.23,2.12,5.85,4.18,3.94,1.48,1.8,2.12,3.49,3.88,5.69,13.15,9.97,2.19,0.63,0.27,0.48,0.99,1.22
6102,8640,180,Murray Basin,1000,0.27,0.22,0.78,0.11,0.27,0.45,0.39,0.39,1.3,0.69,1.27,1.68,0.67,0.07,0.12,2.57,5.6,3.16,0.33,0.06,0.04,0.96,0.11,0.92,0.84,0.81,6.82,6.26,2.82,2.98,3.11,4.24,1.61,1.01,1.13,0.79,1.73,2.88,3.23,1.82,3.73,5.01,2.22,3.27,2.91,4.7,5.33,8.32
6103,8640,180,Murray Basin,1000,3.93,3.14,0.84,1.66,0.87,1.43,0.59,0.73,1.78,1.13,0.9,0.8,0.88,1.66,2.12,2.51,2.33,1.21,0.79,2.45,2.54,3.91,9.91,14.85,8.39,1.75,2.09,2.91,0.69,0.03,0.21,5.14,0.5,0.18,0.45,0.82,0.15,0.05,2.25,5.41,0.1,0.37,0.88,0.16,2.2,1.95,0.22,0.14
6104,8640,180,Murray Basin,1000,0.18,0.05,0.08,1.13,3.22,3.21,6.09,3.79,1.56,2.11,2.16,3.22,3.77,4.07,4.18,6.67,5.15,5.61,2.59,2.36,4.53,1.91,3.29,0.49,1.11,1.07,2.55,1.02,1.02,2.51,2.01,0.45,0.17,0.89,0.6,0.61,0.64,1.04,0.06,0.08,0.46,0.73,1.96,2.01,3.14,0.83,2.21,1.41
6105,8640,180,Murray Basin,1000,0.01,0,0,0.02,1.05,1.48,4.34,9.95,4.75,2.11,4.15,3.28,4.58,0.01,0.13,0.32,0.19,0.93,11.35,13.77,0.89,1.49,0.57,1.02,2.14,3.57,1.32,0.55,1.71,0.65,0.25,0.56,1,2.8,2.74,2.79,3.15,1.18,0.42,0.29,0.96,4.33,0.07,0.16,0.93,1.86,0.17,0.01
6106,8640,180,Murray Basin,1000,2.11,0.36,0.92,2.43,0.06,0,0.03,0.62,1.52,1.82,1.8,2.72,1.98,3.13,3.03,4.14,3.25,5.25,2.89,2.04,1.8,3.91,3.06,2.93,3.37,2,0.53,1.44,1.69,2.74,0.64,1.14,3.07,6.37,3.66,1.51,1.2,2.53,1.01,0.9,4.67,6.59,1.67,0.86,0.06,0.38,0.08,0.09
6107,8640,180,Murray Basin,2500,0.94,0.6,0.1,0,0.08,0,0,0.67,1.69,2.3,0.14,0.05,0.63,1.12,4.42,4.24,0.46,1.03,0.36,3.07,5.15,3.94,4.73,2.6,1.46,0.75,0.41,3.19,2.73,2.92,3.64,2.24,0.91,1.26,0.76,2.92,0.79,0.29,1.27,2.36,2.42,2.92,1.46,0.58,0.6,3.65,10.9,11.25
6108,8640,180,Murray Basin,2500,0.09,0.28,0,0,0,0.09,0.2,1.53,0.25,1.03,5.6,2.48,9.88,5.73,1.7,1.27,2.2,0.59,1.53,3.09,3.89,2.5,2.82,1.94,1.03,5.49,2.06,4.65,2.74,2.81,1.74,1.32,2.31,1.94,2.61,5.48,6.89,0.47,0.26,0.18,1.13,1.07,2.45,0.98,3.52,0.13,0.01,0.04
6109,8640,180,Murray Basin,2500,4.75,0.95,0.06,1.36,0.91,0.92,1.82,1.35,3.86,3.63,3.58,2.34,2.98,2.02,2.69,1.61,2.62,3.76,0.98,1.1,1.01,0.49,7.26,4.37,3.94,2.8,2.47,4.08,2.74,1.76,2.62,4.49,3.09,3.04,1.57,0.98,0.66,2.2,2.32,0.44,0.18,0.51,0.71,0.44,0.4,0.04,0,2.1
6110,8640,180,Murray Basin,2500,0.26,0.94,0.02,3.2,1.2,0.67,0.72,1.09,0.66,1.1,1.27,1.34,0.85,0.31,3.47,6.78,4.01,0.68,0.31,0.14,1.65,0.6,1.93,1.89,3.81,7.33,4.46,2.28,1.86,1.89,2.18,0.6,0.28,0.37,0.42,0.73,2.08,1.48,1.24,4.29,4.17,1.66,2.81,2.26,3.75,4.48,5.84,4.64
6111,8640,180,Murray Basin,2500,0.05,0.09,0.21,0.13,0.18,0.04,0.45,0.42,0.4,0.38,1.22,2.11,2.25,4.08,2.93,2.61,1.24,1.62,0.95,0.74,2.5,5.08,3.42,9.5,6.44,5.22,7.06,3.1,1.76,2.34,3.98,1.67,3.69,1.9,2.55,2.44,1.48,1.67,2.46,2.38,1.81,1.24,1.02,0.25,0.52,1.32,0.74,0.36
6112,8640,180,Murray Basin,2500,0,0,0.17,2.12,0.25,0.16,0.14,0.11,0.14,1.7,6.27,6.15,6.82,6.63,2.68,4.22,7.02,4.05,0.71,1.11,0.59,0.2,2.24,4.01,1.25,2.65,5.62,1.54,1.39,0.83,1.3,1.41,1.53,0.99,1.63,1.83,2.1,3.04,2.94,0.98,0.97,1.74,2.38,3.23,1.98,0.65,0.22,0.31
6113,8640,180,Murray Basin,2500,1.52,1.24,1.35,1.08,1.1,1.21,1.5,1.22,1.16,0.93,0.36,0.78,2.44,3.52,3.3,0.25,0.39,0.67,0.33,0.2,0.57,1,1.19,0.55,0.59,0.68,1.07,1.08,4.09,2.47,2.01,4.93,3.62,3.92,1.33,1.6,1.95,3.77,4.91,6.56,6.72,11.6,5.24,0.97,0.27,0.57,1.45,0.74
6114,8640,180,Murray Basin,2500,0.05,0,1.72,6.69,1.78,1.68,1.18,1.31,1.12,0.75,0.96,1.67,1.01,0.66,1.04,1.52,1.97,2.42,2.67,1.79,1.09,1.26,3.35,2.95,7.84,14.39,8.77,3.44,1.04,2.43,1.55,0.07,0.12,3.35,1.38,0.3,0.5,1.07,0.16,0.16,0.25,7.17,0.65,0.06,1.18,0.22,0.57,2.69
6115,8640,180,Murray Basin,2500,0.04,0.02,0,0,0.02,0.88,1.27,3.53,8.85,6.26,2.02,3.57,3.12,3.48,0.01,0.32,0.94,0.18,1,9.99,10.81,1.27,2.01,0.86,1,1.84,3.68,1.54,0.96,4.77,1.69,0.55,1.35,0.82,2.31,2.29,2.22,2.9,1.92,0.61,0.54,1.8,3.37,0.07,0.31,0.87,1.76,0.38
6116,8640,180,Murray Basin,2500,0.02,0.44,1.63,17.95,5.03,1.14,0.35,7.43,5.18,1.82,0.48,1.91,1.01,3.73,1.29,1.65,1.67,0.31,2.91,1.96,3.17,3.87,4.17,3.76,3.33,2.71,1.98,1.12,0.88,1.19,1.71,1.31,0.43,0.19,0.66,1.43,1.07,2.7,1.7,0.58,0.44,0.21,0.44,0.26,0.22,0.45,1.92,0.19
6117,8640,180,Murray Basin,5000,0.13,0.04,0.03,0,0.01,0,0,0.73,4.1,5.55,0.16,0.03,0.91,0.62,1.51,5.68,4.31,1.44,0.63,2.16,4.59,4.87,5.41,2.71,1.16,0.48,0.71,1.48,2.29,2.46,2.48,1.78,0.78,0.85,0.61,2.65,0.94,0.28,1.57,2.32,1.46,2.13,1.37,1.1,0.15,2.43,8.09,14.81
6118,8640,180,Murray Basin,5000,4.33,2.22,0.69,0.42,0.2,0.5,1.79,1.66,1.34,1.45,1.61,0.9,0.37,1.37,2.11,0.56,0.14,0.2,0.94,1.01,1.2,0.93,1.22,1.42,3.3,4.51,4.18,2.14,2.91,6.29,7.93,6.78,5.02,4.51,5.81,3.16,0.33,0.16,1.83,4.52,5.17,1.69,1.02,0.15,0.01,0,0,0
6119,8640,180,Murray Basin,5000,2.58,0.48,0.14,0.52,0.84,0.3,0.86,1.78,0.61,0.53,0.37,2.21,4.58,1.99,0.24,0.2,0.19,0.81,0.66,1.34,1.85,2.88,5.1,4.02,1.73,1.32,2.22,2.23,0.81,0.59,0.75,0.45,1.58,1.82,1.99,1.31,4.39,3.8,2.53,3,3.55,3.75,5.6,6.71,4.44,3.02,2.37,4.96
6120,8640,180,Murray Basin,5000,0.01,0.08,0.11,0.14,0.56,5.54,7.13,4.29,3.19,1.57,2.73,0.98,1.63,3.97,2.11,3.68,3.33,1.34,1.32,0.75,1.89,1.92,1.25,2.29,4.25,4.99,0.67,2.39,0.14,1.49,1.43,14.35,10.59,4.27,0.28,0.19,0.08,1.68,0.47,0.21,0.3,0,0,0,0,0.15,0.26,0
6121,8640,180,Murray Basin,5000,0.23,2.51,0.26,0.23,0.17,0.17,0.22,1.97,6.76,6.73,7.79,7.14,2.56,3.95,7.37,3.79,0.57,0.83,0.48,0.21,1.68,2.86,0.91,2.32,5.39,1.63,1.52,0.58,0.96,1.16,1.19,0.88,1.43,1.35,1.78,3.56,3.37,1.14,1.02,1.9,2.44,3.22,2.08,0.71,0.24,0.35,0.31,0.08
6122,8640,180,Murray Basin,5000,1.38,1.13,1.17,0.92,1,1.33,1.23,1.39,1.49,0.84,0.28,0.48,1.92,2.75,2.5,0.12,0.33,0.87,0.43,0.3,0.67,0.94,1.24,0.32,0.51,0.61,0.94,1.01,3.4,2.02,2.04,4.51,3.17,3.53,1.05,1.36,1.95,3.95,4.97,4.66,6.34,10.43,9.4,3.85,1.53,0.72,2.32,0.7
6123,8640,180,Murray Basin,5000,9.42,6.99,1.21,5.7,3.44,3.65,3.1,1.88,0.72,0.23,0.42,0.27,0.47,0.6,0.24,0.82,3.39,1.75,1.14,2.04,1.06,1.33,1.36,2.01,1.71,3.45,3.27,0.21,0,0,0.45,15.67,5.22,0.57,1.38,1.51,2.72,2.46,2.57,1.78,0.28,2.53,0.37,0.58,0.02,0,0,0.01
6124,8640,180,Murray Basin,5000,0,0.02,0.14,0.25,0.56,1.17,0.61,0.5,0.48,0.51,1.09,0.28,0.08,0.21,1.27,2.61,1.38,0.26,0.16,0.44,0.34,0.51,8.98,13.12,7.65,2.95,1.08,2.16,1.49,0.75,0.6,0.88,1.01,1.34,0.91,1.07,1.18,14.67,14.42,3.88,1.79,1.24,0.3,1.48,1.18,1.6,1.23,0.17
6125,8640,180,Murray Basin,5000,1.31,1.48,0.66,0.27,1.54,2.45,0.7,4.03,4.79,4.09,1.51,2.02,1.43,0.67,0.85,1.27,0.58,0.25,11.33,2.2,2.58,8.03,0.84,1.75,7.8,2.55,3.63,4.75,0.76,4.6,0.61,1.06,0.72,0.44,3.92,3.25,2.37,1.17,3.11,0.99,0.63,0.19,0.24,0.35,0.04,0.06,0.09,0.04
6126,8640,180,Murray Basin,5000,3.07,0.54,2.47,4.36,0.14,0,0.03,1.56,1.64,1.87,1.64,2.57,1.71,2.89,3.36,4.3,2.92,3.92,2.35,1.48,1.35,3.18,2.41,2.79,2.88,1.71,0.56,1.37,1.67,2.46,0.67,1.29,3.41,5.2,3.54,1.68,1.39,2.63,0.88,0.95,5.32,6.77,1.58,0.89,0.1,0.3,0.09,0.11
6127,8640,180,Murray Basin,10000,1.66,1.77,1.38,0.86,1.32,0.78,1.34,1.99,5.08,5.5,4.28,2.98,3.15,3.47,2.15,1.46,1.9,1,0.99,0.94,0.77,0.66,1.89,1.01,1.4,2.61,4.04,0.91,1.04,0.46,0.82,1.24,1.43,2.92,1.62,1.03,0.36,0.55,5.57,7.1,4.84,7.54,4.83,0.65,0.49,0.12,0.06,0.04
6128,8640,180,Murray Basin,10000,0.02,0.04,0.36,1.73,1.96,0.53,1.97,1.63,1.99,3.72,4.52,4.05,5.15,4.82,4.31,4.71,1.15,1.27,1.69,7.35,5.96,5.19,2.98,0.53,0.8,1.3,1.82,0.98,0.66,1.53,1.06,1.07,1.71,0.92,2.29,1.9,1.86,2.12,1.21,0.58,0.33,0.95,0.98,1.75,0.87,0.46,1.93,3.29
6129,8640,180,Murray Basin,10000,0.13,0.02,0.01,0,0,0.04,2.23,3.44,4.39,0.15,0.08,1.47,0.07,2.31,6.84,3.43,1.27,0.81,3.91,4.42,4.21,3.97,2.21,0.81,0.33,1.1,2.11,1.97,2.89,2.41,1.7,0.52,1.04,0.61,2.45,0.27,0.61,1.82,1.98,1.9,1.82,1.71,0.71,1.08,2.87,12.05,9.18,0.65
6130,8640,180,Murray Basin,10000,0.59,0.27,0.14,0.76,0.23,2.25,3.5,2.67,3.28,2.45,1.26,0.42,0.64,0.56,1.2,0.79,0.98,1.53,1.65,2.59,2.72,4.4,4.99,3.24,3.9,4.83,3.18,4.7,6.37,6.87,4.06,2.64,4.41,2.75,2.12,1.55,0.86,2.33,2.29,1.5,0.31,0.48,0.66,0.3,0.27,0.07,0.16,0.28
6131,8640,180,Murray Basin,10000,1.7,2.11,1.31,1.11,1.06,2.76,1.61,1.22,1.85,0.57,2.01,2.28,4.34,5.31,6.19,4.66,6.65,6.59,4.24,2.12,5.31,1.54,1.5,0.92,0.43,0.7,0.35,0.26,0.29,0.33,0.46,0.54,0.53,0.82,1.04,0.92,0.13,0.03,0.17,0.18,0.42,0.83,1.95,4.07,8.57,7.05,0.93,0.04
6132,8640,180,Murray Basin,10000,0.24,0.23,0.19,0.16,0.44,0.54,0.14,0.27,1.01,0.45,0.08,0.12,0.62,0.65,2,1.64,0.71,0.45,0.66,1.51,1.53,1.78,2.06,0.78,0.76,1.22,2.89,4.33,4.14,2.32,4.22,4.49,4.71,3.91,6.44,6.75,6.08,9.03,7.16,4.51,2.62,2.5,1.69,1.05,0.42,0.21,0.08,0.21
6133,8640,180,Murray Basin,10000,0.16,0.12,0.69,1.2,0.69,0.32,0.48,0.32,0.4,0.51,0.76,2.11,2.36,1.03,0.21,0.66,1.25,1.85,1.84,2.16,1.63,0.98,1.53,2.9,3.01,4.25,8.83,12.78,7.26,5.62,3.43,3.63,1.92,2.18,5.77,3.24,2.08,1.91,1.97,1.42,0.63,0.41,0.64,0.91,1.15,0.5,0.18,0.12
6134,8640,180,Murray Basin,10000,0.04,0.09,0.55,1.88,3.38,1.61,0.5,0.32,0.29,0.86,1.92,1.36,0.93,1.11,0.64,0.07,0.01,0.29,1.02,1.05,0.19,0.2,0.82,0.77,1.12,0.92,1.8,3.08,4.95,5.68,4.68,3.53,5.38,6.62,6.4,5.16,4.15,4.84,4.3,3.07,1.08,1.24,3.01,4.18,3.24,1.51,0.16,0
6135,8640,180,Murray Basin,10000,1.19,1.07,1.28,1.08,1.13,1.48,1.19,1.26,1.47,0.77,0.41,0.6,1.73,2.21,2.04,0.12,0.29,0.71,0.46,0.34,0.66,0.94,1.09,0.31,0.42,0.55,0.87,0.86,2.83,1.67,1.54,4.51,2.98,3.39,1.08,1.19,1.63,3.15,4.22,5.09,11,11.11,9.45,3.59,1.53,0.58,2.18,0.75
6136,8640,180,Murray Basin,10000,0.16,1.92,0.27,0.31,0.19,0.17,0.26,1.82,6.27,6.11,6.82,6.46,2.69,3.89,7.14,4.49,0.72,1.03,0.71,0.38,2.26,3.75,1.17,2.45,5.24,1.68,1.29,0.7,1.27,1.31,1.4,0.99,1.5,2.04,2.88,2.77,2.73,1,0.99,1.84,2.26,3.1,1.86,0.71,0.23,0.35,0.29,0.13
6137,8640,180,Murray Basin,20000,0.52,0.63,0.64,1.45,0.67,1.68,2.93,3.23,2.72,4.42,3.28,3.57,4.6,2.1,2.64,2.24,5.77,3.89,3.88,3.57,1.43,1.92,2.16,1.72,0.76,0.64,0.84,1.31,1.61,1.12,1.72,2.14,2,2.55,2.93,1.75,1.71,1.7,1.19,1.31,1.74,0.41,1.23,3.16,4.35,1.69,0.24,0.24
6138,8640,180,Murray Basin,20000,1.95,0.9,0.48,0.41,0.89,1.28,1.33,1.35,2.57,3.22,2.46,1.14,2.18,2.48,1.75,0.8,0.81,1.27,0.88,1.2,0.82,1.29,2.02,3.3,4.45,4.04,2.87,2.75,4.17,4.55,3.89,3.56,3.33,4.43,2.8,0.94,0.43,1.19,4.16,5.66,3.3,3.54,2.53,0.43,0.15,0.03,0.02,0
6139,8640,180,Murray Basin,20000,0.46,0.42,0.27,0.66,0.49,0.99,3.53,3.17,2.94,2.86,1.29,0.8,0.43,0.61,1.21,0.7,0.94,0.94,1.51,2.74,2.21,3.54,5.22,3.51,3.93,4.08,3.64,4.1,6.03,7.78,4.44,3.21,4.54,2.91,2.12,1.97,1.07,1.63,2.38,1.97,0.47,0.51,0.56,0.33,0.41,0.06,0.14,0.28
6140,8640,180,Murray Basin,20000,0.05,2.13,0.51,0.42,0.37,0.61,0.61,0.32,0.98,0.96,0.57,0.25,1.14,1.88,2.84,0.4,0.2,0.46,0.56,0.63,1.63,1.9,4.6,3.39,4.21,1.77,2.44,1.14,3.37,1.89,1.46,0.56,0.59,0.91,1.64,2.03,1.58,3.66,5.36,3.31,4.33,3.73,4.22,5.74,6.92,5.78,4.16,1.79
6141,8640,180,Murray Basin,20000,0.22,0.61,0.57,2.65,1.87,1.42,1.47,1.81,0.83,1.43,1.81,3.68,2.35,1.85,2.26,2.75,2.83,2.72,2.48,5.58,1.62,1.65,0.87,0.26,0.57,0.63,0.63,0.5,0.36,1.5,2.04,1.6,1.29,2.73,5.78,5.59,6.68,8.52,8.88,3.29,0.67,0.59,0.16,0.59,0.68,0.13,0.67,0.33
6142,8640,180,Murray Basin,20000,0,0.08,0.68,1.65,1.62,1.01,1.22,1.25,0.51,1.31,0.26,0.07,0.6,1.28,2.34,1.75,2.06,1.69,1.98,1.29,2.72,6.21,8.08,5.06,2.04,0.85,1.64,1.5,1.46,1.71,1.59,2.08,2.1,2.42,2.3,1.85,10.26,10.96,3.9,1.92,1.38,1.07,1.09,0.8,1.16,0.68,0.27,0.25
6143,8640,180,Murray Basin,20000,0,0.42,0.61,0.75,2.02,1.03,1.28,3.61,5.38,6.61,5.87,3.55,2.81,4.99,4.88,4.61,3.19,2.63,0.87,2.22,0.46,0.46,0.42,1.47,1.44,1.1,1.15,1.06,0.78,0.96,0.79,1.17,1.06,1.47,1.05,2.25,1.03,0.26,0,0.11,6.43,8.4,2.38,0.45,1.31,1.83,1.86,1.52
6144,8640,180,Murray Basin,20000,0.24,0.24,0.04,0,0,0.48,0.81,0.83,4.37,6.66,3.5,3.02,2.22,1.89,0.16,1.96,4.23,0.66,2.21,6.65,7.13,2.81,1.58,2.37,1.64,2.14,2.78,2.43,2.28,5.58,4.28,2.55,1.85,1.15,1.45,1.33,1.37,1.49,1.58,2.1,0.74,2.77,1.52,1.2,0.37,0.62,2.35,0.37
6145,8640,180,Murray Basin,20000,0.97,0.46,0.91,0.71,0.91,1.43,1.04,1.23,2.97,1.91,0.76,2.04,2.84,3.54,2.12,2.48,1.52,0.73,2.05,1.55,1.05,0.99,6.67,1.48,1.29,3.84,2.85,2.21,8.29,2.76,3.54,2.98,0.71,2.48,0.92,1.99,2.52,2.2,5.61,2.67,1.55,0.74,4.9,1.09,0.92,0.43,0.56,0.59
6146,8640,180,Murray Basin,20000,0.69,3.49,1.82,1.48,0.14,0.27,2.28,0.15,0.25,2.14,0.26,1.09,3.56,5.48,3.55,0.3,0.3,0.19,0.32,0.87,2.35,4.14,2.09,1.38,1.56,0.75,0.88,0.25,2.14,3.88,3.11,1.51,2.61,1.35,1.33,1.01,2.04,3.18,4.26,3.14,2.59,3.36,1.48,4.03,4.36,5.88,5.22,1.49
6147,8640,180,Murray Basin,40000,0.6,1.72,1.49,1.46,1.45,1.99,3.12,3.42,4.17,5.39,6.45,6.31,4.19,2.95,0.79,0.35,0.97,2.07,1.82,4.24,4.48,1.68,1.7,1.44,1.7,2.81,2.89,1.98,0.97,1.04,1.68,0.93,0.36,1.19,1.97,4.11,0.63,0.95,3.1,2.34,1.8,0.54,0.54,1.27,1.75,0.53,0.49,0.18
6148,8640,180,Murray Basin,40000,2.14,1.93,1.05,0.61,0.47,0.82,1.4,1.4,1.4,2.44,2.98,2.34,1.22,2.32,2.34,1.75,0.73,0.77,1.05,0.8,1.06,0.75,1.35,2.27,3.63,4.54,3.9,2.99,3.16,3.76,4.01,3.32,3.23,2.86,3.72,2.4,1.22,0.89,1.59,4.11,5.36,3.3,3.48,2.38,0.46,0.19,0.07,0.04
6149,8640,180,Murray Basin,40000,0.47,0.59,0.74,0.4,1.02,0.77,0.45,0.25,0.75,1.28,2.38,0.33,0.13,0.58,0.38,0.56,1.23,1.71,3.76,2.44,3.29,1.46,2.03,1.01,2.4,2,1.71,0.56,0.61,0.8,1.4,1.8,1.71,3.71,5.55,4.78,5.02,4.04,4.02,5.07,6.64,6.63,4.96,1.96,2.3,1.66,1.68,0.98
6150,8640,180,Murray Basin,40000,0.1,0.2,0.58,2.41,3.43,4.36,5.64,4.59,2.22,1.47,1.12,1.36,2.24,3.08,4.07,3.82,4.23,4.36,4.02,1.47,2.58,1.42,0.83,1.09,1.16,1.54,0.82,1.05,1.22,1.92,2.15,3.22,2.68,2.58,3.12,2.57,2.5,2.65,1.89,1.54,1.1,1.64,1.37,1.03,0.81,0.17,0.4,0.18
6151,8640,180,Murray Basin,40000,0.31,1.45,1.27,2.26,1.26,2.2,2.77,2.38,2.09,3.42,2.81,3.05,4.33,2.89,3.65,3.49,4.71,5.67,4.83,3.87,1.56,1.88,1.46,1.54,0.84,0.84,0.93,0.96,1.27,0.93,1.12,1.62,1.33,1.78,1.97,1.1,0.96,0.65,0.54,0.94,1.31,0.71,1,2.14,3.59,4.21,2.93,1.18
6152,8640,180,Murray Basin,40000,0.11,0.22,0.26,0.58,4.94,7.72,7.78,5.88,2.84,1.8,0.74,1.03,2.84,1.44,2.88,4.51,4.79,2.03,1.34,1.86,1.34,2.45,2.91,5.48,5.29,2.26,2.07,0.89,2.28,1.6,6.87,4.81,2.06,0.15,0.06,0.06,1.13,0.24,0.77,0.62,0,0,0,0.18,0.5,0.35,0,0.04
6153,8640,180,Murray Basin,40000,0.32,1.11,1.21,1.2,2.24,2.78,1.21,1.96,2.34,2.08,1.19,1.67,3.3,6.3,6.33,3.51,3.02,2.14,3.92,6.67,4.27,3.13,0.72,0.32,0.59,0.84,6.02,6.56,3.69,2.37,0.52,0.25,0.14,0.07,0.09,0.76,1.41,1.05,1.16,0.37,0.97,1.29,2.93,1.59,2.03,0.99,0.96,0.41
6154,8640,180,Murray Basin,40000,0.54,1.72,0.24,1.14,0.54,1.73,1.29,3.2,4.44,3.69,1.92,2.87,3.42,2.85,2.43,3.01,5.91,6.17,6.14,5.42,3.69,4.78,4.66,2.66,2.58,3.88,0.68,0.78,2.91,0.57,0.43,2.25,3.26,2.06,0.07,0.34,0.58,0.53,1.55,0.48,0.51,0.42,0.26,0.08,0.22,0.48,0.32,0.3
6155,8640,180,Murray Basin,40000,0.75,1.96,0.66,1.09,1.66,0.37,0.8,0.86,2.21,3.83,6.72,9.55,9,7.34,7.63,5.76,6.86,2.06,1.56,1.15,1.5,1.36,1.38,0.87,0.74,0.65,0.12,0.3,0.22,0.26,1.79,1.54,1.83,1.96,2.07,1.9,0.66,0.14,1.49,1.81,0.24,0.09,0.56,0.9,0.75,0.64,1.04,1.37
6156,8640,180,Murray Basin,40000,0.2,0.63,1.06,1.29,0.94,0.79,0.72,0.62,1.2,0.97,1.2,2.33,0.52,1.73,1.46,1.98,3.05,1.4,1.07,1.47,1.56,1.57,0.5,0.8,2.9,2.07,1.93,1.77,1.93,1.65,2.81,3.45,4.17,5.92,5.65,6.86,8.61,7.01,8.75,2.19,2.78,0.39,0.03,0.02,0.03,0.01,0.01,0
6157,10080,180,Murray Basin,100,0.54,0.68,1.94,0.97,1.47,1.13,1.33,0.74,1.95,1.27,0.65,1.07,0.52,2.05,3.84,3.7,1.64,0.23,0.71,0.41,0.21,0.27,0.39,1.11,0.69,0.85,0.74,1.33,0.79,3.92,3.78,2.56,5.37,4.47,5.2,2.02,1.86,2.08,3.32,4.18,4.83,5.71,8.15,4.48,0.37,0.06,0.46,0.73,1.54,0.31,0.01,0,0,0.02,0.02,1.33
6158,10080,180,Murray Basin,100,1.04,2.22,0.36,0.33,0.04,0,0.13,0.14,2.23,2.03,2.17,1.59,1.61,1.09,1.11,0.81,2.23,0.51,0.64,0.24,0.06,2.07,0.3,0,0,0.74,2.3,2.99,4.26,1.32,0.84,3.63,6.07,5.68,5.54,2.15,1.07,0.34,0.66,0.35,2.06,2.74,2.24,0.63,2.5,1.23,1.72,3.67,0.08,0.34,8.51,5.28,2.11,1.09,2.8,2.11
6159,10080,180,Murray Basin,100,0.07,0,0.07,0.06,0.12,0.16,1.16,0.56,1.17,0.89,1.18,3.73,0.41,0.66,0.89,1.56,0.47,2.38,2.75,2.72,1.46,2.35,2.02,1.91,2.64,1.65,0.75,0.18,6.33,1.31,1.48,4.68,0.24,1.14,15.14,1.54,7.7,3.13,0.63,3.05,0.99,2.22,1.42,1.02,4.39,2.29,1.49,1.08,0.62,1.32,1.67,0.53,0.35,0.17,0,0.1
6160,10080,180,Murray Basin,100,4.28,1.88,1.04,1.17,0.9,1.65,1.43,0.83,1.05,2.79,2.87,1.67,1.5,2.02,1.18,0.87,0.25,1.92,4.4,1.74,2.21,2.34,1.85,0.5,2.08,2.2,1.04,1.67,0.36,0.02,2.36,1.5,2.61,1.34,1.86,2.27,1.11,0.78,0.21,0.74,0.57,0.49,2.31,2.52,5.2,2.7,2.88,2.7,1.33,4.56,0.82,0.13,0.09,2.57,2.61,4.03
6161,10080,180,Murray Basin,100,1.77,3.22,2.92,0.73,0.83,1.28,0.03,0.08,1.2,4.05,1.81,0.57,0.98,0.45,1.01,2.92,2.56,3.35,1.93,2.88,6.47,5.68,1.32,1.62,2.06,1.39,1.17,1.43,1.5,0.32,0.2,1.07,0.28,0.19,1.5,0.52,1.32,1.97,2.52,3.27,0.34,0.57,0.59,0.18,0.29,0.03,0.65,4.13,1.04,1.98,4.03,6.31,5.3,2.69,0.92,0.58
6162,10080,180,Murray Basin,100,4.37,4,6.23,5.52,6.21,3.7,2.13,4.2,1.66,0.38,0,3.93,4.55,0.97,1.2,0.48,1.26,1.15,0.17,0.11,1.46,2.67,1.19,0.6,0.21,0.85,0.93,0.65,1.28,0.71,0.31,0.3,0.29,0.07,4.42,0.62,0.58,1.1,0.85,0.27,1.1,1.3,1.79,1.22,1.78,1.15,0.52,0.68,1.8,3.51,5.44,3.1,0.87,1.12,1.52,1.52
6163,10080,180,Murray Basin,100,3.54,2.56,6.73,8.25,0.97,4.72,1.92,0.64,0.05,0.06,1.9,4.84,2.24,0.41,6.48,0.45,0.37,4.56,0.93,0.12,0.31,0.11,0.52,0.08,1.22,2.74,0.42,0,0.33,0,2.01,1.38,2.06,3.89,0.22,0.01,0.73,0.7,0,0.21,0.95,0.5,0.18,0.01,8.56,0.76,0.63,3.78,0.29,1.11,0.78,0.05,1.8,5.78,5.61,0.53
6164,10080,180,Murray Basin,100,0.84,1.07,0.18,0,1.71,0.09,0.28,1.72,2.6,5.27,2.43,0.57,3.22,3.2,2.1,2.75,0.7,7.4,3.78,5.88,11.83,5.2,0.26,1.2,1.32,1.26,7.46,0.48,1.23,1.49,1.13,0.99,1.19,2.11,3.28,0.59,0.18,0.8,0.25,0.87,1.21,1.36,1.36,1.61,0.1,0.59,0.08,0.08,1.08,1.17,1.6,0.26,0.16,0.15,0.08,0.2
6165,10080,180,Murray Basin,100,4.57,3.48,1.88,3.9,7.12,8.66,0.28,0,0,0.01,0.35,0.43,1.98,0.18,0.06,0.04,0.08,0.12,1.18,0.73,2.44,1.19,0.02,0.06,0.17,0.36,0.42,0.98,0.88,2.19,0.38,0.98,2.35,0.3,1.44,2,5.22,4.18,4.4,3.59,2.21,3.46,5.13,4.74,1.13,0.86,1.38,1.51,1.04,0.35,2.04,0.37,0.67,0.19,3.27,3.05
6166,10080,180,Murray Basin,100,5.94,3.85,2.76,0.98,0.69,0.32,0.1,0.33,0.81,1.93,0.72,1.06,2.58,1.36,0.47,0.82,1.64,3.31,1.88,0.18,0.09,0.03,0.07,1.26,8.07,9.61,9.46,5.35,4.35,2.89,0.77,0.09,1.11,4.01,2.12,2.16,0.28,0.12,0.52,0.93,0.68,0.39,1,0.22,0.59,0.18,1.33,1.55,0.5,1.02,2.06,1.89,0.68,0.47,0.85,1.57
6167,10080,180,Murray Basin,200,1.44,0.29,0.26,0.73,0.67,0.77,2.06,0.74,0.53,0.88,0.33,0.12,1,0.95,0.38,0.71,0.65,1.23,0.71,1.68,0.97,0.69,0.8,1,1.53,3.61,2.21,2.57,0.46,0.69,1.01,0.3,1.06,3.08,3.27,2.54,3.51,6.51,7.85,10.23,8.21,4.73,2.92,0.4,0.8,0.03,0.05,0.62,0.87,1.18,1.13,0.73,3.4,2.14,0.77,2
6168,10080,180,Murray Basin,200,0.51,0.64,2.01,1.01,1.36,0.98,1.32,0.64,1.85,1.28,0.58,0.92,0.43,1.91,4.13,4.17,1.78,0.21,0.84,0.42,0.21,0.28,0.47,1.19,0.79,0.93,0.89,1.35,0.84,3.59,3.44,2.54,5.21,4.52,4.9,2.06,1.8,2.14,3.36,4.84,5.01,5.13,7.95,4.73,0.59,0.07,0.47,0.92,1.24,0.25,0,0,0,0.02,0.02,1.26
6169,10080,180,Murray Basin,200,0.39,0.67,1.06,0.28,0.13,0.21,0.11,0.09,0.32,0.57,0.07,0.61,1.68,1.21,1.25,1.36,0.02,0.04,0.79,3.27,4.28,0.84,0.03,0.01,0.43,0.14,0.23,1.37,0.22,4.42,7.62,2.52,2.11,0.88,3.4,1.76,0.8,0.88,0.97,0.69,1.6,4.12,1.8,1.59,4.67,1.93,2.78,1.58,3.87,4.13,6.39,4.45,3.39,2.19,4.3,3.48
6170,10080,180,Murray Basin,200,1.1,2.27,0.36,0.34,0.05,0,0.13,0.14,2.18,2.05,2.11,1.58,1.6,1.08,1.1,0.81,2.23,0.5,0.65,0.24,0.06,2.07,0.29,0,0,0.72,2.18,2.93,4.29,1.28,0.86,3.57,6.1,5.65,5.62,2.21,1.16,0.35,0.66,0.35,2.07,2.74,2.21,0.66,2.51,1.21,1.71,3.69,0.08,0.35,8.51,5.32,2.13,1.06,2.85,2.03
6171,10080,180,Murray Basin,200,0.14,0,0,0.14,0.02,0.25,0.79,0.99,0.88,1.6,0.85,2.08,2.03,0.4,0.5,1.49,1.14,0.41,3.17,2.92,3.65,2.32,1.08,2.71,0.41,3.26,0.84,0.17,1.22,7.57,0.49,5.01,2.15,0.7,11.62,2.59,3.65,5.53,2.26,2.31,2.23,1.61,1.77,0.8,3.17,3.53,1.64,1.2,0.62,1.45,0.46,1.6,0.27,0.19,0.09,0.03
6172,10080,180,Murray Basin,200,4.06,1.82,0.96,1.08,1.1,1.23,1.88,0.73,1.27,2.44,2.68,1.75,0.95,2.14,0.95,1.21,0.14,1.83,3.55,2.39,1.87,2.18,2.29,0.61,1.33,2.36,0.99,1.57,0.46,0.19,1.89,1.68,1.81,1.33,1.62,1.94,1.41,1.26,0.39,0.71,0.67,0.56,2.93,2.55,5.84,3.04,3.06,2.88,2.03,4.13,1.21,0.37,0.06,2.28,2.87,3.47
6173,10080,180,Murray Basin,200,3.94,4.11,4.92,5.07,4.51,3.23,2.47,4.97,2.07,0.46,0.16,3.24,4.66,1.41,1.35,0.45,1.18,1.13,0.2,0.14,1.24,2.25,1.38,0.67,0.3,0.69,0.87,0.58,1.16,0.82,0.45,0.28,0.26,0.11,3.52,1.06,1.38,1.28,1.29,0.39,0.88,1.13,1.54,1.76,1.85,1.28,0.79,0.83,1.78,4.01,4.79,3.84,1.55,1.45,1.44,1.43
6174,10080,180,Murray Basin,200,0,0.47,0.3,0.25,0.9,2.49,2.61,0.63,0.08,0.13,0.11,0.48,0.99,0.56,0.07,0.06,0.04,0.07,0.17,1.04,1.21,1.63,1.05,1.39,4.54,0.62,1.32,1.93,0.03,0.86,2.61,2.16,3.78,3.31,2.88,6.43,9.01,12.07,6.15,3.74,2.94,3.66,3.56,2.87,2.46,2.78,2.04,1.16,0.06,0,0,0,0,0,0,0.3
6175,10080,180,Murray Basin,200,2.64,5.57,4.72,5.61,5.5,6.31,7.04,5.9,2.7,1.86,0.58,0.15,0.51,0.61,0.46,0.13,0.35,0.09,0.03,0.16,2.17,0.32,1.04,0.26,1.98,1.72,1.07,0.13,0.77,1.86,1.65,2.26,2.29,3.89,1.98,1.81,0.8,1.25,0.78,0.69,0.83,0.59,0.84,0.69,0.66,0.58,0.81,1.84,3.48,2.67,1.45,1.43,0.03,0.34,0.98,3.14
6176,10080,180,Murray Basin,200,1,0.41,1.46,0.06,0.7,1.75,0.15,0.07,0.8,1.36,1.67,0.92,0.47,2.62,0.74,3.67,3.89,2.03,1.19,2.37,4.03,8.35,3.86,4.09,2.23,2.77,2.84,2.91,2.09,4.59,0.4,0.46,0.75,0.92,2.7,3.26,3.79,1.36,0.17,0.24,0.05,0.04,0.52,1.58,2.18,2.01,1.17,0.96,1.68,2.56,2.8,1.37,1.86,0.76,1.22,0.1
6177,10080,180,Murray Basin,500,1.7,0.27,0.34,0.3,0.95,0.58,1.95,1.15,0.3,0.64,0.84,0.12,0.94,1.12,0.38,0.85,0.53,1.09,0.69,1.37,1.06,0.55,0.71,0.69,1.35,2.82,2.97,1.76,0.64,0.55,0.93,0.28,0.69,2.44,3.66,2.86,3.39,5.67,7.83,10.87,9.93,5.38,5.17,0.84,0.82,0.18,0.03,0.48,0.86,0.73,1.27,0.71,1.37,2.17,0.63,1.6
6178,10080,180,Murray Basin,500,0.12,0.02,0.26,1.48,2.49,3.06,2.78,3.79,1,1.55,1.77,3.1,2.92,2.02,3.58,3.32,5.88,4.22,1.85,3.86,2.44,2.49,2.13,0.54,1.18,1.31,1.59,1.28,1.3,1.68,1.67,0.25,0.58,0.96,0.8,0.96,1.58,1.01,0.1,0.33,0.64,1.33,3.17,2.56,3.55,1.18,1.52,2.88,2.23,2.11,3.9,0.36,0.16,0.14,0.2,0.82
6179,10080,180,Murray Basin,500,0.52,0.63,1.94,0.99,1.46,0.96,1.36,0.75,1.79,1.2,0.59,0.98,0.46,1.95,3.79,3.8,1.58,0.25,0.81,0.41,0.19,0.32,0.47,1.11,0.7,0.8,0.85,1.28,0.79,3.72,3.43,2.33,5.14,4.63,4.9,1.99,1.81,2.01,3.22,4.55,4.63,6.27,9.07,4.65,0.69,0.13,0.45,0.79,1.31,0.29,0,0,0,0.04,0.02,1.2
6180,10080,180,Murray Basin,500,0.79,0.32,0.31,0.51,0.79,0.04,0.19,3.99,0.88,0.2,0.96,0.77,0.38,0.72,2.51,0.52,0.67,0.5,5.26,6.72,1.47,0.45,0.29,1.19,0.76,0.76,2.14,2.42,4.4,5.67,2.29,1.11,0.75,1.37,0.52,0.12,0.11,0.43,0.16,1.07,1.25,0.75,1.75,5.18,1.76,2.24,1.46,3.14,2.23,4.1,6.75,1.82,2.58,1.93,5.57,2.98
6181,10080,180,Murray Basin,500,1.24,0.41,0.16,0.18,0.06,0.09,0.16,0.24,0.35,0.53,0.12,0.18,0.42,0.38,0.38,0.6,1.29,0.77,0.2,0.91,1.27,0.57,0.08,0.44,0.69,1.05,1.99,0.96,0.1,0.71,0.81,2.1,1.91,2.57,1.68,0.62,0.68,1.9,2.83,4.23,2.14,3.36,4.46,4.31,3.07,3.92,5.47,4.71,6.46,6.37,6.91,2.95,3.53,3.52,1.52,1.44
6182,10080,180,Murray Basin,500,0.65,0.51,0.06,0.1,0.06,0,0.02,0.29,0.28,0.61,0.07,0.3,0.36,0.26,0.25,0.6,1.14,5,2.45,0.45,0.43,2.11,9.53,3.28,2.51,2.46,1.82,1.2,0.9,1.43,1.95,5.94,10.87,3.55,1.71,4.45,2.9,2.25,1.97,4.4,3.63,1.91,1,3.96,2.44,0.88,0.57,1.22,3.45,0.43,0.32,0.42,0.15,0.31,0.09,0.1
6183,10080,180,Murray Basin,500,0,0.25,1.56,3.44,0.67,0.31,0.09,0.05,1.16,0.99,2.54,2.5,0.41,1.15,1.87,1.37,2.53,1.47,2.33,4.42,1.45,0.76,1.63,1.48,3.85,1.84,0.95,0.85,0.68,0.09,3.54,1.79,1.73,1.49,1.41,1.9,0.98,3.62,0.56,5.34,4.1,3.15,4.64,3.28,2.81,3.77,4.27,1.81,1.26,3.03,0.69,0.99,0.4,0.57,0.01,0.17
6184,10080,180,Murray Basin,500,1.63,0.98,0.05,0.03,0.02,0.05,1.27,0.67,2.2,0.7,0.6,2.23,1.96,4.75,4.13,6.38,5.25,5.96,4.22,4.42,1.05,0.24,0.49,1.42,1.86,3.08,6.19,2.65,0.72,1.46,0.57,3.46,4.98,2.57,0.19,0.84,0.84,0.76,0.62,1.05,0.67,7.4,3.12,0.24,1.54,0.83,0.17,0.07,0.29,0.18,1.92,0.4,0.39,0.12,0.03,0.09
6185,10080,180,Murray Basin,500,0.04,0.43,0.26,0.22,0.72,1.97,2.56,2.11,0.52,0.86,0.08,0.4,0.74,0.55,0.44,0.07,0.01,0.03,1,1.16,1.13,1.89,0.94,1.39,3.94,0.57,1.19,1.93,0.01,0.47,1.55,2.21,5.1,3.77,3.3,7.21,9.78,10.61,6.24,4.31,2.86,2.94,2.56,2.11,1.76,2.17,1.79,1.37,0.24,0.01,0.04,0.03,0,0.01,0.04,0.36
6186,10080,180,Murray Basin,500,2.92,5.35,4.67,5.51,5.21,6.36,7.84,6,2.84,2.11,0.81,0.2,0.43,0.42,0.38,0.13,0.21,0.04,0.05,0.11,1.37,0.18,0.65,0.4,1.6,2.13,0.96,0.12,0.84,2.12,1.48,2.39,2.8,4.19,2.24,1.96,0.92,1.33,0.8,0.67,0.67,0.6,0.79,0.68,0.62,0.62,0.82,1.52,2.87,2.61,1.53,1.51,0.02,0.37,0.91,3.12
6187,10080,180,Murray Basin,1000,0.51,0.61,2.18,1.05,1.47,0.87,1.14,0.67,1.6,1.1,0.52,1.25,0.39,2.1,4.28,3.96,1.48,0.26,0.96,0.39,0.17,0.33,0.51,1.2,0.7,0.77,0.84,1.38,0.86,4.11,3.72,2.54,5.34,4.61,5.28,2.03,1.69,2.08,3.5,4.51,4.35,4.65,8.07,4.56,0.93,0.16,0.54,0.72,1.14,0.2,0,0,0,0.02,0.02,1.68
6188,10080,180,Murray Basin,1000,0.03,0.01,0.02,0.73,0.77,0.58,1.16,0.98,0.21,0.22,0.76,0.11,0.25,0.43,0.38,0.38,1.24,0.64,1.22,1.62,0.63,0.07,0.1,2.47,5.36,3.03,0.3,0.06,0.04,0.93,0.11,0.89,0.8,0.78,6.53,6,2.69,2.85,2.98,4.06,1.55,0.96,1.09,0.75,1.68,2.76,3.09,1.75,3.56,4.8,2.14,3.11,2.79,4.49,5.11,7.95
6189,10080,180,Murray Basin,1000,0.3,0.19,1.03,0.94,1.26,1.7,0.55,0.5,1.02,0.32,0.69,1.16,0.55,0.85,0.37,1.13,0.36,1.13,1.33,0.87,0.61,0.84,1.12,3.01,2.98,1.84,1.4,0.4,1.19,0.21,0.37,2.05,4.65,4.28,4.36,6.2,7.73,9.34,9.83,5.22,4.67,0.86,1.01,0.38,0.06,0.3,1.04,0.88,0.97,0.61,0.39,2.28,0.36,1.13,0.91,0.27
6190,10080,180,Murray Basin,1000,0.01,0.07,0.17,0.49,0.14,0.16,0.58,0.46,2.31,2.23,2.95,3.77,3.73,2.92,4.12,1.8,3.86,2.83,1.8,2.4,6.54,5.01,2.88,2.81,1.66,1.54,2.05,1.07,0.83,1.23,1.51,1.94,1.92,1.69,1.65,2.4,3.1,2.19,1.6,1.28,1.3,2.61,3.05,2.15,0.89,0.75,1.12,2.91,0.85,2.01,0.26,0,0.09,0.23,0.04,0.04
6191,10080,180,Murray Basin,1000,2.92,5.45,4.33,5.28,5.19,6.27,7.01,5.24,2.71,2.16,0.69,0.17,0.55,0.54,0.45,0.14,0.32,0.07,0.05,0.13,1.84,0.33,1.02,0.34,1.94,2.35,1.12,0.13,0.83,2.08,1.97,2.56,2.85,3.72,2.1,1.96,0.86,1.33,0.76,0.73,0.84,0.72,0.98,0.76,0.64,0.63,0.8,1.92,2.9,2.4,1.5,1.32,0.02,0.35,0.93,2.8
6192,10080,180,Murray Basin,1000,0,0.38,1.63,1.27,0.99,0.56,1.17,1.06,0.03,0.35,1.46,1.52,1.61,0.53,2.87,2.22,2.56,3.1,2.6,1.4,2.67,3.51,6.62,4.04,1.22,0.72,0.69,3.18,5.37,4.31,0.55,0.29,0.6,1.07,1.12,2,3.14,2.48,1.56,0.16,0.27,0.14,0.05,0.08,1.22,2.18,1.86,2.23,0.8,1.74,1.84,5.1,2.86,3.63,1.5,1.89
6193,10080,180,Murray Basin,1000,1.41,3.58,0.45,0.1,0.01,0.09,0.17,0.12,0.57,0.9,0.25,0.53,0.12,0.16,1.11,4.78,2.86,3.64,1.49,2.12,0.98,4.63,0.56,0.92,3.61,0.82,3.04,4.46,3.19,3.04,2.5,3.98,1.41,3.4,1.92,0.24,1.94,0.26,0.13,0.67,0.39,1.16,2.24,0.54,1.02,0.01,0,0.13,0.48,4.02,13.3,7.08,1.98,1.27,0.07,0.15
6194,10080,180,Murray Basin,1000,4.32,2.3,0.7,0,0.01,0.01,0.26,4.59,1.95,26.69,0.62,0.04,0.01,0,0,0.03,2.6,5.54,0.58,0.1,0.05,0.59,0.65,6.54,0.75,0.1,0.24,0.44,0.08,4.63,9.46,0.46,0.22,0.09,0.84,0.37,0.08,0.8,4.73,0.5,0.23,1.66,0.02,0,0.14,0.86,1.64,0.97,0.04,0.08,0.58,0.01,0.14,6.83,1.9,2.93
6195,10080,180,Murray Basin,1000,5.26,6.93,2.84,0.36,1.39,0.17,0.07,0.24,1.67,0.99,0.99,2.73,3.03,2.22,0.2,1.37,2.58,5.83,3.18,0.1,0.07,0.03,0.04,3.18,7.95,12.91,7.44,4.88,2.26,1.47,0.16,0.06,2.72,1.84,1.22,1.08,0.11,0.07,0.29,0.59,0.91,0.12,0.45,0.14,0.24,0.06,1.57,0.45,0.57,0.59,0.98,0.97,0.89,0.33,0.49,0.72
6196,10080,180,Murray Basin,1000,0.95,0.94,0.14,0.2,7.76,6.98,1.71,0.09,1.15,4.72,3.54,6.82,0.33,0.07,0,0.46,0.37,0.1,1.46,0.45,0.02,0,0,0,3.74,2.2,1.1,0,0.05,0.11,0,0.86,6.08,3.63,1.66,1.63,2.46,1.16,0.65,3.54,7.91,9.52,5.91,1.84,1.69,1.8,1.72,1.83,0.59,0.06,0,0,0,0,0,0
6197,10080,180,Murray Basin,2500,0.86,0.84,0.43,0.73,0.82,0.99,0.89,1.62,0.92,0.83,0.77,1.16,2.25,4.34,2.64,2.53,0.4,0.96,0.82,0.42,1.42,3.85,3.64,3.09,5.56,7.69,8.69,11.02,5.46,4.47,2.58,0.82,0.43,0.07,0.26,1.02,1.15,1.63,0.79,1.03,3.63,1.97,1.26,2.19,0.64,0.18,0.05,0.12,0.07,0,0,0,0,0,0,0
6198,10080,180,Murray Basin,2500,1.99,1.21,0.96,0.56,0.35,0.35,0.67,0.14,1.23,2.58,0.7,0.21,0.91,0.99,0.6,0.81,1.86,0.43,0.61,1.37,4.94,5.78,1.12,0.23,0.24,1.07,0.52,0.81,2.49,3.11,4.78,5.28,2.59,2.07,0.77,2.53,0.88,0.29,0.28,0.48,0.29,1.54,1.76,1.03,2.6,4.74,1.41,2.58,1.61,3.19,3.02,4.93,5.21,3.09,1.95,2.26
6199,10080,180,Murray Basin,2500,1.38,0.23,0.16,0.23,0.06,0.11,0.18,0.15,0.2,0.24,0.03,0.2,0.26,0.2,0.2,0.13,0.51,0.19,0.13,0.57,1.11,0.13,0.03,0.38,0.55,1.01,2.12,1.32,0.17,0.5,0.72,1.64,0.96,1.38,1.16,0.52,0.83,1.9,3.15,5.92,3.27,3.87,3.86,4.6,3.72,4.74,6.4,5.75,7.68,7.43,6.78,3.29,3.24,2.04,1.58,0.89
6200,10080,180,Murray Basin,2500,0.31,0.7,1.92,1.1,1.26,0.93,1.19,1.2,1.49,1.06,0.68,0.88,0.45,1.69,3.46,3.42,1.17,0.14,0.76,0.39,0.26,0.27,0.94,1.17,0.68,0.51,0.83,0.97,0.77,2.92,3.3,1.72,4,4.13,4.25,1.71,1.45,1.73,2.86,5,4.8,6.69,10.38,8.04,1.68,0.25,0.3,1.42,0.96,0.19,0,0.03,0,0.04,0.66,0.89
6201,10080,180,Murray Basin,2500,0,0.01,0,1.68,6.53,1.74,1.63,1.14,1.29,1.08,0.73,0.94,1.62,0.98,0.66,1.04,1.49,1.91,2.35,2.6,1.73,1.07,1.24,3.27,2.88,7.65,14.04,8.52,3.36,1.01,2.37,1.5,0.07,0.12,3.27,1.32,0.3,0.48,1.04,0.16,0.16,0.25,6.97,0.64,0.06,1.16,0.21,0.56,2.62,0.84,0.22,0.1,0.67,0.2,0.12,0.4
6202,10080,180,Murray Basin,2500,1.7,2.74,1.99,2.04,1.97,0.73,1.47,1.3,0.54,0.22,0.34,1.13,0.55,1.67,1.45,1.35,0.26,0.07,0.62,0.86,4.98,8.02,2.72,2.41,0.14,0.18,2.92,1.24,2.16,0.73,0.95,1.91,0.81,1.47,1.97,2.41,5,3.09,1.47,0.63,4.55,4.13,1.23,1.35,0.39,0.73,0.96,4.7,1.26,3.44,3.45,1.31,1.95,0.55,0.98,0.81
6203,10080,180,Murray Basin,2500,1.32,3.17,3.81,3.19,1.41,4.47,3.84,3.58,3.02,2.81,1.63,1.91,0.8,0.73,0.36,0.33,0.88,0.29,0.21,0.4,0.15,0.15,0.4,0.25,1.21,1.71,3.17,1.74,0.5,0.11,0.85,1.11,1.19,0.37,0.51,0.8,0.83,0.6,2.69,4.65,4.76,1.9,3.25,3.14,3.12,2.74,3.86,3.8,2.85,1.15,1.62,3.16,1.79,1.33,0.13,0.25
6204,10080,180,Murray Basin,2500,1.17,1.58,1.64,1.29,1.33,2.3,3.82,3.87,4.36,5.63,6.24,4.85,4.8,3.61,0.54,0.36,0.78,2.24,2.14,5.32,5.51,1.65,1.7,1.07,2.27,4.14,3.26,0.82,0.65,0.77,0.85,0.97,0.21,1.43,2.88,5.18,0.35,0.57,2.13,0.79,0.05,0.23,0.37,0.75,1.69,0.13,0.62,0,0.18,0.12,0.14,0.05,0.04,0.05,0.19,0.32
6205,10080,180,Murray Basin,2500,0.11,0.07,0.08,0.17,0.72,0.54,0.87,0.38,0.93,3.04,3.67,3.23,3.7,2.9,4.75,3,1.76,4.27,1.32,2.23,3.3,4.24,4.11,1.66,2.61,3.16,2.19,1.35,0.88,1.63,2.34,2.49,2.28,3.4,2.96,3.41,3.77,3.65,2.11,1.79,1.1,0.28,0.79,0.4,0.74,0.34,0.22,1.47,2.15,0.59,0.76,0.02,0,0.01,0.02,0.04
6206,10080,180,Murray Basin,2500,0.19,0.26,0.09,0.36,0.91,2.14,1.97,2.9,1.75,0.25,0.33,0.41,0.74,0.59,0.28,0.35,0.01,0.15,1.68,0.85,1.63,1.77,0.48,3.08,1.78,0.15,2.43,0.46,0.02,0.32,0.77,3.25,5.56,7.07,7.11,10.01,7.57,4.54,4.1,3.92,3.18,2.13,2.38,2.02,3.24,1.53,1.58,0.88,0.42,0.01,0.03,0.03,0,0.02,0.15,0.17
6207,10080,180,Murray Basin,5000,0.69,0.49,0.25,0.21,0.32,0.12,0.92,1.7,0.46,0.17,0.56,0.78,0.41,0.96,1.65,0.42,0.39,0.95,2.87,4.12,0.95,0.13,0.14,0.66,0.34,0.65,1.77,2.38,3.16,5.02,2.66,1.95,0.69,2.79,1.51,0.75,0.53,0.52,0.64,1.8,1.87,1.53,2.25,4.67,2.5,2.9,2.88,3.59,3.71,6.52,5.43,4.2,2.22,2.63,4.57,1.05
6208,10080,180,Murray Basin,5000,0.09,0.23,1.34,1.11,1.17,0.91,1,1.31,1.2,1.38,1.48,0.83,0.27,0.48,1.9,2.72,2.47,0.12,0.33,0.85,0.43,0.29,0.66,0.94,1.23,0.32,0.5,0.61,0.93,0.99,3.35,2.01,2.02,4.45,3.13,3.48,1.03,1.35,1.93,3.92,4.9,4.6,6.25,10.3,9.28,3.82,1.51,0.71,2.3,0.69,0.07,0,0.01,0,0.02,0.78
6209,10080,180,Murray Basin,5000,2.42,3.45,4.49,2.91,1.61,3.15,3.79,2.92,2.47,3.86,3.38,4.32,2.26,1.94,1.07,1.44,0.36,0.36,0.16,0.36,0.67,0.1,0.08,0.33,0.04,0.07,0.12,0.18,0.42,1.72,3.29,0.71,0.18,0.13,0.92,0.89,0.2,0.31,0.28,0.38,0.46,0.95,2.92,4.85,3.32,1.88,3.6,3.03,3.96,2.77,3.08,2.95,2.9,0.37,2.14,3.08
6210,10080,180,Murray Basin,5000,0.09,0.15,0.33,0.66,1.04,0.45,0.78,1.59,3.46,3.26,4.08,3.56,2.85,5.39,1.78,2.84,4.01,1.93,2.75,3.17,5.49,3.21,2.42,2.34,2.61,1.38,1.42,1.03,1.53,2.04,1.41,2.27,2.58,2.35,3.11,4.09,2.54,2.06,1.52,0.7,0.87,1.1,0.84,0.71,0.42,0.67,2.03,1.4,0.68,0.39,0.05,0,0.04,0.11,0.11,0.31
6211,10080,180,Murray Basin,5000,1.32,2.69,1.71,1.73,5.59,7.73,0.52,0.05,0.18,0.02,0.19,0.92,1.67,0.1,0.01,0.09,0.53,0.24,0.62,0.73,0.84,1.46,0,0,1.21,0.66,4.32,2.39,1.65,5.44,7.91,4.18,0.78,2.02,1.62,1.58,3.31,3.7,4.89,2.32,1.47,3.68,3.19,1.61,1.16,1.14,0.74,0.96,1.28,1.47,1.07,1.22,1.1,0.63,1.31,1.05
6212,10080,180,Murray Basin,5000,1.14,0.24,0.23,0.42,0.67,0.45,1.17,0.74,0.3,0.45,0.54,0.09,0.51,0.63,0.26,0.63,0.41,1.02,0.62,0.95,0.9,0.75,0.71,0.89,1.91,3.5,3.45,2.5,0.54,0.43,0.97,0.3,0.77,2.33,3.12,3.38,3.97,7,7.69,9.69,7.85,4.01,4.73,5.88,1.72,0.24,0.08,0.45,0.91,1.26,0.8,0.8,1.16,2.15,0.58,1.11
6213,10080,180,Murray Basin,5000,1.3,0.38,1.39,0.07,0.47,1.24,0.09,0.04,0.57,1.26,1.7,1.24,0.49,3.62,1.38,2.74,3.78,1.5,1.38,2.9,3.7,7.41,2.55,1.45,1.36,1.25,5.78,5.72,2.35,1.27,0.32,0.71,0.91,1.13,3.88,3.93,3.31,0.91,0.19,0.27,0.04,0.04,0.27,1.04,1.69,1.58,1,0.6,1.96,4.15,3.96,2.62,2.98,1.13,0.83,0.17
6214,10080,180,Murray Basin,5000,0.3,0.91,0.05,0,0.87,0.23,0.4,1.96,0.79,1.12,0.54,0.35,1.48,1.84,0.88,2.36,1.86,3.22,1.42,3.6,9.84,2.96,0.29,3.24,4.6,6.39,6.75,0.59,1.36,1.75,1.03,0.92,3.5,5.21,4.87,1.18,0.37,1.44,0.94,1.4,2.3,1.44,2.5,1.63,0.31,0.79,0.16,0.17,1.66,1.81,2.46,0.55,0.32,0.47,0.18,0.44
6215,10080,180,Murray Basin,5000,0.89,0.23,1.16,2.47,6.86,3.44,1.09,0.75,0.73,4.8,3.14,1.95,1.17,0.38,0.49,0.43,3.47,2.44,0.6,0.45,0.35,1.2,1.83,0.31,1.88,6.26,7.14,6.74,4.3,4.38,2.7,1.35,0.16,0.31,2.1,2.45,2.14,2.45,3.06,0.14,0.33,0.24,0.02,0.12,0.52,1.08,1.72,0.16,0.97,1.69,1.53,0.88,1.14,1.1,0.15,0.16
6216,10080,180,Murray Basin,5000,4.34,3.68,0.68,0,0,0,0.27,0.48,3.24,3.14,0.18,0.13,0,0.09,2.03,2.05,3.04,9.4,5.18,1.8,0,0.86,3.04,1.13,3.77,1.05,0.17,0.6,0.16,2.8,2.33,1.53,0.5,0.19,1.55,4.91,1.58,0.66,0.41,7.35,3.13,0.6,0.79,0.39,0.21,0.52,0.6,1.87,1.48,5.04,1.83,0.99,3.32,0.95,2.5,1.46
6217,10080,180,Murray Basin,10000,0.04,0.01,0,0.08,1.48,1.67,1.32,1.27,1.56,1.83,2.88,4.71,3.76,4.83,5.47,3.95,5.28,1.46,1.37,1.44,5.17,7.11,5.37,3.35,1.29,0.31,1.69,1.58,0.95,0.73,1.45,1.12,1.09,1.36,1.25,2.03,2.09,1.14,2.45,1.66,0.58,0.44,0.65,0.69,1.71,1.54,0.2,1.31,2.78,2.45,0.02,0,0,0,0.03,0
6218,10080,180,Murray Basin,10000,0.02,0,0.06,0,0.08,2.27,1.55,1.83,0.95,2.25,1.71,1.27,1.3,1.49,1.15,2.27,2.49,4.52,5.56,6.13,5.42,6.68,5.86,3.12,2.2,5.31,1.28,1.19,0.7,0.61,0.66,0.23,0.42,0.18,0.32,0.54,0.55,0.83,0.55,1.61,0.15,0.1,0.05,0.15,0.17,0.53,0.98,2.75,3.75,10.64,4.51,0.48,0.03,0.15,0.39,0.01
6219,10080,180,Murray Basin,10000,0.31,0.13,1.14,1.92,0.49,0.2,0.46,0.56,0.29,0.74,1.22,0.4,0.48,0.93,1.86,3.24,0.97,0.12,0.28,0.55,0.21,0.92,2.19,3.64,3.48,4.43,2.39,2.11,0.93,3.12,2.16,1.14,0.5,0.51,0.66,1.69,1.59,1.8,2.42,4.73,2.89,3.02,3.89,3.83,4.19,6.84,5.35,4.57,2.02,2.12,2.94,1.2,0.17,0.04,0.02,0
6220,10080,180,Murray Basin,10000,0.2,0.57,1.4,1.04,1.29,0.91,1.54,1.01,1.4,1.36,0.79,0.64,0.44,1.32,2.15,2.14,0.68,0.14,0.65,0.52,0.41,0.43,0.87,1.18,0.43,0.32,0.65,0.77,0.64,2.18,2.19,1.25,3.57,3.65,3.33,1.57,1.18,1.44,2.36,4.34,3.96,9.12,11.31,9.83,5.58,2.14,0.44,2.23,0.83,0.26,0,0,0,0.02,0.44,0.89
6221,10080,180,Murray Basin,10000,0,0.47,1.07,0.92,0.12,0.19,0.57,2.05,4.23,4.32,7.75,5.71,1.82,4.48,3.11,3.99,3.43,2.6,1.01,0.6,0.51,0.37,0.4,0.81,0.68,0.85,2.68,1.54,0.88,1.55,0.86,1.4,1.57,1.47,1.44,2.28,3,0.25,0.02,0,0.84,10.83,3.86,0.41,1.21,1.25,2.6,2.15,1.67,1.19,0.4,1.76,0.36,0.44,0.03,0
6222,10080,180,Murray Basin,10000,8.9,0.21,0.09,0,0,0.05,0,0.05,4.4,2.29,2.7,0.35,0.52,0.88,2.21,0.33,0.76,0.68,0.09,4.98,5.81,4.93,0.71,0.16,0.16,0.22,0.31,1.11,2.6,2.48,0.99,0.78,0.79,0.57,0.33,0.91,2.14,2.84,1.31,1.76,1.42,1.39,0.76,1.72,2.32,3.01,3.77,3.12,3.53,1.97,2.45,3.58,4.37,3.66,2.05,0.48
6223,10080,180,Murray Basin,10000,2.34,3.29,4.33,2.79,1.75,3,3.76,2.96,2.48,3.73,3.24,4.25,2.36,2.01,1.13,1.49,0.37,0.36,0.16,0.32,0.59,0.14,0.11,0.41,0.05,0.08,0.15,0.17,0.49,1.64,3.17,0.71,0.15,0.14,0.88,0.89,0.25,0.31,0.27,0.36,0.43,0.87,2.8,4.68,3.47,1.86,3.72,3.28,4.44,2.95,2.92,3.01,2.96,0.37,2.2,2.96
6224,10080,180,Murray Basin,10000,0.4,0.19,0.11,0.03,0.01,1.02,2.36,0.12,0.01,0.01,0.03,0.33,1.33,1.79,1.91,1.16,2.03,2.48,3.36,3.65,4.38,6.12,5.65,4.06,4.93,1.28,0.72,0.46,1.67,1.95,2.61,5.78,4.12,1.7,3.47,1.23,2.96,3.26,2.52,1.08,0.66,1.06,0.99,0.58,0.42,1.29,3.88,2.32,0.24,1.31,1.89,0.62,0.47,0.26,0.43,1.3
6225,10080,180,Murray Basin,10000,4.61,1.86,0.91,0.24,0.15,0.27,0.47,1.5,2.76,1.9,2.17,7.36,5.33,0.18,0.15,0.08,0,0.32,1.31,0.97,0.05,0.04,0.4,0.23,0.36,0.26,0.9,1.31,0.6,0.01,0.01,1.33,2.32,3.77,1.87,2.42,6.08,9.84,4.63,0.33,1.87,1.51,1.89,2.96,4.26,3.73,1.42,2.35,2.92,2.42,1.09,0.91,0.74,0.68,0.88,1.07
6226,10080,180,Murray Basin,10000,0.14,1.58,4.38,3.16,1.81,0.5,1.24,1.04,1.37,1.85,1.76,1.38,1.81,0.9,3,3.41,1.65,1.09,1.88,3.58,6.07,3.48,3.49,2.35,1.56,1.33,1.21,0.44,3.24,3.02,1.65,1.44,2.47,4.78,2.45,1.43,2.92,1.97,3.01,1.95,0.58,1.65,1.39,1.09,1.51,0.72,0.78,0.45,1.54,1.16,0.12,0.04,0,0,0.33,0.85
6227,10080,180,Murray Basin,20000,0.07,0.08,0.11,0.51,0.63,0.63,1.45,0.67,1.68,2.92,3.23,2.72,4.4,3.27,3.57,4.58,2.1,2.63,2.23,5.74,3.87,3.87,3.56,1.43,1.92,2.14,1.72,0.76,0.63,0.84,1.3,1.61,1.11,1.72,2.14,2,2.55,2.93,1.73,1.7,1.69,1.18,1.31,1.74,0.41,1.22,3.15,4.34,1.69,0.24,0.24,0,0,0,0.01,0.03
6228,10080,180,Murray Basin,20000,0.03,0,0.05,0.02,0.1,2.28,1.49,1.72,1,2.16,2.08,1.26,1.16,1.46,1.23,2.23,2.79,4.46,5.72,5.77,5.24,6.42,5.91,3.3,2.24,4.88,1.2,1.06,0.94,0.73,0.79,0.41,0.49,0.22,0.39,0.5,0.52,0.83,0.65,1.39,0.18,0.1,0.07,0.15,0.16,0.54,0.96,2.81,3.8,10.17,4.95,0.48,0.03,0.12,0.35,0.01
6229,10080,180,Murray Basin,20000,0.56,0.81,0.44,0.88,0.05,2.06,0.55,0.4,0.36,0.51,0.77,0.37,1.29,0.95,0.51,0.16,1.13,2.21,2.81,0.42,0.18,0.25,0.58,0.6,1.59,2.01,4.8,3.2,3.44,1.34,1.24,0.86,1.81,1.74,1.42,0.46,0.44,0.8,1.33,1.27,1.6,3.62,5.46,3.63,3.81,3.17,3.29,4.44,5.99,5.64,3.87,2.12,2.6,2.32,1.49,0.35
6230,10080,180,Murray Basin,20000,0.2,0.75,0.7,0.8,1.12,1.81,1.85,3.28,2.74,3.4,4.28,3.38,1.59,2.06,3.47,0.65,0.83,1.93,3.4,1.61,1.31,2.18,0.62,1.01,1.95,2.66,3.86,2.44,2.06,3,3.34,2.81,2.36,3.86,3.11,4.25,2.89,2.48,1.64,1.74,0.53,0.54,0.28,0.32,0.52,0.29,0.19,0.63,0.14,0.15,0.35,0.26,0.86,1.69,2.89,0.94
6231,10080,180,Murray Basin,20000,0.27,0.25,0.33,0.09,0.01,0.95,1.94,1.36,0.05,0.01,0.02,0.12,0.61,1.86,1.84,1.75,1.91,1.97,3.14,3.23,3.95,5.58,6.12,4.79,3.78,2.97,0.82,0.42,1.47,2.67,2.41,4.21,4.66,2.11,2.78,2.1,2.1,3.06,2.6,1.7,0.55,0.88,1.27,0.85,0.26,1.26,2.45,2.93,0.41,1,2.61,1.31,0.72,0.35,0.53,0.61
6232,10080,180,Murray Basin,20000,0.21,0.76,0.55,0.42,0.24,0.53,0.47,0.01,0.31,1.23,1.25,1.43,2.59,2.7,1.25,1.97,2.68,2.41,1.07,1.73,3.37,6.61,6,3.78,3.03,2.47,3.25,6.17,3.88,3.05,0.68,0.34,0.58,0.85,3.87,5.34,3.4,2.32,0.38,0.25,0.13,0.06,0.06,0.65,1.57,1.03,1.03,0.4,1.2,1.28,3.32,1.62,2.05,1.01,0.83,0.33
6233,10080,180,Murray Basin,20000,1.16,0.73,0.26,0.25,0.95,1.72,0.68,0.41,0.6,1.7,0.63,0.98,1.35,0.35,0.71,0.76,1.55,3.07,5.61,7.49,7.8,6.49,7.14,4.91,7.92,2.62,1.97,1.54,1.71,1.03,1.17,0.55,0.82,0.66,0.11,0.49,0.2,0.31,1,1.91,2.16,2.31,2.38,1.83,0.59,0.13,1.35,1.79,0.18,0.13,0.59,1.02,0.87,0.74,1.1,1.52
6234,10080,180,Murray Basin,20000,0.18,0.68,0.24,4.24,0.95,0,0.21,0.78,1.18,2.25,2.59,2.59,2.47,1.2,0.97,0.99,1.37,1.92,3.23,3.39,0.62,0.4,0.34,1.83,1.2,1,2.85,3.13,1.89,3.72,5.25,5.97,1.45,0.77,1.25,1.26,2.21,1.13,0.88,0.58,0.71,0.56,1.13,3.6,1.23,3.4,0.96,1.24,2.42,3.31,1.78,4.99,2.77,0.85,0.86,1.03
6235,10080,180,Murray Basin,20000,0.38,0,0.01,4.5,1.56,0.71,0.33,0,0.99,1.84,1.24,1.15,0.83,0.6,0.42,0.08,0.29,0.45,0.3,2.76,5.08,1.4,2.43,0.25,0.53,0.44,0.72,1.42,3.46,1.78,2.38,0.74,1.84,0.45,1.68,3.85,8.73,9.94,3.47,3.86,2.33,5.19,0.23,0.6,2.9,2.6,2.69,1.3,0.83,0.63,0.04,0.1,0.08,1.07,4.02,2.5
6236,10080,180,Murray Basin,20000,3.27,6.61,0.34,0,0,0.1,0,0.07,8.46,0.22,0.24,1.25,7.1,1.87,0.04,0.02,6.49,0.07,1.37,0.57,0.01,0.05,0.47,2.03,12.8,3.67,0.66,0.12,0,0.01,0.05,2.17,1.26,7.78,2.94,0.65,0.04,0,0,1.93,5.38,5.5,1.05,0.23,1.27,2.16,1.03,0.41,0.86,5.89,1.16,0.05,0,0,0.01,0.27
6237,10080,180,Murray Basin,40000,0.12,0.34,1.43,1.24,2.25,1.25,2.19,2.76,2.35,2.07,3.38,2.79,3.02,4.3,2.88,3.62,3.46,4.67,5.61,4.77,3.83,1.54,1.87,1.46,1.53,0.83,0.84,0.93,0.96,1.26,0.91,1.12,1.58,1.31,1.78,1.96,1.09,0.94,0.63,0.54,0.93,1.29,0.7,0.99,2.12,3.56,4.17,2.9,1.16,0.32,0.03,0.03,0.05,0.04,0.17,0.13
